 0.0003333333333333333	0.8835740816753047
 0.0006666666666666666	0.5805917762741377
                 0.001	0.1029630993051878
  0.001333333333333333	-0.1308565467120765
  0.001666666666666667	-0.03184227049165786
                 0.002	0.1645788312357312
  0.002333333333333334	0.2333896035759554
  0.002666666666666667	0.153883442274344
                 0.003	0.04765706124595327
  0.003333333333333334	0.01197786722224613
  0.003666666666666667	0.04533124695741093
  0.004000000000000001	0.08750359154203598
  0.004333333333333334	0.09735974473350695
  0.004666666666666667	0.07773773161154029
                 0.005	0.0550907748415857
  0.005333333333333333	0.04689064356441128
  0.005666666666666666	0.05195795028173975
  0.005999999999999999	0.05972110641859088
  0.006333333333333332	0.06181289654127746
  0.006666666666666665	0.05780049448325478
  0.006999999999999998	0.05201019433161377
  0.007333333333333331	0.048774512799067
  0.007666666666666665	0.04880839374038583
  0.007999999999999998	0.05017582924532377
  0.008333333333333331	0.05051756907208647
  0.008666666666666665	0.04913843611796709
  0.008999999999999998	0.04713840478346949
  0.009333333333333331	0.04577215056029415
  0.009666666666666664	0.04535548419752458
  0.009999999999999997	0.0453537519860079
   0.01033333333333333	0.04504906174439713
   0.01066666666666666	0.04425712663130969
                 0.011	0.04329981183456713
   0.01133333333333333	0.0426320977802882
   0.01166666666666666	0.04231317605460184
                 0.012	0.04210299264060886
   0.01233333333333333	0.04173663731783493
   0.01266666666666666	0.04117330560224061
   0.01299999999999999	0.04060067198126584
   0.01333333333333333	0.04015907810188141
   0.01366666666666666	0.03987742614567984
   0.01399999999999999	0.03964464272713934
   0.01433333333333333	0.03933663040526673
   0.01466666666666666	0.03894282868047164
   0.01499999999999999	0.03853218692675842
   0.01533333333333333	0.03820215045500933
   0.01566666666666666	0.03795061737263388
   0.01599999999999999	0.03772671696547405
   0.01633333333333333	0.0374813176581817
   0.01666666666666666	0.03719139229003185
                 0.017	0.03689167348274704
   0.01733333333333333	0.03662348077713554
   0.01766666666666667	0.03639537036410304
                 0.018	0.03619105876852859
   0.01833333333333334	0.0359860025637282
   0.01866666666666667	0.03576528839480121
   0.01900000000000001	0.03553379624279916
   0.01933333333333334	0.03531083881931833
   0.01966666666666668	0.03511007947392369
   0.02000000000000001	0.03492684701021796
   0.02033333333333335	0.03474875288876782
   0.02066666666666668	0.03456671497911415
   0.02100000000000002	0.03438057012935906
   0.02133333333333335	0.03419651641611183
   0.02166666666666668	0.03402003026518947
   0.02200000000000002	0.0338543694202964
   0.02233333333333335	0.03369464235009537
   0.02266666666666669	0.03353906522798038
   0.02300000000000002	0.03338180041033592
   0.02333333333333336	0.03322393320034045
   0.02366666666666669	0.03306927254197974
   0.02400000000000003	0.03292094027913046
   0.02433333333333336	0.03277786553708229
    0.0246666666666667	0.03263759622810802
   0.02500000000000003	0.03249805489878212
   0.02533333333333337	0.03235933919703907
    0.0256666666666667	0.03222291933239865
   0.02600000000000004	0.03208980161118126
   0.02633333333333337	0.03195997659582902
   0.02666666666666671	0.03183246199394183
   0.02700000000000004	0.03170639160557864
   0.02733333333333338	0.03158159621313423
   0.02766666666666671	0.03145866553571463
   0.02800000000000005	0.03133804483609118
   0.02833333333333338	0.03121972694166614
   0.02866666666666672	0.03110335846976337
   0.02900000000000005	0.03098857885511469
   0.02933333333333338	0.03087527529765764
   0.02966666666666672	0.03076356438458058
   0.03000000000000005	0.03065361200037956
   0.03033333333333339	0.03054546283326848
   0.03066666666666672	0.03043901496138882
   0.03100000000000006	0.03033408760783529
   0.03133333333333339	0.03023070148277734
   0.03166666666666672	0.03012881306392803
   0.03200000000000006	0.03002847396809886
   0.03233333333333339	0.02992969706318402
   0.03266666666666672	0.0298324603768901
   0.03300000000000005	0.02973667275608708
   0.03333333333333338	0.02964226614745779
   0.03366666666666671	0.02954926425072558
   0.03400000000000004	0.02945770955467964
   0.03433333333333338	0.02936757474178139
   0.03466666666666671	0.02927879715141037
   0.03500000000000004	0.02919136675547229
   0.03533333333333337	0.02910529134670809
    0.0356666666666667	0.02902056822062186
   0.03600000000000003	0.02893717345133773
   0.03633333333333336	0.02885507213678445
   0.03666666666666669	0.02877423216951817
   0.03700000000000003	0.02869466468843009
   0.03733333333333336	0.02861636740268604
   0.03766666666666669	0.02853927659701569
   0.03800000000000002	0.02846346814832017
   0.03833333333333335	0.02838890936358255
   0.03866666666666668	0.02831556391133207
   0.03900000000000001	0.02824339765762419
   0.03933333333333335	0.02817239533261147
   0.03966666666666668	0.02810257473964089
   0.04000000000000001	0.0280339397155205
   0.04033333333333334	0.02796647059906889
   0.04066666666666667	0.0279001472642966
                 0.041	0.0278349519461412
   0.04133333333333333	0.02777087305352841
   0.04166666666666666	0.02770792041592867
                 0.042	0.02764608806296377
   0.04233333333333333	0.02758535747905801
   0.04266666666666666	0.02752571528926506
   0.04299999999999999	0.02746714656731532
   0.04333333333333332	0.02740963179478908
   0.04366666666666665	0.02735317940754838
   0.04399999999999998	0.02729779021417431
   0.04433333333333331	0.02724344867404877
   0.04466666666666665	0.02719013519204951
   0.04499999999999998	0.02713783367036055
   0.04533333333333331	0.02708655290894332
   0.04566666666666664	0.02703628179464108
   0.04599999999999997	0.02698700702407271
    0.0463333333333333	0.02693871850635115
   0.04666666666666663	0.02689140547857601
   0.04699999999999997	0.02684506376526884
    0.0473333333333333	0.0267996888941348
   0.04766666666666663	0.02675526521545298
   0.04799999999999996	0.02671177782533836
   0.04833333333333329	0.02666922227795355
   0.04866666666666662	0.02662759761841949
   0.04899999999999995	0.02658689421439028
   0.04933333333333328	0.02654709512938892
   0.04966666666666662	0.02652201191508046
   0.04999999999999995	0.02648252334714475
   0.05033333333333328	0.02644700339707225
   0.05066666666666661	0.02641434485524204
   0.05099999999999994	0.02638069120581422
   0.05133333333333327	0.02634468300882735
    0.0516666666666666	0.02630874605755242
   0.05199999999999994	0.02627553636104402
   0.05233333333333327	0.02624393333429209
    0.0526666666666666	0.0262134931770192
   0.05299999999999993	0.0261830830402434
   0.05333333333333326	0.02615329723785777
   0.05366666666666659	0.02612458859959125
   0.05399999999999992	0.02609704048586294
   0.05433333333333325	0.0260693147697867
   0.05466666666666659	0.02604231386301024
   0.05499999999999992	0.02601620569993803
   0.05533333333333325	0.02599124792033271
   0.05566666666666658	0.02596746376149438
   0.05599999999999991	0.02594448819329702
   0.05633333333333324	0.02592136137676128
   0.05666666666666657	0.02589810840768465
    0.0569999999999999	0.0258766414321171
   0.05733333333333324	0.02585577609553694
   0.05766666666666657	0.02583575066057438
    0.0579999999999999	0.02581628671529493
   0.05833333333333323	0.02579726002613138
   0.05866666666666656	0.02577880523461458
   0.05899999999999989	0.02576095017373916
   0.05933333333333322	0.02574322066095802
   0.05966666666666656	0.02572632770300385
   0.05999999999999989	0.02571032851780759
   0.06033333333333322	0.02569494034648879
   0.06066666666666655	0.02567988940244638
   0.06099999999999988	0.02566536019726752
   0.06133333333333321	0.0256507863686138
   0.06166666666666654	0.02563679567266396
   0.06199999999999987	0.02562358723532923
   0.06233333333333321	0.02561099709485996
   0.06266666666666654	0.02559881743754977
   0.06299999999999988	0.02558118433692428
   0.06333333333333321	0.02556407747270769
   0.06366666666666655	0.02555276949128272
   0.06399999999999989	0.02554609743706038
   0.06433333333333323	0.02553945253129503
   0.06466666666666657	0.02552929737552939
   0.06499999999999991	0.02551717938621991
   0.06533333333333324	0.02550658576804717
   0.06566666666666658	0.02549891984272899
   0.06599999999999992	0.02549263527972325
   0.06633333333333326	0.02548537868683307
    0.0666666666666666	0.02547702622472896
   0.06699999999999993	0.0254688447529901
   0.06733333333333327	0.02546159735457483
   0.06766666666666661	0.02545555704354573
   0.06799999999999995	0.025449878261399
   0.06833333333333329	0.02544374285070787
   0.06866666666666663	0.02543718479550775
   0.06899999999999996	0.02543121074993701
    0.0693333333333333	0.02542659953477008
   0.06966666666666664	0.02542199609285164
   0.06999999999999998	0.02541694050016416
   0.07033333333333332	0.02541175652135623
   0.07066666666666666	0.02540697179948426
   0.07099999999999999	0.02540271405022444
   0.07133333333333333	0.02539898089982262
   0.07166666666666667	0.02539526679939362
   0.07200000000000001	0.02539144608143805
   0.07233333333333335	0.02538769183495419
   0.07266666666666668	0.02538403396296976
   0.07300000000000002	0.02538087772076741
   0.07333333333333336	0.02537807393897327
    0.0736666666666667	0.02537533754031295
   0.07400000000000004	0.0253725406289438
   0.07433333333333338	0.02536977895394914
   0.07466666666666671	0.02536721081336443
   0.07500000000000005	0.02536489632619233
   0.07533333333333339	0.02536276245257137
   0.07566666666666673	0.02536071188791272
   0.07600000000000007	0.02535871924072549
   0.07633333333333341	0.02535682791689192
   0.07666666666666674	0.02535514950695021
   0.07700000000000008	0.0253534972810768
   0.07733333333333342	0.02535188719331798
   0.07766666666666676	0.02535037127599494
    0.0780000000000001	0.02534899518045536
   0.07833333333333344	0.025347753466816
   0.07866666666666677	0.02534658256896422
   0.07900000000000011	0.0253454523417708
   0.07933333333333345	0.02534440458929821
   0.07966666666666679	0.0253434361366007
   0.08000000000000013	0.02534254229877202
   0.08033333333333346	0.02534170891713488
    0.0806666666666668	0.02534092616051472
   0.08100000000000014	0.0253401961685881
   0.08133333333333348	0.02533952765629589
   0.08166666666666682	0.02533892455594233
   0.08200000000000016	0.0253383811232003
   0.08233333333333349	0.02533788450931671
   0.08266666666666683	0.02533743045284249
   0.08300000000000017	0.02533700348334984
   0.08333333333333351	0.02533660985511741
   0.08366666666666685	0.02533625896749921
   0.08400000000000019	0.02533681368843614
   0.08433333333333352	0.02533670943618086
   0.08466666666666686	0.02533555972617169
    0.0850000000000002	0.02533456170913346
   0.08533333333333354	0.02533462793875765
   0.08566666666666688	0.0253352761691504
   0.08600000000000022	0.02533549591121828
   0.08633333333333355	0.02533500831386644
   0.08666666666666689	0.02533425083222456
   0.08700000000000023	0.02533386415936013
   0.08733333333333357	0.02533395922278939
   0.08766666666666691	0.02533413950141243
   0.08800000000000024	0.02533403283986018
   0.08833333333333358	0.02533368816992197
   0.08866666666666692	0.02533339651930944
   0.08900000000000026	0.02533335122293
    0.0893333333333336	0.02533347420704388
   0.08966666666666694	0.02533355345008569
   0.09000000000000027	0.02533347713040933
   0.09033333333333361	0.02533331899538555
   0.09066666666666695	0.02533322261401096
   0.09100000000000029	0.02533327353519423
   0.09133333333333363	0.02533340444700338
   0.09166666666666697	0.02533352305920533
    0.0920000000000003	0.02533358859949286
   0.09233333333333364	0.02533362532099475
   0.09266666666666698	0.02533369359780558
   0.09300000000000032	0.02533381638334634
   0.09333333333333366	0.02533397450829559
     0.093666666666667	0.02533413228899817
   0.09400000000000033	0.02533426998305379
   0.09433333333333367	0.02533438866553295
   0.09466666666666701	0.02533451682577827
   0.09500000000000035	0.02533467950976246
   0.09533333333333369	0.0253348672466196
   0.09566666666666702	0.02533505517519481
   0.09600000000000036	0.02533524614866605
    0.0963333333333337	0.02533543717476982
   0.09666666666666704	0.0253356280706521
   0.09700000000000038	0.0253358208544046
   0.09733333333333372	0.02533601831281304
   0.09766666666666705	0.0253362227084492
   0.09800000000000039	0.02533643473649794
   0.09833333333333373	0.02533665394595082
   0.09866666666666707	0.02533687837317127
   0.09900000000000041	0.02533710484278148
   0.09933333333333375	0.02533732941706045
   0.09966666666666708	0.02533754899604881
    0.1000000000000004	0.02533776367252406
    0.1003333333333338	0.02533797649450222
    0.1006666666666671	0.02533819133703642
    0.1010000000000004	0.02533841007860923
    0.1013333333333338	0.0253386311462902
    0.1016666666666671	0.02533885034492036
    0.1020000000000005	0.02533906357493109
    0.1023333333333338	0.02533926912173274
    0.1026666666666671	0.02533946798703987
    0.1030000000000005	0.02533966243034446
    0.1033333333333338	0.02533985397111691
    0.1036666666666671	0.02534004227955135
    0.1040000000000005	0.02534022559169686
    0.1043333333333338	0.02534040194101782
    0.1046666666666672	0.02534057012659865
    0.1050000000000005	0.02534072985717256
    0.1053333333333338	0.02534088124936945
    0.1056666666666672	0.02534102426756314
    0.1060000000000005	0.02534115851102526
    0.1063333333333338	0.02534128332469945
    0.1066666666666672	0.02534139798901287
    0.1070000000000005	0.0253415018309579
    0.1073333333333339	0.02534159425734476
    0.1076666666666672	0.02534167477110164
    0.1080000000000005	0.02534174295281803
    0.1083333333333339	0.0253417984080961
    0.1086666666666672	0.02534184325349582
    0.1090000000000006	0.02534187130394954
    0.1093333333333339	0.02534188344679421
    0.1096666666666672	0.02534188138278726
    0.1100000000000006	0.02534165426272959
    0.1103333333333339	0.02534177564736163
    0.1106666666666672	0.02534169383483824
    0.1110000000000006	0.02534158154278425
    0.1113333333333339	0.02534167191560417
    0.1116666666666673	0.02534166986379478
    0.1120000000000006	0.02534154048427255
    0.1123333333333339	0.02534135392287576
    0.1126666666666673	0.02534119415825821
    0.1130000000000006	0.02534107843177879
     0.113333333333334	0.0253409691937548
    0.1136666666666673	0.02534082770877879
    0.1140000000000006	0.02534063907117153
     0.114333333333334	0.02534041477446061
    0.1146666666666673	0.02534018067243991
    0.1150000000000006	0.02533994776385648
     0.115333333333334	0.02533970205250819
    0.1156666666666673	0.02533941986913115
    0.1160000000000007	0.02533909448118137
     0.116333333333334	0.02533874140472384
    0.1166666666666673	0.02533838109486998
    0.1170000000000007	0.02533802107162929
     0.117333333333334	0.02533764643806664
    0.1176666666666673	0.02533723555786492
    0.1180000000000007	0.02533678627371763
     0.118333333333334	0.02533631293070984
    0.1186666666666674	0.02533582948488228
    0.1190000000000007	0.02533533705265279
     0.119333333333334	0.02533482697641339
    0.1196666666666674	0.02533428524832462
    0.1200000000000007	0.02533372464935638
    0.1203333333333341	0.02533315297411963
    0.1206666666666674	0.025332569403693
    0.1210000000000007	0.02533197105695007
    0.1213333333333341	0.02533135224849465
    0.1216666666666674	0.02533071076543288
    0.1220000000000007	0.02533005473338778
    0.1223333333333341	0.02532938694853128
    0.1226666666666674	0.0253287064714156
    0.1230000000000008	0.02532801156509585
    0.1233333333333341	0.02532730221666821
    0.1236666666666674	0.02532657989401825
    0.1240000000000008	0.02532584574503034
    0.1243333333333341	0.0253250996669831
    0.1246666666666675	0.02532434110585074
    0.1250000000000008	0.02532357035077931
    0.1253333333333341	0.02532278734571192
    0.1256666666666674	0.02532199876557311
    0.1260000000000008	0.02532120014718207
    0.1263333333333341	0.02532039415898396
    0.1266666666666674	0.02531958051907046
    0.1270000000000007	0.02531875877611948
     0.127333333333334	0.02531792902610204
    0.1276666666666674	0.02531709198956758
    0.1280000000000007	0.0253162486307877
     0.128333333333334	0.02531539979414741
    0.1286666666666673	0.02531454610987023
    0.1290000000000007	0.02531368807123285
     0.129333333333334	0.02531282677455027
    0.1296666666666673	0.025311950957252
    0.1300000000000006	0.02531109528901988
     0.130333333333334	0.02531022157632434
    0.1306666666666673	0.02530934719853396
    0.1310000000000006	0.02530847287537793
    0.1313333333333339	0.0253075986756385
    0.1316666666666673	0.02530671585168017
    0.1320000000000006	0.02530583295642484
    0.1323333333333339	0.02530495278835776
    0.1326666666666672	0.02530407328324207
    0.1330000000000006	0.02530319355467209
    0.1333333333333339	0.02530231252130951
    0.1336666666666672	0.02530143203534995
    0.1340000000000005	0.02530055473730333
    0.1343333333333339	0.02529968007588871
    0.1346666666666672	0.02529880587452827
    0.1350000000000005	0.02529793243155254
    0.1353333333333338	0.02529706153638164
    0.1356666666666672	0.02529619295893271
    0.1360000000000005	0.02529532784552885
    0.1363333333333338	0.02529446583513436
    0.1366666666666671	0.02529360617429786
    0.1370000000000005	0.02529275000002522
    0.1373333333333338	0.02529189754026627
    0.1376666666666671	0.02529104883214283
    0.1380000000000004	0.02529020391410629
    0.1383333333333338	0.02528936253698082
    0.1386666666666671	0.02528852558805792
    0.1390000000000004	0.02528769296615046
    0.1393333333333337	0.02528686452906961
     0.139666666666667	0.02528604039304891
    0.1400000000000004	0.02528522080293576
    0.1403333333333337	0.02528440592097939
     0.140666666666667	0.02528359579483519
    0.1410000000000003	0.02528279044669554
    0.1413333333333337	0.02528198993230871
     0.141666666666667	0.02528119432714724
    0.1420000000000003	0.02528040368940666
    0.1423333333333336	0.02527961805325975
     0.142666666666667	0.02527939467321342
    0.1430000000000003	0.0252791219765858
    0.1433333333333336	0.02527839199254332
    0.1436666666666669	0.02527674572022166
    0.1440000000000003	0.02527524442021382
    0.1443333333333336	0.02527446235907556
    0.1446666666666669	0.02527419893871877
    0.1450000000000002	0.02527437159690016
    0.1453333333333336	0.02527411869574232
    0.1456666666666669	0.02527318138314936
    0.1460000000000002	0.02527198811506109
    0.1463333333333335	0.02527103106616931
    0.1466666666666669	0.02527040652406346
    0.1470000000000002	0.02526937095084767
    0.1473333333333335	0.02526833272805249
    0.1476666666666668	0.02526807097580706
    0.1480000000000002	0.02526801845405733
    0.1483333333333335	0.02526756871926805
    0.1486666666666668	0.02526665204794875
    0.1490000000000001	0.02526566397498447
    0.1493333333333335	0.02526488899890595
    0.1496666666666668	0.0252643208084062
    0.1500000000000001	0.02526379641593145
    0.1503333333333334	0.02526317743054528
    0.1506666666666668	0.02526247534220486
    0.1510000000000001	0.02526178170546573
    0.1513333333333334	0.02526115050653476
    0.1516666666666667	0.02526056486835798
    0.1520000000000001	0.02525997153067561
    0.1523333333333334	0.02525934215641268
    0.1526666666666667	0.02525869246985747
                 0.153	0.02525805768556813
    0.1533333333333333	0.02525745352461523
    0.1536666666666667	0.02525686955858956
                 0.154	0.02525628996897034
    0.1543333333333333	0.02525570602824695
    0.1546666666666666	0.02525511975871303
                 0.155	0.02525453725969249
    0.1553333333333333	0.02525396155566884
    0.1556666666666666	0.0252533932989491
    0.1559999999999999	0.02525283066525026
    0.1563333333333333	0.0252522729865811
    0.1566666666666666	0.02525172100302456
    0.1569999999999999	0.02525117497906549
    0.1573333333333332	0.02525063521901946
    0.1576666666666666	0.02525010033029642
    0.1579999999999999	0.02524956941224311
    0.1583333333333332	0.02524904273298377
    0.1586666666666665	0.02524852099842314
    0.1589999999999999	0.02524800462772726
    0.1593333333333332	0.02524749377597618
    0.1596666666666665	0.0252469886647193
    0.1599999999999998	0.02524648958016095
    0.1603333333333332	0.02524599643334569
    0.1606666666666665	0.02524550854020831
    0.1609999999999998	0.02524502501967467
    0.1613333333333331	0.02524454552459417
    0.1616666666666665	0.02524407057458644
    0.1619999999999998	0.02524360121611262
    0.1623333333333331	0.02524313829971362
    0.1626666666666664	0.02524268195812791
    0.1629999999999998	0.0252422316004289
    0.1633333333333331	0.02524178636106503
    0.1636666666666664	0.02524134564385603
    0.1639999999999997	0.02524090943055168
    0.1643333333333331	0.02524047819153348
    0.1646666666666664	0.0252400525329973
    0.1649999999999997	0.02523963283904749
     0.165333333333333	0.02523921912271036
    0.1656666666666664	0.02523881111849564
    0.1659999999999997	0.0252384084782021
     0.166333333333333	0.02523801096856199
    0.1666666666666663	0.02523761854862792
    0.1669999999999996	0.02523723132742907
     0.167333333333333	0.02523684944410228
    0.1676666666666663	0.02523647297388092
    0.1679999999999996	0.02523610189755592
    0.1683333333333329	0.02523573614187093
    0.1686666666666663	0.02523537555737585
    0.1689999999999996	0.02523502031988441
    0.1693333333333329	0.02523467037329335
    0.1696666666666662	0.02523432563524072
    0.1699999999999996	0.02523398602639513
    0.1703333333333329	0.02523365145960968
    0.1706666666666662	0.02523332184866161
    0.1709999999999995	0.02523299713702284
    0.1713333333333329	0.02523267731197279
    0.1716666666666662	0.02523236239047786
    0.1719999999999995	0.02523205238788295
    0.1723333333333328	0.0252317472855783
    0.1726666666666662	0.02523144701213365
    0.1729999999999995	0.02523115145069075
    0.1733333333333328	0.02523086047124311
    0.1736666666666661	0.0252305739710161
    0.1739999999999995	0.02523029189890757
    0.1743333333333328	0.02523001416427023
    0.1746666666666661	0.02522974094538325
    0.1749999999999994	0.0252294721630538
    0.1753333333333328	0.02522920767427423
    0.1756666666666661	0.0252289473553632
    0.1759999999999994	0.02522869112705859
    0.1763333333333327	0.02522843886725921
    0.1766666666666661	0.02522819070884199
    0.1769999999999994	0.02522794656574941
    0.1773333333333327	0.02522770631066001
     0.177666666666666	0.02522746984479963
    0.1779999999999994	0.0252272371135864
    0.1783333333333327	0.02522700808768717
     0.178666666666666	0.02522678273423825
    0.1789999999999993	0.02522656099639346
    0.1793333333333327	0.02522634279597007
     0.179666666666666	0.02522612805520187
    0.1799999999999993	0.02522591671432447
    0.1803333333333326	0.02522570872868244
    0.1806666666666659	0.02522550405316682
    0.1809999999999993	0.02522530263308648
    0.1813333333333326	0.0252251044091752
    0.1816666666666659	0.02522490932739051
    0.1819999999999992	0.0252247173410039
    0.1823333333333326	0.02522452840371167
    0.1826666666666659	0.02522434246304158
    0.1829999999999992	0.02522415943120881
    0.1833333333333325	0.0252239793189134
    0.1836666666666659	0.02522380205826138
    0.1839999999999992	0.02522362758856798
    0.1843333333333325	0.02522345586445125
    0.1846666666666658	0.02522328684087385
    0.1849999999999992	0.02522312047152044
    0.1853333333333325	0.02522295671746469
    0.1856666666666658	0.02522279554549869
    0.1859999999999991	0.02522263691711207
    0.1863333333333325	0.02522248078383459
    0.1866666666666658	0.02522232709416118
    0.1869999999999991	0.02522217580285014
    0.1873333333333324	0.02522202687344753
    0.1876666666666658	0.02522188027416011
    0.1879999999999991	0.0252217359727808
    0.1883333333333324	0.02522159393442797
    0.1886666666666657	0.0252214541217691
    0.1889999999999991	0.02522131649625736
    0.1893333333333324	0.02522118101991335
    0.1896666666666657	0.02522104765729654
     0.189999999999999	0.0252209163764484
    0.1903333333333324	0.0252207871478214
    0.1906666666666657	0.02522065994191692
     0.190999999999999	0.02522053472891955
    0.1913333333333323	0.02522041147359494
    0.1916666666666657	0.02522029015168179
     0.191999999999999	0.02522017072604307
    0.1923333333333323	0.02522005315915103
    0.1926666666666656	0.02521993743039838
     0.192999999999999	0.02521982352499705
    0.1933333333333323	0.02521971141439067
    0.1936666666666656	0.02521960105748185
    0.1939999999999989	0.0252194924173617
    0.1943333333333322	0.02521938547069149
    0.1946666666666656	0.02521928020167549
    0.1949999999999989	0.02521917659069137
    0.1953333333333322	0.02521907460937368
    0.1956666666666655	0.02521897422428466
    0.1959999999999989	0.02521887540331542
    0.1963333333333322	0.02521877811897115
    0.1966666666666655	0.02521868234755217
    0.1969999999999988	0.02521858806659836
    0.1973333333333322	0.02521849525270387
    0.1976666666666655	0.02521840388037822
    0.1979999999999988	0.02521831392209818
    0.1983333333333321	0.02521822534951467
    0.1986666666666655	0.02521813813513651
    0.1989999999999988	0.02521805225329355
    0.1993333333333321	0.02521796767966854
    0.1996666666666654	0.02521788438989742
    0.1999999999999988	0.0252178023584993
    0.2003333333333321	0.02521772155900023
    0.2006666666666654	0.02521764196495296
    0.2009999999999987	0.02521756355078668
    0.2013333333333321	0.02521748629174918
    0.2016666666666654	0.02521741016319898
    0.2019999999999987	0.02521733514008725
     0.202333333333332	0.02521726119709719
    0.2026666666666654	0.02521718831925352
    0.2029999999999987	0.02521711645061763
     0.203333333333332	0.02521704559053865
    0.2036666666666653	0.0252169757287789
    0.2039999999999987	0.02521690683112119
     0.204333333333332	0.02521683886201833
    0.2046666666666653	0.02521677179900737
    0.2049999999999986	0.02521670562635046
     0.205333333333332	0.02521664032502472
    0.2056666666666653	0.0252165758708575
    0.2059999999999986	0.0252165122388392
    0.2063333333333319	0.02521644942255095
    0.2066666666666652	0.02521638735969776
    0.2069999999999986	0.02521632605980168
    0.2073333333333319	0.02521626552346846
    0.2076666666666652	0.02521620572054723
    0.2079999999999985	0.02521614755653964
    0.2083333333333319	0.02521608795868182
    0.2086666666666652	0.02521603053995111
    0.2089999999999985	0.02521597262343722
    0.2093333333333318	0.02521591698883039
    0.2096666666666652	0.0252158607499576
    0.2099999999999985	0.02521580616753976
    0.2103333333333318	0.02521575077729041
    0.2106666666666651	0.02521569697507339
    0.2109999999999985	0.02521564386287016
    0.2113333333333318	0.02521558986294551
    0.2116666666666651	0.02521553747739322
    0.2119999999999984	0.0252154864058302
    0.2123333333333318	0.02521543439684874
    0.2126666666666651	0.02521538339263537
    0.2129999999999984	0.02521533342996883
    0.2133333333333317	0.0252152835473135
    0.2136666666666651	0.02521523358080649
    0.2139999999999984	0.02521518409999
    0.2143333333333317	0.02521513546066666
     0.214666666666665	0.02521505170170866
    0.2149999999999984	0.02521501074179609
    0.2153333333333317	0.02521499552083855
     0.215666666666665	0.02521496796117117
    0.2159999999999983	0.02521491398293628
    0.2163333333333317	0.02521484852420541
     0.216666666666665	0.02521476264556341
    0.2169999999999983	0.02521472832475594
    0.2173333333333316	0.02521472172833317
     0.217666666666665	0.02521469879043582
    0.2179999999999983	0.02521464336799721
    0.2183333333333316	0.025214548289422
    0.2186666666666649	0.02521447124505171
    0.2189999999999983	0.02521446784904247
    0.2193333333333316	0.02521448058663271
    0.2196666666666649	0.02521445278577306
    0.2199999999999982	0.02521438255257496
    0.2203333333333315	0.0252142827659276
    0.2206666666666649	0.02521421354339417
    0.2209999999999982	0.02521421981618315
    0.2213333333333315	0.02521423607088302
    0.2216666666666648	0.02521420625721096
    0.2219999999999982	0.02521413426901963
    0.2223333333333315	0.02521403793134103
    0.2226666666666648	0.02521397441545666
    0.2229999999999981	0.02521398260549234
    0.2233333333333315	0.02521399768959587
    0.2236666666666648	0.02521396732516989
    0.2239999999999981	0.02521389780207463
    0.2243333333333314	0.02521380615715243
    0.2246666666666648	0.02521374640446056
    0.2249999999999981	0.025213754478044
    0.2253333333333314	0.02521376854297052
    0.2256666666666647	0.02521373924977463
    0.2259999999999981	0.02521367318206938
    0.2263333333333314	0.02521358553566841
    0.2266666666666647	0.02521352826053149
     0.226999999999998	0.02521353568521567
    0.2273333333333314	0.02521354911665256
    0.2276666666666647	0.02521352154798926
     0.227999999999998	0.025213458885362
    0.2283333333333313	0.02521340004055386
    0.2286666666666647	0.02521334128053546
     0.228999999999998	0.02521330293206659
    0.2293333333333313	0.02521330435790892
    0.2296666666666646	0.02521330286233237
     0.229999999999998	0.02521327101017892
    0.2303333333333313	0.02521321774018875
    0.2306666666666646	0.02521316867186562
    0.2309999999999979	0.02521311408179044
    0.2313333333333313	0.02521307375875987
    0.2316666666666646	0.02521307150516702
    0.2319999999999979	0.02521307043408934
    0.2323333333333312	0.02521304333869194
    0.2326666666666646	0.02521299479034221
    0.2329999999999979	0.02521294750381952
    0.2333333333333312	0.02521289377234581
    0.2336666666666645	0.02521285459524862
    0.2339999999999978	0.02521285323249723
    0.2343333333333312	0.02521285358777996
    0.2346666666666645	0.02521282839585931
    0.2349999999999978	0.02521278193985988
    0.2353333333333311	0.02521273630613305
    0.2356666666666645	0.02521268497579699
    0.2359999999999978	0.0252126680370067
    0.2363333333333311	0.02521266441362589
    0.2366666666666644	0.02521264752370725
    0.2369999999999978	0.02521261158253452
    0.2373333333333311	0.02521254919195331
    0.2376666666666644	0.02521249945888508
    0.2379999999999977	0.02521249691421893
    0.2383333333333311	0.0252125051740913
    0.2386666666666644	0.02521248839995438
    0.2389999999999977	0.02521244529552077
     0.239333333333331	0.02521239971400988
    0.2396666666666644	0.02521236946930389
    0.2399999999999977	0.02521233224553761
     0.240333333333331	0.02521231716089022
    0.2406666666666643	0.02521230804913088
    0.2409999999999977	0.02521228866682924
     0.241333333333331	0.02521225655379949
    0.2416666666666643	0.02521222245480745
    0.2419999999999976	0.02521217605443705
     0.242333333333331	0.02521215624995753
    0.2426666666666643	0.02521215054970713
    0.2429999999999976	0.02521213736402334
    0.2433333333333309	0.02521210870431556
    0.2436666666666643	0.02521207398045727
    0.2439999999999976	0.02521204460697654
    0.2443333333333309	0.025212005735758
    0.2446666666666642	0.02521198914975418
    0.2449999999999976	0.02521198214657196
    0.2453333333333309	0.02521196726993149
    0.2456666666666642	0.02521193936689719
    0.2459999999999975	0.02521190745177734
    0.2463333333333309	0.02521188062807415
    0.2466666666666642	0.02521186031587829
    0.2469999999999975	0.02521184186681194
    0.2473333333333308	0.02521182100726495
    0.2476666666666641	0.0252117974413422
    0.2479999999999975	0.02521177352373355
    0.2483333333333308	0.02521175118435741
    0.2486666666666641	0.02521173035774163
    0.2489999999999974	0.02521170971837612
    0.2493333333333308	0.02521168845975831
    0.2496666666666641	0.02521166682772861
    0.2499999999999974	0.02521164545638695
    0.2503333333333307	0.02521162465922266
    0.2506666666666641	0.02521160427702503
    0.2509999999999974	0.02521158401722552
    0.2513333333333308	0.02521156375652304
    0.2516666666666642	0.02521154362350692
    0.2519999999999975	0.02521152372181366
    0.2523333333333309	0.02521150404977435
    0.2526666666666642	0.02521148454152369
    0.2529999999999976	0.02521146516210244
    0.2533333333333309	0.02521144594079605
    0.2536666666666643	0.02521142692334977
    0.2539999999999976	0.02521140811531919
     0.254333333333331	0.02521138947905323
    0.2546666666666643	0.02521137097838729
    0.2549999999999977	0.02521135261514865
     0.255333333333331	0.02521133441426002
    0.2556666666666644	0.02521131641706987
    0.2559999999999977	0.02521129860750636
    0.2563333333333311	0.02521128094781581
    0.2566666666666644	0.02521126341835173
    0.2569999999999978	0.02521124603127305
    0.2573333333333311	0.02521122881260899
    0.2576666666666645	0.02521121177610342
    0.2579999999999978	0.02521119491258094
    0.2583333333333312	0.02521117820080561
    0.2586666666666645	0.0252111616266616
    0.2589999999999979	0.02521114519341131
    0.2593333333333313	0.02521112891617993
    0.2596666666666646	0.02521111280813295
     0.259999999999998	0.02521109687054139
    0.2603333333333313	0.02521108109279988
    0.2606666666666647	0.02521106546013799
     0.260999999999998	0.02521104996291981
    0.2613333333333314	0.02521103460160827
    0.2616666666666647	0.02521101938487755
    0.2619999999999981	0.02521100432312768
    0.2623333333333314	0.02521098942195306
    0.2626666666666648	0.02521097467926389
    0.2629999999999981	0.02521096008693649
    0.2633333333333315	0.02521094563233526
    0.2636666666666648	0.02521093131684708
    0.2639999999999982	0.02521091713722893
    0.2643333333333315	0.02521090309513618
    0.2646666666666649	0.02521088919598348
    0.2649999999999982	0.02521087544338831
    0.2653333333333316	0.0252108618362201
    0.2656666666666649	0.02521084837008521
    0.2659999999999983	0.0252108350404891
    0.2663333333333316	0.02521082184504584
     0.266666666666665	0.02521080878376739
    0.2669999999999983	0.02521079585774621
    0.2673333333333317	0.02521078306741698
    0.2676666666666651	0.02521077041168542
    0.2679999999999984	0.02521075788837157
    0.2683333333333318	0.02521074549538446
    0.2686666666666651	0.02521073323163563
    0.2689999999999985	0.02521072109704264
    0.2693333333333318	0.02521070909173513
    0.2696666666666652	0.02521069721516407
    0.2699999999999985	0.02521068546580766
    0.2703333333333319	0.025210673841615
    0.2706666666666652	0.02521066234075315
    0.2709999999999986	0.02521065096209259
    0.2713333333333319	0.0252106397051637
    0.2716666666666653	0.02521062856972501
    0.2719999999999986	0.02521061755528988
     0.272333333333332	0.02521060666089667
    0.2726666666666653	0.0252105958851863
    0.2729999999999987	0.0252105852266634
     0.273333333333332	0.0252105746839599
    0.2736666666666654	0.02521056425597614
    0.2739999999999987	0.02521055394187059
    0.2743333333333321	0.02521054374093612
    0.2746666666666654	0.02521053365243924
    0.2749999999999988	0.02521052367550024
    0.2753333333333322	0.02521051380906721
    0.2756666666666655	0.0252105040519793
    0.2759999999999989	0.02521049440306871
    0.2763333333333322	0.02521048486124196
    0.2766666666666656	0.02521047542550189
    0.2769999999999989	0.02521046609491893
    0.2773333333333323	0.02521045686858544
    0.2776666666666656	0.02521044774558275
     0.277999999999999	0.02521043872497206
    0.2783333333333323	0.02521042980579564
    0.2786666666666657	0.02521042098707958
     0.278999999999999	0.0252104122678351
    0.2793333333333324	0.02521040364706021
    0.2796666666666657	0.02521039512375098
    0.2799999999999991	0.02521038669691582
    0.2803333333333324	0.02521037836558584
    0.2806666666666658	0.02521037012881518
    0.2809999999999991	0.02521036198567088
    0.2813333333333325	0.02521035393522109
    0.2816666666666658	0.02521034597652539
    0.2819999999999992	0.02521033810863395
    0.2823333333333325	0.02521033033059065
    0.2826666666666659	0.02521032264143663
    0.2829999999999993	0.02521031504021452
    0.2833333333333326	0.0252103075259686
     0.283666666666666	0.02521030009774596
    0.2839999999999993	0.0252102927545978
    0.2843333333333327	0.02521028549557994
     0.284666666666666	0.02521027831975488
    0.2849999999999994	0.02521027122619192
    0.2853333333333327	0.02521026421396576
    0.2856666666666661	0.02521025728215434
    0.2859999999999994	0.02521025042983718
    0.2863333333333328	0.02521024365609562
    0.2866666666666661	0.02521023696001268
    0.2869999999999995	0.02521023034067582
    0.2873333333333328	0.02521022379717932
    0.2876666666666662	0.02521021732862765
    0.2879999999999995	0.02521021093413614
    0.2883333333333329	0.02521020461283039
    0.2886666666666662	0.02521019836384474
    0.2889999999999996	0.02521019218632047
    0.2893333333333329	0.02521018607940625
    0.2896666666666663	0.02521018004225762
    0.2899999999999996	0.02521017407403957
     0.290333333333333	0.02521016817392721
    0.2906666666666664	0.02521016234110725
    0.2909999999999997	0.02521015657477682
    0.2913333333333331	0.02521015087414442
    0.2916666666666664	0.0252101452384287
    0.2919999999999998	0.02521013966685895
    0.2923333333333331	0.02521013415867367
    0.2926666666666665	0.02521012871312165
    0.2929999999999998	0.02521012332946096
    0.2933333333333332	0.02521011800695956
    0.2936666666666665	0.02521011274489525
    0.2939999999999999	0.02521010754255489
    0.2943333333333332	0.02521010239923457
    0.2946666666666666	0.02521009731423903
    0.2949999999999999	0.02521009228688239
    0.2953333333333333	0.02521008731648723
    0.2956666666666666	0.02521008240238425
                 0.296	0.02521007754391211
    0.2963333333333333	0.02521007274041696
    0.2966666666666667	0.02521006799125206
                 0.297	0.02521006329577806
    0.2973333333333334	0.02521005865336242
    0.2976666666666667	0.02521005406337925
    0.2980000000000001	0.02521004952520895
    0.2983333333333335	0.02521004503823866
    0.2986666666666668	0.0252100406018619
    0.2990000000000002	0.02521003621547781
    0.2993333333333335	0.02521003187849232
    0.2996666666666669	0.02521002759031628
    0.3000000000000002	0.02521002335036686
    0.3003333333333336	0.0252100191580662
    0.3006666666666669	0.02521001501284207
    0.3010000000000003	0.02521001091412858
    0.3013333333333336	0.02521000686136477
     0.301666666666667	0.02521000285399551
    0.3020000000000003	0.02520999889147109
    0.3023333333333337	0.02520999497324748
     0.302666666666667	0.02520999109878575
    0.3030000000000004	0.02520998726755307
    0.3033333333333337	0.02520998347902172
    0.3036666666666671	0.0252099797326701
    0.3040000000000004	0.02520997602798218
    0.3043333333333338	0.025209972364447
    0.3046666666666671	0.02520996874155956
    0.3050000000000005	0.02520996515882156
    0.3053333333333338	0.02520996161573984
    0.3056666666666672	0.02520995811182699
    0.3060000000000005	0.02520995464660158
    0.3063333333333339	0.02520995121958837
    0.3066666666666673	0.0252099478303178
    0.3070000000000006	0.0252099444783264
     0.307333333333334	0.02520994116315663
    0.3076666666666673	0.02520993788435711
    0.3080000000000007	0.02520993464148227
     0.308333333333334	0.02520993143409232
    0.3086666666666674	0.02520992826175381
    0.3090000000000007	0.02520992512403895
    0.3093333333333341	0.02520992202052587
    0.3096666666666674	0.02520991895079871
    0.3100000000000008	0.02520991591444695
    0.3103333333333341	0.02520991291106639
    0.3106666666666675	0.02520990994025825
    0.3110000000000008	0.02520990700162916
    0.3113333333333342	0.02520990409479118
    0.3116666666666675	0.02520990121936232
    0.3120000000000009	0.02520989837496555
    0.3123333333333342	0.02520989556122952
    0.3126666666666676	0.02520989277778794
    0.3130000000000009	0.02520989002427906
    0.3133333333333343	0.02520988730034682
    0.3136666666666676	0.02520988460564015
     0.314000000000001	0.02520988193981179
    0.3143333333333344	0.02520987930252034
    0.3146666666666677	0.02520987669342856
    0.3150000000000011	0.02520987411220395
    0.3153333333333344	0.02520987155851804
    0.3156666666666678	0.02520986903204694
    0.3160000000000011	0.02520986653247106
    0.3163333333333345	0.02520986405947484
    0.3166666666666678	0.02520986161274695
    0.3170000000000012	0.02520985919198012
    0.3173333333333345	0.02520985679687057
    0.3176666666666679	0.02520985442711879
    0.3180000000000012	0.0252098520824287
    0.3183333333333346	0.02520984976250835
    0.3186666666666679	0.02520984746706871
    0.3190000000000013	0.02520984519582503
    0.3193333333333346	0.02520984294849548
     0.319666666666668	0.02520984072480184
    0.3200000000000013	0.02520983852446963
    0.3203333333333347	0.02520983634722711
     0.320666666666668	0.02520983419280589
    0.3210000000000014	0.02520983206094089
    0.3213333333333347	0.02520982995137077
    0.3216666666666681	0.02520982786383669
    0.3220000000000015	0.02520982579808277
    0.3223333333333348	0.0252098237538565
    0.3226666666666682	0.02520982173090837
    0.3230000000000015	0.02520981972899186
    0.3233333333333349	0.02520981774786382
    0.3236666666666682	0.02520981578728319
    0.3240000000000016	0.02520981384701223
    0.3243333333333349	0.02520981192681643
    0.3246666666666683	0.02520981002646386
    0.3250000000000016	0.0252098081457254
     0.325333333333335	0.02520980628437475
    0.3256666666666683	0.02520980444218858
    0.3260000000000017	0.02520980261894628
     0.326333333333335	0.02520980081442997
    0.3266666666666684	0.02520979902842439
    0.3270000000000017	0.02520979726071773
    0.3273333333333351	0.02520979551109979
    0.3276666666666684	0.02520979377936403
    0.3280000000000018	0.02520979206530609
    0.3283333333333351	0.02520979036872444
    0.3286666666666685	0.0252097886894203
    0.3290000000000018	0.02520978702719734
    0.3293333333333352	0.02520978538186194
    0.3296666666666686	0.02520978375322285
    0.3300000000000019	0.02520978214109188
    0.3303333333333353	0.02520978054528316
    0.3306666666666686	0.02520977896561302
     0.331000000000002	0.02520977740190092
    0.3313333333333353	0.02520977585396817
    0.3316666666666687	0.02520977432163909
     0.332000000000002	0.02520977280474011
    0.3323333333333354	0.02520977130310024
    0.3326666666666687	0.02520976981655063
    0.3330000000000021	0.02520976834492486
    0.3333333333333354	0.02520976688805931
    0.3336666666666688	0.02520976544579212
    0.3340000000000021	0.0252097640179639
    0.3343333333333355	0.02520976260441728
    0.3346666666666688	0.02520976120499746
    0.3350000000000022	0.02520975981955167
    0.3353333333333355	0.02520975844792942
    0.3356666666666689	0.02520975708998192
    0.3360000000000022	0.02520975574556279
    0.3363333333333356	0.02520975441452787
    0.3366666666666689	0.02520975309673477
    0.3370000000000023	0.02520975179204319
    0.3373333333333356	0.02520975050031424
     0.337666666666669	0.02520974922141215
    0.3380000000000024	0.02520974795520192
    0.3383333333333357	0.02520974670155109
    0.3386666666666691	0.02520974546032885
    0.3390000000000024	0.02520974423140577
    0.3393333333333358	0.02520974301465452
    0.3396666666666691	0.02520974180994973
    0.3400000000000025	0.02520974061716758
    0.3403333333333358	0.02520973943618558
    0.3406666666666692	0.02520973826688323
    0.3410000000000025	0.02520973710914169
    0.3413333333333359	0.02520973596284338
    0.3416666666666692	0.02520973482787214
    0.3420000000000026	0.02520973370411401
    0.3423333333333359	0.02520973259145584
    0.3426666666666693	0.02520973148978648
    0.3430000000000026	0.02520973039899571
     0.343333333333336	0.02520972931897483
    0.3436666666666693	0.02520972824961672
    0.3440000000000027	0.02520972719081541
     0.344333333333336	0.02520972614246635
    0.3446666666666694	0.02520972510446604
    0.3450000000000027	0.02520972407671279
    0.3453333333333361	0.02520972305910543
    0.3456666666666695	0.02520972205154448
    0.3460000000000028	0.02520972105393156
    0.3463333333333362	0.02520972006616969
    0.3466666666666695	0.02520971908816243
    0.3470000000000029	0.02520971811981474
    0.3473333333333362	0.0252097171610329
    0.3476666666666696	0.02520971621172425
    0.3480000000000029	0.02520971527179692
    0.3483333333333363	0.02520971434116042
    0.3486666666666696	0.02520971341972482
     0.349000000000003	0.02520971250740143
    0.3493333333333363	0.02520971160410265
    0.3496666666666697	0.02520971070974187
     0.350000000000003	0.02520970982423346
    0.3503333333333364	0.02520970894749221
    0.3506666666666697	0.0252097080794345
    0.3510000000000031	0.02520970721997723
    0.3513333333333364	0.02520970636903809
    0.3516666666666698	0.02520970552653596
    0.3520000000000031	0.02520970469239047
    0.3523333333333365	0.02520970386652226
    0.3526666666666698	0.02520970304885191
    0.3530000000000032	0.02520970223930222
    0.3533333333333366	0.02520970143779576
    0.3536666666666699	0.02520970064425609
    0.3540000000000033	0.02520969985860776
    0.3543333333333366	0.02520969908077608
      0.35466666666667	0.02520969831068677
    0.3550000000000033	0.0252096975482665
    0.3553333333333367	0.02520969679344267
      0.35566666666667	0.0252096960461437
    0.3560000000000034	0.02520969530629821
    0.3563333333333367	0.02520969457383582
    0.3566666666666701	0.02520969384868655
    0.3570000000000034	0.02520969313078114
    0.3573333333333368	0.02520969242005148
    0.3576666666666701	0.02520969171642965
    0.3580000000000035	0.02520969101984865
    0.3583333333333368	0.02520969033024183
    0.3586666666666702	0.02520968964754302
    0.3590000000000035	0.02520968897168725
    0.3593333333333369	0.02520968830260983
    0.3596666666666702	0.02520968764024657
    0.3600000000000036	0.02520968698453423
    0.3603333333333369	0.02520968633540985
    0.3606666666666703	0.02520968569281096
    0.3610000000000037	0.02520968505667603
     0.361333333333337	0.02520968442694364
    0.3616666666666704	0.02520968380355332
    0.3620000000000037	0.02520968318644518
    0.3623333333333371	0.02520968257555953
    0.3626666666666704	0.02520968197083742
    0.3630000000000038	0.02520968137222035
    0.3633333333333371	0.02520968077965042
    0.3636666666666705	0.02520968019307018
    0.3640000000000038	0.02520967961242274
    0.3643333333333372	0.02520967903765172
    0.3646666666666705	0.02520967846870132
    0.3650000000000039	0.025209677905516
    0.3653333333333372	0.02520967734804092
    0.3656666666666706	0.02520967679622163
    0.3660000000000039	0.02520967625000417
    0.3663333333333373	0.02520967570933497
    0.3666666666666706	0.02520967517416111
     0.367000000000004	0.02520967464442981
    0.3673333333333373	0.02520967412008927
    0.3676666666666707	0.02520967360108812
     0.368000000000004	0.02520967308737473
    0.3683333333333374	0.02520967257889837
    0.3686666666666708	0.02520967207560856
    0.3690000000000041	0.0252096715774556
    0.3693333333333375	0.02520967108439028
    0.3696666666666708	0.02520967059636372
    0.3700000000000042	0.0252096701133268
    0.3703333333333375	0.02520966963523135
    0.3706666666666709	0.02520966916202998
    0.3710000000000042	0.02520966869367538
    0.3713333333333376	0.02520966823012048
    0.3716666666666709	0.02520966777131863
    0.3720000000000043	0.02520966731722382
    0.3723333333333376	0.02520966686779018
     0.372666666666671	0.02520966642297256
    0.3730000000000043	0.02520966598272623
    0.3733333333333377	0.02520966554700636
     0.373666666666671	0.02520966511576854
    0.3740000000000044	0.02520966468896946
    0.3743333333333377	0.02520966426656565
    0.3746666666666711	0.02520966384851385
    0.3750000000000044	0.02520966343477151
    0.3753333333333378	0.02520966302529652
    0.3756666666666711	0.02520966262004678
    0.3760000000000045	0.02520966221898076
    0.3763333333333378	0.02520966182205727
    0.3766666666666712	0.02520966142923576
    0.3770000000000046	0.02520966104047547
    0.3773333333333379	0.02520966065573656
    0.3776666666666713	0.0252096602749789
    0.3780000000000046	0.02520965989816323
     0.378333333333338	0.0252096595252506
    0.3786666666666713	0.02520965915620244
    0.3790000000000047	0.02520965879098026
     0.379333333333338	0.0252096584295458
    0.3796666666666714	0.02520965807186164
    0.3800000000000047	0.02520965771789037
    0.3803333333333381	0.02520965736759465
    0.3806666666666714	0.02520965702093836
    0.3810000000000048	0.025209656677885
    0.3813333333333381	0.02520965633839837
    0.3816666666666715	0.02520965600244252
    0.3820000000000048	0.0252096556699823
    0.3823333333333382	0.02520965534098285
    0.3826666666666715	0.02520965501540936
    0.3830000000000049	0.02520965469322722
    0.3833333333333382	0.02520965437440223
    0.3836666666666716	0.02520965405890072
    0.3840000000000049	0.02520965374668928
    0.3843333333333383	0.02520965343773464
    0.3846666666666717	0.02520965313200352
     0.385000000000005	0.02520965282946386
    0.3853333333333384	0.02520965253008329
    0.3856666666666717	0.02520965223382973
    0.3860000000000051	0.02520965194067137
    0.3863333333333384	0.02520965165057665
    0.3866666666666718	0.0252096513635147
    0.3870000000000051	0.02520965107945474
    0.3873333333333385	0.0252096507983662
    0.3876666666666718	0.02520965052021887
    0.3880000000000052	0.02520965024498257
    0.3883333333333385	0.0252096499726276
    0.3886666666666719	0.02520964970312452
    0.3890000000000052	0.02520964943644442
    0.3893333333333386	0.02520964917255835
    0.3896666666666719	0.02520964891143783
    0.3900000000000053	0.02520964865305408
    0.3903333333333386	0.02520964839737928
     0.390666666666672	0.02520964814438587
    0.3910000000000053	0.02520964789404596
    0.3913333333333387	0.02520964764633274
     0.391666666666672	0.02520964740121874
    0.3920000000000054	0.02520964715867725
    0.3923333333333388	0.02520964691868184
    0.3926666666666721	0.02520964668120639
    0.3930000000000055	0.02520964644622486
    0.3933333333333388	0.0252096462137117
    0.3936666666666722	0.02520964598364095
    0.3940000000000055	0.02520964575598745
    0.3943333333333389	0.02520964553072616
    0.3946666666666722	0.02520964530783266
    0.3950000000000056	0.02520964508728236
    0.3953333333333389	0.02520964486905084
    0.3956666666666723	0.02520964465311392
    0.3960000000000056	0.02520964443944773
     0.396333333333339	0.02520964422802869
    0.3966666666666723	0.02520964401883374
    0.3970000000000057	0.02520964381183973
     0.397333333333339	0.02520964360702365
    0.3976666666666724	0.02520964340436262
    0.3980000000000057	0.02520964320383379
    0.3983333333333391	0.02520964300541569
    0.3986666666666724	0.02520964280908623
    0.3990000000000058	0.02520964261482324
    0.3993333333333391	0.02520964242260533
    0.3996666666666725	0.02520964223241078
    0.4000000000000059	0.02520964204421872
    0.4003333333333392	0.02520964185800801
    0.4006666666666726	0.02520964167375815
    0.4010000000000059	0.0252096414914485
    0.4013333333333393	0.02520964131105858
    0.4016666666666726	0.02520964113256808
     0.402000000000006	0.02520964095599211
    0.4023333333333393	0.02520964078122095
    0.4026666666666727	0.02520964060827933
     0.403000000000006	0.0252096404371846
    0.4033333333333394	0.02520964026791136
    0.4036666666666727	0.0252096401004203
    0.4040000000000061	0.02520963993468436
    0.4043333333333394	0.02520963977068664
    0.4046666666666728	0.02520963960841334
    0.4050000000000061	0.02520963944784942
    0.4053333333333395	0.02520963928897808
    0.4056666666666728	0.02520963913178123
    0.4060000000000062	0.02520963897629533
    0.4063333333333395	0.02520963882236463
    0.4066666666666729	0.02520963867003406
    0.4070000000000062	0.02520963851934508
    0.4073333333333396	0.0252096383702763
    0.4076666666666729	0.02520963822277565
    0.4080000000000063	0.02520963807680687
    0.4083333333333397	0.0252096379323596
     0.408666666666673	0.02520963778943284
    0.4090000000000064	0.02520963764801884
    0.4093333333333397	0.0252096375080993
    0.4096666666666731	0.02520963736973296
    0.4100000000000064	0.02520963723269913
    0.4103333333333398	0.0252096370970662
    0.4106666666666731	0.02520963696291396
    0.4110000000000065	0.02520963683023134
    0.4113333333333398	0.02520963669894973
    0.4116666666666732	0.02520963656901627
    0.4120000000000065	0.02520963644042085
    0.4123333333333399	0.02520963631329002
    0.4126666666666732	0.02520963618734232
    0.4130000000000066	0.02520963606266841
    0.4133333333333399	0.02520963593938449
    0.4136666666666733	0.02520963581761351
    0.4140000000000066	0.02520963569692374
      0.41433333333334	0.02520963557738583
    0.4146666666666733	0.02520963545915205
    0.4150000000000067	0.02520963534239131
      0.41533333333334	0.02520963522670861
    0.4156666666666734	0.02520963511212834
    0.4160000000000068	0.02520963499877691
    0.4163333333333401	0.02520963488669396
    0.4166666666666735	0.02520963477582324
    0.4170000000000068	0.02520963466609931
    0.4173333333333402	0.02520963455759754
    0.4176666666666735	0.02520963445006697
    0.4180000000000069	0.02520963434361283
    0.4183333333333402	0.02520963423834691
    0.4186666666666736	0.02520963413426214
    0.4190000000000069	0.02520963403127851
    0.4193333333333403	0.02520963392933484
    0.4196666666666736	0.0252096338285114
     0.420000000000007	0.0252096337286159
    0.4203333333333403	0.02520963362973703
    0.4206666666666737	0.02520963353195677
     0.421000000000007	0.02520963343526062
    0.4213333333333404	0.02520963333958102
    0.4216666666666737	0.02520963324486496
    0.4220000000000071	0.02520963315122339
    0.4223333333333404	0.02520963305839139
    0.4226666666666738	0.02520963296652577
    0.4230000000000071	0.02520963287575748
    0.4233333333333405	0.02520963278585944
    0.4236666666666739	0.02520963269686885
    0.4240000000000072	0.02520963260888455
    0.4243333333333406	0.02520963252176883
    0.4246666666666739	0.02520963243554442
    0.4250000000000073	0.02520963235023742
    0.4253333333333406	0.0252096322658731
     0.425666666666674	0.02520963218236657
    0.4260000000000073	0.02520963209969727
    0.4263333333333407	0.02520963201786259
     0.426666666666674	0.02520963193731575
    0.4270000000000074	0.02520963185663761
    0.4273333333333407	0.02520963177766962
    0.4276666666666741	0.0252096316993179
    0.4280000000000074	0.02520963162155924
    0.4283333333333408	0.02520963154461857
    0.4286666666666741	0.02520963146860249
    0.4290000000000075	0.02520963139345169
    0.4293333333333408	0.02520963131904743
    0.4296666666666742	0.02520963124535316
    0.4300000000000075	0.02520963117240578
    0.4303333333333409	0.02520963110022369
    0.4306666666666742	0.02520963102885281
    0.4310000000000076	0.0252096309582317
     0.431333333333341	0.02520963088831131
    0.4316666666666743	0.02520963081908899
    0.4320000000000077	0.02520963075058317
     0.432333333333341	0.02520963068280334
    0.4326666666666744	0.02520963061571066
    0.4330000000000077	0.02520963054935348
    0.4333333333333411	0.02520963048368414
    0.4336666666666744	0.02520963041855924
    0.4340000000000078	0.02520963035426542
    0.4343333333333411	0.02520963029069199
    0.4346666666666745	0.02520963022772155
    0.4350000000000078	0.02520963016533575
    0.4353333333333412	0.02520963010357443
    0.4356666666666745	0.02520963004247501
    0.4360000000000079	0.02520962998204346
    0.4363333333333412	0.02520962992217517
    0.4366666666666746	0.02520962986301111
    0.4370000000000079	0.02520962980470961
    0.4373333333333413	0.02520962974692923
    0.4376666666666746	0.02520962968881589
     0.438000000000008	0.02520962963182165
    0.4383333333333413	0.02520962957623742
    0.4386666666666747	0.02520962952056195
    0.4390000000000081	0.02520962946545791
    0.4393333333333414	0.02520962941113201
    0.4396666666666748	0.02520962935723919
    0.4400000000000081	0.02520962930358658
    0.4403333333333415	0.02520962925072956
    0.4406666666666748	0.0252096291985366
    0.4410000000000082	0.02520962914693228
    0.4413333333333415	0.02520962909559203
    0.4416666666666749	0.0252096290450628
    0.4420000000000082	0.02520962899481893
    0.4423333333333416	0.02520962894533655
    0.4426666666666749	0.02520962889596282
    0.4430000000000083	0.02520962884757665
    0.4433333333333416	0.02520962879924997
     0.443666666666675	0.0252096287520792
    0.4440000000000083	0.02520962870433711
    0.4443333333333417	0.02520962865817357
     0.444666666666675	0.02520962861154718
    0.4450000000000084	0.02520962856650047
    0.4453333333333417	0.02520962852074567
    0.4456666666666751	0.02520962847648352
    0.4460000000000084	0.02520962843162224
    0.4463333333333418	0.0252096283883653
    0.4466666666666751	0.02520962834436435
    0.4470000000000085	0.02520962830214012
    0.4473333333333419	0.02520962825903204
    0.4476666666666752	0.02520962821766701
    0.4480000000000086	0.0252096281761692
    0.4483333333333419	0.02520962813398072
    0.4486666666666753	0.02520962809374785
    0.4490000000000086	0.02520962805405288
     0.449333333333342	0.02520962801271452
    0.4496666666666753	0.02520962797367914
    0.4500000000000087	0.02520962793546007
     0.450333333333342	0.02520962789574483
    0.4506666666666754	0.0252096278670833
    0.4510000000000087	0.02520962782848708
    0.4513333333333421	0.02520962777925255
    0.4516666666666754	0.02520962774702172
    0.4520000000000088	0.0252096277239172
    0.4523333333333421	0.02520962768200626
    0.4526666666666755	0.02520962764647108
    0.4530000000000088	0.02520962761469886
    0.4533333333333422	0.02520962758231174
    0.4536666666666755	0.02520962754863677
    0.4540000000000089	0.02520962751351814
    0.4543333333333422	0.02520962747605564
    0.4546666666666756	0.02520962744259895
     0.455000000000009	0.02520962741149818
    0.4553333333333423	0.02520962738057351
    0.4556666666666757	0.02520962734579062
     0.456000000000009	0.02520962731274905
    0.4563333333333424	0.02520962728083125
    0.4566666666666757	0.02520962724965499
    0.4570000000000091	0.02520962721587154
    0.4573333333333424	0.02520962718471012
    0.4576666666666758	0.02520962715473134
    0.4580000000000091	0.02520962712454367
    0.4583333333333425	0.0252096270909783
    0.4586666666666758	0.02520962706032969
    0.4590000000000092	0.02520962703146609
    0.4593333333333425	0.0252096270029722
    0.4596666666666759	0.0252096269727444
    0.4600000000000092	0.02520962694094089
    0.4603333333333426	0.02520962691241571
    0.4606666666666759	0.0252096268852288
    0.4610000000000093	0.02520962685784638
    0.4613333333333426	0.02520962682956391
     0.461666666666676	0.02520962679824024
    0.4620000000000093	0.02520962677081207
    0.4623333333333427	0.02520962674539142
    0.4626666666666761	0.02520962672015151
    0.4630000000000094	0.02520962669362441
    0.4633333333333428	0.02520962666333436
    0.4636666666666761	0.02520962663684612
    0.4640000000000095	0.02520962661232356
    0.4643333333333428	0.02520962658857703
    0.4646666666666762	0.02520962656401783
    0.4650000000000095	0.02520962653800991
    0.4653333333333429	0.02520962651150114
    0.4656666666666762	0.02520962648591801
    0.4660000000000096	0.02520962646192215
    0.4663333333333429	0.02520962643893852
    0.4666666666666763	0.02520962641598793
    0.4670000000000096	0.02520962639244736
     0.467333333333343	0.02520962636862382
    0.4676666666666763	0.02520962634521216
    0.4680000000000097	0.02520962632245405
     0.468333333333343	0.02520962630038651
    0.4686666666666764	0.02520962627849004
    0.4690000000000097	0.02520962625673264
    0.4693333333333431	0.0252096262351821
    0.4696666666666764	0.02520962621366017
    0.4700000000000098	0.02520962619230444
    0.4703333333333432	0.02520962617125774
    0.4706666666666765	0.02520962615046618
    0.4710000000000099	0.02520962613001309
    0.4713333333333432	0.02520962611001602
    0.4716666666666766	0.02520962609024481
    0.4720000000000099	0.02520962607041039
    0.4723333333333433	0.02520962605081301
    0.4726666666666766	0.02520962603151774
      0.47300000000001	0.0252096260123424
    0.4733333333333433	0.02520962599351571
    0.4736666666666767	0.0252096259749483
      0.47400000000001	0.02520962595653226
    0.4743333333333434	0.02520962593822874

     1.000333333333333	0.02220290167876349
     1.000666666666667	0.02275902901516475
                 1.001	0.02526913927550614
     1.001333333333333	0.02680738152335527
     1.001666666666666	0.02636555081056703
                 1.002	0.02502380794286262
     1.002333333333333	0.02423927587017397
     1.002666666666666	0.02446684999436096
                 1.003	0.02515573606503561
     1.003333333333333	0.02558021428166716
     1.003666666666666	0.02547422474089714
                 1.004	0.02508911487450098
     1.004333333333333	0.02482196736367378
     1.004666666666666	0.02485475615105954
     1.004999999999999	0.02506597116435434
     1.005333333333333	0.02522412486100677
     1.005666666666666	0.02520196768590031
     1.005999999999999	0.02506015035046054
     1.006333333333333	0.02494821182832765
     1.006666666666666	0.02494822379781136
     1.006999999999999	0.02502421183072496
     1.007333333333333	0.02508026560091552
     1.007666666666666	0.0250677353490326
     1.007999999999999	0.02501000052950203
     1.008333333333332	0.0249651950893123
     1.008666666666666	0.02496280728575788
     1.008999999999999	0.02498769341180117
     1.009333333333332	0.02500431511470617
     1.009666666666666	0.02499663621988137
     1.009999999999999	0.02497327729237501
     1.010333333333332	0.024955522653904
     1.010666666666665	0.02495274053961008
     1.010999999999999	0.02495943802058346
     1.011333333333332	0.02496316108055575
     1.011666666666665	0.02495981902735171
     1.011999999999999	0.0249519345442799
     1.012333333333332	0.0249462748287015
     1.012666666666665	0.0249443569061655
     1.012999999999999	0.02494480640460026
     1.013333333333332	0.0249454557920178
     1.013666666666665	0.02494536771987393
     1.013999999999998	0.02494597127064896
     1.014333333333332	0.02494589260562498
     1.014666666666665	0.02494531153168482
     1.014999999999998	0.02494552443834961
     1.015333333333332	0.02494691752586501
     1.015666666666665	0.02494940403620764
     1.015999999999998	0.02495163683916763
     1.016333333333332	0.02495328023815917
     1.016666666666665	0.0249546449087769
     1.016999999999998	0.02495655818897973
     1.017333333333331	0.02495937780202514
     1.017666666666665	0.02496270545463439
     1.017999999999998	0.02496599278018941
     1.018333333333331	0.02496913001614812
     1.018666666666665	0.02497219966924798
     1.018999999999998	0.02497542143046465
     1.019333333333331	0.02497910664431178
     1.019666666666665	0.02498301968841157
     1.019999999999998	0.02498703260861109
     1.020333333333331	0.02499100703062284
     1.020666666666664	0.02499495883837963
     1.020999999999998	0.02499899741043966
     1.021333333333331	0.0250031463811167
     1.021666666666664	0.02500742857045634
     1.021999999999998	0.0250117533153873
     1.022333333333331	0.0250159990719144
     1.022666666666664	0.02502029464202424
     1.022999999999997	0.02502456165473654
     1.023333333333331	0.02502881107066477
     1.023666666666664	0.0250330472952378
     1.023999999999997	0.02503725286580827
     1.024333333333331	0.02504143036424576
     1.024666666666664	0.02504555673484662
     1.024999999999997	0.02504961306500496
     1.025333333333331	0.02505358040947054
     1.025666666666664	0.02505745471463141
     1.025999999999997	0.02506125080495062
      1.02633333333333	0.02506496223394909
     1.026666666666664	0.02506857463355214
     1.026999999999997	0.0250720696677596
      1.02733333333333	0.02507543777521336
     1.027666666666664	0.02507868292537561
     1.027999999999997	0.02508180847783643
      1.02833333333333	0.02508481069592975
     1.028666666666664	0.02508767593358565
     1.028999999999997	0.02509039367331859
      1.02933333333333	0.02509295780522442
     1.029666666666663	0.0250953733781335
     1.029999999999997	0.02509757297213348
      1.03033333333333	0.02509979141453125
     1.030666666666663	0.0251018214113024
     1.030999999999997	0.02510354669485865
      1.03133333333333	0.02510523943461477
     1.031666666666663	0.02510670472254929
     1.031999999999996	0.02510807487216184
      1.03233333333333	0.02510932230142151
     1.032666666666663	0.02511040258798335
     1.032999999999996	0.025111306489213
      1.03333333333333	0.02511205889670478
     1.033666666666663	0.0251126793388911
     1.033999999999996	0.02511317227980706
      1.03433333333333	0.02511353210302112
     1.034666666666663	0.0251137567512576
     1.034999999999996	0.02511385285807373
     1.035333333333329	0.02511383012629945
     1.035666666666663	0.02511369863398349
     1.035999999999996	0.02511346218769311
     1.036333333333329	0.02511312307735801
     1.036666666666663	0.02511268117608082
     1.036999999999996	0.02511214354925833
     1.037333333333329	0.02511153252955721
     1.037666666666663	0.02511084806805054
     1.037999999999996	0.02511009483061187
     1.038333333333329	0.02510974106724253
     1.038666666666662	0.02510916525555966
     1.038999999999996	0.02510811203556097
     1.039333333333329	0.02510680942796487
     1.039666666666662	0.02510561278008143
     1.039999999999996	0.02510467092019552
     1.040333333333329	0.02510391347585406
     1.040666666666662	0.02510248821365668
     1.040999999999995	0.02510096906616415
     1.041333333333329	0.02509980465590418
     1.041666666666662	0.02509887268309214
     1.041999999999995	0.0250979172750279
     1.042333333333329	0.02509670372359146
     1.042666666666662	0.0250953133815748
     1.042999999999995	0.02509398086956621
     1.043333333333329	0.02509284259930227
     1.043666666666662	0.02509181263827122
     1.043999999999995	0.02509086493144614
     1.044333333333328	0.0250896812134751
     1.044666666666662	0.0250884335315462
     1.044999999999995	0.02508730713075495
     1.045333333333328	0.02508634044968033
     1.045666666666662	0.02508544490320847
     1.045999999999995	0.02508451124251359
     1.046333333333328	0.02508350819385387
     1.046666666666662	0.02508249057825206
     1.046999999999995	0.02508153857155106
     1.047333333333328	0.02508068738104371
     1.047666666666661	0.025080229740233
     1.047999999999995	0.02507989997936694
     1.048333333333328	0.02507920535772395
     1.048666666666661	0.02507834125205112
     1.048999999999995	0.02507749392380263
     1.049333333333328	0.02507694003091344
     1.049666666666661	0.02507655297516499
     1.049999999999994	0.02507608470680221
     1.050333333333328	0.02507545102203233
     1.050666666666661	0.02507484887681483
     1.050999999999994	0.02507440229599984
     1.051333333333328	0.02507407207031626
     1.051666666666661	0.0250737435367523
     1.051999999999994	0.02507336269062255
     1.052333333333328	0.02507297616696469
     1.052666666666661	0.02507258449555256
     1.052999999999994	0.02507221537332783
     1.053333333333327	0.02507189158663442
     1.053666666666661	0.02507169340253279
     1.053999999999994	0.0250713952216014
     1.054333333333327	0.02507100751775842
     1.054666666666661	0.02507066581825119
     1.054999999999994	0.02507055674236381
     1.055333333333327	0.02507045609398695
     1.055666666666661	0.02506988562798614
     1.055999999999994	0.02506925884151646
     1.056333333333327	0.02506892750484931
      1.05666666666666	0.02506888145470338
     1.056999999999994	0.02506890829471117
     1.057333333333327	0.02506889678482736
      1.05766666666666	0.02506876574857872
     1.057999999999994	0.02506835376931146
     1.058333333333327	0.02506801219550499
      1.05866666666666	0.02506784333191111
     1.058999999999994	0.02506786606071633
     1.059333333333327	0.02506790048080072
      1.05966666666666	0.02506767168606367
     1.059999999999993	0.0250672906896613
     1.060333333333327	0.02506707714976825
      1.06066666666666	0.02506713716355083
     1.060999999999993	0.02506700634417777
     1.061333333333327	0.02506690437955288
      1.06166666666666	0.02506660804236448
     1.061999999999993	0.02506624120257053
     1.062333333333326	0.02506596964371555
      1.06266666666666	0.02506577203377595
     1.062999999999993	0.02506553352615012
     1.063333333333326	0.02506525707825775
      1.06366666666666	0.02506508196313257
     1.063999999999993	0.02506490071494692
     1.064333333333326	0.02506451235980995
      1.06466666666666	0.02506412809464206
     1.064999999999993	0.02506399535477495
     1.065333333333326	0.0250638898555832
     1.065666666666659	0.0250636014753943
     1.065999999999993	0.0250632320501072
     1.066333333333326	0.02506303049144853
     1.066666666666659	0.02506291428113258
     1.066999999999993	0.02506255121547063
     1.067333333333326	0.02506224867397729
     1.067666666666659	0.02506205634498618
     1.067999999999993	0.02506182177834138
     1.068333333333326	0.02506163257964358
     1.068666666666659	0.02506142145845518
     1.068999999999992	0.02506119135658944
     1.069333333333326	0.02506104975216391
     1.069666666666659	0.02506077768027416
     1.069999999999992	0.02506060682251891
     1.070333333333326	0.02506048791686641
     1.070666666666659	0.02506037657376116
     1.070999999999992	0.02506010696803012
     1.071333333333325	0.02505997530273357
     1.071666666666659	0.02505974207425897
     1.071999999999992	0.0250595840956403
     1.072333333333325	0.02505952722476704
     1.072666666666659	0.02505942668553003
     1.072999999999992	0.02505917932244381
     1.073333333333325	0.0250590439572052
     1.073666666666659	0.02505897665072705
     1.073999999999992	0.02505885293124243
     1.074333333333325	0.02505888293747981
     1.074666666666658	0.02505879768283834
     1.074999999999992	0.02505868808060133
     1.075333333333325	0.02505873564434053
     1.075666666666658	0.02505867316249826
     1.075999999999992	0.02505859195249057
     1.076333333333325	0.02505867037723306
     1.076666666666658	0.02505866263956342
     1.076999999999992	0.0250586360805468
     1.077333333333325	0.02505864581789699
     1.077666666666658	0.02505875822866239
     1.077999999999991	0.02505878049116
     1.078333333333325	0.02505877594524784
     1.078666666666658	0.02505882220488671
     1.078999999999991	0.02505895563374796
     1.079333333333325	0.02505902684096871
     1.079666666666658	0.02505909402025763
     1.079999999999991	0.02505915931494541
     1.080333333333324	0.02505926612442854
     1.080666666666658	0.02505934470061707
     1.080999999999991	0.02505942517639888
     1.081333333333324	0.02505957604489682
     1.081666666666658	0.02505970130037866
     1.081999999999991	0.0250597668566481
     1.082333333333324	0.02505988347883471
     1.082666666666658	0.02505997721484636
     1.082999999999991	0.02506007827208376
     1.083333333333324	0.02506018074327836
     1.083666666666657	0.02506030927670532
     1.083999999999991	0.0250604356981256
     1.084333333333324	0.02506055340058224
     1.084666666666657	0.02506061926655783
     1.084999999999991	0.02506073832624895
     1.085333333333324	0.0250608674074891
     1.085666666666657	0.02506098760986901
     1.085999999999991	0.02506105556056154
     1.086333333333324	0.02506115434223726
     1.086666666666657	0.0250612835179373
      1.08699999999999	0.0250613304002274
     1.087333333333324	0.02506142299510583
     1.087666666666657	0.02506153660909406
      1.08799999999999	0.02506160251674525
     1.088333333333324	0.02506167514046338
     1.088666666666657	0.02506176598196801
      1.08899999999999	0.02506181255685727
     1.089333333333323	0.02506185854606628
     1.089666666666657	0.0250619377214342
      1.08999999999999	0.02506199282274605
     1.090333333333323	0.02506208121580577
     1.090666666666657	0.02506216650796555
      1.09099999999999	0.025062180095747
     1.091333333333323	0.02506221011051129
     1.091666666666657	0.02506224699618927
      1.09199999999999	0.02506225865868575
     1.092333333333323	0.02506229860495245
     1.092666666666656	0.02506233982700845
      1.09299999999999	0.02506234158688031
     1.093333333333323	0.02506234997995481
     1.093666666666656	0.02506236479274533
      1.09399999999999	0.02506235640563409
     1.094333333333323	0.02506237064318972
     1.094666666666656	0.02506238994431862
      1.09499999999999	0.02506237683709601
     1.095333333333323	0.02506237204489563
     1.095666666666656	0.02506236754050223
     1.095999999999989	0.02506235054959465
     1.096333333333323	0.02506234530183653
     1.096666666666656	0.02506233529172976
     1.096999999999989	0.0250623154350239
     1.097333333333323	0.02506230279071937
     1.097666666666656	0.02506228551821114
     1.097999999999989	0.02506226703017146
     1.098333333333323	0.02506225270772419
     1.098666666666656	0.02506223250273175
     1.098999999999989	0.02506221513090115
     1.099333333333322	0.02506219729680869
     1.099666666666656	0.02506217262412354
     1.099999999999989	0.02506215584902506
     1.100333333333322	0.02506214154929618
     1.100666666666656	0.0250621192283263
     1.100999999999989	0.02506210525405422
     1.101333333333322	0.02506209084016972
     1.101666666666655	0.02506206810340181
     1.101999999999989	0.02506205919719622
     1.102333333333322	0.02506204937362445
     1.102666666666655	0.02506202962040773
     1.102999999999989	0.02506202589724021
     1.103333333333322	0.02506201930203728
     1.103666666666655	0.02506200228815207
     1.103999999999989	0.02506200816714373
     1.104333333333322	0.02506200271533316
     1.104666666666655	0.02506198817878524
     1.104999999999988	0.02506200195398368
     1.105333333333322	0.02506200412134729
     1.105666666666655	0.02506199528347895
     1.105999999999988	0.02506201470160307
     1.106333333333322	0.02506202074216441
     1.106666666666655	0.0250620167985023
     1.106999999999988	0.02506204398542308
     1.107333333333322	0.02506205587277155
     1.107666666666655	0.02506205754178653
     1.107999999999988	0.02506209134278452
     1.108333333333321	0.02506210807744668
     1.108666666666655	0.02506211520663706
     1.108999999999988	0.02506213003315545
     1.109333333333321	0.02506218188001874
     1.109666666666655	0.02506221040900075
     1.109999999999988	0.02506222150487388
     1.110333333333321	0.02506223837160172
     1.110666666666654	0.02506227068157088
     1.110999999999988	0.0250623126829034
     1.111333333333321	0.0250623528552704
     1.111666666666654	0.02506238748442165
     1.111999999999988	0.02506242062723224
     1.112333333333321	0.02506245684264835
     1.112666666666654	0.02506249711297836
     1.112999999999988	0.02506253969110864
     1.113333333333321	0.02506262480605082
     1.113666666666654	0.0250626962564481
     1.113999999999987	0.02506269643037783
     1.114333333333321	0.02506268957464126
     1.114666666666654	0.02506272196296507
     1.114999999999987	0.02506279143544646
     1.115333333333321	0.02506286329750392
     1.115666666666654	0.02506291651550207
     1.115999999999987	0.02506295163028061
     1.116333333333321	0.02506298458177829
     1.116666666666654	0.02506302896869652
     1.116999999999987	0.02506308193280263
      1.11733333333332	0.0250631357811564
     1.117666666666654	0.0250631851479682
     1.117999999999987	0.02506322818580929
      1.11833333333332	0.02506327201810027
     1.118666666666654	0.02506331881877017
     1.118999999999987	0.02506336714699828
      1.11933333333332	0.02506341467010765
     1.119666666666653	0.02506346054811528
     1.119999999999987	0.02506350521363547
      1.12033333333332	0.02506354908021097
     1.120666666666653	0.0250635931876532
     1.120999999999987	0.0250636370467879
      1.12133333333332	0.02506367997206483
     1.121666666666653	0.02506372142308906
     1.121999999999987	0.02506376239532843
      1.12233333333332	0.025063803001061
     1.122666666666653	0.02506384282411722
     1.122999999999986	0.02506388143423677
      1.12333333333332	0.02506391885997255
     1.123666666666653	0.02506395538835648
     1.123999999999986	0.02506399116243967
      1.12433333333332	0.02506402608709446
     1.124666666666653	0.02506405996689814
     1.124999999999986	0.02506409268532371
      1.12533333333332	0.02506412428704846
     1.125666666666653	0.02506415488114805
     1.125999999999986	0.02506418435516702
     1.126333333333319	0.02506421310297072
     1.126666666666653	0.02506424091074497
     1.126999999999986	0.02506426755996895
     1.127333333333319	0.02506429297866174
     1.127666666666653	0.02506431729666045
     1.127999999999986	0.02506434070882568
     1.128333333333319	0.02506436324099726
     1.128666666666652	0.02506438480324527
     1.128999999999986	0.02506440534342936
     1.129333333333319	0.02506442489551797
     1.129666666666652	0.02506444352338729
     1.129999999999986	0.0250644612650221
     1.130333333333319	0.02506447812824754
     1.130666666666652	0.02506449411538111
     1.130999999999986	0.02506450924275735
     1.131333333333319	0.02506452354482779
     1.131666666666652	0.02506453703937939
     1.131999999999985	0.02506454976761735
     1.132333333333319	0.02506456176147543
     1.132666666666652	0.025064573030319
     1.132999999999985	0.02506458360367842
     1.133333333333319	0.02506459351119695
     1.133666666666652	0.02506460277223545
     1.133999999999985	0.02506461140948315
     1.134333333333319	0.02506461946325222
     1.134666666666652	0.02506462696103218
     1.134999999999985	0.02506463392561588
     1.135333333333318	0.02506464037450417
     1.135666666666652	0.02506464634347213
     1.135999999999985	0.02506465185445255
     1.136333333333318	0.02506465692992805
     1.136666666666652	0.02506466159690656
     1.136999999999985	0.02506466588976169
     1.137333333333318	0.02506466983425882
     1.137666666666652	0.02506467344392495
     1.137999999999985	0.02506467673512995
     1.138333333333318	0.02506467972730383
     1.138666666666651	0.02506468246229905
     1.138999999999985	0.02506468495808591
     1.139333333333318	0.02506468722520797
     1.139666666666651	0.0250646892749859
     1.139999999999985	0.02506469114000972
     1.140333333333318	0.02506469284681921
     1.140666666666651	0.025064694413928
     1.140999999999984	0.02506469583614161
     1.141333333333318	0.02506469709659391
     1.141666666666651	0.02506469829229452
     1.141999999999984	0.02506469939943176
     1.142333333333318	0.025064700454412
     1.142666666666651	0.02506470143710376
     1.142999999999984	0.02506470231925196
     1.143333333333318	0.02506470318560644
     1.143666666666651	0.02506470404412407
     1.143999999999984	0.02506470488244446
     1.144333333333317	0.02506470569453303
     1.144666666666651	0.02506470646153291
     1.144999999999984	0.02506470726100978
     1.145333333333317	0.02506470809270135
     1.145666666666651	0.0250647089261393
     1.145999999999984	0.02506470977916543
     1.146333333333317	0.02506471064338857
     1.146666666666651	0.02506471154723567
     1.146999999999984	0.02506471249185447
     1.147333333333317	0.02506471346150093
      1.14766666666665	0.02506471447320509
     1.147999999999984	0.02506471552729946
     1.148333333333317	0.02506471662237634
      1.14866666666665	0.02506471775759335
     1.148999999999984	0.0250647189337551
     1.149333333333317	0.02506472015294522
      1.14966666666665	0.02506472141694632
     1.149999999999983	0.02506472272564365
     1.150333333333317	0.02506472407696152
      1.15066666666665	0.0250647254683524
     1.150999999999983	0.02506472689821617
     1.151333333333317	0.0250647283659117
      1.15166666666665	0.02506472987069582
     1.151999999999983	0.02506473141089758
     1.152333333333317	0.02506473298401693
      1.15266666666665	0.025064734587335
     1.152999999999983	0.02506473621218959
     1.153333333333316	0.02506473786220929
      1.15366666666665	0.02506473954756812
     1.153999999999983	0.02506474125111021
     1.154333333333316	0.0250647429604239
      1.15466666666665	0.02506474469263038
     1.154999999999983	0.02506474644437368
     1.155333333333316	0.02506474820008519
      1.15566666666665	0.02506474993184492
     1.155999999999983	0.02506475178262832
     1.156333333333316	0.02506475352424501
     1.156666666666649	0.02506475526126507
     1.156999999999983	0.02506475701569664
     1.157333333333316	0.02506475879122582
     1.157666666666649	0.02506476056531665
     1.157999999999983	0.02506476230883727
     1.158333333333316	0.02506476401014458
     1.158666666666649	0.02506476568084503
     1.158999999999982	0.02506476869831477
     1.159333333333316	0.02506477012741764
     1.159666666666649	0.02506477050805191
     1.159999999999982	0.0250647728059393
     1.160333333333316	0.02506477456101139
     1.160666666666649	0.02506477694637932
     1.160999999999982	0.02506477907238384
     1.161333333333316	0.02506477906933236
     1.161666666666649	0.02506478030533686
     1.161999999999982	0.02506478270898196
     1.162333333333315	0.0250647850194824
     1.162666666666649	0.02506478635023736
     1.162999999999982	0.02506478567591102
     1.163333333333315	0.02506478687198035
     1.163666666666649	0.02506478953103536
     1.163999999999982	0.02506479187676724
     1.164333333333315	0.02506479286503489
     1.164666666666649	0.02506479307062235
     1.164999999999982	0.02506479251811151
     1.165333333333315	0.02506479421008353
     1.165666666666648	0.02506479710065313
     1.165999999999982	0.02506479887061162
     1.166333333333315	0.02506479919471579
     1.166666666666648	0.02506479920246096
     1.166999999999982	0.02506479887529314
     1.167333333333315	0.02506480057950272
     1.167666666666648	0.02506480310203876
     1.167999999999981	0.02506480443792031
     1.168333333333315	0.02506480459194815
     1.168666666666648	0.02506480364402319
     1.168999999999981	0.02506480462338392
     1.169333333333315	0.02506480677410061
     1.169666666666648	0.0250648082987137
     1.169999999999981	0.02506480875279556
     1.170333333333315	0.02506480765997399
     1.170666666666648	0.02506480849338476
     1.170999999999981	0.02506481025002201
     1.171333333333314	0.02506481157010656
     1.171666666666648	0.02506481204825302
     1.171999999999981	0.02506481200869468
     1.172333333333314	0.02506481157691396
     1.172666666666648	0.02506481251729908
     1.172999999999981	0.0250648140062621
     1.173333333333314	0.02506481489279567
     1.173666666666648	0.02506481514660623
     1.173999999999981	0.02506481521172432
     1.174333333333314	0.02506481549997908
     1.174666666666647	0.02506481609667925
     1.174999999999981	0.02506481679606841
     1.175333333333314	0.02506481733342304
     1.175666666666647	0.02506481765915936
     1.175999999999981	0.02506481792484448
     1.176333333333314	0.02506481829572722
     1.176666666666647	0.0250648187789811
     1.176999999999981	0.02506481924642614
     1.177333333333314	0.02506481960923621
     1.177666666666647	0.02506481990436726
      1.17799999999998	0.02506482021655258
     1.178333333333314	0.02506482059431932
     1.178666666666647	0.0250648210004951
      1.17899999999998	0.02506482136826683
     1.179333333333314	0.02506482167752751
     1.179666666666647	0.02506482196475246
      1.17999999999998	0.02506482227664318
     1.180333333333313	0.02506482262357979
     1.180666666666647	0.02506482297724896
      1.18099999999998	0.02506482330914233
     1.181333333333313	0.0250648236113884
     1.181666666666647	0.02506482390206445
      1.18199999999998	0.02506482420216015
     1.182333333333313	0.02506482452015505
     1.182666666666647	0.02506482484715345
      1.18299999999998	0.02506482486627695
     1.183333333333313	0.0250648252339125
     1.183666666666646	0.02506482586839517
      1.18399999999998	0.02506482607991656
     1.184333333333313	0.02506482625118854
     1.184666666666646	0.02506482660903241
      1.18499999999998	0.02506482680042915
     1.185333333333313	0.02506482717048456
     1.185666666666646	0.02506482769054297
      1.18599999999998	0.02506482788047152
     1.186333333333313	0.02506482818186302
     1.186666666666646	0.02506482863234595
     1.186999999999979	0.02506482879792462
     1.187333333333313	0.02506482915615113
     1.187666666666646	0.02506482964712154
     1.187999999999979	0.02506482991160843
     1.188333333333313	0.02506483022058976
     1.188666666666646	0.02506483064666833
     1.188999999999979	0.02506483068670411
     1.189333333333312	0.02506483092613808
     1.189666666666646	0.02506483146715178
     1.189999999999979	0.02506483217726183
     1.190333333333312	0.02506483279384317
     1.190666666666646	0.02506483310234477
     1.190999999999979	0.02506483278920067
     1.191333333333312	0.02506483281863207
     1.191666666666646	0.02506483350428586
     1.191999999999979	0.02506483422475881
     1.192333333333312	0.02506483479618999
     1.192666666666645	0.02506483533261728
     1.192999999999979	0.02506483578169447
     1.193333333333312	0.02506483585633846
     1.193666666666645	0.02506483587195057
     1.193999999999979	0.02506483621417747
     1.194333333333312	0.02506483692967152
     1.194666666666645	0.02506483758013107
     1.194999999999979	0.02506483791772868
     1.195333333333312	0.02506483863818545
     1.195666666666645	0.02506483940043966
     1.195999999999978	0.02506483946604886
     1.196333333333312	0.02506483935340593
     1.196666666666645	0.02506483961990636
     1.196999999999978	0.02506484035337464
     1.197333333333312	0.02506484114140422
     1.197666666666645	0.02506484160948527
     1.197999999999978	0.02506484251653341
     1.198333333333311	0.02506484327431922
     1.198666666666645	0.02506484327929043
     1.198999999999978	0.02506484316318484
     1.199333333333311	0.02506484347992903
     1.199666666666645	0.02506484417997456
     1.199999999999978	0.02506484565604456
     1.200333333333311	0.02506484673388329
     1.200666666666645	0.02506484701848651
     1.200999999999978	0.02506484666448847
     1.201333333333311	0.02506484649834894
     1.201666666666644	0.02506484709807753
     1.201999999999978	0.02506484880398277
     1.202333333333311	0.02506485014042451
     1.202666666666644	0.02506485055130931
     1.202999999999978	0.02506485062738494
     1.203333333333311	0.02506485026982291
     1.203666666666644	0.02506485042169273
     1.203999999999978	0.02506485182607115
     1.204333333333311	0.02506485336274475
     1.204666666666644	0.02506485416498515
     1.204999999999977	0.02506485427273859
     1.205333333333311	0.02506485439058782
     1.205666666666644	0.02506485499038742
     1.205999999999977	0.02506485536484818
     1.206333333333311	0.02506485630646749
     1.206666666666644	0.02506485737166746
     1.206999999999977	0.02506485813094322
      1.20733333333331	0.02506485857459645
     1.207666666666644	0.02506485897973926
     1.207999999999977	0.02506485904671885
      1.20833333333331	0.025064859883673
     1.208666666666644	0.02506486106459034
     1.208999999999977	0.02506486200731541
      1.20933333333331	0.02506486252256007
     1.209666666666644	0.02506486236508954
     1.209999999999977	0.02506486241834332
      1.21033333333331	0.02506486363558181
     1.210666666666643	0.02506486514954613
     1.210999999999977	0.02506486608439877
      1.21133333333331	0.02506486589651606
     1.211666666666643	0.0250648656656984
     1.211999999999977	0.02506486614936947
      1.21233333333331	0.02506486772647128
     1.212666666666643	0.0250648692197088
     1.212999999999977	0.02506486943258327
      1.21333333333331	0.02506486916011018
     1.213666666666643	0.02506486934824398
     1.213999999999976	0.02506487020395391
      1.21433333333331	0.02506487173970724
     1.214666666666643	0.02506487293044852
     1.214999999999976	0.02506487297032048
      1.21533333333331	0.02506487273055289
     1.215666666666643	0.02506487302598173
     1.215999999999976	0.02506487393324742
      1.21633333333331	0.02506487495189468
     1.216666666666643	0.02506487567742893
     1.216999999999976	0.02506487609727133
     1.217333333333309	0.0250648764569143
     1.217666666666643	0.02506487695413578
     1.217999999999976	0.02506487758915893
     1.218333333333309	0.02506487823923939
     1.218666666666643	0.02506487880597037
     1.218999999999976	0.02506487929889941
     1.219333333333309	0.02506487978253931
     1.219666666666642	0.02506488029796825
     1.219999999999976	0.02506488083837505
     1.220333333333309	0.02506488137170813
     1.220666666666642	0.02506488187863772
     1.220999999999976	0.02506488236359676
     1.221333333333309	0.02506488284110872
     1.221666666666642	0.02506488331888202
     1.221999999999976	0.02506488379498235
     1.222333333333309	0.02506488426389688
     1.222666666666642	0.02506488472413684
     1.222999999999975	0.02506488517705713
     1.223333333333309	0.02506488562334753
     1.223666666666642	0.02506488606213186
     1.223999999999975	0.02506488649212664
     1.224333333333309	0.02506488691441625
     1.224666666666642	0.02506488733097111
     1.224999999999975	0.02506488774300525
     1.225333333333309	0.02506488814919495
     1.225666666666642	0.02506488854756922
     1.225999999999975	0.02506488893777367
     1.226333333333308	0.02506488932090029
     1.226666666666642	0.02506488969876157
     1.226999999999975	0.02506489007184354
     1.227333333333308	0.0250648904394922
     1.227666666666642	0.02506489080042975
     1.227999999999975	0.02506489115438922
     1.228333333333308	0.02506489150195601
     1.228666666666641	0.02506489184432623
     1.228999999999975	0.02506489218199429
     1.229333333333308	0.02506489251488185
     1.229666666666641	0.02506489284224827
     1.229999999999975	0.02506489316367479
     1.230333333333308	0.02506489347941355
     1.230666666666641	0.02506489379010243
     1.230999999999975	0.02506489409628226
     1.231333333333308	0.02506489439814571
     1.231666666666641	0.02506489469560089
     1.231999999999974	0.02506489498848795
     1.232333333333308	0.02506489527675176
     1.232666666666641	0.0250648955604892
     1.232999999999974	0.0250648958399023
     1.233333333333308	0.02506489611522764
     1.233666666666641	0.02506489638667952
     1.233999999999974	0.0250648966544139
     1.234333333333308	0.0250648969185165
     1.234666666666641	0.02506489717901741
     1.234999999999974	0.02506489743593357
     1.235333333333307	0.02506489768931477
     1.235666666666641	0.02506489793926646
     1.235999999999974	0.02506489818593631
     1.236333333333307	0.0250648984294769
     1.236666666666641	0.02506489867000945
     1.236999999999974	0.02506489890761204
     1.237333333333307	0.02506489914233641
      1.23766666666664	0.02506489937423982
     1.237999999999974	0.0250648996034024
     1.238333333333307	0.0250648998299221
      1.23866666666664	0.0250649000538935
     1.238999999999974	0.02506490027538801
     1.239333333333307	0.02506490049445341
      1.23966666666664	0.02506490071113036
     1.239999999999974	0.02506490092547112
     1.240333333333307	0.02506490113754702
      1.24066666666664	0.0250649013474396
     1.240999999999973	0.02506490155522265
     1.241333333333307	0.02506490176094973
      1.24166666666664	0.02506490196465323
     1.241999999999973	0.02506490216644636
     1.242333333333307	0.02506490236613488
      1.24266666666664	0.02506490256383766
     1.242999999999973	0.02506490275969502
     1.243333333333307	0.0250649029537572
      1.24366666666664	0.02506490314600774
     1.243999999999973	0.02506490333643418
     1.244333333333306	0.02506490352505715
      1.24466666666664	0.02506490371200173
     1.244999999999973	0.02506490389708652
     1.245333333333306	0.02506490408039766
      1.24566666666664	0.02506490426202963
     1.245999999999973	0.02506490444200299
     1.246333333333306	0.02506490462029196
      1.24666666666664	0.02506490479687701
     1.246999999999973	0.02506490497175964
     1.247333333333306	0.02506490514495433
     1.247666666666639	0.02506490531647229
     1.247999999999973	0.02506490548631501
     1.248333333333306	0.0250649056544787
     1.248666666666639	0.02506490582096179
     1.248999999999973	0.02506490598576573
     1.249333333333306	0.02506490614889077
     1.249666666666639	0.02506490631033356
     1.249999999999972	0.0250649064700878
     1.250333333333306	0.02506490662814763
     1.250666666666639	0.02506490678446216
     1.250999999999972	0.02506490693914919
     1.251333333333306	0.02506490709215943
     1.251666666666639	0.02506490724343929
     1.251999999999972	0.02506490739298008
     1.252333333333306	0.02506490754079938
     1.252666666666639	0.02506490768685304
     1.252999999999972	0.02506490783128706
     1.253333333333305	0.02506490797403518
     1.253666666666639	0.0250649081150205
     1.253999999999972	0.02506490825423259
     1.254333333333305	0.02506490839170375
     1.254666666666639	0.02506490852746507
     1.254999999999972	0.02506490866142992
     1.255333333333305	0.02506490879379899
     1.255666666666639	0.02506490892448278
     1.255999999999972	0.02506490905337589
     1.256333333333305	0.02506490918047046
     1.256666666666638	0.02506490930582717
     1.256999999999972	0.02506490942937163
     1.257333333333305	0.02506490955140156
     1.257666666666638	0.02506490967164845
     1.257999999999972	0.02506490979029215
     1.258333333333305	0.02506490990720272
     1.258666666666638	0.02506491002231448
     1.258999999999971	0.02506491013567937
     1.259333333333305	0.02506491024738257
     1.259666666666638	0.02506491035733528
     1.259999999999971	0.02506491046580918
     1.260333333333305	0.02506491057267511
     1.260666666666638	0.02506491067779976
     1.260999999999971	0.02506491078118935
     1.261333333333305	0.02506491088293897
     1.261666666666638	0.02506491098311989
     1.261999999999971	0.0250649110817372
     1.262333333333304	0.02506491117867678
     1.262666666666638	0.02506491127414632
     1.262999999999971	0.02506491136808982
     1.263333333333304	0.02506491146044393
     1.263666666666638	0.02506491155122248
     1.263999999999971	0.02506491164013085
     1.264333333333304	0.02506491172845724
     1.264666666666638	0.02506491181455851
     1.264999999999971	0.02506491189975153
     1.265333333333304	0.02506491198290739
     1.265666666666637	0.02506491206485505
     1.265999999999971	0.02506491214575733
     1.266333333333304	0.02506491222512111
     1.266666666666637	0.025064912303123
     1.266999999999971	0.02506491237973344
     1.267333333333304	0.02506491245501482
     1.267666666666637	0.02506491252906825
      1.26799999999997	0.02506491260196035
     1.268333333333304	0.02506491267377384
     1.268666666666637	0.02506491274417335
      1.26899999999997	0.02506491281362364
     1.269333333333304	0.02506491288081965
     1.269666666666637	0.0250649129485865
      1.26999999999997	0.02506491301423911
     1.270333333333304	0.0250649130798082
     1.270666666666637	0.02506491314319798
      1.27099999999997	0.02506491320509473
     1.271333333333303	0.025064913268061
     1.271666666666637	0.02506491332906062
      1.27199999999997	0.02506491338825797
     1.272333333333303	0.02506491344686518
     1.272666666666637	0.02506491350519716
      1.27299999999997	0.02506491356281815
     1.273333333333303	0.02506491361935977
     1.273666666666637	0.02506491367484923
      1.27399999999997	0.02506491372947789
     1.274333333333303	0.02506491378335867
     1.274666666666636	0.02506491383675074
      1.27499999999997	0.02506491388947026
     1.275333333333303	0.02506491394125317
     1.275666666666636	0.02506491399223339
      1.27599999999997	0.02506491404257939
     1.276333333333303	0.02506491409235034
     1.276666666666636	0.02506491414161429
     1.276999999999969	0.02506491419027347
     1.277333333333303	0.02506491423825815
     1.277666666666636	0.02506491428560179
     1.277999999999969	0.02506491433239719
     1.278333333333303	0.02506491437870342
     1.278666666666636	0.02506491442448859
     1.278999999999969	0.02506491446979566
     1.279333333333303	0.02506491451458304
     1.279666666666636	0.02506491455882644
     1.279999999999969	0.0250649146025606
     1.280333333333302	0.02506491464585501
     1.280666666666636	0.02506491468875676
     1.280999999999969	0.02506491473126231
     1.281333333333302	0.02506491477333986
     1.281666666666636	0.02506491481497299
     1.281999999999969	0.02506491485617932
     1.282333333333302	0.02506491489699442
     1.282666666666636	0.02506491493741467
     1.282999999999969	0.02506491497752095
     1.283333333333302	0.02506491501727976
     1.283666666666635	0.02506491505663754
     1.283999999999969	0.025064915095593
     1.284333333333302	0.02506491513417429
     1.284666666666635	0.02506491517249487
     1.284999999999969	0.02506491521054366
     1.285333333333302	0.0250649152482479
     1.285666666666635	0.02506491528557095
     1.285999999999969	0.02506491532255086
     1.286333333333302	0.02506491535925232
     1.286666666666635	0.02506491539568671
     1.286999999999968	0.02506491543185826
     1.287333333333302	0.0250649154677274
     1.287666666666635	0.02506491550328284
     1.287999999999968	0.02506491553845525
     1.288333333333302	0.02506491557335745
     1.288666666666635	0.02506491560805502
     1.288999999999968	0.02506491564254053
     1.289333333333301	0.02506491567669563
     1.289666666666635	0.02506491570124967
     1.289999999999968	0.02506491573650451
     1.290333333333301	0.02506491576770065
     1.290666666666635	0.02506491580839725
     1.290999999999968	0.02506491583915145
     1.291333333333301	0.02506491586306226
     1.291666666666635	0.02506491588789376
     1.291999999999968	0.02506491591977229
     1.292333333333301	0.02506491595703534
     1.292666666666634	0.02506491599333689
     1.292999999999968	0.02506491602444627
     1.293333333333301	0.02506491605153896
     1.293666666666634	0.02506491607870375
     1.293999999999968	0.02506491610902215
     1.294333333333301	0.02506491614189412
     1.294666666666634	0.02506491617446523
     1.294999999999968	0.02506491620482383
     1.295333333333301	0.02506491623343141
     1.295666666666634	0.02506491626203558
     1.295999999999967	0.02506491629184153
     1.296333333333301	0.0250649163223195
     1.296666666666634	0.02506491635244765
     1.296999999999967	0.02506491638163975
     1.297333333333301	0.02506491641009839
     1.297666666666634	0.02506491643849182
     1.297999999999967	0.02506491646691809
       1.2983333333333	0.02506491649532211
     1.298666666666634	0.02506491652351903
     1.298999999999967	0.02506491655138982
       1.2993333333333	0.02506491657894216
     1.299666666666634	0.0250649166062542
     1.299999999999967	0.0250649166333786
       1.3003333333333	0.02506491666042747
     1.300666666666634	0.0250649166871275
     1.300999999999967	0.0250649167134881
       1.3013333333333	0.02506491673962233
     1.301666666666633	0.02506491676561172
     1.301999999999967	0.0250649167914396
       1.3023333333333	0.02506491681704113
     1.302666666666633	0.02506491684236982
     1.302999999999967	0.02506491686743425
       1.3033333333333	0.02506491689239354
     1.303666666666633	0.02506491691701615
     1.303999999999967	0.02506491694132398
       1.3043333333333	0.02506491696540313
     1.304666666666633	0.02506491698932152
     1.304999999999966	0.02506491701306596
       1.3053333333333	0.02506491703658235
     1.305666666666633	0.02506491705982383
     1.305999999999966	0.02506491708293244
       1.3063333333333	0.02506491710566893
     1.306666666666633	0.02506491712808042
     1.306999999999966	0.02506491715029286
     1.307333333333299	0.02506491717236883
     1.307666666666633	0.02506491719427816
     1.307999999999966	0.02506491721609613
     1.308333333333299	0.02506491723748804
     1.308666666666633	0.02506491725851808
     1.308999999999966	0.02506491727936071
     1.309333333333299	0.0250649173001108
     1.309666666666633	0.02506491732073206
     1.309999999999966	0.02506491734114193
     1.310333333333299	0.02506491736127733
     1.310666666666632	0.02506491738130564
     1.310999999999966	0.02506491740096948
     1.311333333333299	0.0250649174204927
     1.311666666666632	0.02506491743983974
     1.311999999999966	0.02506491745918218
     1.312333333333299	0.02506491747788619
     1.312666666666632	0.02506491749628338
     1.312999999999966	0.0250649175143725
     1.313333333333299	0.02506491753251131

     2.000333333333333	0.02250716764902367
     2.000666666666667	0.02296673139990323
                 2.001	0.02509739557751044
     2.001333333333333	0.0264165784601902
     2.001666666666666	0.02606035475563555
                 2.002	0.0249305166376897
     2.002333333333333	0.02425595720261369
     2.002666666666666	0.02443203525371409
                 2.003	0.02500719141825542
     2.003333333333333	0.02537310577318382
     2.003666666666666	0.02529584910702481
                 2.004	0.02497618529145693
     2.004333333333333	0.02474630711456592
     2.004666666666666	0.02476601384270236
     2.004999999999999	0.02494017256617218
     2.005333333333333	0.02507585723728718
     2.005666666666666	0.02506189636270012
     2.005999999999999	0.02494500246509821
     2.006333333333333	0.02484987780660477
     2.006666666666666	0.02484753131706015
     2.006999999999999	0.02491004251689246
     2.007333333333333	0.02495728046136218
     2.007666666666666	0.0249480244884705
     2.007999999999999	0.02490074881737837
     2.008333333333332	0.0248636873222119
     2.008666666666666	0.02486147159526726
     2.008999999999999	0.02488187058427959
     2.009333333333332	0.0248954153853232
     2.009666666666666	0.02488914375757793
     2.009999999999999	0.02487033819375628
     2.010333333333332	0.02485627009553886
     2.010666666666665	0.02485412963566309
     2.010999999999999	0.02485950468217117
     2.011333333333332	0.02486244800570082
     2.011666666666665	0.02485982890655811
     2.011999999999999	0.0248536361156225
     2.012333333333332	0.02484944842486893
     2.012666666666665	0.02484811776838565
     2.012999999999999	0.02484851729264587
     2.013333333333332	0.02484910941065194
     2.013666666666665	0.02485026986642357
     2.013999999999998	0.02485098703884861
     2.014333333333332	0.0248504182699607
     2.014666666666665	0.02484961728394378
     2.014999999999998	0.02485010454137574
     2.015333333333332	0.02485201668315624
     2.015666666666665	0.0248544737418649
     2.015999999999998	0.02485645189389565
     2.016333333333332	0.02485763326818389
     2.016666666666665	0.02485883985542998
     2.016999999999998	0.02486075503923415
     2.017333333333331	0.02486339756537152
     2.017666666666665	0.02486643800538552
     2.017999999999998	0.02486933487375909
     2.018333333333331	0.02487193914692009
     2.018666666666665	0.02487455192373737
     2.018999999999998	0.02487738795712718
     2.019333333333331	0.02488064464973077
     2.019666666666665	0.02488404650173347
     2.019999999999998	0.02488746139758493
     2.020333333333331	0.02489079996240853
     2.020666666666664	0.02489413772719132
     2.020999999999998	0.02489755840021479
     2.021333333333331	0.02490107681374893
     2.021666666666664	0.02490470284404148
     2.021999999999998	0.02490828197615189
     2.022333333333331	0.02491186678777425
     2.022666666666664	0.0249153795967307
     2.022999999999997	0.0249188922935042
     2.023333333333331	0.02492240843303049
     2.023666666666664	0.02492591325014981
     2.023999999999997	0.02492937554136815
     2.024333333333331	0.02493276677125521
     2.024666666666664	0.02493611108592108
     2.024999999999997	0.02493938576717792
     2.025333333333331	0.02494258822852343
     2.025666666666664	0.02494571407993399
     2.025999999999997	0.02494875864907521
      2.02633333333333	0.02495171859828452
     2.026666666666664	0.02495458524215012
     2.026999999999997	0.02495734756270795
      2.02733333333333	0.02496000092339612
     2.027666666666664	0.02496254815220136
     2.027999999999997	0.02496498835028109
      2.02833333333333	0.02496731549331434
     2.028666666666664	0.02496951950699526
     2.028999999999997	0.02497159557231272
      2.02933333333333	0.02497354437826332
     2.029666666666663	0.02497531261364202
     2.029999999999997	0.02497709440972189
      2.03033333333333	0.02497871712318011
     2.030666666666663	0.02498008974280595
     2.030999999999997	0.0249814315370597
      2.03133333333333	0.02498258577745363
     2.031666666666663	0.02498365865337347
     2.031999999999996	0.0249846287074493
      2.03233333333333	0.02498546002692113
     2.032666666666663	0.02498614725115954
     2.032999999999996	0.02498670990761158
      2.03333333333333	0.02498716246997183
     2.033666666666663	0.02498750765263713
     2.033999999999996	0.02498774163263259
      2.03433333333333	0.02498786656053299
     2.034666666666663	0.0249878872914764
     2.034999999999996	0.02498780937962853
     2.035333333333329	0.0249876400908409
     2.035666666666663	0.02498738381269044
     2.035999999999996	0.02498704409928578
     2.036333333333329	0.02498662094941572
     2.036666666666663	0.02498611936581949
     2.036999999999996	0.02498555676009524
     2.037333333333329	0.02498493365282561
     2.037666666666663	0.02498425432297505
     2.037999999999996	0.02498395802633462
     2.038333333333329	0.02498347474085064
     2.038666666666662	0.02498255521421593
     2.038999999999996	0.02498139917984233
     2.039333333333329	0.02498033373220641
     2.039666666666662	0.02497949638742016
     2.039999999999996	0.02497883126470796
     2.040333333333329	0.02497757602159896
     2.040666666666662	0.02497622728341451
     2.040999999999995	0.02497519235901015
     2.041333333333329	0.02497438791121862
     2.041666666666662	0.02497357610588428
     2.041999999999995	0.02497252838319471
     2.042333333333329	0.02497131811450018
     2.042666666666662	0.02497015726726327
     2.042999999999995	0.02496917184934658
     2.043333333333329	0.02496827903177434
     2.043666666666662	0.02496745399610846
     2.043999999999995	0.02496642807827187
     2.044333333333328	0.02496534638350783
     2.044666666666662	0.02496436790768393
     2.044999999999995	0.02496352584275144
     2.045333333333328	0.02496274558467081
     2.045666666666662	0.02496193177995945
     2.045999999999995	0.02496105586389154
     2.046333333333328	0.02496016852656369
     2.046666666666662	0.02495933955516183
     2.046999999999995	0.02495859700343999
     2.047333333333328	0.02495795192670446
     2.047666666666661	0.02495755397263247
     2.047999999999995	0.02495719268958854
     2.048333333333328	0.02495663148559925
     2.048666666666661	0.02495592668002676
     2.048999999999995	0.02495524942961378
     2.049333333333328	0.02495477601180374
     2.049666666666661	0.0249543986978494
     2.049999999999994	0.02495397463646414
     2.050333333333328	0.02495345472329617
     2.050666666666661	0.02495296506023325
     2.050999999999994	0.02495257447481222
     2.051333333333328	0.02495226487029434
     2.051666666666661	0.02495196383517666
     2.051999999999994	0.0249516485393264
     2.052333333333328	0.02495129787287706
     2.052666666666661	0.02495094352303378
     2.052999999999994	0.0249506171669851
     2.053333333333327	0.02495038097365918
     2.053666666666661	0.0249500979579691
     2.053999999999994	0.0249497681640474
     2.054333333333327	0.02494948336692754
     2.054666666666661	0.02494934647651702
     2.054999999999994	0.02494919857299561
     2.055333333333327	0.02494866627198941
     2.055666666666661	0.02494811670249598
     2.055999999999994	0.02494782234812156
     2.056333333333327	0.02494775651309989
      2.05666666666666	0.02494774077666096
     2.056999999999994	0.02494769037985868
     2.057333333333327	0.02494754289462869
      2.05766666666666	0.02494717471441043
     2.057999999999994	0.02494686932328009
     2.058333333333327	0.02494667237401091
      2.05866666666666	0.02494669411803386
     2.058999999999994	0.02494669582419468
     2.059333333333327	0.02494645240380236
      2.05966666666666	0.02494609844326177
     2.059999999999993	0.0249458995973714
     2.060333333333327	0.02494593826370736
      2.06066666666666	0.02494581220418584
     2.060999999999993	0.0249456885209787
     2.061333333333327	0.02494539457570646
      2.06166666666666	0.0249450580515779
     2.061999999999993	0.02494482498779595
     2.062333333333326	0.02494464391546883
      2.06266666666666	0.02494441611265319
     2.062999999999993	0.02494414317193192
     2.063333333333326	0.02494397759684453
      2.06366666666666	0.02494380769550651
     2.063999999999993	0.02494346033216457
     2.064333333333326	0.02494311426341426
      2.06466666666666	0.02494298830007844
     2.064999999999993	0.02494288156774099
     2.065333333333326	0.02494262151053035
     2.065666666666659	0.02494227583762006
     2.065999999999993	0.02494209005565166
     2.066333333333326	0.02494195926792042
     2.066666666666659	0.02494166137334893
     2.066999999999993	0.02494141849252261
     2.067333333333326	0.02494123161874143
     2.067666666666659	0.02494105272639648
     2.067999999999993	0.02494075835617849
     2.068333333333326	0.02494057976961277
     2.068666666666659	0.02494044939659919
     2.068999999999992	0.02494037122526496
     2.069333333333326	0.0249401060741796
     2.069666666666659	0.02493979993630979
     2.069999999999992	0.02493982258488569
     2.070333333333326	0.02493966817542633
     2.070666666666659	0.02493947383544495
     2.070999999999992	0.02493925250260495
     2.071333333333325	0.02493921719204721
     2.071666666666659	0.02493904232693774
     2.071999999999992	0.02493899519232041
     2.072333333333325	0.02493876819638938
     2.072666666666659	0.02493866857458648
     2.072999999999992	0.02493863079916871
     2.073333333333325	0.02493851441588444
     2.073666666666659	0.02493838467298879
     2.073999999999992	0.02493837446711962
     2.074333333333325	0.02493828152585936
     2.074666666666658	0.0249382032949946
     2.074999999999992	0.02493827941019268
     2.075333333333325	0.02493825077649948
     2.075666666666658	0.02493817330234526
     2.075999999999992	0.02493822216008532
     2.076333333333325	0.02493819657016519
     2.076666666666658	0.02493817784914639
     2.076999999999992	0.02493828303506903
     2.077333333333325	0.02493829967330262
     2.077666666666658	0.02493828895878387
     2.077999999999991	0.02493831186941484
     2.078333333333325	0.02493842969548343
     2.078666666666658	0.02493849684085854
     2.078999999999991	0.02493852704073111
     2.079333333333325	0.02493858433079629
     2.079666666666658	0.02493869888822531
     2.079999999999991	0.02493877421693034
     2.080333333333324	0.02493884385766656
     2.080666666666658	0.02493894952357226
     2.080999999999991	0.02493905984889828
     2.081333333333324	0.02493912625133095
     2.081666666666658	0.02493921927147879
     2.081999999999991	0.0249393439350639
     2.082333333333324	0.02493941776803581
     2.082666666666658	0.02493950151727014
     2.082999999999991	0.02493964927027568
     2.083333333333324	0.02493973121144467
     2.083666666666657	0.02493981289413102
     2.083999999999991	0.02493990918275292
     2.084333333333324	0.02494003159246894
     2.084666666666657	0.02494011640518327
     2.084999999999991	0.02494023028904523
     2.085333333333324	0.02494033100271064
     2.085666666666657	0.02494041567700457
     2.085999999999991	0.02494049307202248
     2.086333333333324	0.0249405915994621
     2.086666666666657	0.0249406983239657
      2.08699999999999	0.02494074093407424
     2.087333333333324	0.02494082914070157
     2.087666666666657	0.02494092286275459
      2.08799999999999	0.02494098783463864
     2.088333333333324	0.02494104040164235
     2.088666666666657	0.02494111342892069
      2.08899999999999	0.02494116591108132
     2.089333333333323	0.02494121575241822
     2.089666666666657	0.02494131297033011
      2.08999999999999	0.02494137830342243
     2.090333333333323	0.02494143215322078
     2.090666666666657	0.02494145171529489
      2.09099999999999	0.02494146345085193
     2.091333333333323	0.02494150496994297
     2.091666666666657	0.02494155768391167
      2.09199999999999	0.02494157307026726
     2.092333333333323	0.02494159484999182
     2.092666666666656	0.02494161714845844
      2.09299999999999	0.02494161552274976
     2.093333333333323	0.02494163307426982
     2.093666666666656	0.02494165333730673
      2.09399999999999	0.02494164861023337
     2.094333333333323	0.02494164719781632
     2.094666666666656	0.02494166597642178
      2.09499999999999	0.02494166128461149
     2.095333333333323	0.02494165481637453
     2.095666666666656	0.02494164255701029
     2.095999999999989	0.02494162625335344
     2.096333333333323	0.02494162342733972
     2.096666666666656	0.02494161771414238
     2.096999999999989	0.02494160411052316
     2.097333333333323	0.02494159114843021
     2.097666666666656	0.0249415734960906
     2.097999999999989	0.02494155886137853
     2.098333333333323	0.02494154582921106
     2.098666666666656	0.02494152722811607
     2.098999999999989	0.02494151253477647
     2.099333333333322	0.02494149864710093
     2.099666666666656	0.02494147801418203
     2.099999999999989	0.02494146411624743
     2.100333333333322	0.02494145129017927
     2.100666666666656	0.02494143119468015
     2.100999999999989	0.02494142117632269
     2.101333333333322	0.02494140978933101
     2.101666666666655	0.02494139013665391
     2.101999999999989	0.0249413839380165
     2.102333333333322	0.02494137597279559
     2.102666666666655	0.02494135888572158
     2.102999999999989	0.02494135751094263
     2.103333333333322	0.02494135249943847
     2.103666666666655	0.02494133840878753
     2.103999999999989	0.02494134571028384
     2.104333333333322	0.02494134193352334
     2.104666666666655	0.02494132984697592
     2.104999999999988	0.02494134357432864
     2.105333333333322	0.02494134613163814
     2.105666666666655	0.02494133926855176
     2.105999999999988	0.02494135810325614
     2.106333333333322	0.02494136447303169
     2.106666666666655	0.02494136209996357
     2.106999999999988	0.0249413875058184
     2.107333333333322	0.02494139874398359
     2.107666666666655	0.02494140131019352
     2.107999999999988	0.02494141013530462
     2.108333333333321	0.02494145211610478
     2.108666666666655	0.02494147369718234
     2.108999999999988	0.02494147953008275
     2.109333333333321	0.02494149028004083
     2.109666666666655	0.02494153603913995
     2.109999999999988	0.02494156567748788
     2.110333333333321	0.02494158057749244
     2.110666666666654	0.02494159809348324
     2.110999999999988	0.02494162815116038
     2.111333333333321	0.02494166611562734
     2.111666666666654	0.02494170259302626
     2.111999999999988	0.02494173483177603
     2.112333333333321	0.02494176615778361
     2.112666666666654	0.02494180031832319
     2.112999999999988	0.02494183707791909
     2.113333333333321	0.02494187487085448
     2.113666666666654	0.02494191343225077
     2.113999999999987	0.02494195258071579
     2.114333333333321	0.02494199154520088
     2.114666666666654	0.02494203035510533
     2.114999999999987	0.0249420698671342
     2.115333333333321	0.02494211051816008
     2.115666666666654	0.02494215189903185
     2.115999999999987	0.02494219330778603
     2.116333333333321	0.02494223443429294
     2.116666666666654	0.02494227543904152
     2.116999999999987	0.02494231670421744
      2.11733333333332	0.02494235824356615
     2.117666666666654	0.02494239970768245
     2.117999999999987	0.02494244088372115
      2.11833333333332	0.02494248178643899
     2.118666666666654	0.02494252240790673
     2.118999999999987	0.02494256288458715
      2.11933333333332	0.02494260302566791
     2.119666666666653	0.02494264265297085
     2.119999999999987	0.02494268177719427
      2.12033333333332	0.02494272034917369
     2.120666666666653	0.02494275839644183
     2.120999999999987	0.02494279593302823
      2.12133333333332	0.02494283281640455
     2.121666666666653	0.02494286898275718
     2.121999999999987	0.02494290439104225
      2.12233333333332	0.02494293903603086
     2.122666666666653	0.02494297292749978
     2.122999999999986	0.02494300605035246
      2.12333333333332	0.02494303835781574
     2.123666666666653	0.02494306980242768
     2.123999999999986	0.02494310036225314
      2.12433333333332	0.02494313003854426
     2.124666666666653	0.02494315883662008
     2.124999999999986	0.02494318674587962
      2.12533333333332	0.02494321375893679
     2.125666666666653	0.02494323963949848
     2.125999999999986	0.02494326489923072
     2.126333333333319	0.02494328939062416
     2.126666666666653	0.02494331285466258
     2.126999999999986	0.02494333524307196
     2.127333333333319	0.02494335667653296
     2.127666666666653	0.02494337731537875
     2.127999999999986	0.02494339718227242
     2.128333333333319	0.02494341617482566
     2.128666666666652	0.02494343425950188
     2.128999999999986	0.0249434514790789
     2.129333333333319	0.02494346789209799
     2.129666666666652	0.02494348352662138
     2.129999999999986	0.0249434983820719
     2.130333333333319	0.02494351245788219
     2.130666666666652	0.02494352577425639
     2.130999999999986	0.02494353836761917
     2.131333333333319	0.02494355027113843
     2.131666666666652	0.02494356150324735
     2.131999999999985	0.02494357207262955
     2.132333333333319	0.02494358199010757
     2.132666666666652	0.0249435912907603
     2.132999999999985	0.02494360000898809
     2.133333333333319	0.02494360816799891
     2.133666666666652	0.02494361578114166
     2.133999999999985	0.02494362287404035
     2.134333333333319	0.02494362947475283
     2.134666666666652	0.02494363559981467
     2.134999999999985	0.02494364126435185
     2.135333333333318	0.02494364651571877
     2.135666666666652	0.02494365137810538
     2.135999999999985	0.02494365586106305
     2.136333333333318	0.02494365997630869
     2.136666666666652	0.02494366374908186
     2.136999999999985	0.02494366721018237
     2.137333333333318	0.02494367038802828
     2.137666666666652	0.02494367329745371
     2.137999999999985	0.02494367594007271
     2.138333333333318	0.0249436783293464
     2.138666666666651	0.02494368049294733
     2.138999999999985	0.02494368246573491
     2.139333333333318	0.02494368427326605
     2.139666666666651	0.02494368592452834
     2.139999999999985	0.02494368742143407
     2.140333333333318	0.02494368875714881
     2.140666666666651	0.02494368992765623
     2.140999999999984	0.02494369107260228
     2.141333333333318	0.0249436921427843
     2.141666666666651	0.02494369310138598
     2.141999999999984	0.02494369397312383
     2.142333333333318	0.02494369478415115
     2.142666666666651	0.02494369554165019
     2.142999999999984	0.02494369627579261
     2.143333333333318	0.02494369698448814
     2.143666666666651	0.02494369766394916
     2.143999999999984	0.02494369831873175
     2.144333333333317	0.02494369891420813
     2.144666666666651	0.02494369960144744
     2.144999999999984	0.02494370024918681
     2.145333333333317	0.02494370084884918
     2.145666666666651	0.02494370156191854
     2.145999999999984	0.02494370243034314
     2.146333333333317	0.0249437029680906
     2.146666666666651	0.0249437035854722
     2.146999999999984	0.02494370432098217
     2.147333333333317	0.0249437053311269
      2.14766666666665	0.02494370603630151
     2.147999999999984	0.02494370694346134
     2.148333333333317	0.02494370775570708
      2.14866666666665	0.02494370848981039
     2.148999999999984	0.02494370952880622
     2.149333333333317	0.02494371055013587
      2.14966666666665	0.02494371147710227
     2.149999999999983	0.02494371253413948
     2.150333333333317	0.02494371358094509
      2.15066666666665	0.02494371463319294
     2.150999999999983	0.02494371575873996
     2.151333333333317	0.02494371689055653
      2.15166666666665	0.02494371805619887
     2.151999999999983	0.0249437192157546
     2.152333333333317	0.02494372039970401
      2.15266666666665	0.0249437216570172
     2.152999999999983	0.02494372286886375
     2.153333333333316	0.02494372410444191
      2.15366666666665	0.02494372535415429
     2.153999999999983	0.02494372662114326
     2.154333333333316	0.0249437279066924
      2.15466666666665	0.02494372921430995
     2.154999999999983	0.02494373053880276
     2.155333333333316	0.0249437318492828
      2.15566666666665	0.02494373311144796
     2.155999999999983	0.02494373434006847
     2.156333333333316	0.02494373558665174
     2.156666666666649	0.02494373687282082
     2.156999999999983	0.02494373815839109
     2.157333333333316	0.0249437394189138
     2.157666666666649	0.02494374069349626
     2.157999999999983	0.02494374288156669
     2.158333333333316	0.02494374392900634
     2.158666666666649	0.02494374521695632
     2.158999999999982	0.02494374554827594
     2.159333333333316	0.02494374710042692
     2.159666666666649	0.02494374809773044
     2.159999999999982	0.02494374984619088
     2.160333333333316	0.0249437515277407
     2.160666666666649	0.02494375146100488
     2.160999999999982	0.02494375240571844
     2.161333333333316	0.02494375411243795
     2.161666666666649	0.02494375566255963
     2.161999999999982	0.02494375553169359
     2.162333333333315	0.02494375623575172
     2.162666666666649	0.02494375780732647
     2.162999999999982	0.02494375935028066
     2.163333333333315	0.02494376025181825
     2.163666666666649	0.02494375953221369
     2.163999999999982	0.02494376031494653
     2.164333333333315	0.02494376216849865
     2.164666666666649	0.02494376370872026
     2.164999999999982	0.02494376426122756
     2.165333333333315	0.02494376322583495
     2.165666666666648	0.02494376397530331
     2.165999999999982	0.02494376589084204
     2.166333333333315	0.02494376730402614
     2.166666666666648	0.02494376672643421
     2.166999999999982	0.0249437669481335
     2.167333333333315	0.02494376807990321
     2.167666666666648	0.02494376831287793
     2.167999999999981	0.02494376942371121
     2.168333333333315	0.02494377043416378
     2.168666666666648	0.02494377006570948
     2.168999999999981	0.02494377056106045
     2.169333333333315	0.02494377084852525
     2.169666666666648	0.02494377194899128
     2.169999999999981	0.02494377229621415
     2.170333333333315	0.02494377298532843
     2.170666666666648	0.02494377304428837
     2.170999999999981	0.02494377368020075
     2.171333333333314	0.02494377391485977
     2.171666666666648	0.02494377466111641
     2.171999999999981	0.02494377539403694
     2.172333333333314	0.02494377522519146
     2.172666666666648	0.02494377561882893
     2.172999999999981	0.02494377632738577
     2.173333333333314	0.02494377630127171
     2.173666666666648	0.02494377686072456
     2.173999999999981	0.02494377752309043
     2.174333333333314	0.02494377779347564
     2.174666666666647	0.02494377792871736
     2.174999999999981	0.02494377815425431
     2.175333333333314	0.02494377849927724
     2.175666666666647	0.02494377885449816
     2.175999999999981	0.02494377915900838
     2.176333333333314	0.02494377941422386
     2.176666666666647	0.02494377963995506
     2.176999999999981	0.02494377987239886
     2.177333333333314	0.02494378013455671
     2.177666666666647	0.02494378041398196
      2.17799999999998	0.02494378067339711
     2.178333333333314	0.0249437808990381
     2.178666666666647	0.02494378111155323
      2.17899999999998	0.02494378134441293
     2.179333333333314	0.02494378127745933
     2.179666666666647	0.02494378162835414
      2.17999999999998	0.02494378217190528
     2.180333333333313	0.0249437822592964
     2.180666666666647	0.02494378235235968
      2.18099999999998	0.02494378259777858
     2.181333333333313	0.02494378262679622
     2.181666666666647	0.0249437829709041
      2.18199999999998	0.02494378338092792
     2.182333333333313	0.02494378344311206
     2.182666666666647	0.02494378362212686
      2.18299999999998	0.02494378393353301
     2.183333333333313	0.02494378402237372
     2.183666666666646	0.02494378422263214
      2.18399999999998	0.02494378459182139
     2.184333333333313	0.02494378473822746
     2.184666666666646	0.024943784895501
      2.18499999999998	0.0249437851932577
     2.185333333333313	0.02494378534654621
     2.185666666666646	0.02494378552002658
      2.18599999999998	0.02494378583019443
     2.186333333333313	0.02494378600615935
     2.186666666666646	0.02494378618681322
     2.186999999999979	0.02494378646832734
     2.187333333333313	0.02494378661713407
     2.187666666666646	0.02494378683702725
     2.187999999999979	0.02494378713883601
     2.188333333333313	0.02494378731279269
     2.188666666666646	0.024943787508582
     2.188999999999979	0.02494378768882017
     2.189333333333312	0.02494378776133686
     2.189666666666646	0.02494378805833789
     2.189999999999979	0.02494378862243776
     2.190333333333312	0.02494378888229843
     2.190666666666646	0.02494378903283301
     2.190999999999979	0.02494378894571641
     2.191333333333312	0.02494378889550239
     2.191666666666646	0.02494378932613686
     2.191999999999979	0.02494378990274531
     2.192333333333312	0.02494379045917858
     2.192666666666645	0.0249437906868042
     2.192999999999979	0.02494379046110792
     2.193333333333312	0.02494379034410411
     2.193666666666645	0.02494379070449807
     2.193999999999979	0.02494379131235773
     2.194333333333312	0.0249437917357809
     2.194666666666645	0.02494379213487028
     2.194999999999979	0.02494379242714345
     2.195333333333312	0.024943792333673
     2.195666666666645	0.02494379227452558
     2.195999999999978	0.02494379258333341
     2.196333333333312	0.02494379314067152
     2.196666666666645	0.02494379359289359
     2.196999999999978	0.02494379378625258
     2.197333333333312	0.02494379425660023
     2.197666666666645	0.02494379491256036
     2.197999999999978	0.02494379497416352
     2.198333333333311	0.02494379478889147
     2.198666666666645	0.02494379492018753
     2.198999999999978	0.02494379543073957
     2.199333333333311	0.02494379646470013
     2.199666666666645	0.02494379725577284
     2.199999999999978	0.02494379710635645
     2.200333333333311	0.02494379674750357
     2.200666666666645	0.02494379733549683
     2.200999999999978	0.02494379841583014
     2.201333333333311	0.0249437991751785
     2.201666666666644	0.02494379898127805
     2.201999999999978	0.02494379863037459
     2.202333333333311	0.02494379929897396
     2.202666666666644	0.02494380046082373
     2.202999999999978	0.02494380129175256
     2.203333333333311	0.02494380165638805
     2.203666666666644	0.02494380167056295
     2.203999999999978	0.02494380184523296
     2.204333333333311	0.0249438024857153
     2.204666666666644	0.02494380314685738
     2.204999999999977	0.02494380363570725
     2.205333333333311	0.02494380398721323
     2.205666666666644	0.02494380433002316
     2.205999999999977	0.02494380482644674
     2.206333333333311	0.02494380540399105
     2.206666666666644	0.02494380594367313
     2.206999999999977	0.02494380641944934
      2.20733333333331	0.02494380646055478
     2.207666666666644	0.02494380701104875
     2.207999999999977	0.02494380785305494
      2.20833333333331	0.02494380860005679
     2.208666666666644	0.02494380907981326
     2.208999999999977	0.02494380940807114
      2.20933333333331	0.02494380940091698
     2.209666666666644	0.02494380959101763
     2.209999999999977	0.02494381060140541
      2.21033333333331	0.02494381173706565
     2.210666666666643	0.02494381239929255
     2.210999999999977	0.02494381261482
      2.21133333333331	0.02494381243796162
     2.211666666666643	0.02494381257036706
     2.211999999999977	0.02494381322438076
      2.21233333333331	0.02494381449416503
     2.212666666666643	0.02494381550956869
     2.212999999999977	0.02494381590316017
      2.21333333333331	0.02494381565773204
     2.213666666666643	0.02494381561505555
     2.213999999999976	0.02494381616067662
      2.21433333333331	0.02494381706558405
     2.214666666666643	0.02494381819687317
     2.214999999999976	0.02494381891819824
      2.21533333333331	0.02494381886217103
     2.215666666666643	0.02494381875066012
     2.215999999999976	0.0249438190990106
      2.21633333333331	0.02494381986471882
     2.216666666666643	0.02494382064429155
     2.216999999999976	0.02494382117257022
     2.217333333333309	0.02494382149129888
     2.217666666666643	0.02494382179361911
     2.217999999999976	0.02494382221268183
     2.218333333333309	0.0249438227282276
     2.218666666666643	0.02494382324426156
     2.218999999999976	0.02494382369448462
     2.219333333333309	0.02494382408847493
     2.219666666666642	0.02494382447374871
     2.219999999999976	0.02494382488179256
     2.220333333333309	0.02494382531022317
     2.220666666666642	0.02494382573710429
     2.220999999999976	0.02494382614440113
     2.221333333333309	0.02494382653263911
     2.221666666666642	0.02494382691172214
     2.221999999999976	0.0249438272884809
     2.222333333333309	0.02494382766474997
     2.222666666666642	0.02494382803785427
     2.222999999999975	0.02494382840536667
     2.223333333333309	0.02494382876528824
     2.223666666666642	0.02494382911724863
     2.223999999999975	0.02494382946194355
     2.224333333333309	0.02494382980087049
     2.224666666666642	0.02494383013556358
     2.224999999999975	0.02494383046646047
     2.225333333333309	0.02494383079250725
     2.225666666666642	0.02494383111206525
     2.225999999999975	0.0249438314244069
     2.226333333333308	0.02494383173039734
     2.226666666666642	0.02494383203172928
     2.226999999999975	0.0249438323294889
     2.227333333333308	0.02494383262337092
     2.227666666666642	0.02494383291218141
     2.227999999999975	0.02494383319501798
     2.228333333333308	0.02494383347200377
     2.228666666666641	0.02494383374405751
     2.228999999999975	0.0249438340120989
     2.229333333333308	0.02494383427644372
     2.229666666666641	0.02494383453679455
     2.229999999999975	0.02494383479258239
     2.230333333333308	0.02494383504381814
     2.230666666666641	0.0249438352906121
     2.230999999999975	0.02494383553326122
     2.231333333333308	0.02494383577210859
     2.231666666666641	0.0249438360073992
     2.231999999999974	0.0249438362392174
     2.232333333333308	0.02494383646752675
     2.232666666666641	0.02494383669226583
     2.232999999999974	0.02494383691343796
     2.233333333333308	0.02494383713114586
     2.233666666666641	0.02494383734557292
     2.233999999999974	0.02494383755692055
     2.234333333333308	0.02494383776535758
     2.234666666666641	0.0249438379709666
     2.234999999999974	0.02494383817375683
     2.235333333333307	0.02494383837372297
     2.235666666666641	0.02494383857090716
     2.235999999999974	0.02494383876541761
     2.236333333333307	0.02494383895739887
     2.236666666666641	0.02494383914698141
     2.236999999999974	0.02494383933424832
     2.237333333333307	0.0249438395192399
      2.23766666666664	0.02494383970198423
     2.237999999999974	0.0249438398825277
     2.238333333333307	0.02494384006094561
      2.23866666666664	0.02494384023732925
     2.238999999999974	0.02494384041176292
     2.239333333333307	0.02494384058430759
      2.23966666666664	0.02494384075500111
     2.239999999999974	0.02494384092387133
     2.240333333333307	0.02494384109095245
      2.24066666666664	0.02494384125629331
     2.240999999999973	0.02494384141995397
     2.241333333333307	0.02494384158199305
      2.24166666666664	0.02494384174245758
     2.241999999999973	0.02494384190137965
     2.242333333333307	0.02494384205878025
      2.24266666666664	0.02494384221475147
     2.242999999999973	0.02494384236912713
     2.243333333333307	0.02494384252200713
      2.24366666666664	0.0249438426735068
     2.243999999999973	0.02494384282365921
     2.244333333333306	0.02494384297244093
      2.24466666666664	0.02494384311983389
     2.244999999999973	0.02494384326585093
     2.245333333333306	0.0249438434105205
      2.24566666666664	0.0249438435538629
     2.245999999999973	0.02494384369588306
     2.246333333333306	0.02494384383658093
      2.24666666666664	0.02494384397596249
     2.246999999999973	0.02494384411403694
     2.247333333333306	0.02494384425081093
     2.247666666666639	0.02494384438621371
     2.247999999999973	0.02494384452041202
     2.248333333333306	0.02494384465334124
     2.248666666666639	0.02494384478491696
     2.248999999999973	0.02494384491512951
     2.249333333333306	0.02494384504402259
     2.249666666666639	0.02494384517154023
     2.249999999999972	0.02494384529789657
     2.250333333333306	0.02494384542298057
     2.250666666666639	0.02494384554641957
     2.250999999999972	0.02494384566881048
     2.251333333333306	0.02494384578998485
     2.251666666666639	0.0249438459095944
     2.251999999999972	0.02494384602787034
     2.252333333333306	0.02494384614483536
     2.252666666666639	0.02494384626045807
     2.252999999999972	0.02494384637463207
     2.253333333333305	0.02494384648789687
     2.253666666666639	0.02494384659922441
     2.253999999999972	0.02494384670932567
     2.254333333333305	0.02494384681791551
     2.254666666666639	0.02494384692513474
     2.254999999999972	0.02494384703199063
     2.255333333333305	0.02494384713615174
     2.255666666666639	0.02494384723902333
     2.255999999999972	0.02494384734101048
     2.256333333333305	0.0249438474418541
     2.256666666666638	0.02494384754106483
     2.256999999999972	0.02494384763884155
     2.257333333333305	0.02494384773469863
     2.257666666666638	0.02494384782952542
     2.257999999999972	0.02494384792352435
     2.258333333333305	0.02494384801577655
     2.258666666666638	0.02494384810667476
     2.258999999999971	0.02494384819592173
     2.259333333333305	0.02494384828391606
     2.259666666666638	0.02494384837080775
     2.259999999999971	0.02494384845630724
     2.260333333333305	0.02494384854034926
     2.260666666666638	0.02494384862298729
     2.260999999999971	0.02494384870439728
     2.261333333333305	0.02494384878386861
     2.261666666666638	0.02494384886334483
     2.261999999999971	0.02494384894070818
     2.262333333333304	0.02494384901727359
     2.262666666666638	0.02494384909152362
     2.262999999999971	0.0249438491653965
     2.263333333333304	0.02494384923742986
     2.263666666666638	0.02494384930900383
     2.263999999999971	0.02494384937865776
     2.264333333333304	0.02494384944708901
     2.264666666666638	0.0249438495154221
     2.264999999999971	0.02494384958151126
     2.265333333333304	0.02494384964592688
     2.265666666666637	0.02494384970999559
     2.265999999999971	0.02494384977397579
     2.266333333333304	0.02494384983547878
     2.266666666666637	0.02494384989537574
     2.266999999999971	0.02494384995485153
     2.267333333333304	0.02494385001393106
     2.267666666666637	0.02494385007176056
      2.26799999999997	0.02494385012826689
     2.268333333333304	0.02494385018363704
     2.268666666666637	0.02494385023806147
      2.26899999999997	0.02494385029158436
     2.269333333333304	0.02494385034429716
     2.269666666666637	0.02494385039612468
      2.26999999999997	0.02494385044696476
     2.270333333333304	0.02494385049688504
     2.270666666666637	0.02494385054598569
      2.27099999999997	0.0249438505942789
     2.271333333333303	0.0249438506417406
     2.271666666666637	0.02494385068838201
      2.27199999999997	0.02494385073426932
     2.272333333333303	0.024943850779459
     2.272666666666637	0.02494385082396691
      2.27299999999997	0.0249438508677709
     2.273333333333303	0.02494385091079181
     2.273666666666637	0.02494385095310675
      2.27399999999997	0.02494385099475538
     2.274333333333303	0.02494385103585472
     2.274666666666636	0.02494385107635153
      2.27499999999997	0.02494385111623531
     2.275333333333303	0.02494385115554519
     2.275666666666636	0.02494385119423054
      2.27599999999997	0.02494385123235609
     2.276333333333303	0.02494385126999065
     2.276666666666636	0.02494385130715232
     2.276999999999969	0.02494385134381966
     2.277333333333303	0.02494385137997662
     2.277666666666636	0.02494385141569719
     2.277999999999969	0.02494385145089244
     2.278333333333303	0.02494385148562262
     2.278666666666636	0.02494385151994992
     2.278999999999969	0.02494385155388793
     2.279333333333303	0.0249438515874242
     2.279666666666636	0.02494385162055487
     2.279999999999969	0.02494385165329635
     2.280333333333302	0.02494385168577004
     2.280666666666636	0.02494385171777454
     2.280999999999969	0.02494385174936141
     2.281333333333302	0.0249438517806236
     2.281666666666636	0.02494385181160907
     2.281999999999969	0.02494385184230776
     2.282333333333302	0.02494385187268988
     2.282666666666636	0.02494385190274248
     2.282999999999969	0.02494385193261093
     2.283333333333302	0.02494385195158779
     2.283666666666635	0.02494385198194455
     2.283999999999969	0.02494385200846199
     2.284333333333302	0.02494385204549752
     2.284666666666635	0.02494385207182352
     2.284999999999969	0.02494385209072274
     2.285333333333302	0.02494385211061739
     2.285666666666635	0.02494385213784405
     2.285999999999969	0.0249438521707767
     2.286333333333302	0.0249438522028111
     2.286666666666635	0.02494385222988746
     2.286999999999968	0.02494385225267776
     2.287333333333302	0.02494385227533989
     2.287666666666635	0.02494385230111622
     2.287999999999968	0.02494385232959791
     2.288333333333302	0.02494385235797511
     2.288666666666635	0.02494385238421914
     2.288999999999968	0.02494385240864614
     2.289333333333301	0.02494385243310875
     2.289666666666635	0.02494385245852986
     2.289999999999968	0.02494385248473316
     2.290333333333301	0.02494385251078233
     2.290666666666635	0.0249438525360102
     2.290999999999968	0.02494385256063594
     2.291333333333301	0.02494385258492926
     2.291666666666635	0.02494385260929706
     2.291999999999968	0.02494385263392909
     2.292333333333301	0.02494385265833214
     2.292666666666634	0.02494385268232688
     2.292999999999968	0.02494385270599751
     2.293333333333301	0.02494385272952452
     2.293666666666634	0.02494385275313895
     2.293999999999968	0.02494385277649687
     2.294333333333301	0.02494385279952476
     2.294666666666634	0.02494385282231199
     2.294999999999968	0.02494385284497105
     2.295333333333301	0.0249438528675408
     2.295666666666634	0.02494385288994765
     2.295999999999967	0.0249438529121458
     2.296333333333301	0.0249438529342536
     2.296666666666634	0.02494385295600002
     2.296999999999967	0.0249438529774492
     2.297333333333301	0.02494385299890777
     2.297666666666634	0.02494385302012264
     2.297999999999967	0.0249438530412523
       2.2983333333333	0.02494385306203914
     2.298666666666634	0.02494385308255965
     2.298999999999967	0.02494385310295697
       2.2993333333333	0.02494385312363294
     2.299666666666634	0.02494385314374068
     2.299999999999967	0.02494385316334386
       2.3003333333333	0.02494385318278923
     2.300666666666634	0.02494385320248509
     2.300999999999967	0.02494385322196117
       2.3013333333333	0.02494385324106999
     2.301666666666633	0.02494385325990725
     2.301999999999967	0.02494385327879945
       2.3023333333333	0.02494385329758095
     2.302666666666633	0.02494385331585887
     2.302999999999967	0.02494385333386222
       2.3033333333333	0.02494385335185857
     2.303666666666633	0.02494385337004854
     2.303999999999967	0.02494385338789967
       2.3043333333333	0.02494385340536187
     2.304666666666633	0.02494385342262933
     2.304999999999966	0.02494385343983603

     3.000333333333333	0.02273705920494845
     3.000666666666667	0.02312285755773916
                 3.001	0.02495790425608385
     3.001333333333333	0.02610457943953872
     3.001666666666666	0.02581612771152304
                 3.002	0.02485028248114222
     3.002333333333333	0.02425914000985627
     3.002666666666666	0.02439465209909406
                 3.003	0.02488741057915057
     3.003333333333333	0.02520972025794119
     3.003666666666666	0.02515215104821917
                 3.004	0.02487910284791657
     3.004333333333333	0.02467610698892167
     3.004666666666666	0.02468698378828882
     3.004999999999999	0.02483507942608179
     3.005333333333333	0.02495467870867705
     3.005666666666666	0.02494625189819969
     3.005999999999999	0.02484692790006747
     3.006333333333333	0.02476402008135571
     3.006666666666666	0.02476023629472121
     3.006999999999999	0.02481324124663303
     3.007333333333333	0.02485519035846338
     3.007666666666666	0.02484822267064096
     3.007999999999999	0.02480752345154628
     3.008333333333332	0.02477544879748359
     3.008666666666666	0.02477341864464873
     3.008999999999999	0.02479086038382529
     3.009333333333332	0.0248023828123135
     3.009666666666666	0.02479728229177467
     3.009999999999999	0.02478171822472042
     3.010333333333332	0.02477001008125137
     3.010666666666665	0.02476803230478931
     3.010999999999999	0.02477235081757082
     3.011333333333332	0.02477485718288317
     3.011666666666665	0.02477291054011919
     3.011999999999999	0.0247679180777101
     3.012333333333332	0.02476453996386642
     3.012666666666665	0.02476405093290697
     3.012999999999999	0.0247642991297582
     3.013333333333332	0.02476436993964489
     3.013666666666665	0.02476519659779357
     3.013999999999998	0.02476613629529629
     3.014333333333332	0.0247660622378617
     3.014666666666665	0.02476563186993989
     3.014999999999998	0.02476608279505244
     3.015333333333332	0.02476753486596851
     3.015666666666665	0.02476968776719311
     3.015999999999998	0.02477158374918923
     3.016333333333332	0.02477284173431219
     3.016666666666665	0.02477397047247473
     3.016999999999998	0.02477565082194901
     3.017333333333331	0.02477802921692401
     3.017666666666665	0.02478070776603632
     3.017999999999998	0.02478321604081288
     3.018333333333331	0.02478553341647169
     3.018666666666665	0.02478783069634327
     3.018999999999998	0.02479033341143466
     3.019333333333331	0.02479318325012653
     3.019666666666665	0.02479614176135959
     3.019999999999998	0.02479908354649001
     3.020333333333331	0.02480195404724271
     3.020666666666664	0.02480482381899001
     3.020999999999998	0.02480778758963468
     3.021333333333331	0.02481082837219801
     3.021666666666664	0.02481390010608309
     3.021999999999998	0.02481695909812854
     3.022333333333331	0.02481999383673869
     3.022666666666664	0.02482296499219378
     3.022999999999997	0.02482594329185247
     3.023333333333331	0.02482891726507174
     3.023666666666664	0.02483186741131736
     3.023999999999997	0.02483476895452106
     3.024333333333331	0.02483760066897218
     3.024666666666664	0.02484039642976856
     3.024999999999997	0.02484312756651752
     3.025333333333331	0.02484578430630894
     3.025666666666664	0.02484836575673414
     3.025999999999997	0.02485087353112109
      3.02633333333333	0.0248533043179192
     3.026666666666664	0.02485565548246241
     3.026999999999997	0.02485791466240662
      3.02733333333333	0.02486007340060433
     3.027666666666664	0.02486213289844391
     3.027999999999997	0.02486409572331009
      3.02833333333333	0.02486596111723909
     3.028666666666664	0.02486771829076356
     3.028999999999997	0.02486931447490206
      3.02933333333333	0.02487091460684253
     3.029666666666663	0.0248723798559243
     3.029999999999997	0.02487368721406773
      3.03033333333333	0.02487482114144077
     3.030666666666663	0.02487596393471973
     3.030999999999997	0.02487695343533952
      3.03133333333333	0.02487784927980241
     3.031666666666663	0.02487863588173403
     3.031999999999996	0.02487930496642198
      3.03233333333333	0.02487986510538882
     3.032666666666663	0.02488032740432112
     3.032999999999996	0.02488069230710107
      3.03333333333333	0.0248809571140269
     3.033666666666663	0.02488112344220637
     3.033999999999996	0.02488119675027305
      3.03433333333333	0.02488118617517914
     3.034666666666663	0.02488109396284999
     3.034999999999996	0.02488092239595817
     3.035333333333329	0.02488067133804785
     3.035666666666663	0.0248803454960198
     3.035999999999996	0.0248799517420567
     3.036333333333329	0.0248794978112258
     3.036666666666663	0.02487898209199644
     3.036999999999996	0.02487841422046615
     3.037333333333329	0.02487780095670099
     3.037666666666663	0.02487714148652923
     3.037999999999996	0.02487685432973536
     3.038333333333329	0.02487639834895239
     3.038666666666662	0.02487553252800538
     3.038999999999996	0.02487446906712582
     3.039333333333329	0.02487349726805343
     3.039666666666662	0.02487271223493322
     3.039999999999996	0.0248721209673285
     3.040333333333329	0.0248709761948361
     3.040666666666662	0.02486972679813362
     3.040999999999995	0.0248687728402567
     3.041333333333329	0.02486807168322777
     3.041666666666662	0.02486736179948276
     3.041999999999995	0.02486639258928907
     3.042333333333329	0.02486535184123649
     3.042666666666662	0.02486434975645642
     3.042999999999995	0.02486348058019457
     3.043333333333329	0.02486267250497014
     3.043666666666662	0.02486191666235874
     3.043999999999995	0.02486101702137105
     3.044333333333328	0.0248600941263251
     3.044666666666662	0.02485925590130176
     3.044999999999995	0.02485851513756711
     3.045333333333328	0.02485781408634637
     3.045666666666662	0.02485709182289951
     3.045999999999995	0.02485633351955191
     3.046333333333328	0.02485557294953324
     3.046666666666662	0.02485485659415413
     3.046999999999995	0.02485420759937448
     3.047333333333328	0.0248538720525191
     3.047666666666661	0.02485360366554904
     3.047999999999995	0.02485305502144821
     3.048333333333328	0.02485237189315938
     3.048666666666661	0.02485173876748124
     3.048999999999995	0.0248513080273893
     3.049333333333328	0.02485098375556634
     3.049666666666661	0.02485059837253398
     3.049999999999994	0.02485010266597454
     3.050333333333328	0.02484962287233844
     3.050666666666661	0.02484925623923858
     3.050999999999994	0.02484897281352295
     3.051333333333328	0.02484869285200836
     3.051666666666661	0.02484837896282032
     3.051999999999994	0.02484804588312322
     3.052333333333328	0.02484771047597595
     3.052666666666661	0.02484739795307259
     3.052999999999994	0.02484711957094951
     3.053333333333327	0.02484689239934066
     3.053666666666661	0.02484662017015577
     3.053999999999994	0.02484632782412699
     3.054333333333327	0.02484611258753947
     3.054666666666661	0.02484595703190592
     3.054999999999994	0.02484549694114479
     3.055333333333327	0.02484500784435908
     3.055666666666661	0.02484472337021475
     3.055999999999994	0.02484462709855444
     3.056333333333327	0.02484457640073858
      3.05666666666666	0.02484450965103572
     3.056999999999994	0.02484435337024016
     3.057333333333327	0.02484407467319177
      3.05766666666666	0.02484378505411186
     3.057999999999994	0.02484360689901217
     3.058333333333327	0.02484346615877831
      3.05866666666666	0.02484336080924698
     3.058999999999994	0.02484325660570433
     3.059333333333327	0.02484302724400071
      3.05966666666666	0.02484277244489588
     3.059999999999993	0.02484281576480825
     3.060333333333327	0.02484268096568146
      3.06066666666666	0.02484239453265035
     3.060999999999993	0.02484214077928551
     3.061333333333327	0.02484203109697043
      3.06166666666666	0.02484178072249701
     3.061999999999993	0.02484141316457921
     3.062333333333326	0.02484128136227306
      3.06266666666666	0.02484118476997892
     3.062999999999993	0.02484093324109094
     3.063333333333326	0.02484056199376506
      3.06366666666666	0.02484037943644769
     3.063999999999993	0.02484026506651187
     3.064333333333326	0.02484004081559862
      3.06466666666666	0.02483970271405988
     3.064999999999993	0.02483954364062691
     3.065333333333326	0.02483939267035676
     3.065666666666659	0.0248391946619908
     3.065999999999993	0.02483888696782207
     3.066333333333326	0.02483871560369249
     3.066666666666659	0.02483857988867507
     3.066999999999993	0.02483835352632982
     3.067333333333326	0.02483809529010248
     3.067666666666659	0.02483786853591016
     3.067999999999993	0.02483775478943944
     3.068333333333326	0.02483767812181911
     3.068666666666659	0.02483744809485423
     3.068999999999992	0.0248371938695702
     3.069333333333326	0.02483709547440565
     3.069666666666659	0.0248370340541542
     3.069999999999992	0.02483684318428453
     3.070333333333326	0.02483678828779136
     3.070666666666659	0.02483656274805654
     3.070999999999992	0.02483637858036012
     3.071333333333325	0.02483630216706139
     3.071666666666659	0.02483623408870999
     3.071999999999992	0.02483602368044265
     3.072333333333325	0.02483607443026694
     3.072666666666659	0.02483595793653681
     3.072999999999992	0.02483575941405822
     3.073333333333325	0.02483568973450313
     3.073666666666659	0.02483564493561016
     3.073999999999992	0.02483559776058301
     3.074333333333325	0.02483566041043387
     3.074666666666658	0.02483560524211229
     3.074999999999992	0.02483550726489974
     3.075333333333325	0.02483554510708114
     3.075666666666658	0.02483551823065801
     3.075999999999992	0.02483549127335405
     3.076333333333325	0.02483558348898599
     3.076666666666658	0.02483558906613049
     3.076999999999992	0.02483556840863835
     3.077333333333325	0.02483557899858359
     3.077666666666658	0.024835685928682
     3.077999999999991	0.0248357347462666
     3.078333333333325	0.02483574814493847
     3.078666666666658	0.02483579243638852
     3.078999999999991	0.0248359039416103
     3.079333333333325	0.02483596608812341
     3.079666666666658	0.02483603501781534
     3.079999999999991	0.02483610213393742
     3.080333333333324	0.02483619909336114
     3.080666666666658	0.0248362664071168
     3.080999999999991	0.0248363444253424
     3.081333333333324	0.02483647607649647
     3.081666666666658	0.02483656065169968
     3.081999999999991	0.02483662399432502
     3.082333333333324	0.02483670006382381
     3.082666666666658	0.02483678525064724
     3.082999999999991	0.02483689408393481
     3.083333333333324	0.02483699899439311
     3.083666666666657	0.02483711671515298
     3.083999999999991	0.02483715846753713
     3.084333333333324	0.02483724914592214
     3.084666666666657	0.02483735550051216
     3.084999999999991	0.02483747150632494
     3.085333333333324	0.02483753262704794
     3.085666666666657	0.02483761162900283
     3.085999999999991	0.02483771330898781
     3.086333333333324	0.02483776554950552
     3.086666666666657	0.02483785447701693
      3.08699999999999	0.02483794110357052
     3.087333333333324	0.02483799796384485
     3.087666666666657	0.02483805830107082
      3.08799999999999	0.02483813549635809
     3.088333333333324	0.02483819025465782
     3.088666666666657	0.02483823389706377
      3.08899999999999	0.02483829576815871
     3.089333333333323	0.02483839244472734
     3.089666666666657	0.02483844203040676
      3.08999999999999	0.02483847365449455
     3.090333333333323	0.02483848943787497
     3.090666666666657	0.02483853641769124
      3.09099999999999	0.02483858984673965
     3.091333333333323	0.02483860802178698
     3.091666666666657	0.02483863183404605
      3.09199999999999	0.02483865711015064
     3.092333333333323	0.024838664073122
     3.092666666666656	0.02483868336634456
      3.09299999999999	0.02483870407621603
     3.093333333333323	0.02483870404204465
     3.093666666666656	0.02483871260627587
      3.09399999999999	0.024838730291973
     3.094333333333323	0.02483872743927537
     3.094666666666656	0.02483872729332529
      3.09499999999999	0.02483872321385039
     3.095333333333323	0.02483871255841908
     3.095666666666656	0.02483871092970386
     3.095999999999989	0.02483870640257263
     3.096333333333323	0.02483869577839847
     3.096666666666656	0.02483868779982012
     3.096999999999989	0.02483867493694155
     3.097333333333323	0.02483866295870094
     3.097666666666656	0.02483865206222991
     3.097999999999989	0.02483863668269304
     3.098333333333323	0.02483862491404771
     3.098666666666656	0.02483861254973419
     3.098999999999989	0.02483859433032479
     3.099333333333322	0.02483858223632906
     3.099666666666656	0.02483857094220572
     3.099999999999989	0.0248385529431748
     3.100333333333322	0.02483854299490229
     3.100666666666656	0.02483853209699128
     3.100999999999989	0.0248385140510036
     3.101333333333322	0.02483850772236536
     3.101666666666655	0.02483849951716673
     3.101999999999989	0.0248384830549329
     3.102333333333322	0.0248384803727599
     3.102666666666655	0.02483847433225329
     3.102999999999989	0.02483846026575907
     3.103333333333322	0.02483846504980543
     3.103666666666655	0.02483845984538378
     3.103999999999989	0.02483844743581037
     3.104333333333322	0.02483845791478594
     3.104666666666655	0.02483845839906124
     3.104999999999988	0.02483845035705706
     3.105333333333322	0.02483846501990212
     3.105666666666655	0.02483846866779565
     3.105999999999988	0.02483846462233458
     3.106333333333322	0.02483848501843073
     3.106666666666655	0.02483849331996694
     3.106999999999988	0.02483849371842188
     3.107333333333322	0.02483849938371796
     3.107666666666655	0.02483853484910962
     3.107999999999988	0.02483855248259213
     3.108333333333321	0.02483855584025456
     3.108666666666655	0.02483856321348486
     3.108999999999988	0.02483860259492372
     3.109333333333321	0.0248386275724599
     3.109666666666655	0.02483863897052041
     3.109999999999988	0.02483865263891917
     3.110333333333321	0.02483867796633745
     3.110666666666654	0.02483871071164672
     3.110999999999988	0.02483874211925369
     3.111333333333321	0.0248387695010128
     3.111666666666654	0.02483879602138893
     3.111999999999988	0.02483882503023003
     3.112333333333321	0.024838856965715
     3.112666666666654	0.02483889042061841
     3.112999999999988	0.02483892424175455
     3.113333333333321	0.02483895797077957
     3.113666666666654	0.0248389919653754
     3.113999999999987	0.02483902611845929
     3.114333333333321	0.02483906103417999
     3.114666666666654	0.02483909696444412
     3.114999999999987	0.02483913356141718
     3.115333333333321	0.02483917032039517
     3.115666666666654	0.02483920684995248
     3.115999999999987	0.0248392433862796
     3.116333333333321	0.02483928026805875
     3.116666666666654	0.02483931746074864
     3.116999999999987	0.02483935472348914
      3.11733333333332	0.02483939177439882
     3.117666666666654	0.02483942850716203
     3.117999999999987	0.02483946516740559
      3.11833333333332	0.02483950175278849
     3.118666666666654	0.0248395380969009
     3.118999999999987	0.02483957404814116
      3.11933333333332	0.02483960957049777
     3.119666666666653	0.02483964469632343
     3.119999999999987	0.02483967942740303
      3.12033333333332	0.0248397136996586
     3.120666666666653	0.02483974742612919
     3.120999999999987	0.02483978054715157
      3.12133333333332	0.0248398130698573
     3.121666666666653	0.02483984496946289
     3.121999999999987	0.02483987621309548
      3.12233333333332	0.0248399067730451
     3.122666666666653	0.02483993661070804
     3.122999999999986	0.02483996571759333
      3.12333333333332	0.02483999408227766
     3.123666666666653	0.02484002168179274
     3.123999999999986	0.02484004849430288
      3.12433333333332	0.024840074509416
     3.124666666666653	0.0248400997150176
     3.124999999999986	0.02484012413992033
      3.12533333333332	0.0248401474905567
     3.125666666666653	0.02484017035313675
     3.125999999999986	0.02484019257459359
     3.126333333333319	0.02484021386920743
     3.126666666666653	0.02484023414059135
     3.126999999999986	0.0248402535444966
     3.127333333333319	0.02484027225651778
     3.127666666666653	0.02484029029796938
     3.127999999999986	0.02484030757626415
     3.128333333333319	0.02484032402450374
     3.128666666666652	0.02484033966071195
     3.128999999999986	0.02484035456946614
     3.129333333333319	0.02484036880154046
     3.129666666666652	0.02484038235082301
     3.129999999999986	0.02484039519863577
     3.130333333333319	0.02484040735126251
     3.130666666666652	0.02484041884141403
     3.130999999999986	0.02484042970809553
     3.131333333333319	0.02484043997802886
     3.131666666666652	0.02484044966226866
     3.131999999999985	0.02484045876740299
     3.132333333333319	0.02484046730840872
     3.132666666666652	0.02484047531154025
     3.132999999999985	0.02484048280724832
     3.133333333333319	0.02484048982155516
     3.133666666666652	0.02484049636857879
     3.133999999999985	0.02484050247351623
     3.134333333333319	0.02484050814749949
     3.134666666666652	0.02484051341840261
     3.134999999999985	0.02484051830176245
     3.135333333333318	0.02484052281782649
     3.135666666666652	0.02484052698819522
     3.135999999999985	0.02484053083540383
     3.136333333333318	0.02484053438020427
     3.136666666666652	0.02484053763991446
     3.136999999999985	0.02484054063098403
     3.137333333333318	0.02484054337050447
     3.137666666666652	0.02484054587645486
     3.137999999999985	0.02484054816663923
     3.138333333333318	0.02484055025591583
     3.138666666666651	0.02484055216806811
     3.138999999999985	0.02484055390975725
     3.139333333333318	0.02484055546198851
     3.139666666666651	0.02484055688638858
     3.139999999999985	0.02484055822852011
     3.140333333333318	0.02484055943137601
     3.140666666666651	0.02484056053425527
     3.140999999999984	0.02484056160153475
     3.141333333333318	0.02484056253111912
     3.141666666666651	0.02484056353931849
     3.141999999999984	0.02484056427421373
     3.142333333333318	0.02484056488072659
     3.142666666666651	0.0248405655300598
     3.142999999999984	0.02484056625311495
     3.143333333333318	0.0248405669676511
     3.143666666666651	0.02484056760281781
     3.143999999999984	0.02484056817936248
     3.144333333333317	0.02484056874844975
     3.144666666666651	0.02484056933830285
     3.144999999999984	0.02484056994319446
     3.145333333333317	0.02484057054549
     3.145666666666651	0.0248405711405696
     3.145999999999984	0.02484057173933057
     3.146333333333317	0.02484057235518477
     3.146666666666651	0.02484057299054643
     3.146999999999984	0.02484057364394759
     3.147333333333317	0.02484057431521519
      3.14766666666665	0.02484057500480044
     3.147999999999984	0.0248405757171615
     3.148333333333317	0.0248405764516319
      3.14866666666665	0.02484057720262528
     3.148999999999984	0.02484057797216205
     3.149333333333317	0.02484057876078008
      3.14966666666665	0.02484057957007489
     3.149999999999983	0.02484058040052802
     3.150333333333317	0.02484058125039629
      3.15066666666665	0.0248405821168271
     3.150999999999983	0.02484058299788606
     3.151333333333317	0.02484058389332388
      3.15166666666665	0.02484058480339153
     3.151999999999983	0.02484058572713294
     3.152333333333317	0.02484058666406831
      3.15266666666665	0.02484058760971494
     3.152999999999983	0.02484058855997201
     3.153333333333316	0.02484058951113606
      3.15366666666665	0.02484059046228976
     3.153999999999983	0.02484059141591038
     3.154333333333316	0.02484059237280727
      3.15466666666665	0.02484059333030335
     3.154999999999983	0.02484059425258129
     3.155333333333316	0.02484059522019447
      3.15566666666665	0.02484059620586741
     3.155999999999983	0.02484059717284549
     3.156333333333316	0.024840598033675
     3.156666666666649	0.02484059952509206
     3.156999999999983	0.02484060062919247
     3.157333333333316	0.02484060160954962
     3.157666666666649	0.0248406016507946
     3.157999999999983	0.02484060277966522
     3.158333333333316	0.02484060346924487
     3.158666666666649	0.02484060500495586
     3.158999999999982	0.02484060636894982
     3.159333333333316	0.02484060612878805
     3.159666666666649	0.0248406067268441
     3.159999999999982	0.02484060805725906
     3.160333333333316	0.0248406092920025
     3.160666666666649	0.02484060900479208
     3.160999999999982	0.02484060963773668
     3.161333333333316	0.024840610891259
     3.161666666666649	0.02484061199396367
     3.161999999999982	0.02484061261603443
     3.162333333333315	0.02484061196879475
     3.162666666666649	0.02484061251461348
     3.162999999999982	0.02484061393050757
     3.163333333333315	0.02484061517310104
     3.163666666666649	0.02484061463722307
     3.163999999999982	0.02484061490806513
     3.164333333333315	0.02484061594222703
     3.164666666666649	0.0248406161332275
     3.164999999999982	0.02484061689551721
     3.165333333333315	0.0248406177091078
     3.165666666666648	0.02484061735215004
     3.165999999999982	0.02484061785702339
     3.166333333333315	0.02484061810395912
     3.166666666666648	0.02484061907428402
     3.166999999999982	0.02484061920868891
     3.167333333333315	0.02484061979401586
     3.167666666666648	0.02484061974036555
     3.167999999999981	0.02484061971485348
     3.168333333333315	0.02484062071259558
     3.168666666666648	0.02484062114238384
     3.168999999999981	0.02484062109461487
     3.169333333333315	0.02484062118423417
     3.169666666666648	0.02484062206520678
     3.169999999999981	0.0248406223499207
     3.170333333333315	0.02484062234879302
     3.170666666666648	0.02484062250961224
     3.170999999999981	0.02484062287351093
     3.171333333333314	0.02484062367552816
     3.171666666666648	0.02484062378363233
     3.171999999999981	0.02484062376443785
     3.172333333333314	0.0248406239113106
     3.172666666666648	0.02484062427180469
     3.172999999999981	0.02484062496629155
     3.173333333333314	0.02484062503143286
     3.173666666666648	0.02484062505616463
     3.173999999999981	0.0248406255112597
     3.174333333333314	0.02484062562378427
     3.174666666666647	0.02484062596837015
     3.174999999999981	0.02484062605351269
     3.175333333333314	0.02484062610879562
     3.175666666666647	0.02484062625359252
     3.175999999999981	0.02484062685366131
     3.176333333333314	0.0248406270944646
     3.176666666666647	0.02484062706162352
     3.176999999999981	0.02484062714739228
     3.177333333333314	0.02484062713056866
     3.177666666666647	0.02484062737436266
      3.17799999999998	0.02484062780970991
     3.178333333333314	0.02484062784078676
     3.178666666666647	0.02484062789502945
      3.17899999999998	0.02484062783892241
     3.179333333333314	0.02484062818267384
     3.179666666666647	0.02484062832146366
      3.17999999999998	0.02484062857027799
     3.180333333333313	0.02484062848617144
     3.180666666666647	0.02484062866609908
      3.18099999999998	0.02484062868365562
     3.181333333333313	0.02484062899261806
     3.181666666666647	0.02484062903949202
      3.18199999999998	0.024840629270176
     3.182333333333313	0.02484062925930457
     3.182666666666647	0.02484062943871046
      3.18299999999998	0.02484062948136306
     3.183333333333313	0.02484062968900758
     3.183666666666646	0.02484062976647484
      3.18399999999998	0.02484062994411012
     3.184333333333313	0.02484063000629547
     3.184666666666646	0.02484063014908255
      3.18499999999998	0.02484063023273454
     3.185333333333313	0.02484063037899092
     3.185666666666646	0.02484063047347164
      3.18599999999998	0.0248406306130975
     3.186333333333313	0.02484063070179794
     3.186666666666646	0.02484063083570686
     3.186999999999979	0.02484063094010147
     3.187333333333313	0.02484063105304612
     3.187666666666646	0.02484063111507606
     3.187999999999979	0.02484063128100839
     3.188333333333313	0.02484063149135158
     3.188666666666646	0.02484063151924283
     3.188999999999979	0.02484063161693954
     3.189333333333312	0.02484063177629826
     3.189666666666646	0.02484063194002151
     3.189999999999979	0.02484063206828081
     3.190333333333312	0.024840632205024
     3.190666666666646	0.02484063215863441
     3.190999999999979	0.02484063208968205
     3.191333333333312	0.02484063228648123
     3.191666666666646	0.02484063261638886
     3.191999999999979	0.02484063295108236
     3.192333333333312	0.02484063300811714
     3.192666666666645	0.02484063287504619
     3.192999999999979	0.02484063275675463
     3.193333333333312	0.0248406329240701
     3.193666666666645	0.02484063330662059
     3.193999999999979	0.02484063355025028
     3.194333333333312	0.02484063375094308
     3.194666666666645	0.02484063389138257
     3.194999999999979	0.02484063379569382
     3.195333333333312	0.02484063372060539
     3.195666666666645	0.02484063388402075
     3.195999999999978	0.02484063425764289
     3.196333333333312	0.02484063453626738
     3.196666666666645	0.02484063463426272
     3.196999999999978	0.02484063487805566
     3.197333333333312	0.02484063532434268
     3.197666666666645	0.02484063535649096
     3.197999999999978	0.02484063520009599
     3.198333333333311	0.02484063524772535
     3.198666666666645	0.02484063558119512
     3.198999999999978	0.02484063631546255
     3.199333333333311	0.02484063688428641
     3.199666666666645	0.02484063703538391
     3.199999999999978	0.02484063668871747
     3.200333333333311	0.02484063653237414
     3.200666666666645	0.02484063722163345
     3.200999999999978	0.02484063808498057
     3.201333333333311	0.02484063855203827
     3.201666666666644	0.02484063858471009
     3.201999999999978	0.02484063854845879
     3.202333333333311	0.02484063881757967
     3.202666666666644	0.02484063933257971
     3.202999999999978	0.02484063980938156
     3.203333333333311	0.02484064013552728
     3.203666666666644	0.02484064047754824
     3.203999999999978	0.02484064075500664
     3.204333333333311	0.02484064104066177
     3.204666666666644	0.02484064149508148
     3.204999999999977	0.02484064188341529
     3.205333333333311	0.02484064220050328
     3.205666666666644	0.02484064262545892
     3.205999999999977	0.02484064298073015
     3.206333333333311	0.02484064331075073
     3.206666666666644	0.02484064367220119
     3.206999999999977	0.02484064407726841
      3.20733333333331	0.0248406445028993
     3.207666666666644	0.02484064492265921
     3.207999999999977	0.02484064532894529
      3.20833333333331	0.02484064573133768
     3.208666666666644	0.02484064614122969
     3.208999999999977	0.02484064656045336
      3.20933333333331	0.02484064666471977
     3.209666666666644	0.02484064714483986
     3.209999999999977	0.02484064782935261
      3.21033333333331	0.02484064841622281
     3.210666666666643	0.02484064879893706
     3.210999999999977	0.02484064878276608
      3.21133333333331	0.02484064886309984
     3.211666666666643	0.02484064961090257
     3.211999999999977	0.02484065052736355
      3.21233333333331	0.02484065111950676
     3.212666666666643	0.02484065106174406
     3.212999999999977	0.02484065098259457
      3.21333333333331	0.02484065130865111
     3.213666666666643	0.02484065227111178
     3.213999999999976	0.02484065318870722
      3.21433333333331	0.02484065362501233
     3.214666666666643	0.02484065346620396
     3.214999999999976	0.0248406533952185
      3.21533333333331	0.02484065377806409
     3.215666666666643	0.02484065448484792
     3.215999999999976	0.02484065513676705
      3.21633333333331	0.02484065554069228
     3.216666666666643	0.0248406557813195
     3.216999999999976	0.02484065603567654
     3.217333333333309	0.02484065641259176
     3.217666666666643	0.024840656869264
     3.217999999999976	0.02484065730266424
     3.218333333333309	0.02484065767232311
     3.218666666666643	0.02484065799987479
     3.218999999999976	0.02484065832991701
     3.219333333333309	0.02484065868573937
     3.219666666666642	0.02484065905679913
     3.219999999999976	0.02484065942025222
     3.220333333333309	0.02484065976374797
     3.220666666666642	0.02484066009129892
     3.220999999999976	0.02484066041352367
     3.221333333333309	0.024840660737202
     3.221666666666642	0.02484066106073633
     3.221999999999976	0.02484066138019135
     3.222333333333309	0.02484066169301028
     3.222666666666642	0.024840661998803
     3.222999999999975	0.02484066229866675
     3.223333333333309	0.02484066259358094
     3.223666666666642	0.02484066288409761
     3.223999999999975	0.02484066317046674
     3.224333333333309	0.02484066345259127
     3.224666666666642	0.02484066372995689
     3.224999999999975	0.02484066400196967
     3.225333333333309	0.02484066426853799
     3.225666666666642	0.02484066453026946
     3.225999999999975	0.02484066478800836
     3.226333333333308	0.02484066504214025
     3.226666666666642	0.02484066529233528
     3.226999999999975	0.02484066553794415
     3.227333333333308	0.02484066577863895
     3.227666666666642	0.0248406660147064
     3.227999999999975	0.02484066624678898
     3.228333333333308	0.0248406664753774
     3.228666666666641	0.02484066670051608
     3.228999999999975	0.02484066692191196
     3.229333333333308	0.02484066713920198
     3.229666666666641	0.02484066735256252
     3.229999999999975	0.02484066756221831
     3.230333333333308	0.02484066776843914
     3.230666666666641	0.02484066797142758
     3.230999999999975	0.02484066817126926
     3.231333333333308	0.02484066836787441
     3.231666666666641	0.0248406685613937
     3.231999999999974	0.02484066875177753
     3.232333333333308	0.02484066893902397
     3.232666666666641	0.0248406691232488
     3.232999999999974	0.02484066930464155
     3.233333333333308	0.02484066948337283
     3.233666666666641	0.02484066965953173
     3.233999999999974	0.02484066983313741
     3.234333333333308	0.02484067000419304
     3.234666666666641	0.02484067017273515
     3.234999999999974	0.02484067033884656
     3.235333333333307	0.02484067050263447
     3.235666666666641	0.02484067066419918
     3.235999999999974	0.0248406708236153
     3.236333333333307	0.0248406709809351
     3.236666666666641	0.02484067113620471
     3.236999999999974	0.0248406712894127
     3.237333333333307	0.02484067144078366
      3.23766666666664	0.0248406715903337
     3.237999999999974	0.02484067173804739
     3.238333333333307	0.02484067188397213
      3.23866666666664	0.02484067202810573
     3.238999999999974	0.02484067217072498
     3.239333333333307	0.02484067231179001
      3.23966666666664	0.02484067245122625
     3.239999999999974	0.02484067258897433
     3.240333333333307	0.02484067272537465
      3.24066666666664	0.02484067286044059
     3.240999999999973	0.02484067299401829
     3.241333333333307	0.02484067312629731
      3.24166666666664	0.02484067325725796
     3.241999999999973	0.02484067338687647
     3.242333333333307	0.02484067351519048
      3.24266666666664	0.02484067364227028
     3.242999999999973	0.02484067376816256
     3.243333333333307	0.02484067389287623
      3.24366666666664	0.02484067401640738
     3.243999999999973	0.02484067413876789
     3.244333333333306	0.02484067425994178
      3.24466666666664	0.02484067438007915
     3.244999999999973	0.0248406744991268
     3.245333333333306	0.02484067461702549
      3.24566666666664	0.02484067473379616
     3.245999999999973	0.02484067484950004
     3.246333333333306	0.02484067496416836
      3.24666666666664	0.02484067507778766
     3.246999999999973	0.0248406751903348
     3.247333333333306	0.02484067530180756
     3.247666666666639	0.02484067541222229
     3.247999999999973	0.02484067552159346
     3.248333333333306	0.02484067562992039
     3.248666666666639	0.02484067573719353
     3.248999999999973	0.02484067584340685
     3.249333333333306	0.02484067594852229
     3.249666666666639	0.02484067605264205
     3.249999999999972	0.02484067615572501
     3.250333333333306	0.02484067625768696
     3.250666666666639	0.02484067635870503
     3.250999999999972	0.02484067645851131
     3.251333333333306	0.02484067655768602
     3.251666666666639	0.02484067665535931
     3.251999999999972	0.02484067675177698
     3.252333333333306	0.02484067684710063
     3.252666666666639	0.02484067694153419
     3.252999999999972	0.02484067703439313
     3.253333333333305	0.02484067712625113
     3.253666666666639	0.02484067721829327
     3.253999999999972	0.0248406773085304
     3.254333333333305	0.02484067739715665
     3.254666666666639	0.02484067748536928
     3.254999999999972	0.02484067757166388
     3.255333333333305	0.0248406776566296
     3.255666666666639	0.02484067774115173
     3.255999999999972	0.02484067782500823
     3.256333333333305	0.02484067790749018
     3.256666666666638	0.02484067798846406
     3.256999999999972	0.02484067806812923
     3.257333333333305	0.0248406781467864
     3.257666666666638	0.02484067822449777
     3.257999999999972	0.02484067830118821
     3.258333333333305	0.0248406783767184
     3.258666666666638	0.02484067845100266
     3.258999999999971	0.02484067852407885
     3.259333333333305	0.02484067859604924
     3.259666666666638	0.02484067866696828
     3.259999999999971	0.02484067873679668
     3.260333333333305	0.02484067880542537
     3.260666666666638	0.02484067887302927
     3.260999999999971	0.02484067893959531
     3.261333333333305	0.02484067900499931
     3.261666666666638	0.02484067906927646
     3.261999999999971	0.02484067913242738
     3.262333333333304	0.02484067919445824
     3.262666666666638	0.02484067925551667
     3.262999999999971	0.0248406793155904
     3.263333333333304	0.02484067937456559
     3.263666666666638	0.02484067943246427
     3.263999999999971	0.02484067948929327
     3.264333333333304	0.02484067954509282
     3.264666666666638	0.02484067959988305
     3.264999999999971	0.0248406796537341
     3.265333333333304	0.02484067970662405
     3.265666666666637	0.02484067975850399
     3.265999999999971	0.02484067980940901
     3.266333333333304	0.02484067985936926
     3.266666666666637	0.02484067990841744
     3.266999999999971	0.02484067995656051
     3.267333333333304	0.02484068000380581
     3.267666666666637	0.02484068005018457
      3.26799999999997	0.02484068009565859
     3.268333333333304	0.02484068014026646
     3.268666666666637	0.02484068018408803
      3.26899999999997	0.02484068022707221
     3.269333333333304	0.02484068026924458
     3.269666666666637	0.02484068031067684
      3.26999999999997	0.02484068035130827
     3.270333333333304	0.02484068039117156
     3.270666666666637	0.02484068043031732
      3.27099999999997	0.02484068046881051
     3.271333333333303	0.02484068050656412
     3.271666666666637	0.02484068054360523
      3.27199999999997	0.0248406805799932
     3.272333333333303	0.02484068061576259
     3.272666666666637	0.0248406806509149
      3.27299999999997	0.02484068068544673
     3.273333333333303	0.02484068071937248
     3.273666666666637	0.02484068075277923
      3.27399999999997	0.02484068078555786
     3.274333333333303	0.0248406808177551
     3.274666666666636	0.02484068084944068
      3.27499999999997	0.02484068088064239
     3.275333333333303	0.02484068091135592
     3.275666666666636	0.0248406809415793
      3.27599999999997	0.02484068097142692
     3.276333333333303	0.02484068100069579
     3.276666666666636	0.02484068102945371
     3.276999999999969	0.02484068105780548
     3.277333333333303	0.02484068108580178
     3.277666666666636	0.02484068111357501
     3.277999999999969	0.02484068112951076
     3.278333333333303	0.02484068115730891
     3.278666666666636	0.0248406811815045
     3.278999999999969	0.0248406812166742
     3.279333333333303	0.02484068124014959
     3.279666666666636	0.02484068125544128
     3.279999999999969	0.02484068127204032
     3.280333333333302	0.02484068129678441
     3.280666666666636	0.02484068132733615
     3.280999999999969	0.02484068135638052
     3.281333333333302	0.02484068138012576
     3.281666666666636	0.02484068139970475
     3.281999999999969	0.02484068141938283
     3.282333333333302	0.02484068144236356
     3.282666666666636	0.02484068146756216
     3.282999999999969	0.02484068149271772
     3.283333333333302	0.02484068151564554
     3.283666666666635	0.02484068153672827
     3.283999999999969	0.02484068155789197
     3.284333333333302	0.02484068158001532
     3.284666666666635	0.02484068160292133
     3.284999999999969	0.02484068162566597
     3.285333333333302	0.02484068164755908
     3.285666666666635	0.02484068166883956
     3.285999999999969	0.02484068168974424
     3.286333333333302	0.02484068171074163
     3.286666666666635	0.02484068173192871
     3.286999999999968	0.0248406817530681
     3.287333333333302	0.02484068177388624
     3.287666666666635	0.0248406817943284
     3.287999999999968	0.02484068181469156
     3.288333333333302	0.02484068183481243
     3.288666666666635	0.02484068185474748
     3.288999999999968	0.02484068187455678
     3.289333333333301	0.02484068189425917
     3.289666666666635	0.02484068191398131
     3.289999999999968	0.02484068193337036
     3.290333333333301	0.02484068195243392
     3.290666666666635	0.02484068197147794
     3.290999999999968	0.0248406819903105
     3.291333333333301	0.02484068200894439
     3.291666666666635	0.02484068202744216
     3.291999999999968	0.02484068204582516
     3.292333333333301	0.02484068206407842
     3.292666666666634	0.02484068208250418
     3.292999999999968	0.02484068210034161
     3.293333333333301	0.02484068211773158
     3.293666666666634	0.02484068213504963
     3.293999999999968	0.02484068215248223
     3.294333333333301	0.0248406821700971
     3.294666666666634	0.02484068218729431
     3.294999999999968	0.02484068220404676
     3.295333333333301	0.02484068222078274
     3.295666666666634	0.02484068223749058
     3.295999999999967	0.02484068225384652
     3.296333333333301	0.02484068226998584
     3.296666666666634	0.0248406822862638
     3.296999999999967	0.02484068230234384
     3.297333333333301	0.02484068231816785
     3.297666666666634	0.0248406823338258
     3.297999999999967	0.02484068234955703
       3.2983333333333	0.02484068236503776

     4.000333333333334	0.02291574746023826
     4.000666666666667	0.02324366282868272
     4.001000000000001	0.02484199768005809
     4.001333333333335	0.02584913117766592
     4.001666666666669	0.02560961478052407
     4.002000000000002	0.02477450366844125
     4.002333333333336	0.02425479141709423
      4.00266666666667	0.02436220339351572
     4.003000000000004	0.02478494630745986
     4.003333333333337	0.02506857543442776
     4.003666666666671	0.02502632438984241
     4.004000000000005	0.0247935799601845
     4.004333333333339	0.02461532551665114
     4.004666666666672	0.02461967439711506
     4.005000000000006	0.02474501067504451
      4.00533333333334	0.02484980751495016
     4.005666666666674	0.02484569241317098
     4.006000000000007	0.02476169417629005
     4.006333333333341	0.02468950438816279
     4.006666666666675	0.02468451860807749
     4.007000000000009	0.02472918946669893
     4.007333333333342	0.02476546875296134
     4.007666666666676	0.02476038855887543
      4.00800000000001	0.02472614650271448
     4.008333333333344	0.0246987495428076
     4.008666666666677	0.02469656523904543
     4.009000000000011	0.02471117752331146
     4.009333333333345	0.0247209025731488
     4.009666666666678	0.02471667425769473
     4.010000000000012	0.02470370306818627
     4.010333333333346	0.02469396992536022
      4.01066666666668	0.02469226427410973
     4.011000000000013	0.02469575914401401
     4.011333333333347	0.02469777337723198
     4.011666666666681	0.02469617111747293
     4.012000000000015	0.02469259658308036
     4.012333333333348	0.02468997471311393
     4.012666666666682	0.02468931638859136
     4.013000000000016	0.02468911663581704
      4.01333333333335	0.02469011063901553
     4.013666666666683	0.02469096321945716
     4.014000000000017	0.02469141197034551
     4.014333333333351	0.02469102744242794
     4.014666666666685	0.02469083018065611
     4.015000000000018	0.02469158998369535
     4.015333333333352	0.02469311004724355
     4.015666666666686	0.02469493849149534
      4.01600000000002	0.02469646062799948
     4.016333333333353	0.02469748833729758
     4.016666666666687	0.02469864447660606
     4.017000000000021	0.02470032689854063
     4.017333333333355	0.02470248034659
     4.017666666666688	0.02470480301548999
     4.018000000000022	0.0247069725664786
     4.018333333333356	0.02470897887334687
     4.018666666666689	0.02471104701456936
     4.019000000000023	0.02471332625687522
     4.019333333333357	0.02471584063743183
     4.019666666666691	0.02471841160456523
     4.020000000000024	0.02472093578355987
     4.020333333333358	0.02472342691764159
     4.020666666666692	0.02472595485755839
     4.021000000000026	0.02472855629796039
     4.021333333333359	0.02473118727217138
     4.021666666666693	0.02473383841166964
     4.022000000000027	0.02473649026152172
     4.022333333333361	0.02473908209305744
     4.022666666666694	0.02474163398284947
     4.023000000000028	0.02474417961792119
     4.023333333333362	0.02474672723762446
     4.023666666666696	0.02474925228273748
     4.024000000000029	0.02475172469985575
     4.024333333333363	0.02475413240905547
     4.024666666666697	0.02475648157060039
     4.025000000000031	0.02475877916954513
     4.025333333333364	0.02476102191083384
     4.025666666666698	0.02476319902797559
     4.026000000000032	0.02476530085941212
     4.026333333333366	0.02476732540313192
     4.026666666666699	0.02476927402640684
     4.027000000000033	0.02477114219962585
     4.027333333333367	0.02477292493531206
       4.0276666666667	0.02477462115959099
     4.028000000000034	0.02477622981075948
     4.028333333333368	0.02477774450766167
     4.028666666666702	0.024779119577359
     4.029000000000035	0.02478049573277161
     4.029333333333369	0.02478175696802078
     4.029666666666703	0.02478287928337022
     4.030000000000037	0.02478384993194035
      4.03033333333337	0.02478483130963412
     4.030666666666704	0.0247856771629999
     4.031000000000038	0.02478644075966411
     4.031333333333372	0.02478710788831316
     4.031666666666705	0.02478767152060323
     4.032000000000039	0.02478814234724135
     4.032333333333373	0.02478852870670758
     4.032666666666707	0.02478883047072797
      4.03300000000004	0.02478904394037261
     4.033333333333374	0.02478917021152773
     4.033666666666708	0.02478921553517555
     4.034000000000042	0.02478918577692757
     4.034333333333375	0.02478908690149699
     4.034666666666709	0.02478891801202431
     4.035000000000043	0.02478868019348387
     4.035333333333377	0.02478837664726978
      4.03566666666671	0.02478801263810681
     4.036000000000044	0.02478759506527273
     4.036333333333378	0.02478712364321771
     4.036666666666711	0.0247866066524067
     4.037000000000045	0.0247860498053275
     4.037333333333379	0.02478545219672047
     4.037666666666713	0.02478520375364685
     4.038000000000046	0.02478480897787255
      4.03833333333338	0.02478403864783655
     4.038666666666714	0.02478306980175569
     4.039000000000048	0.02478218051253776
     4.039333333333381	0.02478146899021201
     4.039666666666715	0.02478093123041728
     4.040000000000049	0.0247798917456646
     4.040333333333383	0.02477875605515042
     4.040666666666716	0.02477788931164252
      4.04100000000005	0.02477725343247853
     4.041333333333384	0.02477661818332237
     4.041666666666718	0.02477578488507623
     4.042000000000051	0.02477481255804985
     4.042333333333385	0.02477387888549482
     4.042666666666719	0.02477309138898599
     4.043000000000053	0.02477237625619486
     4.043333333333386	0.02477171725921919
      4.04366666666672	0.02477090183727372
     4.044000000000054	0.02477004496201034
     4.044333333333388	0.02476926806977694
     4.044666666666721	0.02476859277674524
     4.045000000000055	0.02476796423761624
     4.045333333333389	0.02476731278618173
     4.045666666666722	0.02476661743833192
     4.046000000000056	0.02476591520774486
      4.04633333333339	0.02476525619329664
     4.046666666666724	0.02476466094783005
     4.047000000000057	0.02476413809766453
     4.047333333333391	0.02476382142034026
     4.047666666666725	0.02476352652428865
     4.048000000000059	0.02476306137257626
     4.048333333333392	0.02476247709248888
     4.048666666666726	0.02476192878605534
      4.04900000000006	0.02476153591112754
     4.049333333333394	0.02476121479614737
     4.049666666666727	0.024760858130838
     4.050000000000061	0.02476043716211671
     4.050333333333395	0.02476001963930186
     4.050666666666729	0.02475967262551769
     4.051000000000062	0.02475939771756865
     4.051333333333396	0.02475913749556894
      4.05166666666673	0.0247588641702184
     4.052000000000064	0.02475855689718291
     4.052333333333397	0.024758242790232
     4.052666666666731	0.02475795161212802
     4.053000000000065	0.02475771619044743
     4.053333333333399	0.02475746012957052
     4.053666666666732	0.02475718751240097
     4.054000000000066	0.02475696028101014
       4.0543333333334	0.02475679969450045
     4.054666666666733	0.02475659393150635
     4.055000000000067	0.02475613561673613
     4.055333333333401	0.02475571289946561
     4.055666666666735	0.02475546691956674
     4.056000000000068	0.02475536715558848
     4.056333333333402	0.02475529712222404
     4.056666666666736	0.02475520779443912
      4.05700000000007	0.0247550624288128
     4.057333333333403	0.02475482295537007
     4.057666666666737	0.02475453490048042
     4.058000000000071	0.02475433993494486
     4.058333333333405	0.02475418685872131
     4.058666666666738	0.02475409104376139
     4.059000000000072	0.02475399813222224
     4.059333333333406	0.02475377350203785
      4.05966666666674	0.02475363436754115
     4.060000000000073	0.02475342964673165
     4.060333333333407	0.02475338884568157
     4.060666666666741	0.0247531654807779
     4.061000000000075	0.02475283883324632
     4.061333333333408	0.02475268239295737
     4.061666666666742	0.02475258457951095
     4.062000000000076	0.02475235325133496
      4.06233333333341	0.0247520066230481
     4.062666666666743	0.02475179768827925
     4.063000000000077	0.02475166195610837
     4.063333333333411	0.02475146886379466
     4.063666666666744	0.02475123098383137
     4.064000000000078	0.02475101303899041
     4.064333333333412	0.02475079882811305
     4.064666666666746	0.0247505779777808
     4.065000000000079	0.02475037763314922
     4.065333333333413	0.02475019684388123
     4.065666666666747	0.02475000234748563
     4.066000000000081	0.02474978870865682
     4.066333333333414	0.02474957511139092
     4.066666666666748	0.02474938245867158
     4.067000000000082	0.02474920685523807
     4.067333333333416	0.02474902411257663
     4.067666666666749	0.02474890052190422
     4.068000000000083	0.02474882169256009
     4.068333333333417	0.02474859559816216
     4.068666666666751	0.02474844653746141
     4.069000000000084	0.02474826800258707
     4.069333333333418	0.02474809701875439
     4.069666666666752	0.02474812465091416
     4.070000000000086	0.02474796772767644
     4.070333333333419	0.02474778378076181
     4.070666666666753	0.02474762378156427
     4.071000000000087	0.02474761216118708
     4.071333333333421	0.02474746974952434
     4.071666666666754	0.02474743788648003
     4.072000000000088	0.024747253901818
     4.072333333333422	0.02474716910749584
     4.072666666666755	0.02474715023383015
     4.073000000000089	0.02474707171946399
     4.073333333333423	0.02474698083556014
     4.073666666666757	0.0247469742043997
      4.07400000000009	0.0247468972043495
     4.074333333333424	0.02474683558542377
     4.074666666666758	0.02474691010208927
     4.075000000000092	0.02474689577236353
     4.075333333333425	0.0247468363240353
     4.075666666666759	0.02474688156526499
     4.076000000000093	0.02474686401419855
     4.076333333333427	0.02474685154912714
      4.07666666666676	0.02474694408273669
     4.077000000000094	0.02474696111491517
     4.077333333333428	0.0247469538507951
     4.077666666666762	0.02474697483377225
     4.078000000000095	0.02474707921385372
     4.078333333333429	0.02474713667292007
     4.078666666666763	0.02474715981560858
     4.079000000000097	0.02474720583862486
      4.07933333333343	0.02474730661872935
     4.079666666666764	0.02474737002760439
     4.080000000000098	0.02474742461039181
     4.080333333333432	0.02474751159524868
     4.080666666666765	0.02474760946078357
     4.081000000000099	0.0247476657199032
     4.081333333333433	0.02474773972674699
     4.081666666666766	0.02474783834381432
       4.0820000000001	0.02474790832488177
     4.082333333333434	0.02474797255424774
     4.082666666666768	0.02474809592675795
     4.083000000000101	0.02474816918625494
     4.083333333333435	0.02474821868874553
     4.083666666666769	0.02474830278131917
     4.084000000000103	0.02474841357967406
     4.084333333333436	0.02474849174739302
      4.08466666666677	0.0247485773446624
     4.085000000000104	0.02474865989697393
     4.085333333333438	0.02474871865899182
     4.085666666666771	0.02474879469337684
     4.086000000000105	0.02474888410643697
     4.086333333333439	0.02474894875779974
     4.086666666666773	0.02474901615582262
     4.087000000000106	0.0247490849048731
      4.08733333333344	0.02474914327638626
     4.087666666666774	0.02474919014382472
     4.088000000000108	0.02474925501092986
     4.088333333333441	0.02474930945445627
     4.088666666666775	0.02474935906199106
     4.089000000000109	0.02474940902467561
     4.089333333333443	0.02474947829273643
     4.089666666666776	0.02474953425875915
      4.09000000000011	0.02474956997536575
     4.090333333333444	0.02474958285212498
     4.090666666666777	0.02474961467434208
     4.091000000000111	0.02474965450495444
     4.091333333333445	0.02474967434232181
     4.091666666666779	0.02474969981465936
     4.092000000000112	0.02474972250280261
     4.092333333333446	0.02474972637569062
      4.09266666666678	0.024749741319204
     4.093000000000114	0.02474975677687693
     4.093333333333447	0.02474975737158539
     4.093666666666781	0.02474976505432411
     4.094000000000115	0.02474977841903381
     4.094333333333449	0.0247497773689971
     4.094666666666782	0.02474977593547843
     4.095000000000116	0.02474977039508839
      4.09533333333345	0.02474976139332308
     4.095666666666784	0.02474975914759365
     4.096000000000117	0.02474975383944077
     4.096333333333451	0.02474974560051036
     4.096666666666785	0.02474973811243466
     4.097000000000119	0.02474972550205357
     4.097333333333452	0.02474971556514817
     4.097666666666786	0.0247497055843079
      4.09800000000012	0.02474969126841303
     4.098333333333454	0.02474968174823912
     4.098666666666787	0.02474967098901429
     4.099000000000121	0.02474965441075311
     4.099333333333455	0.02474964452463204
     4.099666666666788	0.02474963483947288
     4.100000000000122	0.0247496187546391
     4.100333333333456	0.02474961112128743
      4.10066666666679	0.02474960193197903
     4.101000000000123	0.02474958587582573
     4.101333333333457	0.02474958161757742
     4.101666666666791	0.02474957489581598
     4.102000000000125	0.02474956054793718
     4.102333333333458	0.02474955986793805
     4.102666666666792	0.02474955528335616
     4.103000000000126	0.02474954314421879
      4.10333333333346	0.02474954907568486
     4.103666666666793	0.02474954526347266
     4.104000000000127	0.02474953489491602
     4.104333333333461	0.02474954597871486
     4.104666666666795	0.02474954744174071
     4.105000000000128	0.02474954114287903
     4.105333333333462	0.02474953787041967
     4.105666666666796	0.02474956247058942
      4.10600000000013	0.0247495725964616
     4.106333333333463	0.02474956883590675
     4.106666666666797	0.02474956786712441
     4.107000000000131	0.02474959690435393
     4.107333333333465	0.02474961346590986
     4.107666666666798	0.02474961696818665
     4.108000000000132	0.02474962243308982
     4.108333333333466	0.02474965577033322
     4.108666666666799	0.02474967612105758
     4.109000000000133	0.02474968459367533
     4.109333333333467	0.02474969577897776
     4.109666666666801	0.02474971790497034
     4.110000000000134	0.02474974660147805
     4.110333333333468	0.02474977371857639
     4.110666666666802	0.0247497969561479
     4.111000000000136	0.02474981961136378
     4.111333333333469	0.02474984491173909
     4.111666666666803	0.02474987314332917
     4.112000000000137	0.02474990275009985
     4.112333333333471	0.02474993252206368
     4.112666666666804	0.02474996210288877
     4.113000000000138	0.02474999186192672
     4.113333333333472	0.02475002253289417
     4.113666666666806	0.02475005401438292
     4.114000000000139	0.02475008616724413
     4.114333333333473	0.02475011868736758
     4.114666666666807	0.02475015142089298
     4.115000000000141	0.02475018422098507
     4.115333333333474	0.02475021731196399
     4.115666666666808	0.02475025066750407
     4.116000000000142	0.02475028439284424
     4.116333333333476	0.02475031809322619
     4.116666666666809	0.02475035164373873
     4.117000000000143	0.02475038510203018
     4.117333333333477	0.02475041852467636
      4.11766666666681	0.02475045193529017
     4.118000000000144	0.02475048517575701
     4.118333333333478	0.0247505181046149
     4.118666666666812	0.02475055069359428
     4.119000000000145	0.0247505829670547
     4.119333333333479	0.02475061496190764
     4.119666666666813	0.02475064659268791
     4.120000000000147	0.02475067775480171
      4.12033333333348	0.02475070840936503
     4.120666666666814	0.02475073852494537
     4.121000000000148	0.02475076815506851
     4.121333333333482	0.02475079726755345
     4.121666666666815	0.02475082578388521
     4.122000000000149	0.02475085365489961
     4.122333333333483	0.02475088084770758
     4.122666666666817	0.02475090739628647
      4.12300000000015	0.02475093331401067
     4.123333333333484	0.02475095856703979
     4.123666666666818	0.02475098310559747
     4.124000000000152	0.02475100689571307
     4.124333333333485	0.02475102996898194
     4.124666666666819	0.02475105231528745
     4.125000000000153	0.02475107372901027
     4.125333333333487	0.02475109471205104
      4.12566666666682	0.02475111510695236
     4.126000000000154	0.0247511346574791
     4.126333333333488	0.02475115328126814
     4.126666666666821	0.02475117113907888
     4.127000000000155	0.02475118837345249
     4.127333333333489	0.02475120499064874
     4.127666666666823	0.02475122090098171
     4.128000000000156	0.02475123606688578
      4.12833333333349	0.02475125052217472
     4.128666666666824	0.02475126432182055
     4.129000000000158	0.02475127749292668
     4.129333333333491	0.02475129003228533
     4.129666666666825	0.02475130193540385
     4.130000000000159	0.02475131321623928
     4.130333333333493	0.02475132390385762
     4.130666666666826	0.024751334026919
      4.13100000000016	0.0247513435985715
     4.131333333333494	0.02475135263465501
     4.131666666666828	0.02475136114778122
     4.132000000000161	0.02475136915163987
     4.132333333333495	0.02475137666686657
     4.132666666666829	0.02475138371895955
     4.133000000000163	0.02475139033142064
     4.133333333333496	0.0247513965223218
      4.13366666666683	0.02475140230630769
     4.134000000000164	0.02475140769506923
     4.134333333333498	0.0247514127111155
     4.134666666666831	0.02475141737965622
     4.135000000000165	0.02475142172054238
     4.135333333333499	0.02475142574692373
     4.135666666666832	0.02475142947614688
     4.136000000000166	0.02475143292058545
       4.1363333333335	0.02475143609778898
     4.136666666666834	0.02475143902976406
     4.137000000000167	0.02475144173607805
     4.137333333333501	0.02475144423040759
     4.137666666666835	0.02475144652633564
     4.138000000000169	0.02475144859104996
     4.138333333333502	0.02475145052064151
     4.138666666666836	0.0247514524336095
      4.13900000000017	0.02475145394276263
     4.139333333333504	0.02475145552452286
     4.139666666666837	0.02475145689766832
     4.140000000000171	0.02475145809392291
     4.140333333333505	0.02475145922606738
     4.140666666666839	0.0247514603429263
     4.141000000000172	0.02475146139939265
     4.141333333333506	0.02475146235142561
      4.14166666666684	0.0247514628847515
     4.142000000000174	0.02475146397153571
     4.142333333333507	0.02475146462167386
     4.142666666666841	0.02475146539976045
     4.143000000000175	0.02475146619830895
     4.143333333333509	0.02475146686921707
     4.143666666666842	0.02475146746815853
     4.144000000000176	0.02475146804463411
      4.14433333333351	0.0247514686425848
     4.144666666666843	0.0247514692634576
     4.145000000000177	0.02475146988537976
     4.145333333333511	0.0247514704843842
     4.145666666666845	0.02475147107971644
     4.146000000000178	0.02475147166918899
     4.146333333333512	0.02475147226972674
     4.146666666666846	0.02475147292746751
      4.14700000000018	0.02475147353548352
     4.147333333333513	0.02475147437881524
     4.147666666666847	0.02475147475210894
     4.148000000000181	0.02475147547145228
     4.148333333333515	0.02475147596759973
     4.148666666666848	0.02475147682358926
     4.149000000000182	0.02475147758052738
     4.149333333333516	0.02475147807993642
      4.14966666666685	0.02475147883559681
     4.150000000000183	0.02475147959163426
     4.150333333333517	0.02475148030088906
     4.150666666666851	0.02475148092447044
     4.151000000000185	0.02475148173532696
     4.151333333333518	0.02475148253148066
     4.151666666666852	0.024751483260827
     4.152000000000186	0.02475148395006133
      4.15233333333352	0.02475148461859204
     4.152666666666853	0.02475148544019865
     4.153000000000187	0.02475148626031701
     4.153333333333521	0.02475148696634527
     4.153666666666854	0.02475148768924728
     4.154000000000188	0.02475148838700902
     4.154333333333522	0.02475148910907824
     4.154666666666856	0.02475148991923075
     4.155000000000189	0.0247514906747968
     4.155333333333523	0.02475149132849425
     4.155666666666857	0.02475149259939602
     4.156000000000191	0.02475149313654671
     4.156333333333524	0.02475149382370616
     4.156666666666858	0.02475149400142869
     4.157000000000192	0.02475149500595173
     4.157333333333526	0.02475149631369765
     4.157666666666859	0.02475149643448021
     4.158000000000193	0.02475149672151358
     4.158333333333527	0.02475149764043541
     4.158666666666861	0.02475149858196848
     4.159000000000194	0.02475149915001067
     4.159333333333528	0.02475149868017414
     4.159666666666862	0.0247514992836501
     4.160000000000196	0.02475150050542364
     4.160333333333529	0.02475150140618633
     4.160666666666863	0.02475150162300761
     4.161000000000197	0.02475150087485867
     4.161333333333531	0.02475150135046315
     4.161666666666864	0.02475150260877716
     4.162000000000198	0.02475150365516553
     4.162333333333532	0.02475150304666597
     4.162666666666865	0.02475150304769274
     4.163000000000199	0.02475150316742156
     4.163333333333533	0.02475150422238018
     4.163666666666867	0.02475150521803667
       4.1640000000002	0.02475150474788999
     4.164333333333534	0.02475150481877743
     4.164666666666868	0.02475150478305695
     4.165000000000202	0.02475150564680998
     4.165333333333535	0.02475150587062535
     4.165666666666869	0.02475150573167021
     4.166000000000203	0.02475150640271163
     4.166333333333537	0.0247515064982761
      4.16666666666687	0.02475150636505603
     4.167000000000204	0.02475150651027111
     4.167333333333538	0.02475150689937983
     4.167666666666872	0.02475150727510368
     4.168000000000205	0.02475150750637502
     4.168333333333539	0.02475150764267853
     4.168666666666873	0.02475150775669633
     4.169000000000207	0.02475150793474645
      4.16933333333354	0.02475150818745171
     4.169666666666874	0.02475150843365123
     4.170000000000208	0.02475150862022239
     4.170333333333542	0.02475150876880365
     4.170666666666875	0.02475150892718368
     4.171000000000209	0.02475150911078529
     4.171333333333543	0.02475150930010021
     4.171666666666876	0.02475150947363695
      4.17200000000021	0.02475150963415676
     4.172333333333544	0.02475150979448581
     4.172666666666878	0.02475150996252635
     4.173000000000211	0.02475151013453082
     4.173333333333545	0.02475151008483797
     4.173666666666879	0.02475151029245713
     4.174000000000213	0.0247515107220383
     4.174333333333546	0.02475151080647752
      4.17466666666688	0.02475151079653753
     4.175000000000214	0.02475151073676705
     4.175333333333548	0.02475151101476351
     4.175666666666881	0.02475151123710245
     4.176000000000215	0.02475151145344398
     4.176333333333549	0.0247515115496652
     4.176666666666883	0.02475151155167615
     4.177000000000216	0.02475151152835532
      4.17733333333355	0.02475151169900773
     4.177666666666884	0.0247515118348284
     4.178000000000218	0.02475151198950086
     4.178333333333551	0.02475151194057412
     4.178666666666885	0.0247515118149528
     4.179000000000219	0.02475151196816435
     4.179333333333553	0.02475151242576176
     4.179666666666886	0.02475151246280563
      4.18000000000022	0.02475151216534847
     4.180333333333554	0.02475151222319329
     4.180666666666887	0.02475151232946259
     4.181000000000221	0.02475151237098086
     4.181333333333555	0.02475151263964806
     4.181666666666889	0.02475151267528692
     4.182000000000222	0.02475151253586343
     4.182333333333556	0.02475151261197445
      4.18266666666689	0.0247515126751513
     4.183000000000224	0.02475151266544506
     4.183333333333557	0.02475151283152977
     4.183666666666891	0.02475151288073057
     4.184000000000225	0.02475151277959839
     4.184333333333559	0.02475151284958133
     4.184666666666892	0.02475151293039184
     4.185000000000226	0.02475151306263626
      4.18533333333356	0.02475151300272438
     4.185666666666894	0.02475151298577734
     4.186000000000227	0.02475151298157116
     4.186333333333561	0.02475151308239559
     4.186666666666895	0.02475151312031305
     4.187000000000229	0.02475151315259553
     4.187333333333562	0.0247515132024099
     4.187666666666896	0.02475151332183693
      4.18800000000023	0.02475151334851473
     4.188333333333564	0.02475151326691814
     4.188666666666897	0.02475151319192961
     4.189000000000231	0.02475151329624694
     4.189333333333565	0.02475151331342176
     4.189666666666898	0.02475151335380853
     4.190000000000232	0.02475151344999298
     4.190333333333566	0.02475151346553498
       4.1906666666669	0.02475151342568654
     4.191000000000233	0.02475151334081065
     4.191333333333567	0.02475151328193812
     4.191666666666901	0.02475151335544721
     4.192000000000235	0.02475151352047926
     4.192333333333568	0.02475151358551947
     4.192666666666902	0.02475151359192552
     4.193000000000236	0.02475151356234274
      4.19333333333357	0.02475151347328485
     4.193666666666903	0.02475151340972323
     4.194000000000237	0.02475151347259295
     4.194333333333571	0.02475151364283695
     4.194666666666905	0.02475151372845201
     4.195000000000238	0.02475151370729914
     4.195333333333572	0.02475151367092138
     4.195666666666906	0.02475151385954508
      4.19600000000024	0.02475151400054493
     4.196333333333573	0.0247515140165581
     4.196666666666907	0.02475151394977178
     4.197000000000241	0.02475151398448049
     4.197333333333575	0.02475151432246202
     4.197666666666908	0.02475151469368773
     4.198000000000242	0.02475151463774602
     4.198333333333576	0.0247515144110136
     4.198666666666909	0.02475151440063359
     4.199000000000243	0.02475151493207927
     4.199333333333577	0.02475151546434305
     4.199666666666911	0.02475151565131784
     4.200000000000244	0.02475151533605817
     4.200333333333578	0.02475151536722895
     4.200666666666912	0.02475151580115039
     4.201000000000246	0.02475151625962784
     4.201333333333579	0.02475151650624394
     4.201666666666913	0.02475151657584365
     4.202000000000247	0.02475151665591674
     4.202333333333581	0.02475151690710178
     4.202666666666914	0.02475151723610585
     4.203000000000248	0.02475151753851531
     4.203333333333582	0.02475151778198277
     4.203666666666916	0.02475151800339584
     4.204000000000249	0.02475151835406635
     4.204333333333583	0.02475151863643009
     4.204666666666917	0.02475151886343934
     4.205000000000251	0.02475151922074897
     4.205333333333584	0.02475151949935104
     4.205666666666918	0.02475151974456595
     4.206000000000252	0.02475152012647725
     4.206333333333586	0.02475152042923252
     4.206666666666919	0.0247515206919409
     4.207000000000253	0.02475152108022466
     4.207333333333587	0.02475152140021596
      4.20766666666692	0.0247515216845948
     4.208000000000254	0.02475152198685077
     4.208333333333588	0.02475152232697314
     4.208666666666922	0.02475152268878064
     4.209000000000255	0.02475152304940031
     4.209333333333589	0.02475152339962183
     4.209666666666923	0.02475152374400266
     4.210000000000257	0.02475152409087771
      4.21033333333359	0.0247515244434977
     4.210666666666924	0.02475152480074351
     4.211000000000258	0.02475152516034287
     4.211333333333592	0.02475152526272801
     4.211666666666925	0.02475152540953839
     4.212000000000259	0.02475152601590855
     4.212333333333593	0.02475152671528581
     4.212666666666927	0.02475152716540027
      4.21300000000026	0.024751527366528
     4.213333333333594	0.02475152731212549
     4.213666666666928	0.02475152742176829
     4.214000000000262	0.02475152784046299
     4.214333333333595	0.02475152863822826
     4.214666666666929	0.02475152929941564
     4.215000000000263	0.02475152958487899
     4.215333333333596	0.02475152947387407
      4.21566666666693	0.02475152948051502
     4.216000000000264	0.02475152983423811
     4.216333333333598	0.0247515304065684
     4.216666666666931	0.02475153111900133
     4.217000000000265	0.02475153159067243
     4.217333333333599	0.02475153159346103
     4.217666666666933	0.02475153155492418
     4.218000000000266	0.02475153178319874
       4.2183333333336	0.02475153226074644
     4.218666666666934	0.02475153275945245
     4.219000000000268	0.02475153311210065
     4.219333333333601	0.0247515333301357
     4.219666666666935	0.02475153352768323
     4.220000000000269	0.02475153379159664
     4.220333333333603	0.02475153412147918
     4.220666666666936	0.02475153445635201
      4.22100000000027	0.02475153474982346
     4.221333333333604	0.0247515350023673
     4.221666666666938	0.02475153524502564
     4.222000000000271	0.02475153550205007
     4.222333333333605	0.02475153577474006
     4.222666666666939	0.02475153604809619
     4.223000000000273	0.02475153630778719
     4.223333333333606	0.02475153655283219
      4.22366666666694	0.02475153679039596
     4.224000000000274	0.02475153702720571
     4.224333333333607	0.02475153726358052
     4.224666666666941	0.02475153749822576
     4.225000000000275	0.02475153772894387
     4.225333333333609	0.02475153795418031
     4.225666666666942	0.02475153817381456
     4.226000000000276	0.02475153838869661
      4.22633333333361	0.02475153860006145
     4.226666666666944	0.02475153880881188
     4.227000000000277	0.02475153901500144
     4.227333333333611	0.02475153921777421
     4.227666666666945	0.02475153941637099
     4.228000000000279	0.02475153961048826
     4.228333333333612	0.02475153980068161
     4.228666666666946	0.02475153998791598
      4.22900000000028	0.02475154017280998
     4.229333333333614	0.02475154035524232
     4.229666666666947	0.02475154053460199
     4.230000000000281	0.02475154071033932
     4.230333333333615	0.02475154088261227
     4.230666666666949	0.0247515410518863
     4.231000000000282	0.02475154121865477
     4.231333333333616	0.02475154138313823
      4.23166666666695	0.02475154154524385
     4.232000000000284	0.02475154170469826
     4.232333333333617	0.02475154186150202
     4.232666666666951	0.02475154201569358
     4.233000000000285	0.02475154216743738
     4.233333333333618	0.02475154231694579
     4.233666666666952	0.02475154246437844
     4.234000000000286	0.02475154260979321
      4.23433333333362	0.02475154275310355
     4.234666666666953	0.02475154289442963
     4.235000000000287	0.02475154303364646
     4.235333333333621	0.02475154317094769
     4.235666666666955	0.02475154330636213
     4.236000000000288	0.02475154343987361
     4.236333333333622	0.02475154357178439
     4.236666666666956	0.02475154370209765
      4.23700000000029	0.02475154383068433
     4.237333333333623	0.02475154395769107
     4.237666666666957	0.02475154408311115
     4.238000000000291	0.02475154420693201
     4.238333333333625	0.02475154432932274
     4.238666666666958	0.02475154445032486
     4.239000000000292	0.02475154456994585
     4.239333333333626	0.02475154468821173
      4.23966666666696	0.02475154480516417
     4.240000000000293	0.02475154492084658
     4.240333333333627	0.02475154503528723
     4.240666666666961	0.02475154514848494
     4.241000000000295	0.02475154526047037
     4.241333333333628	0.02475154537131674
     4.241666666666962	0.02475154548108403
     4.242000000000296	0.02475154558981304
     4.242333333333629	0.02475154569743047
     4.242666666666963	0.02475154580391486
     4.243000000000297	0.02475154590931327
     4.243333333333631	0.02475154601371637
     4.243666666666964	0.02475154611718371
     4.244000000000298	0.02475154621971232
     4.244333333333632	0.0247515463213237
     4.244666666666966	0.02475154642189135
     4.245000000000299	0.02475154652144206
     4.245333333333633	0.02475154662011608
     4.245666666666967	0.02475154671785132
     4.246000000000301	0.02475154681467473
     4.246333333333634	0.02475154691061584
     4.246666666666968	0.02475154700567887
     4.247000000000302	0.02475154709988501
     4.247333333333636	0.02475154719314667
     4.247666666666969	0.02475154728545753
     4.248000000000303	0.02475154737685719
     4.248333333333637	0.02475154746748733
     4.248666666666971	0.02475154755741155
     4.249000000000304	0.02475154764630699
     4.249333333333638	0.02475154773417105
     4.249666666666972	0.02475154782115434
     4.250000000000306	0.02475154790735383
     4.250333333333639	0.0247515479927196
     4.250666666666973	0.02475154807735728
     4.251000000000307	0.0247515481609181
      4.25133333333364	0.02475154824339739
     4.251666666666974	0.02475154832430469
     4.252000000000308	0.02475154840528987
     4.252333333333642	0.02475154848569749
     4.252666666666975	0.02475154856486231
     4.253000000000309	0.02475154864347105
     4.253333333333643	0.02475154872049123
     4.253666666666977	0.02475154879602353
      4.25400000000031	0.02475154887107061
     4.254333333333644	0.02475154894621889
     4.254666666666978	0.0247515490205313
     4.255000000000312	0.02475154909326911
     4.255333333333645	0.02475154916457014
     4.255666666666979	0.0247515492349985
     4.256000000000313	0.02475154930479372
     4.256333333333647	0.02475154937383275
      4.25666666666698	0.02475154944195566
     4.257000000000314	0.02475154950902071
     4.257333333333648	0.02475154957500162
     4.257666666666982	0.02475154964002759
     4.258000000000315	0.02475154970418662
     4.258333333333649	0.02475154976746502
     4.258666666666983	0.02475154982978909
     4.259000000000317	0.02475154989112107
      4.25933333333365	0.02475154995149124
     4.259666666666984	0.0247515500109402
     4.260000000000318	0.02475155006948601
     4.260333333333651	0.02475155012710014
     4.260666666666985	0.02475155018374239
     4.261000000000319	0.02475155023941053
     4.261333333333653	0.02475155029416526
     4.261666666666986	0.02475155034799792
      4.26200000000032	0.02475155040093471
     4.262333333333654	0.02475155045297048
     4.262666666666988	0.02475155050407733
     4.263000000000321	0.02475155055427726
     4.263333333333655	0.02475155060353119
     4.263666666666989	0.02475155065191022
     4.264000000000323	0.0247515506994597
     4.264333333333656	0.02475155074615364
      4.26466666666699	0.02475155079194707
     4.265000000000324	0.02475155083687547
     4.265333333333658	0.02475155088091372
     4.265666666666991	0.02475155092413106
     4.266000000000325	0.02475155096656647
     4.266333333333659	0.02475155100819833
     4.266666666666993	0.02475155104899585
     4.267000000000326	0.02475155108900884
      4.26733333333366	0.02475155112820158
     4.267666666666994	0.02475155116663339
     4.268000000000328	0.02475155120434456
     4.268333333333661	0.02475155124132721
     4.268666666666995	0.02475155127755987
     4.269000000000329	0.02475155131305367
     4.269333333333662	0.02475155134784614
     4.269666666666996	0.02475155138197212
      4.27000000000033	0.02475155141543973
     4.270333333333664	0.02475155144823992
     4.270666666666997	0.02475155148037421
     4.271000000000331	0.02475155151186606
     4.271333333333665	0.02475155154274733
     4.271666666666999	0.02475155157310304
     4.272000000000332	0.02475155160280041
     4.272333333333666	0.02475155163187471
        4.272666666667	0.02475155164828652
     4.273000000000334	0.02475155167819841
     4.273333333333667	0.02475155171710641
     4.273666666667001	0.02475155173954562
     4.274000000000335	0.02475155175226161
     4.274333333333669	0.0247515517820417
     4.274666666667002	0.02475155180945209
     4.275000000000336	0.02475155183137984
      4.27533333333367	0.02475155185066145
     4.275666666667004	0.02475155187274289
     4.276000000000337	0.02475155189832863
     4.276333333333671	0.02475155192413306
     4.276666666667005	0.02475155194763468
     4.277000000000339	0.02475155196877736
     4.277333333333672	0.02475155198934453
     4.277666666667006	0.02475155201105757
      4.27800000000034	0.02475155203342231
     4.278333333333673	0.02475155205558774
     4.278666666667007	0.0247515520770203
     4.279000000000341	0.02475155209746376
     4.279333333333675	0.024751552117541
     4.279666666667008	0.02475155213797128
     4.280000000000342	0.02475155215847571
     4.280333333333676	0.02475155217875495
      4.28066666666701	0.0247515521987342
     4.281000000000343	0.02475155221802511
     4.281333333333677	0.02475155223691342
     4.281666666667011	0.02475155225576754
     4.282000000000345	0.02475155227485995
     4.282333333333678	0.02475155229364999
     4.282666666667012	0.02475155231199079
     4.283000000000346	0.02475155232998644
      4.28333333333368	0.02475155234799856
     4.283666666667013	0.02475155236575769
     4.284000000000347	0.02475155238326823
     4.284333333333681	0.024751552400598
     4.284666666667015	0.0247515524179576
     4.285000000000348	0.0247515524349712
     4.285333333333682	0.0247515524516671
     4.285666666667016	0.02475155246836194
      4.28600000000035	0.0247515524848164
     4.286333333333683	0.02475155250103833
     4.286666666667017	0.0247515525170974
     4.287000000000351	0.02475155253304463
     4.287333333333684	0.02475155254904206
     4.287666666667018	0.02475155256487287
     4.288000000000352	0.02475155258015285
     4.288333333333686	0.02475155259513969
     4.288666666667019	0.02475155261014529
     4.289000000000353	0.02475155262522878
     4.289333333333687	0.0247515526404071
     4.289666666667021	0.02475155265513946
     4.290000000000354	0.02475155266946375
     4.290333333333688	0.0247515526836446
     4.290666666667022	0.0247515526980426
     4.291000000000356	0.02475155271239763
     4.291333333333689	0.02475155272629159
     4.291666666667023	0.02475155273989528
     4.292000000000357	0.02475155275348303
     4.292333333333691	0.02475155276728704
     4.292666666667024	0.02475155278086086
     4.293000000000358	0.02475155279413506

     5.000333333333334	0.02305778467384334
     5.000666666666667	0.02333924151900984
     5.001000000000001	0.02474394237125118
     5.001333333333335	0.02563585510300343
     5.001666666666669	0.02543494894681701
     5.002000000000002	0.02470619540467733
     5.002333333333336	0.02424583288176829
      5.00266666666667	0.02433154232244813
     5.003000000000004	0.02469754244237753
     5.003333333333337	0.02494895851450217
     5.003666666666671	0.02491831249476829
     5.004000000000005	0.02471813822814152
     5.004333333333339	0.02456045129344484
     5.004666666666672	0.02456004544941143
     5.005000000000006	0.02466706525984981
      5.00533333333334	0.0247596222585909
     5.005666666666674	0.02475868255014625
     5.006000000000007	0.02468695420905074
     5.006333333333341	0.02462364693248026
     5.006666666666675	0.02461785129113742
     5.007000000000009	0.02465576297494283
     5.007333333333342	0.02468740517087858
     5.007666666666676	0.02468378760143105
      5.00800000000001	0.02465472484390219
     5.008333333333344	0.02463107911699619
     5.008666666666677	0.02462877097090533
     5.009000000000011	0.02464074054333419
     5.009333333333345	0.02464940486026668
     5.009666666666678	0.02464604476365219
     5.010000000000012	0.02463521561125722
     5.010333333333346	0.02462667218413324
      5.01066666666668	0.02462488147604978
     5.011000000000013	0.02462779770932608
     5.011333333333347	0.02462962326751808
     5.011666666666681	0.02462836721211954
     5.012000000000015	0.0246255064323951
     5.012333333333348	0.02462329815699334
     5.012666666666682	0.0246226088496221
     5.013000000000016	0.02462313327519326
      5.01333333333335	0.02462389287227697
     5.013666666666683	0.02462435927372135
     5.014000000000017	0.02462442103797851
     5.014333333333351	0.02462424283035967
     5.014666666666685	0.02462436122090274
     5.015000000000018	0.02462527291170194
     5.015333333333352	0.0246265914695074
     5.015666666666686	0.02462811023665203
      5.01600000000002	0.02462938736279033
     5.016333333333353	0.02463038481122729
     5.016666666666687	0.02463148080547729
     5.017000000000021	0.02463306899483575
     5.017333333333355	0.0246350568712345
     5.017666666666688	0.0246370877633981
     5.018000000000022	0.02463894535546064
     5.018333333333356	0.02464070420060855
     5.018666666666689	0.02464254949967738
     5.019000000000023	0.02464462608220073
     5.019333333333357	0.02464690165634202
     5.019666666666691	0.02464918153792862
     5.020000000000024	0.02465138691493753
     5.020333333333358	0.02465356400826781
     5.020666666666692	0.02465578556384053
     5.021000000000026	0.02465807265439621
     5.021333333333359	0.02466041643044237
     5.021666666666693	0.02466270133973998
     5.022000000000027	0.02466502351370991
     5.022333333333361	0.0246672473881881
     5.022666666666694	0.02466951316482779
     5.023000000000028	0.02467175124651181
     5.023333333333362	0.02467395301991981
     5.023666666666696	0.02467609688820677
     5.024000000000029	0.02467821614672026
     5.024333333333363	0.02468029288103833
     5.024666666666697	0.02468233122171363
     5.025000000000031	0.02468431520752128
     5.025333333333364	0.02468622412564148
     5.025666666666698	0.0246880638758427
     5.026000000000032	0.02468984363151618
     5.026333333333366	0.02469156278975157
     5.026666666666699	0.02469321352960988
     5.027000000000033	0.02469478850762746
     5.027333333333367	0.02469628383075647
       5.0276666666667	0.02469769792093098
     5.028000000000034	0.02469903188227537
     5.028333333333368	0.02470028402573002
     5.028666666666702	0.02470145254874521
     5.029000000000035	0.02470249896646571
     5.029333333333369	0.0247035451456904
     5.029666666666703	0.02470448614140449
     5.030000000000037	0.02470526915434708
      5.03033333333337	0.02470602834581979
     5.030666666666704	0.02470667018351539
     5.031000000000038	0.02470725460274201
     5.031333333333372	0.02470776745368509
     5.031666666666705	0.02470818873005229
     5.032000000000039	0.02470851763825544
     5.032333333333373	0.02470876794596608
     5.032666666666707	0.02470894871196186
      5.03300000000004	0.02470905919808951
     5.033333333333374	0.02470909648218976
     5.033666666666708	0.02470906166790705
     5.034000000000042	0.02470895906920404
     5.034333333333375	0.02470879598388515
     5.034666666666709	0.02470857674437553
     5.035000000000043	0.02470830005105846
     5.035333333333377	0.02470796719270916
      5.03566666666671	0.02470758262212267
     5.036000000000044	0.0247071505205705
     5.036333333333378	0.02470667840239452
     5.036666666666711	0.02470617033073641
     5.037000000000045	0.02470562515545305
     5.037333333333379	0.02470504370208159
     5.037666666666713	0.0247047997870324
     5.038000000000046	0.02470442300481697
      5.03833333333338	0.02470369655387752
     5.038666666666714	0.02470279179779132
     5.039000000000048	0.02470196011412474
     5.039333333333381	0.02470130796327908
     5.039666666666715	0.02470078018759555
     5.040000000000049	0.02469980903504811
     5.040333333333383	0.02469876786128171
     5.040666666666716	0.02469797621028099
      5.04100000000005	0.02469739461965662
     5.041333333333384	0.02469680810401082
     5.041666666666718	0.02469601408318913
     5.042000000000051	0.02469516419708877
     5.042333333333385	0.02469434299191946
     5.042666666666719	0.0246936282804841
     5.043000000000053	0.02469295686827986
     5.043333333333386	0.02469233684952006
      5.04366666666672	0.02469160418431302
     5.044000000000054	0.02469084989097614
     5.044333333333388	0.02469016057007797
     5.044666666666721	0.02468954804876411
     5.045000000000055	0.02468896980745343
     5.045333333333389	0.0246883759966324
     5.045666666666722	0.0246877539827618
     5.046000000000056	0.02468713068584445
      5.04633333333339	0.02468654206231662
     5.046666666666724	0.02468600448736261
     5.047000000000057	0.02468553013410736
     5.047333333333391	0.0246852574335777
     5.047666666666725	0.02468498852163977
     5.048000000000059	0.02468457198430125
     5.048333333333392	0.02468403748962837
     5.048666666666726	0.0246835374954944
      5.04900000000006	0.0246831801271894
     5.049333333333394	0.0246828899052787
     5.049666666666727	0.02468256709968479
     5.050000000000061	0.02468218675050318
     5.050333333333395	0.02468179731773928
     5.050666666666729	0.02468147262333564
     5.051000000000062	0.02468121788760802
     5.051333333333396	0.02468098426435896
      5.05166666666673	0.02468072794839412
     5.052000000000064	0.02468043498179157
     5.052333333333397	0.02468014080401316
     5.052666666666731	0.02467987224509595
     5.053000000000065	0.02467963929951564
     5.053333333333399	0.02467939378265861
     5.053666666666732	0.02467916466537598
     5.054000000000066	0.02467899017564628
       5.0543333333334	0.02467877707197037
     5.054666666666733	0.02467834961390858
     5.055000000000067	0.02467795350863007
     5.055333333333401	0.02467772671164957
     5.055666666666735	0.02467762534521906
     5.056000000000068	0.02467753998315969
     5.056333333333402	0.02467743873775931
     5.056666666666736	0.02467727840552553
      5.05700000000007	0.02467705214581541
     5.057333333333403	0.02467682678806055
     5.057666666666737	0.02467657387378813
     5.058000000000071	0.02467646005004177
     5.058333333333405	0.02467636525487116
     5.058666666666738	0.02467621886579805
     5.059000000000072	0.02467604173063584
     5.059333333333406	0.02467579648808817
      5.05966666666674	0.0246757068371669
     5.060000000000073	0.02467564381466715
     5.060333333333407	0.02467557010120123
     5.060666666666741	0.02467526047205062
     5.061000000000075	0.02467492952623659
     5.061333333333408	0.02467476239870096
     5.061666666666742	0.02467463071394249
     5.062000000000076	0.02467442258934178
      5.06233333333341	0.02467419168327834
     5.062666666666743	0.02467400142014776
     5.063000000000077	0.02467383096278929
     5.063333333333411	0.02467360643316625
     5.063666666666744	0.02467337589952681
     5.064000000000078	0.0246731889830266
     5.064333333333412	0.02467297784050876
     5.064666666666746	0.0246728474121314
     5.065000000000079	0.02467266465762314
     5.065333333333413	0.02467244429131963
     5.065666666666747	0.02467222575666566
     5.066000000000081	0.02467203281961346
     5.066333333333414	0.02467186690919349
     5.066666666666748	0.02467170939873514
     5.067000000000082	0.02467152040608568
     5.067333333333416	0.02467138664858945
     5.067666666666749	0.02467120651943938
     5.068000000000083	0.02467115362115602
     5.068333333333417	0.02467098469820871
     5.068666666666751	0.02467075728492999
     5.069000000000084	0.02467068334437632
     5.069333333333418	0.02467057214885989
     5.069666666666752	0.02467047675995749
     5.070000000000086	0.02467035595636814
     5.070333333333419	0.02467029120460457
     5.070666666666753	0.02467011963544142
     5.071000000000087	0.02467006891916283
     5.071333333333421	0.02466993373026573
     5.071666666666754	0.0246698423530894
     5.072000000000088	0.02466981498754397
     5.072333333333422	0.02466968874497617
     5.072666666666755	0.02466963461031463
     5.073000000000089	0.02466965353947229
     5.073333333333423	0.02466956171382507
     5.073666666666757	0.02466945492827859
      5.07400000000009	0.02466947988001114
     5.074333333333424	0.0246694475213234
     5.074666666666758	0.02466940436320974
     5.075000000000092	0.02466947045185291
     5.075333333333425	0.02466945770374764
     5.075666666666759	0.02466941666669592
     5.076000000000093	0.02466947331431995
     5.076333333333427	0.02466946908567341
      5.07666666666676	0.02466946361363789
     5.077000000000094	0.02466955099340884
     5.077333333333428	0.02466957382140192
     5.077666666666762	0.02466958149398323
     5.078000000000095	0.02466966359826343
     5.078333333333429	0.02466969619203636
     5.078666666666763	0.02466972783460005
     5.079000000000097	0.02466982292670478
      5.07933333333343	0.02466988993616162
     5.079666666666764	0.02466993230567071
     5.080000000000098	0.02466998880733179
     5.080333333333432	0.02467003628010805
     5.080666666666765	0.02467011811333237
     5.081000000000099	0.02467023622322109
     5.081333333333433	0.02467031590992439
     5.081666666666766	0.02467032578441938
       5.0820000000001	0.02467039092105291
     5.082333333333434	0.02467049718185466
     5.082666666666768	0.02467060522322366
     5.083000000000101	0.02467066876743279
     5.083333333333435	0.02467071348784299
     5.083666666666769	0.02467078917475172
     5.084000000000103	0.02467089599895037
     5.084333333333436	0.0246709559995111
      5.08466666666677	0.02467102112775255
     5.085000000000104	0.02467108787299859
     5.085333333333438	0.02467116949644003
     5.085666666666771	0.02467125166452879
     5.086000000000105	0.02467130244841121
     5.086333333333439	0.02467136122378671
     5.086666666666773	0.02467143001496358
     5.087000000000106	0.02467148809648011
      5.08733333333344	0.02467153784872436
     5.087666666666774	0.02467159437303623
     5.088000000000108	0.02467164242479104
     5.088333333333441	0.02467168732953842
     5.088666666666775	0.02467173713424831
     5.089000000000109	0.02467180816266947
     5.089333333333443	0.02467185948378862
     5.089666666666776	0.02467188927196208
      5.09000000000011	0.02467190368532432
     5.090333333333444	0.02467193372046595
     5.090666666666777	0.02467197279770417
     5.091000000000111	0.02467199557342042
     5.091333333333445	0.02467202038510456
     5.091666666666779	0.0246720408274891
     5.092000000000112	0.02467204554611906
     5.092333333333446	0.02467206084350949
      5.09266666666678	0.02467207670784963
     5.093000000000114	0.02467207964463836
     5.093333333333447	0.02467208723358612
     5.093666666666781	0.02467210041017109
     5.094000000000115	0.02467210134662175
     5.094333333333449	0.02467210097385186
     5.094666666666782	0.024672096587283
     5.095000000000116	0.02467208972276682
      5.09533333333345	0.02467208834433457
     5.095666666666784	0.0246720841716521
     5.096000000000117	0.02467207806708334
     5.096333333333451	0.02467207181093689
     5.096666666666785	0.02467206071534978
     5.097000000000119	0.02467205231878035
     5.097333333333452	0.02467204356993213
     5.097666666666786	0.02467203093502591
      5.09800000000012	0.02467202304984836
     5.098333333333454	0.02467201353155932
     5.098666666666787	0.02467199838126395
     5.099000000000121	0.02467198992590448
     5.099333333333455	0.02467198126303404
     5.099666666666788	0.02467196649525763
     5.100000000000122	0.02467195994607078
     5.100333333333456	0.02467195159401705
      5.10066666666679	0.02467193677415232
     5.101000000000123	0.02467193318642129
     5.101333333333457	0.02467192697748006
     5.101666666666791	0.02467191361885653
     5.102000000000125	0.02467191312149936
     5.102333333333458	0.02467190877982679
     5.102666666666792	0.02467189742786504
     5.103000000000126	0.02467190292214483
      5.10333333333346	0.02467189919648475
     5.103666666666793	0.02467188938468049
     5.104000000000127	0.02467189954094047
     5.104333333333461	0.02467190061038554
     5.104666666666795	0.02467189449385746
     5.105000000000128	0.02467189119442789
     5.105333333333462	0.02467191365899934
     5.105666666666796	0.02467192275398283
      5.10600000000013	0.02467191892027324
     5.106333333333463	0.02467191747524191
     5.106666666666797	0.02467194403017033
     5.107000000000131	0.02467195919729786
     5.107333333333465	0.02467196207263731
     5.107666666666798	0.0246719665585494
     5.108000000000132	0.0246719969109733
     5.108333333333466	0.02467201544559166
     5.108666666666799	0.02467202286974831
     5.109000000000133	0.02467203275311732
     5.109333333333467	0.02467205278440642
     5.109666666666801	0.02467207895623336
     5.110000000000134	0.0246721036620223
     5.110333333333468	0.02467212472571797
     5.110666666666802	0.0246721452229768
     5.111000000000136	0.02467216819579186
     5.111333333333469	0.02467219395101693
     5.111666666666803	0.024672221018176
     5.112000000000137	0.02467224821286017
     5.112333333333471	0.02467227518982434
     5.112666666666804	0.02467230232691052
     5.113000000000138	0.02467233018180526
     5.113333333333472	0.02467235910730782
     5.113666666666806	0.0246723887562136
     5.114000000000139	0.02467241865357312
     5.114333333333473	0.02467244851209038
     5.114666666666807	0.0246724784842956
     5.115000000000141	0.02467250872753476
     5.115333333333474	0.0246725394663099
     5.115666666666808	0.02467257049840032
     5.116000000000142	0.02467260152781579
     5.116333333333476	0.02467263242598946
     5.116666666666809	0.02467266317035795
     5.117000000000143	0.02467269388772407
     5.117333333333477	0.02467272460272206
      5.11766666666681	0.02467275525865785
     5.118000000000144	0.02467278568431944
     5.118333333333478	0.02467281577948003
     5.118666666666812	0.02467284555303508
     5.119000000000145	0.02467287504376863
     5.119333333333479	0.02467290423870555
     5.119666666666813	0.02467293306717535
     5.120000000000147	0.02467296145240355
      5.12033333333348	0.02467298935573345
     5.120666666666814	0.02467301677448324
     5.121000000000148	0.02467304370800129
     5.121333333333482	0.02467307013229058
     5.121666666666815	0.02467309600545891
     5.122000000000149	0.0246731212986221
     5.122333333333483	0.02467314596808724
     5.122666666666817	0.02467317001852284
      5.12300000000015	0.02467319349475719
     5.123333333333484	0.02467321633859693
     5.123666666666818	0.02467323850888677
     5.124000000000152	0.02467326002612025
     5.124333333333485	0.02467328087271094
     5.124666666666819	0.02467330103205824
     5.125000000000153	0.02467332045960865
     5.125333333333487	0.02467333939168836
      5.12566666666682	0.02467335768203015
     5.126000000000154	0.02467337523172462
     5.126333333333488	0.02467339206155661
     5.126666666666821	0.02467340822848352
     5.127000000000155	0.02467342376099689
     5.127333333333489	0.02467343868108326
     5.127666666666823	0.02467345296858935
     5.128000000000156	0.02467346661428725
      5.12833333333349	0.02467347962685999
     5.128666666666824	0.02467349204433509
     5.129000000000158	0.0246735038836576
     5.129333333333491	0.024673515149646
     5.129666666666825	0.0246735258484457
     5.130000000000159	0.02467353599509931
     5.130333333333493	0.02467354561004969
     5.130666666666826	0.02467355471379187
      5.13100000000016	0.02467356332247194
     5.131333333333494	0.02467357144884915
     5.131666666666828	0.02467357910639384
     5.132000000000161	0.02467358631216682
     5.132333333333495	0.02467359308520616
     5.132666666666829	0.02467359944432476
     5.133000000000163	0.02467360541340994
     5.133333333333496	0.02467361100981297
      5.13366666666683	0.02467361624409493
     5.134000000000164	0.02467362112837077
     5.134333333333498	0.02467362568296809
     5.134666666666831	0.02467362992672363
     5.135000000000165	0.0246736338762251
     5.135333333333499	0.02467363755119766
     5.135666666666832	0.02467364096801824
     5.136000000000166	0.02467364414945823
       5.1363333333335	0.02467364702904437
     5.136666666666834	0.02467364976914047
     5.137000000000167	0.02467365235791316
     5.137333333333501	0.02467365464910975
     5.137666666666835	0.02467365673749908
     5.138000000000169	0.02467365872206158
     5.138333333333502	0.02467366060072596
     5.138666666666836	0.0246736623277681
      5.13900000000017	0.02467366388428997
     5.139333333333504	0.02467366503746504
     5.139666666666837	0.02467366646885465
     5.140000000000171	0.02467366788024166
     5.140333333333505	0.02467366910803394
     5.140666666666839	0.0246736701327767
     5.141000000000172	0.0246736710566851
     5.141333333333506	0.02467367198910266
      5.14166666666684	0.02467367293630976
     5.142000000000174	0.02467367381168085
     5.142333333333507	0.02467367460505431
     5.142666666666841	0.02467367532807542
     5.143000000000175	0.02467367604771717
     5.143333333333509	0.02467367676332772
     5.143666666666842	0.02467367745987144
     5.144000000000176	0.02467367810927161
      5.14433333333351	0.02467367870898458
     5.144666666666843	0.02467367930014831
     5.145000000000177	0.02467367991363355
     5.145333333333511	0.02467368055043918
     5.145666666666845	0.02467368117988672
     5.146000000000178	0.02467368179324481
     5.146333333333512	0.0246736824067316
     5.146666666666846	0.02467368302306387
      5.14700000000018	0.02467368363540271
     5.147333333333513	0.02467368425413376
     5.147666666666847	0.02467368486692979
     5.148000000000181	0.0246736854845489
     5.148333333333515	0.02467368610431846
     5.148666666666848	0.02467368673058464
     5.149000000000182	0.02467368736363418
     5.149333333333516	0.02467368800019589
      5.14966666666685	0.02467368863707787
     5.150000000000183	0.02467368927362402
     5.150333333333517	0.02467368991096114
     5.150666666666851	0.02467369054346819
     5.151000000000185	0.02467369118379971
     5.151333333333518	0.02467369182653904
     5.151666666666852	0.02467369246432378
     5.152000000000186	0.02467369308901702
      5.15233333333352	0.02467369371112937
     5.152666666666853	0.02467369434115925
     5.153000000000187	0.02467369496787461
     5.153333333333521	0.02467369558059965
     5.153666666666854	0.02467369617841042
     5.154000000000188	0.02467369676662672
     5.154333333333522	0.02467369734364854
     5.154666666666856	0.02467369849903333
     5.155000000000189	0.02467369947490577
     5.155333333333523	0.02467369922201863
     5.155666666666857	0.02467369944126211
     5.156000000000191	0.02467370038957022
     5.156333333333524	0.02467370100664674
     5.156666666666858	0.02467370155365544
     5.157000000000192	0.02467370221694761
     5.157333333333526	0.0246737027138106
     5.157666666666859	0.02467370303409158
     5.158000000000193	0.02467370332329884
     5.158333333333527	0.02467370375636191
     5.158666666666861	0.02467370425437565
     5.159000000000194	0.02467370466724485
     5.159333333333528	0.02467370434053423
     5.159666666666862	0.02467370478523116
     5.160000000000196	0.02467370563894332
     5.160333333333529	0.02467370629320272
     5.160666666666863	0.02467370642025693
     5.161000000000197	0.02467370557955985
     5.161333333333531	0.02467370592040613
     5.161666666666864	0.02467370696855481
     5.162000000000198	0.02467370699303275
     5.162333333333532	0.02467370739984843
     5.162666666666865	0.02467370708210796
     5.163000000000199	0.02467370736035153
     5.163333333333533	0.02467370739853509
     5.163666666666867	0.0246737080472433
       5.1640000000002	0.02467370790105174
     5.164333333333534	0.02467370775222175
     5.164666666666868	0.02467370781398642
     5.165000000000202	0.02467370869119116
     5.165333333333535	0.02467370875897143
     5.165666666666869	0.02467370832616647
     5.166000000000203	0.02467370821750571
     5.166333333333537	0.02467370855572636
      5.16666666666687	0.02467370893954583
     5.167000000000204	0.0246737091120246
     5.167333333333538	0.02467370908522638
     5.167666666666872	0.02467370903215563
     5.168000000000205	0.02467370911778008
     5.168333333333539	0.02467370931962412
     5.168666666666873	0.02467370949545898
     5.169000000000207	0.02467370957250448
      5.16933333333354	0.02467370960937131
     5.169666666666874	0.02467370967932723
     5.170000000000208	0.02467370978874832
     5.170333333333542	0.02467370989551681
     5.170666666666875	0.02467370997565252
     5.171000000000209	0.0246737100427947
     5.171333333333543	0.02467371012248099
     5.171666666666876	0.02467371007743855
      5.17200000000021	0.02467371020956095
     5.172333333333544	0.02467371051445164
     5.172666666666878	0.02467371053859834
     5.173000000000211	0.02467371049868664
     5.173333333333545	0.02467371041804399
     5.173666666666879	0.02467371061808751
     5.174000000000213	0.0246737107574063
     5.174333333333546	0.02467371089395851
      5.17466666666688	0.02467371087842916
     5.175000000000214	0.02467371077222846
     5.175333333333548	0.02467371098148971
     5.175666666666881	0.02467371113415947
     5.176000000000215	0.02467371108323452
     5.176333333333549	0.02467371097604914
     5.176666666666883	0.02467371105704007
     5.177000000000216	0.0246737112550106
      5.17733333333355	0.02467371136047991
     5.177666666666884	0.02467371133795478
     5.178000000000218	0.02467371131366461
     5.178333333333551	0.02467371134676601
     5.178666666666885	0.02467371138551255
     5.179000000000219	0.02467371136052644
     5.179333333333553	0.02467371134876438
     5.179666666666886	0.02467371136044138
      5.18000000000022	0.02467371140598704
     5.180333333333554	0.02467371144958795
     5.180666666666887	0.02467371143097114
     5.181000000000221	0.02467371156553145
     5.181333333333555	0.02467371146267066
     5.181666666666889	0.02467371127177274
     5.182000000000222	0.02467371139469503
     5.182333333333556	0.02467371145401664
      5.18266666666689	0.02467371139104059
     5.183000000000224	0.02467371147849691
     5.183333333333557	0.02467371140772239
     5.183666666666891	0.02467371124778973
     5.184000000000225	0.02467371130177702
     5.184333333333559	0.02467371132442905
     5.184666666666892	0.02467371152893962
     5.185000000000226	0.0246737113723299
      5.18533333333356	0.02467371125235084
     5.185666666666894	0.02467371108301018
     5.186000000000227	0.02467371119551319
     5.186333333333561	0.02467371129515743
     5.186666666666895	0.02467371126561483
     5.187000000000229	0.02467371113095866
     5.187333333333562	0.0246737108968671
     5.187666666666896	0.02467371091703349
      5.18800000000023	0.02467371104349438
     5.188333333333564	0.02467371106087417
     5.188666666666897	0.02467371099522329
     5.189000000000231	0.0246737108230482
     5.189333333333565	0.02467371066475595
     5.189666666666898	0.02467371054614928
     5.190000000000232	0.02467371054705464
     5.190333333333566	0.0246737105764383
       5.1906666666669	0.02467371057207255
     5.191000000000233	0.02467371052186292
     5.191333333333567	0.02467371040151022
     5.191666666666901	0.02467371022058499
     5.192000000000235	0.02467371018610507
     5.192333333333568	0.02467371015560553
     5.192666666666902	0.02467371007831947
     5.193000000000236	0.02467371002500273
      5.19333333333357	0.02467370999585103
     5.193666666666903	0.02467370994653166
     5.194000000000237	0.02467370987564494
     5.194333333333571	0.02467370981539292
     5.194666666666905	0.0246737097857812
     5.195000000000238	0.02467370987653529
     5.195333333333572	0.02467370988735948
     5.195666666666906	0.02467370978096145
      5.19600000000024	0.02467370964711571
     5.196333333333573	0.02467370962971284
     5.196666666666907	0.02467370987736084
     5.197000000000241	0.02467371008952633
     5.197333333333575	0.02467370997258045
     5.197666666666908	0.0246737097204314
     5.198000000000242	0.02467370965752019
     5.198333333333576	0.02467371003099282
     5.198666666666909	0.02467371039176165
     5.199000000000243	0.02467371047646543
     5.199333333333577	0.02467371019307928
     5.199666666666911	0.02467370998531284
     5.200000000000244	0.02467371032433465
     5.200333333333578	0.0246737108024036
     5.200666666666912	0.02467371107335444
     5.201000000000246	0.02467371104436106
     5.201333333333579	0.02467371096967975
     5.201666666666913	0.02467371109097263
     5.202000000000247	0.02467371135897825
     5.202333333333581	0.02467371162221507
     5.202666666666914	0.02467371180706725
     5.203000000000248	0.02467371194223941
     5.203333333333582	0.0246737120977085
     5.203666666666916	0.0246737123029281
     5.204000000000249	0.02467371253804783
     5.204333333333583	0.02467371277339096
     5.204666666666917	0.02467371299815342
     5.205000000000251	0.02467371321958742
     5.205333333333584	0.02467371344921903
     5.205666666666918	0.02467371369186867
     5.206000000000252	0.02467371394593411
     5.206333333333586	0.02467371420788486
     5.206666666666919	0.02467371447380315
     5.207000000000253	0.02467371474123385
     5.207333333333587	0.02467371500963415
      5.20766666666692	0.02467371528094645
     5.208000000000254	0.0246737155577262
     5.208333333333588	0.02467371584076539
     5.208666666666922	0.02467371612844875
     5.209000000000255	0.02467371641839146
     5.209333333333589	0.02467371670942837
     5.209666666666923	0.02467371700189152
     5.210000000000257	0.0246737172966436
      5.21033333333359	0.02467371759371732
     5.210666666666924	0.02467371789224779
     5.211000000000258	0.02467371819138486
     5.211333333333592	0.02467371849140559
     5.211666666666925	0.02467371879209948
     5.212000000000259	0.02467371909249141
     5.212333333333593	0.0246737193926887
     5.212666666666927	0.02467371969453262
      5.21300000000026	0.02467371999038608
     5.213333333333594	0.02467372010302039
     5.213666666666928	0.02467372024687343
     5.214000000000262	0.02467372073148055
     5.214333333333595	0.02467372128482875
     5.214666666666929	0.02467372165614698
     5.215000000000263	0.024673721838888
     5.215333333333596	0.02467372182575281
      5.21566666666693	0.02467372192871514
     5.216000000000264	0.02467372226254413
     5.216333333333598	0.0246737228815919
     5.216666666666931	0.02467372340582684
     5.217000000000265	0.02467372364928118
     5.217333333333599	0.02467372359197689
     5.217666666666933	0.02467372361096711
     5.218000000000266	0.0246737238852405
       5.2183333333336	0.02467372432736747
     5.218666666666934	0.02467372472982754
     5.219000000000268	0.02467372499238432
     5.219333333333601	0.02467372516275337
     5.219666666666935	0.02467372533852999
     5.220000000000269	0.02467372558618015
     5.220333333333603	0.02467372588151763
     5.220666666666936	0.02467372616221981
      5.22100000000027	0.02467372640085736
     5.221333333333604	0.02467372660998734
     5.221666666666938	0.02467372681924899
     5.222000000000271	0.02467372704563776
     5.222333333333605	0.02467372728377943
     5.222666666666939	0.02467372751753918
     5.223000000000273	0.02467372773660148
     5.223333333333606	0.02467372794260765
      5.22366666666694	0.02467372814383279
     5.224000000000274	0.02467372834627449
     5.224333333333607	0.02467372855062634
     5.224666666666941	0.02467372875228997
     5.225000000000275	0.02467372894828299
     5.225333333333609	0.02467372913855561
     5.225666666666942	0.02467372932474377
     5.226000000000276	0.02467372950802153
      5.22633333333361	0.02467372968895124
     5.226666666666944	0.02467372986739502
     5.227000000000277	0.02467373004285721
     5.227333333333611	0.02467373021475387
     5.227666666666945	0.02467373038299911
     5.228000000000279	0.02467373054785236
     5.228333333333612	0.02467373070972229
     5.228666666666946	0.02467373086922517
      5.22900000000028	0.02467373102663693
     5.229333333333614	0.02467373118171311
     5.229666666666947	0.02467373133390555
     5.230000000000281	0.02467373148306768
     5.230333333333615	0.02467373162929636
     5.230666666666949	0.02467373177316973
     5.231000000000282	0.02467373191504956
     5.231333333333616	0.02467373205500184
      5.23166666666695	0.02467373219279512
     5.232000000000284	0.0246737323282319
     5.232333333333617	0.02467373246161111
     5.232666666666951	0.02467373259281471
     5.233000000000285	0.02467373272180852
     5.233333333333618	0.02467373284897851
     5.233666666666952	0.02467373297449959
     5.234000000000286	0.02467373309835495
      5.23433333333362	0.02467373322044526
     5.234666666666953	0.02467373334071219
     5.235000000000287	0.02467373345928236
     5.235333333333621	0.02467373357622764
     5.235666666666955	0.02467373369161825
     5.236000000000288	0.0246737338055471
     5.236333333333622	0.02467373391809913
     5.236666666666956	0.02467373402924898
      5.23700000000029	0.02467373413899637
     5.237333333333623	0.02467373424732448
     5.237666666666957	0.02467373435430269
     5.238000000000291	0.02467373446002333
     5.238333333333625	0.02467373456463351
     5.238666666666958	0.02467373466803847
     5.239000000000292	0.02467373477024023
     5.239333333333626	0.02467373487127887
      5.23966666666696	0.02467373497121843
     5.240000000000293	0.02467373507018851
     5.240333333333627	0.02467373516805068
     5.240666666666961	0.02467373526483791
     5.241000000000295	0.02467373536063262
     5.241333333333628	0.02467373545550379
     5.241666666666962	0.02467373554946696
     5.242000000000296	0.02467373564250065
     5.242333333333629	0.02467373573467487
     5.242666666666963	0.02467373582582926
     5.243000000000297	0.02467373591604506
     5.243333333333631	0.02467373600544394
     5.243666666666964	0.02467373609414779
     5.244000000000298	0.02467373618197363
     5.244333333333632	0.02467373626891507
     5.244666666666966	0.02467373635510068
     5.245000000000299	0.02467373644043986
     5.245333333333633	0.02467373652497595
     5.245666666666967	0.02467373660875702
     5.246000000000301	0.02467373669186341
     5.246333333333634	0.02467373677431371
     5.246666666666968	0.02467373685565348
     5.247000000000302	0.02467373693636487
     5.247333333333636	0.02467373701631556
     5.247666666666969	0.02467373709544456
     5.248000000000303	0.02467373717384391
     5.248333333333637	0.02467373725162835
     5.248666666666971	0.0246737373286869
     5.249000000000304	0.02467373740486645
     5.249333333333638	0.02467373748029319
     5.249666666666972	0.02467373755505126
     5.250000000000306	0.02467373762905457
     5.250333333333639	0.02467373770226761
     5.250666666666973	0.02467373777468159
     5.251000000000307	0.0246737378454264
      5.25133333333364	0.02467373791717143
     5.251666666666974	0.02467373798695517
     5.252000000000308	0.02467373805655423
     5.252333333333642	0.02467373812647625
     5.252666666666975	0.0246737381938045
     5.253000000000309	0.02467373825968082
     5.253333333333643	0.02467373832537482
     5.253666666666977	0.02467373839163443
      5.25400000000031	0.02467373845754428
     5.254333333333644	0.02467373852188907
     5.254666666666978	0.02467373858459049
     5.255000000000312	0.02467373864629249
     5.255333333333645	0.0246737387075485
     5.255666666666979	0.02467373876839598
     5.256000000000313	0.02467373882863499
     5.256333333333647	0.02467373888799843
      5.25666666666698	0.02467373894623377
     5.257000000000314	0.02467373900348477
     5.257333333333648	0.02467373906001545
     5.257666666666982	0.02467373911591873
     5.258000000000315	0.02467373917108116
     5.258333333333649	0.02467373922536422
     5.258666666666983	0.02467373927874382
     5.259000000000317	0.02467373933128785
      5.25933333333365	0.02467373938305586
     5.259666666666984	0.02467373943407666
     5.260000000000318	0.02467373948423097
     5.260333333333651	0.02467373953352463
     5.260666666666985	0.02467373958201247
     5.261000000000319	0.02467373962972496
     5.261333333333653	0.02467373967664915
     5.261666666666986	0.0246737397227634
      5.26200000000032	0.02467373976806565
     5.262333333333654	0.02467373981257051
     5.262666666666988	0.02467373985629037
     5.263000000000321	0.02467373989922562
     5.263333333333655	0.02467373994137436
     5.263666666666989	0.02467373998277521
     5.264000000000323	0.02467374002336099
     5.264333333333656	0.02467374006316858
      5.26466666666699	0.02467374010224301
     5.265000000000324	0.02467374014059273
     5.265333333333658	0.0246737401782013
     5.265666666666991	0.02467374021506301
     5.266000000000325	0.02467374025119336
     5.266333333333659	0.02467374028661484
     5.266666666666993	0.02467374032133811
     5.267000000000326	0.02467374035536285
      5.26733333333366	0.02467374038868885
     5.267666666666994	0.0246737404096738
     5.268000000000328	0.02467374044365675
     5.268333333333661	0.0246737404730685
     5.268666666666995	0.0246737405122513
     5.269000000000329	0.02467374053870153
     5.269333333333662	0.02467374055748204
     5.269666666666996	0.02467374057867357
      5.27000000000033	0.02467374060775133
     5.270333333333664	0.02467374064117765
     5.270666666666997	0.02467374067196829
     5.271000000000331	0.02467374069697002
     5.271333333333665	0.02467374071881782
     5.271666666666999	0.02467374074147396
     5.272000000000332	0.0246737407666996
     5.272333333333666	0.02467374079327506
        5.272666666667	0.02467374081900182
     5.273000000000334	0.0246737408424119
     5.273333333333667	0.0246737408640391
     5.273666666667001	0.02467374088550883
     5.274000000000335	0.02467374090792263
     5.274333333333669	0.0246737409310951
     5.274666666667002	0.02467374095364376
     5.275000000000336	0.02467374097473694
      5.27533333333367	0.02467374099492589
     5.275666666667004	0.0246737410149247
     5.276000000000337	0.02467374103522371
     5.276333333333671	0.0246737410553793
     5.276666666667005	0.02467374107504175
     5.277000000000339	0.02467374109423335
     5.277333333333672	0.02467374111292201
     5.277666666667006	0.02467374113105781
      5.27800000000034	0.02467374114914555
     5.278333333333673	0.02467374116697226
     5.278666666667007	0.02467374118450773
     5.279000000000341	0.02467374120190922
     5.279333333333675	0.02467374121883178
     5.279666666667008	0.02467374123535067
     5.280000000000342	0.02467374125181666
     5.280333333333676	0.02467374126793209
      5.28066666666701	0.02467374128373182
     5.281000000000343	0.02467374129948083
     5.281333333333677	0.02467374131484028
     5.281666666667011	0.02467374132985639
     5.282000000000345	0.02467374134483731
     5.282333333333678	0.02467374135948242
     5.282666666667012	0.02467374137400547
     5.283000000000346	0.02467374138811998
      5.28333333333368	0.02467374140213955
     5.283666666667013	0.02467374141584832
     5.284000000000347	0.02467374142934304
     5.284333333333681	0.02467374144289469
     5.284666666667015	0.02467374145612643
     5.285000000000348	0.02467374146923676
     5.285333333333682	0.02467374148194701
     5.285666666667016	0.02467374149443832
      5.28600000000035	0.0246737415068792
     5.286333333333683	0.02467374151928656
     5.286666666667017	0.02467374153175524
     5.287000000000351	0.02467374154380976
     5.287333333333684	0.02467374155569109
     5.287666666667018	0.02467374156742094
     5.288000000000352	0.024673741578858
     5.288333333333686	0.02467374159020424
     5.288666666667019	0.02467374160174408

     6.000333333333334	0.02317278589054518
     6.000666666666667	0.02341627644052231
     6.001000000000001	0.02465870929855576
     6.001333333333335	0.02545371499374574
     6.001666666666669	0.02528574236086497
     6.002000000000002	0.02464621503139204
     6.002333333333336	0.02423479320101229
      6.00266666666667	0.02430189150860938
     6.003000000000004	0.02462077374720768
     6.003333333333337	0.02484593154586109
     6.003666666666671	0.02482530922107698
     6.004000000000005	0.02465218993253441
     6.004333333333339	0.02451140627637565
     6.004666666666672	0.02450687224993826
     6.005000000000006	0.02459997794220449
      6.00533333333334	0.0246822145743132
     6.005666666666674	0.02468309237781714
     6.006000000000007	0.02462082131898728
     6.006333333333341	0.02456467694058935
     6.006666666666675	0.02455844144447598
     6.007000000000009	0.02459109326148333
     6.007333333333342	0.02461898775947712
     6.007666666666676	0.02461643708209649
      6.00800000000001	0.02459147086158159
     6.008333333333344	0.02457072421871856
     6.008666666666677	0.02456826394663801
     6.009000000000011	0.02457845590897799
     6.009333333333345	0.02458599190619668
     6.009666666666678	0.02458332529720245
     6.010000000000012	0.024574134711516
     6.010333333333346	0.02456673495589966
      6.01066666666668	0.02456500157121293
     6.011000000000013	0.024567387986799
     6.011333333333347	0.0245689551025779
     6.011666666666681	0.02456802242619661
     6.012000000000015	0.02456558444222025
     6.012333333333348	0.02456373517099024
     6.012666666666682	0.0245632104808736
     6.013000000000016	0.0245635878499125
      6.01333333333335	0.02456432465713597
     6.013666666666683	0.02456480845635397
     6.014000000000017	0.02456486075902507
     6.014333333333351	0.02456469431646616
     6.014666666666685	0.02456488540421773
     6.015000000000018	0.02456577542468362
     6.015333333333352	0.02456696023408295
     6.015666666666686	0.02456831190050372
      6.01600000000002	0.02456944814245516
     6.016333333333353	0.02457043627033251
     6.016666666666687	0.02457141410032481
     6.017000000000021	0.02457279683428297
     6.017333333333355	0.02457457322171682
     6.017666666666688	0.02457641250394353
     6.018000000000022	0.0245781444490718
     6.018333333333356	0.02457975338505551
     6.018666666666689	0.02458139377050765
     6.019000000000023	0.02458321748514133
     6.019333333333357	0.02458518759028851
     6.019666666666691	0.02458725297027597
     6.020000000000024	0.02458926781435095
     6.020333333333358	0.0245912044741214
     6.020666666666692	0.02459314337027569
     6.021000000000026	0.02459515040030587
     6.021333333333359	0.02459722389320511
     6.021666666666693	0.02459925567682004
     6.022000000000027	0.02460130210158301
     6.022333333333361	0.02460329935828987
     6.022666666666694	0.02460520056621197
     6.023000000000028	0.02460716410882789
     6.023333333333362	0.02460912140964393
     6.023666666666696	0.02461103676842182
     6.024000000000029	0.0246128679573111
     6.024333333333363	0.02461463866115655
     6.024666666666697	0.02461638098804127
     6.025000000000031	0.0246180980506203
     6.025333333333364	0.02461976622439532
     6.025666666666698	0.02462136455572358
     6.026000000000032	0.02462288895643259
     6.026333333333366	0.02462434856876966
     6.026666666666699	0.02462574897851812
     6.027000000000033	0.02462708882485375
     6.027333333333367	0.02462835874151947
       6.0276666666667	0.02462955332217102
     6.028000000000034	0.02463067054292704
     6.028333333333368	0.02463171227315298
     6.028666666666702	0.0246326487444467
     6.029000000000035	0.02463358477576721
     6.029333333333369	0.02463443007118243
     6.029666666666703	0.02463516248532817
     6.030000000000037	0.02463577670883713
      6.03033333333337	0.02463636498429629
     6.030666666666704	0.02463693724427234
     6.031000000000038	0.02463737812577638
     6.031333333333372	0.02463773536523264
     6.031666666666705	0.02463802590883615
     6.032000000000039	0.02463825653625331
     6.032333333333373	0.0246384253065161
     6.032666666666707	0.02463852625063191
      6.03300000000004	0.02463855605941135
     6.033333333333374	0.02463851913075068
     6.033666666666708	0.02463842276349192
     6.034000000000042	0.02463827502523934
     6.034333333333375	0.02463807586409741
     6.034666666666709	0.02463782436953882
     6.035000000000043	0.02463752124622526
     6.035333333333377	0.0246371705186589
      6.03566666666671	0.02463677868495887
     6.036000000000044	0.02463634633511668
     6.036333333333378	0.02463587973043858
     6.036666666666711	0.02463538280466777
     6.037000000000045	0.02463485459020246
     6.037333333333379	0.02463464055702704
     6.037666666666713	0.02463430792488466
     6.038000000000046	0.02463364905119999
      6.03833333333338	0.02463281788230197
     6.038666666666714	0.02463204958600975
     6.039000000000048	0.02463141990444989
     6.039333333333381	0.02463096580112546
     6.039666666666715	0.02463009011393575
     6.040000000000049	0.02462911834247047
     6.040333333333383	0.02462836594344334
     6.040666666666716	0.02462781986243665
      6.04100000000005	0.0246272928384632
     6.041333333333384	0.02462657813745345
     6.041666666666718	0.0246258004889087
     6.042000000000051	0.02462503374814361
     6.042333333333385	0.02462436250261073
     6.042666666666719	0.02462374009426793
     6.043000000000053	0.0246231701133724
     6.043333333333386	0.02462249641426933
      6.04366666666672	0.02462179516579002
     6.044000000000054	0.02462115016630515
     6.044333333333388	0.02462057675339121
     6.044666666666721	0.02462003813985681
     6.045000000000055	0.02461948551121558
     6.045333333333389	0.02461890346066676
     6.045666666666722	0.02461831864609606
     6.046000000000056	0.02461776643672006
      6.04633333333339	0.02461726186016867
     6.046666666666724	0.02461681045116166
     6.047000000000057	0.02461653209312956
     6.047333333333391	0.02461611154389906
     6.047666666666725	0.02461566882529503
     6.048000000000059	0.02461531520375738
     6.048333333333392	0.02461500591864384
     6.048666666666726	0.02461467475894202
      6.04900000000006	0.02461428339586742
     6.049333333333394	0.0246138887312256
     6.049666666666727	0.02461354730351269
     6.050000000000061	0.0246132588001811
     6.050333333333395	0.02461298325157116
     6.050666666666729	0.02461269635025743
     6.051000000000062	0.02461240663520119
     6.051333333333396	0.0246121316380913
      6.05166666666673	0.02461187768329353
     6.052000000000064	0.02461163337581605
     6.052333333333397	0.0246113914023601
     6.052666666666731	0.02461117840517515
     6.053000000000065	0.02461092361427078
     6.053333333333399	0.02461064812175118
     6.053666666666732	0.0246104241858636
     6.054000000000066	0.02461027747755544
       6.0543333333334	0.02461009984580849
     6.054666666666733	0.02460970443720434
     6.055000000000067	0.02460933300725573
     6.055333333333401	0.02460909547534028
     6.055666666666735	0.02460898458239973
     6.056000000000068	0.02460890427331817
     6.056333333333402	0.02460881336783321
     6.056666666666736	0.02460866751644739
      6.05700000000007	0.0246084194515434
     6.057333333333403	0.02460821219870394
     6.057666666666737	0.02460799993130122
     6.058000000000071	0.02460789310169849
     6.058333333333405	0.02460780247570792
     6.058666666666738	0.0246076402704276
     6.059000000000072	0.024607417369664
     6.059333333333406	0.02460733848735883
      6.05966666666674	0.02460710119641672
     6.060000000000073	0.02460697902139724
     6.060333333333407	0.02460685031095835
     6.060666666666741	0.02460660027598827
     6.061000000000075	0.02460641174378638
     6.061333333333408	0.02460624326393926
     6.061666666666742	0.02460605767710483
     6.062000000000076	0.02460583837374365
      6.06233333333341	0.02460562512664081
     6.062666666666743	0.0246054433317604
     6.063000000000077	0.02460528317764386
     6.063333333333411	0.02460510537725532
     6.063666666666744	0.02460489933795994
     6.064000000000078	0.02460469210475451
     6.064333333333412	0.02460450819094311
     6.064666666666746	0.02460434470125021
     6.065000000000079	0.0246041784685377
     6.065333333333413	0.02460399720407292
     6.065666666666747	0.02460380948746973
     6.066000000000081	0.02460363289301789
     6.066333333333414	0.02460347159771132
     6.066666666666748	0.02460331535540427
     6.067000000000082	0.02460315634177198
     6.067333333333416	0.02460302602395955
     6.067666666666749	0.02460295672804601
     6.068000000000083	0.02460279676358228
     6.068333333333417	0.02460258593327887
     6.068666666666751	0.02460251213728665
     6.069000000000084	0.02460240643916073
     6.069333333333418	0.02460231731501356
     6.069666666666752	0.02460220425855669
     6.070000000000086	0.02460213799534477
     6.070333333333419	0.02460198162269119
     6.070666666666753	0.02460192828599914
     6.071000000000087	0.02460180362828094
     6.071333333333421	0.02460171267360521
     6.071666666666754	0.02460168568228081
     6.072000000000088	0.02460162708979734
     6.072333333333422	0.02460151386436087
     6.072666666666755	0.02460144425348059
     6.073000000000089	0.02460140022829523
     6.073333333333423	0.02460133962668422
     6.073666666666757	0.02460137828288633
      6.07400000000009	0.02460133832190568
     6.074333333333424	0.02460127856871544
     6.074666666666758	0.02460132073108909
     6.075000000000092	0.02460129582579609
     6.075333333333425	0.02460125684303748
     6.075666666666759	0.02460131903295853
     6.076000000000093	0.02460132094715995
     6.076333333333427	0.02460130841668509
      6.07666666666676	0.02460137642205791
     6.077000000000094	0.02460138720901386
     6.077333333333428	0.02460138879064692
     6.077666666666762	0.02460141801942955
     6.078000000000095	0.02460151299138977
     6.078333333333429	0.02460155795499074
     6.078666666666763	0.02460157857396403
     6.079000000000097	0.02460161755416635
      6.07933333333343	0.02460170587472883
     6.079666666666764	0.02460176076249246
     6.080000000000098	0.02460180019394321
     6.080333333333432	0.02460190665281623
     6.080666666666765	0.02460196123288205
     6.081000000000099	0.02460201156251572
     6.081333333333433	0.02460207272374976
     6.081666666666766	0.02460212409825481
       6.0820000000001	0.02460219016866328
     6.082333333333434	0.02460229736141215
     6.082666666666768	0.02460236085033864
     6.083000000000101	0.02460241112260378
     6.083333333333435	0.02460248741033365
     6.083666666666769	0.02460254425955949
     6.084000000000103	0.02460262227759647
     6.084333333333436	0.02460270285295432
      6.08466666666677	0.02460276373096159
     6.085000000000104	0.02460282426164516
     6.085333333333438	0.02460287776179598
     6.085666666666771	0.02460294530199192
     6.086000000000105	0.02460301728628749
     6.086333333333439	0.02460307589888883
     6.086666666666773	0.02460311209429461
     6.087000000000106	0.02460316110825898
      6.08733333333344	0.02460321769581105
     6.087666666666774	0.02460326610804938
     6.088000000000108	0.02460331613176438
     6.088333333333441	0.02460335150917165
     6.088666666666775	0.02460342186039319
     6.089000000000109	0.02460347614588377
     6.089333333333443	0.02460348488831716
     6.089666666666776	0.02460351016493031
      6.09000000000011	0.02460355109337673
     6.090333333333444	0.02460358008222907
     6.090666666666777	0.0246036059924057
     6.091000000000111	0.02460362633470055
     6.091333333333445	0.02460363486047375
     6.091666666666779	0.02460365338814768
     6.092000000000112	0.02460367246669171
     6.092333333333446	0.02460367844175646
      6.09266666666678	0.02460368992953022
     6.093000000000114	0.02460369995781756
     6.093333333333447	0.02460370151092622
     6.093666666666781	0.0246037069005783
     6.094000000000115	0.02460370953798108
     6.094333333333449	0.02460370724493884
     6.094666666666782	0.0246037063998841
     6.095000000000116	0.02460370188097168
      6.09533333333345	0.02460369642423952
     6.095666666666784	0.02460369325717358
     6.096000000000117	0.02460368653540067
     6.096333333333451	0.02460368059104965
     6.096666666666785	0.0246036733297453
     6.097000000000119	0.02460366178314321
     6.097333333333452	0.02460365485953138
     6.097666666666786	0.02460364689359054
      6.09800000000012	0.02460363417016243
     6.098333333333454	0.02460362702117115
     6.098666666666787	0.0246036189973517
     6.099000000000121	0.02460360513988837
     6.099333333333455	0.0246035985885676
     6.099666666666788	0.02460359079403314
     6.100000000000122	0.02460357717465749
     6.100333333333456	0.02460357349402036
      6.10066666666679	0.02460356700576451
     6.101000000000123	0.02460355395035334
     6.101333333333457	0.02460355255797898
     6.101666666666791	0.02460354789729207
     6.102000000000125	0.02460353666400122
     6.102333333333458	0.02460353904744442
     6.102666666666792	0.0246035362090818
     6.103000000000126	0.02460352696035762
      6.10333333333346	0.02460351948459091
     6.103666666666793	0.02460353498181964
     6.104000000000127	0.02460353835074509
     6.104333333333461	0.02460353058758342
     6.104666666666795	0.02460352402692674
     6.105000000000128	0.02460354353406673
     6.105333333333462	0.02460355352428099
     6.105666666666796	0.02460355138098922
      6.10600000000013	0.02460354980925219
     6.106333333333463	0.02460357310340771
     6.106666666666797	0.02460358613322773
     6.107000000000131	0.02460358852535111
     6.107333333333465	0.02460359290811415
     6.107666666666798	0.0246036065038888
     6.108000000000132	0.02460362635386559
     6.108333333333466	0.02460364522791401
     6.108666666666799	0.02460366083451523
     6.109000000000133	0.02460367596586627
     6.109333333333467	0.02460369347539655
     6.109666666666801	0.02460371380141075
     6.110000000000134	0.02460373564054126
     6.110333333333468	0.02460375773139555
     6.110666666666802	0.02460377971330608
     6.111000000000136	0.02460380199300171
     6.111333333333469	0.02460382522195472
     6.111666666666803	0.02460384970609178
     6.112000000000137	0.02460387516550897
     6.112333333333471	0.02460390107758422
     6.112666666666804	0.02460392714833706
     6.113000000000138	0.02460395341708561
     6.113333333333472	0.02460398011786977
     6.113666666666806	0.02460400741093504
     6.114000000000139	0.02460403531120525
     6.114333333333473	0.02460406338615113
     6.114666666666807	0.02460409155975274
     6.115000000000141	0.02460411983814219
     6.115333333333474	0.02460414825008832
     6.115666666666808	0.02460417683127773
     6.116000000000142	0.02460420554013422
     6.116333333333476	0.02460423420161263
     6.116666666666809	0.02460426273401604
     6.117000000000143	0.02460429113728604
     6.117333333333477	0.02460431942901931
      6.11766666666681	0.02460434758945566
     6.118000000000144	0.02460437555746653
     6.118333333333478	0.02460440326586818
     6.118666666666812	0.02460443067170367
     6.119000000000145	0.02460445775588355
     6.119333333333479	0.02460448450239648
     6.119666666666813	0.02460451088255677
     6.120000000000147	0.02460453685792496
      6.12033333333348	0.0246045623943205
     6.120666666666814	0.02460458746950381
     6.121000000000148	0.02460461206807898
     6.121333333333482	0.02460463616114013
     6.121666666666815	0.02460465976919268
     6.122000000000149	0.02460468281859136
     6.122333333333483	0.02460470529288
     6.122666666666817	0.02460472718878003
      6.12300000000015	0.02460474855698582
     6.123333333333484	0.02460476933276887
     6.123666666666818	0.02460478947651445
     6.124000000000152	0.02460480902471805
     6.124333333333485	0.02460482793651062
     6.124666666666819	0.02460484629001493
     6.125000000000153	0.02460486397749475
     6.125333333333487	0.02460488106436647
      6.12566666666682	0.02460489761694081
     6.126000000000154	0.02460491354609924
     6.126333333333488	0.02460492882938254
     6.126666666666821	0.02460494350338165
     6.127000000000155	0.02460495758999844
     6.127333333333489	0.02460497108780112
     6.127666666666823	0.02460498401926425
     6.128000000000156	0.02460499638862193
      6.12833333333349	0.02460500820083476
     6.128666666666824	0.02460501945981543
     6.129000000000158	0.02460503018636244
     6.129333333333491	0.02460504039647538
     6.129666666666825	0.02460505010182543
     6.130000000000159	0.02460505931313834
     6.130333333333493	0.02460506804542433
     6.130666666666826	0.02460507631578984
      6.13100000000016	0.02460508413783624
     6.131333333333494	0.02460509153036584
     6.131666666666828	0.02460509850888503
     6.132000000000161	0.02460510508487536
     6.132333333333495	0.02460511127179625
     6.132666666666829	0.02460511709040188
     6.133000000000163	0.02460512255646328
     6.133333333333496	0.02460512768802343
      6.13366666666683	0.02460513249833444
     6.134000000000164	0.02460513700677933
     6.134333333333498	0.02460514123676948
     6.134666666666831	0.02460514516278342
     6.135000000000165	0.02460514876740255
     6.135333333333499	0.02460515219346264
     6.135666666666832	0.02460515548752862
     6.136000000000166	0.0246051585317042
       6.1363333333335	0.0246051612749276
     6.136666666666834	0.02460516379086684
     6.137000000000167	0.02460516615800666
     6.137333333333501	0.02460516838454681
     6.137666666666835	0.02460517033782188
     6.138000000000169	0.02460517235744014
     6.138333333333502	0.02460517428113893
     6.138666666666836	0.02460517596675102
      6.13900000000017	0.02460517745291623
     6.139333333333504	0.02460517885437116
     6.139666666666837	0.02460518022449287
     6.140000000000171	0.02460518154261023
     6.140333333333505	0.02460518276077281
     6.140666666666839	0.02460518387256918
     6.141000000000172	0.02460518491098673
     6.141333333333506	0.02460518591246964
      6.14166666666684	0.02460518687571774
     6.142000000000174	0.02460518778825645
     6.142333333333507	0.02460518864715188
     6.142666666666841	0.02460518946526614
     6.143000000000175	0.02460519024856703
     6.143333333333509	0.02460519101599992
     6.143666666666842	0.02460519175647349
     6.144000000000176	0.0246051924518638
      6.14433333333351	0.02460519312676874
     6.144666666666843	0.02460519378672213
     6.145000000000177	0.02460519444988761
     6.145333333333511	0.02460519511833194
     6.145666666666845	0.02460519578988749
     6.146000000000178	0.02460519645161976
     6.146333333333512	0.02460519708716392
     6.146666666666846	0.02460519773809321
      6.14700000000018	0.0246051983864292
     6.147333333333513	0.02460519901165865
     6.147666666666847	0.0246051995947518
     6.148000000000181	0.02460520016022983
     6.148333333333515	0.02460520075166089
     6.148666666666848	0.02460520136778784
     6.149000000000182	0.02460520198813471
     6.149333333333516	0.02460520262473445
      6.14966666666685	0.02460520325218324
     6.150000000000183	0.02460520384010585
     6.150333333333517	0.02460520440929004
     6.150666666666851	0.02460520498190825
     6.151000000000185	0.02460520556204358
     6.151333333333518	0.02460520613806816
     6.151666666666852	0.02460520669816676
     6.152000000000186	0.02460520723598885
      6.15233333333352	0.02460520777415977
     6.152666666666853	0.02460520830744141
     6.153000000000187	0.02460520883821722
     6.153333333333521	0.02460520935352949
     6.153666666666854	0.02460521037547671
     6.154000000000188	0.02460521118439938
     6.154333333333522	0.02460521090734228
     6.154666666666856	0.02460521103230625
     6.155000000000189	0.02460521188654804
     6.155333333333523	0.0246052129116838
     6.155666666666857	0.02460521347760142
     6.156000000000191	0.02460521342558335
     6.156333333333524	0.02460521336261625
     6.156666666666858	0.0246052138104442
     6.157000000000192	0.02460521454482736
     6.157333333333526	0.02460521505827325
     6.157666666666859	0.02460521522509923
     6.158000000000193	0.02460521524607975
     6.158333333333527	0.02460521541112565
     6.158666666666861	0.02460521576734458
     6.159000000000194	0.02460521614037839
     6.159333333333528	0.02460521638531891
     6.159666666666862	0.02460521598251037
     6.160000000000196	0.0246052162164293
     6.160333333333529	0.02460521684194167
     6.160666666666863	0.0246052174128463
     6.161000000000197	0.02460521684254788
     6.161333333333531	0.02460521671331128
     6.161666666666864	0.02460521670936174
     6.162000000000198	0.02460521740998778
     6.162333333333532	0.02460521738736987
     6.162666666666865	0.02460521712191316
     6.163000000000199	0.02460521752699368
     6.163333333333533	0.02460521754730093
     6.163666666666867	0.02460521730374834
       6.1640000000002	0.02460521721174502
     6.164333333333534	0.0246052174493657
     6.164666666666868	0.02460521767038225
     6.165000000000202	0.02460521773354346
     6.165333333333535	0.02460521767019563
     6.165666666666869	0.02460521760178756
     6.166000000000203	0.02460521762982541
     6.166333333333537	0.02460521773543859
      6.16666666666687	0.02460521782480799
     6.167000000000204	0.02460521784374479
     6.167333333333538	0.02460521781908474
     6.167666666666872	0.0246052178166445
     6.168000000000205	0.02460521785466912
     6.168333333333539	0.02460521789763036
     6.168666666666873	0.02460521791701999
     6.169000000000207	0.02460521791740375
      6.16933333333354	0.02460521792076873
     6.169666666666874	0.02460521794031898
     6.170000000000208	0.02460521787027377
     6.170333333333542	0.02460521791535964
     6.170666666666875	0.02460521809396081
     6.171000000000209	0.02460521807575416
     6.171333333333543	0.02460521801431191
     6.171666666666876	0.0246052179254884
      6.17200000000021	0.02460521805775092
     6.172333333333544	0.02460521811511282
     6.172666666666878	0.02460521818319517
     6.173000000000211	0.02460521813974076
     6.173333333333545	0.02460521801893428
     6.173666666666879	0.02460521815747238
     6.174000000000213	0.02460521825989447
     6.174333333333546	0.02460521818337958
      6.17466666666688	0.02460521805564633
     6.175000000000214	0.02460521809507012
     6.175333333333548	0.02460521823258769
     6.175666666666881	0.02460521828928041
     6.176000000000215	0.02460521824855862
     6.176333333333549	0.02460521820222625
     6.176666666666883	0.02460521819326354
     6.177000000000216	0.0246052182155397
      6.17733333333355	0.02460521824318967
     6.177666666666884	0.02460521826943268
     6.178000000000218	0.02460521827790219
     6.178333333333551	0.02460521825752409
     6.178666666666885	0.02460521822987258
     6.179000000000219	0.02460521821317236
     6.179333333333553	0.02460521821223541
     6.179666666666886	0.02460521821577927
      6.18000000000022	0.0246052182063969
     6.180333333333554	0.02460521817964152
     6.180666666666887	0.02460521814455219
     6.181000000000221	0.02460521798321233
     6.181333333333555	0.02460521792305601
     6.181666666666889	0.02460521780585329
     6.182000000000222	0.02460521789442013
     6.182333333333556	0.02460521780587835
      6.18266666666689	0.02460521799793525
     6.183000000000224	0.02460521783786138
     6.183333333333557	0.02460521745341367
     6.183666666666891	0.02460521752491462
     6.184000000000225	0.02460521771989969
     6.184333333333559	0.02460521756363759
     6.184666666666892	0.02460521738895449
     6.185000000000226	0.02460521715338047
      6.18533333333356	0.02460521721578362
     6.185666666666894	0.02460521725534843
     6.186000000000227	0.02460521730042245
     6.186333333333561	0.02460521723717762
     6.186666666666895	0.0246052168738879
     6.187000000000229	0.02460521654842286
     6.187333333333562	0.02460521653455571
     6.187666666666896	0.02460521662874969
      6.18800000000023	0.02460521667501221
     6.188333333333564	0.02460521655812925
     6.188666666666897	0.02460521633526938
     6.189000000000231	0.02460521599723415
     6.189333333333565	0.02460521576571869
     6.189666666666898	0.02460521575517977
     6.190000000000232	0.02460521580837356
     6.190333333333566	0.02460521574803886
       6.1906666666669	0.02460521556994625
     6.191000000000233	0.02460521535295027
     6.191333333333567	0.02460521515608462
     6.191666666666901	0.02460521499430742
     6.192000000000235	0.02460521490425244
     6.192333333333568	0.02460521485045733
     6.192666666666902	0.02460521472546635
     6.193000000000236	0.02460521455377187
      6.19333333333357	0.02460521444308119
     6.193666666666903	0.02460521436508756
     6.194000000000237	0.02460521426393666
     6.194333333333571	0.02460521414381656
     6.194666666666905	0.02460521404196668
     6.195000000000238	0.02460521396764091
     6.195333333333572	0.02460521390067221
     6.195666666666906	0.02460521392832708
      6.19600000000024	0.02460521382283434
     6.196333333333573	0.02460521368438905
     6.196666666666907	0.02460521357753381
     6.197000000000241	0.02460521369206215
     6.197333333333575	0.02460521382897079
     6.197666666666908	0.02460521372976461
     6.198000000000242	0.02460521348710685
     6.198333333333576	0.02460521354324791
     6.198666666666909	0.02460521376188001
     6.199000000000243	0.02460521375104722
     6.199333333333577	0.02460521375265802
     6.199666666666911	0.02460521380906745
     6.200000000000244	0.02460521389252929
     6.200333333333578	0.02460521396541829
     6.200666666666912	0.02460521402515975
     6.201000000000246	0.02460521409131488
     6.201333333333579	0.02460521417981462
     6.201666666666913	0.0246052142897402
     6.202000000000247	0.02460521441008208
     6.202333333333581	0.02460521453233173
     6.202666666666914	0.02460521465566061
     6.203000000000248	0.02460521478612009
     6.203333333333582	0.02460521492912991
     6.203666666666916	0.02460521508413064
     6.204000000000249	0.02460521524696269
     6.204333333333583	0.02460521541516509
     6.204666666666917	0.02460521558963446
     6.205000000000251	0.02460521577194475
     6.205333333333584	0.02460521596204484
     6.205666666666918	0.02460521615861952
     6.206000000000252	0.02460521636058746
     6.206333333333586	0.02460521656786168
     6.206666666666919	0.02460521678045645
     6.207000000000253	0.02460521699798692
     6.207333333333587	0.0246052172201466
      6.20766666666692	0.0246052174467677
     6.208000000000254	0.02460521767771596
     6.208333333333588	0.02460521791268171
     6.208666666666922	0.02460521815115896
     6.209000000000255	0.02460521839263378
     6.209333333333589	0.02460521863674297
     6.209666666666923	0.02460521888329158
     6.210000000000257	0.02460521913219965
      6.21033333333359	0.02460521938320947
     6.210666666666924	0.0246052196357998
     6.211000000000258	0.02460521988941402
     6.211333333333592	0.02460522014391972
     6.211666666666925	0.02460522039932829
     6.212000000000259	0.02460522065567986
     6.212333333333593	0.02460522091239158
     6.212666666666927	0.0246052211693457
      6.21300000000026	0.02460522142586485
     6.213333333333594	0.02460522168479935
     6.213666666666928	0.02460522193507427
     6.214000000000262	0.02460522219014465
     6.214333333333595	0.02460522244436516
     6.214666666666929	0.02460522269707945
     6.215000000000263	0.02460522280582107
     6.215333333333596	0.02460522293458017
      6.21566666666693	0.02460522332216451
     6.216000000000264	0.02460522376519208
     6.216333333333598	0.02460522407337365
     6.216666666666931	0.02460522423648148
     6.217000000000265	0.02460522424415535
     6.217333333333599	0.02460522433325902
     6.217666666666933	0.02460522459817368
     6.218000000000266	0.02460522495673153
       6.2183333333336	0.02460522539886621
     6.218666666666934	0.02460522571298734
     6.219000000000268	0.02460522586481888
     6.219333333333601	0.02460522586430296
     6.219666666666935	0.02460522593639613
     6.220000000000269	0.02460522617416919
     6.220333333333603	0.02460522650280595
     6.220666666666936	0.024605226792148
      6.22100000000027	0.02460522699147945
     6.221333333333604	0.02460522713831349
     6.221666666666938	0.02460522729321039
     6.222000000000271	0.02460522749350772
     6.222333333333605	0.02460522771999757
     6.222666666666939	0.02460522793223791
     6.223000000000273	0.02460522811231694
     6.223333333333606	0.02460522827575092
      6.22366666666694	0.02460522844305639
     6.224000000000274	0.02460522862276849
     6.224333333333607	0.02460522880850552
     6.224666666666941	0.02460522898838289
     6.225000000000275	0.02460522915618912
     6.225333333333609	0.02460522931465233
     6.225666666666942	0.02460522947044057
     6.226000000000276	0.02460522962778236
      6.22633333333361	0.02460522978610556
     6.226666666666944	0.02460522994215354
     6.227000000000277	0.0246052300934218
     6.227333333333611	0.02460523023982224
     6.227666666666945	0.02460523038277412
     6.228000000000279	0.0246052305240093
     6.228333333333612	0.02460523066405166
     6.228666666666946	0.02460523080241162
      6.22900000000028	0.02460523093831499
     6.229333333333614	0.02460523107108365
     6.229666666666947	0.02460523120065496
     6.230000000000281	0.02460523132764562
     6.230333333333615	0.02460523145289339
     6.230666666666949	0.02460523157688318
     6.231000000000282	0.0246052316994811
     6.231333333333616	0.02460523182017084
      6.23166666666695	0.02460523193846822
     6.232000000000284	0.02460523205433207
     6.232333333333617	0.02460523216815638
     6.232666666666951	0.02460523228045947
     6.233000000000285	0.02460523239153427
     6.233333333333618	0.02460523250133008
     6.233666666666952	0.02460523260960165
     6.234000000000286	0.02460523271615263
      6.23433333333362	0.02460523282098206
     6.234666666666953	0.02460523292426062
     6.235000000000287	0.02460523302620365
     6.235333333333621	0.02460523312695047
     6.235666666666955	0.02460523322657907
     6.236000000000288	0.02460523332496582
     6.236333333333622	0.02460523342207652
     6.236666666666956	0.02460523351794255
      6.23700000000029	0.0246052336126391
     6.237333333333623	0.02460523370629442
     6.237666666666957	0.0246052337988433
     6.238000000000291	0.02460523389032679
     6.238333333333625	0.02460523398081531
     6.238666666666958	0.02460523407041374
     6.239000000000292	0.02460523415899962
     6.239333333333626	0.02460523424657976
      6.23966666666696	0.02460523433322253
     6.240000000000293	0.02460523441907266
     6.240333333333627	0.02460523450402536
     6.240666666666961	0.02460523458810502
     6.241000000000295	0.02460523467153684
     6.241333333333628	0.02460523475398253
     6.241666666666962	0.02460523483551492
     6.242000000000296	0.02460523491628913
     6.242333333333629	0.02460523499648421
     6.242666666666963	0.02460523507596975
     6.243000000000297	0.02460523515455276
     6.243333333333631	0.02460523523233552
     6.243666666666964	0.02460523530953333
     6.244000000000298	0.02460523538602569
     6.244333333333632	0.02460523546178096
     6.244666666666966	0.02460523553681164
     6.245000000000299	0.02460523561128183
     6.245333333333633	0.02460523568497271
     6.245666666666967	0.02460523575790948
     6.246000000000301	0.02460523583018953
     6.246333333333634	0.02460523590194212
     6.246666666666968	0.02460523597305043
     6.247000000000302	0.02460523604343961
     6.247333333333636	0.02460523611310517
     6.247666666666969	0.02460523618219441
     6.248000000000303	0.02460523625060343
     6.248333333333637	0.02460523631831248
     6.248666666666971	0.02460523638538753
     6.249000000000304	0.0246052364518219
     6.249333333333638	0.02460523651761358
     6.249666666666972	0.02460523658279268
     6.250000000000306	0.02460523664732046
     6.250333333333639	0.02460523671109269
     6.250666666666973	0.02460523677420831
     6.251000000000307	0.02460523683488067
      6.25133333333364	0.0246052368985793
     6.251666666666974	0.02460523695944844
     6.252000000000308	0.02460523702142576
     6.252333333333642	0.02460523707993314
     6.252666666666975	0.02460523713764664
     6.253000000000309	0.02460523719593181
     6.253333333333643	0.02460523725686283
     6.253666666666977	0.02460523731414071
      6.25400000000031	0.02460523736887424
     6.254333333333644	0.02460523742290956
     6.254666666666978	0.02460523747791005
     6.255000000000312	0.02460523753334704
     6.255333333333645	0.02460523758787355
     6.255666666666979	0.02460523764081662
     6.256000000000313	0.02460523769242243
     6.256333333333647	0.02460523774322983
      6.25666666666698	0.0246052377937812
     6.257000000000314	0.02460523784412009
     6.257333333333648	0.02460523789387013
     6.257666666666982	0.02460523794255134
     6.258000000000315	0.02460523799014077
     6.258333333333649	0.02460523803703867
     6.258666666666983	0.02460523808345256
     6.259000000000317	0.02460523812931907
      6.25933333333365	0.02460523817445859
     6.259666666666984	0.02460523821876832
     6.260000000000318	0.02460523826228233
     6.260333333333651	0.02460523830509448
     6.260666666666985	0.02460523834725221
     6.261000000000319	0.02460523837944274
     6.261333333333653	0.02460523842177115
     6.261666666666986	0.024605238470567
      6.26200000000032	0.02460523850591157
     6.262333333333654	0.02460523854321976
     6.262666666666988	0.0246052385729144
     6.263000000000321	0.02460523861443047
     6.263333333333655	0.02460523864957886
     6.263666666666989	0.02460523867965041
     6.264000000000323	0.02460523871032115
     6.264333333333656	0.02460523874493091
      6.26466666666699	0.02460523878166779
     6.265000000000324	0.02460523881659312
     6.265333333333658	0.02460523884809743
     6.265666666666991	0.02460523887773867
     6.266000000000325	0.02460523890768824
     6.266333333333659	0.02460523893862099
     6.266666666666993	0.02460523896981768
     6.267000000000326	0.02460523900007149
      6.26733333333366	0.02460523902888493
     6.267666666666994	0.02460523905649853
     6.268000000000328	0.02460523908384763
     6.268333333333661	0.02460523911144324
     6.268666666666995	0.02460523913895204
     6.269000000000329	0.02460523916579863
     6.269333333333662	0.02460523919169996
     6.269666666666996	0.02460523921674238
      6.27000000000033	0.02460523924140862
     6.270333333333664	0.02460523926590168
     6.270666666666997	0.0246052392898853
     6.271000000000331	0.02460523931332568
     6.271333333333665	0.02460523933616855
     6.271666666666999	0.02460523935835002
     6.272000000000332	0.02460523938018874
     6.272333333333666	0.0246052394017975
        6.272666666667	0.02460523942294765
     6.273000000000334	0.02460523944356116
     6.273333333333667	0.02460523946373467
     6.273666666667001	0.0246052394833595
     6.274000000000335	0.02460523950252372
     6.274333333333669	0.0246052395213292
     6.274666666667002	0.02460523953992355
     6.275000000000336	0.02460523955799419
      6.27533333333367	0.02460523957556724
     6.275666666667004	0.02460523959277244
     6.276000000000337	0.02460523960967012
     6.276333333333671	0.02460523962623291
     6.276666666667005	0.02460523964257284
     6.277000000000339	0.02460523965851194
     6.277333333333672	0.02460523967379108
     6.277666666667006	0.02460523968867891
      6.27800000000034	0.02460523970355883
     6.278333333333673	0.02460523971807962
     6.278666666667007	0.0246052397323692
     6.279000000000341	0.02460523974614982
     6.279333333333675	0.02460523975955888
     6.279666666667008	0.0246052397729434
     6.280000000000342	0.02460523978595619
     6.280333333333676	0.02460523979879926
      6.28066666666701	0.02460523981118425
     6.281000000000343	0.0246052398232549
     6.281333333333677	0.02460523983518347
     6.281666666667011	0.02460523984719022
     6.282000000000345	0.02460523985880853
     6.282333333333678	0.02460523987002134
     6.282666666667012	0.02460523988118037
     6.283000000000346	0.02460523989205446
      6.28333333333368	0.02460523990288562
     6.283666666667013	0.02460523991359614
     6.284000000000347	0.02460523992385812
     6.284333333333681	0.02460523993406769

     7.000333333333334	0.0232671870582124
     7.000666666666667	0.0234793673642243
     7.001000000000001	0.02458591573654596
     7.001333333333335	0.02529861020772118
     7.001666666666669	0.02515580573523737
     7.002000000000002	0.02459025837322288
     7.002333333333336	0.02422160904148283
      7.00266666666667	0.02427524134770588
     7.003000000000004	0.02455497547251106
     7.003333333333337	0.02475670257375277
     7.003666666666671	0.02474295842345259
     7.004000000000005	0.02459221604794061
     7.004333333333339	0.02446633804712141
     7.004666666666672	0.02445921782113592
     7.005000000000006	0.0245397403791809
      7.00533333333334	0.02461319663702951
     7.005666666666674	0.02461595940466873
     7.006000000000007	0.02456209837898901
     7.006333333333341	0.02451219079825834
     7.006666666666675	0.0245055295692882
     7.007000000000009	0.02453359105773137
     7.007333333333342	0.02455829177798617
     7.007666666666676	0.02455668693269586
      7.00800000000001	0.02453518610866648
     7.008333333333344	0.0245169529561294
     7.008666666666677	0.02451440252846909
     7.009000000000011	0.02452256529218787
     7.009333333333345	0.02452913593172988
     7.009666666666678	0.02452725980641025
     7.010000000000012	0.0245195076879015
     7.010333333333346	0.02451325303588282
      7.01066666666668	0.02451155768103778
     7.011000000000013	0.02451326340822919
     7.011333333333347	0.02451444077644697
     7.011666666666681	0.0245137176152796
     7.012000000000015	0.02451183086981089
     7.012333333333348	0.02451038669100563
     7.012666666666682	0.02450987840960102
     7.013000000000016	0.0245101100412564
      7.01333333333335	0.02451058030901575
     7.013666666666683	0.02451103379195025
     7.014000000000017	0.02451126394523338
     7.014333333333351	0.02451126934845897
     7.014666666666685	0.02451144095380622
     7.015000000000018	0.02451214929486258
     7.015333333333352	0.02451316999234948
     7.015666666666686	0.02451449873171083
      7.01600000000002	0.02451552543130316
     7.016333333333353	0.02451636957490787
     7.016666666666687	0.02451729838557265
     7.017000000000021	0.02451863709071753
     7.017333333333355	0.02452025643209077
     7.017666666666688	0.02452189148804441
     7.018000000000022	0.02452340784501521
     7.018333333333356	0.02452485765720397
     7.018666666666689	0.02452634368726388
     7.019000000000023	0.02452802417604348
     7.019333333333357	0.02452981601347102
     7.019666666666691	0.02453166819139751
     7.020000000000024	0.02453346127804081
     7.020333333333358	0.02453519279579642
     7.020666666666692	0.02453693052623575
     7.021000000000026	0.02453872763679514
     7.021333333333359	0.02454058098684152
     7.021666666666693	0.02454239728471783
     7.022000000000027	0.02454423890405572
     7.022333333333361	0.02454595597499847
     7.022666666666694	0.02454770682727022
     7.023000000000028	0.02454945016926997
     7.023333333333362	0.02455110893258897
     7.023666666666696	0.02455280619148072
     7.024000000000029	0.02455446421504174
     7.024333333333363	0.02455605049043083
     7.024666666666697	0.0245575684839827
     7.025000000000031	0.02455904550381861
     7.025333333333364	0.02456049481176715
     7.025666666666698	0.02456189609820619
     7.026000000000032	0.02456323176293467
     7.026333333333366	0.02456449918692052
     7.026666666666699	0.02456570529948564
     7.027000000000033	0.02456685536717959
     7.027333333333367	0.02456794616406116
       7.0276666666667	0.02456897067797223
     7.028000000000034	0.02456992459471279
     7.028333333333368	0.02457080655479758
     7.028666666666702	0.02457162079341278
     7.029000000000035	0.02457236855581628
     7.029333333333369	0.02457302306404871
     7.029666666666703	0.02457367120212544
     7.030000000000037	0.02457423243063513
      7.03033333333337	0.02457467392795994
     7.030666666666704	0.0245750692590848
     7.031000000000038	0.02457542283525349
     7.031333333333372	0.02457571539661625
     7.031666666666705	0.02457593324314869
     7.032000000000039	0.02457607869412217
     7.032333333333373	0.02457616285853693
     7.032666666666707	0.02457619177825355
      7.03300000000004	0.02457616797029803
     7.033333333333374	0.02457608955406296
     7.033666666666708	0.02457595550999055
     7.034000000000042	0.02457577031628408
     7.034333333333375	0.02457553947279879
     7.034666666666709	0.02457526420205049
     7.035000000000043	0.02457494601651411
     7.035333333333377	0.02457458718971476
      7.03566666666671	0.02457418988038614
     7.036000000000044	0.02457376112630199
     7.036333333333378	0.02457330109118679
     7.036666666666711	0.02457281327593087
     7.037000000000045	0.02457229912258196
     7.037333333333379	0.02457208927109907
     7.037666666666713	0.02457176960371971
     7.038000000000046	0.02457114183619159
      7.03833333333338	0.02457035187787964
     7.038666666666714	0.02456962272108955
     7.039000000000048	0.0245690588178138
     7.039333333333381	0.02456859147257195
     7.039666666666715	0.02456774260306192
     7.040000000000049	0.02456683675302076
     7.040333333333383	0.02456615395730229
     7.040666666666716	0.02456566132351134
      7.04100000000005	0.02456516089521862
     7.041333333333384	0.0245644817560316
     7.041666666666718	0.02456375376249383
     7.042000000000051	0.02456304946713255
     7.042333333333385	0.02456243729028554
     7.042666666666719	0.0245618600301901
     7.043000000000053	0.02456133000295185
     7.043333333333386	0.02456070323617224
      7.04366666666672	0.02456005931066282
     7.044000000000054	0.02455946740184265
     7.044333333333388	0.02455893858514538
     7.044666666666721	0.02455844011464368
     7.045000000000055	0.02455792914166093
     7.045333333333389	0.02455739396394833
     7.045666666666722	0.02455685762587564
     7.046000000000056	0.02455635178128067
      7.04633333333339	0.02455588827295569
     7.046666666666724	0.02455547242239367
     7.047000000000057	0.02455522296017813
     7.047333333333391	0.0245549926250257
     7.047666666666725	0.02455462106792058
     7.048000000000059	0.02455415140801271
     7.048333333333392	0.02455370846671432
     7.048666666666726	0.02455339028254713
      7.04900000000006	0.02455313125400101
     7.049333333333394	0.02455284602234424
     7.049666666666727	0.02455251059046998
     7.050000000000061	0.02455216428560103
     7.050333333333395	0.0245518698731432
     7.050666666666729	0.02455163460402651
     7.051000000000062	0.02455141891764102
     7.051333333333396	0.02455118506987607
      7.05166666666673	0.02455092019607182
     7.052000000000064	0.02455065307044296
     7.052333333333397	0.02455040669006417
     7.052666666666731	0.02455019407661145
     7.053000000000065	0.02454997150957793
     7.053333333333399	0.0245497459832366
     7.053666666666732	0.02454956032994711
     7.054000000000066	0.0245493952538109
       7.0543333333334	0.02454902383910812
     7.054666666666733	0.02454866043396336
     7.055000000000067	0.02454843393471388
     7.055333333333401	0.02454832426790217
     7.055666666666735	0.02454823918223171
     7.056000000000068	0.02454814394532915
     7.056333333333402	0.02454798669288647
     7.056666666666736	0.02454775315084894
      7.05700000000007	0.02454755998453089
     7.057333333333403	0.02454735921959177
     7.057666666666737	0.02454724747315631
     7.058000000000071	0.02454715032059242
     7.058333333333405	0.02454699440861874
     7.058666666666738	0.02454678257215164
     7.059000000000072	0.02454657955892096
     7.059333333333406	0.02454655373713136
      7.05966666666674	0.02454644645255779
     7.060000000000073	0.02454622200272224
     7.060333333333407	0.02454600325143094
     7.060666666666741	0.02454582867689843
     7.061000000000075	0.02454563918039457
     7.061333333333408	0.02454543308402722
     7.061666666666742	0.02454526678156912
     7.062000000000076	0.02454511112577199
      7.06233333333341	0.0245449317666898
     7.062666666666743	0.02454473062482845
     7.063000000000077	0.02454453364706075
     7.063333333333411	0.02454435274924068
     7.063666666666744	0.02454418403257128
     7.064000000000078	0.02454399291040142
     7.064333333333412	0.02454387302973692
     7.064666666666746	0.02454370988769851
     7.065000000000079	0.02454350591106831
     7.065333333333413	0.0245433135519399
     7.065666666666747	0.0245431528683457
     7.066000000000081	0.02454301401888993
     7.066333333333414	0.02454287172691116
     7.066666666666748	0.02454270028848383
     7.067000000000082	0.02454257305841359
     7.067333333333416	0.02454240972768839
     7.067666666666749	0.02454226588877427
     7.068000000000083	0.02454225944369752
     7.068333333333417	0.02454213511240133
     7.068666666666751	0.02454191921486198
     7.069000000000084	0.02454183090962275
     7.069333333333418	0.02454178746081581
     7.069666666666752	0.0245416666026965
     7.070000000000086	0.02454163252261529
     7.070333333333419	0.02454148353225238
     7.070666666666753	0.02454135686224939
     7.071000000000087	0.02454131279949611
     7.071333333333421	0.02454127094863751
     7.071666666666754	0.02454113370535896
     7.072000000000088	0.0245411164756737
     7.072333333333422	0.02454109093669552
     7.072666666666755	0.02454098929981213
     7.073000000000089	0.02454098185033809
     7.073333333333423	0.02454091960172303
     7.073666666666757	0.02454085125034792
      7.07400000000009	0.02454089096459246
     7.074333333333424	0.02454086842861631
     7.074666666666758	0.0245408302599018
     7.075000000000092	0.02454088124469814
     7.075333333333425	0.02454086421953266
     7.075666666666759	0.02454083151406001
     7.076000000000093	0.02454089063355998
     7.076333333333427	0.02454089740672112
      7.07666666666676	0.02454089472573552
     7.077000000000094	0.02454096609097523
     7.077333333333428	0.02454098193867138
     7.077666666666762	0.02454098977214327
     7.078000000000095	0.02454106559716201
     7.078333333333429	0.02454109637775096
     7.078666666666763	0.02454112456139885
     7.079000000000097	0.02454120544257808
      7.07933333333343	0.02454125267056612
     7.079666666666764	0.02454128358091046
     7.080000000000098	0.02454135734640527
     7.080333333333432	0.02454140463405194
     7.080666666666765	0.02454146766597874
     7.081000000000099	0.02454154389059191
     7.081333333333433	0.02454158661727651
     7.081666666666766	0.02454163789730482
       7.0820000000001	0.02454173181699244
     7.082333333333434	0.02454178354449276
     7.082666666666768	0.02454182011813409
     7.083000000000101	0.02454188876646096
     7.083333333333435	0.02454196968374242
     7.083666666666769	0.02454204717255924
     7.084000000000103	0.02454211079814241
     7.084333333333436	0.02454214920588124
      7.08466666666677	0.02454220517402911
     7.085000000000104	0.02454226599200824
     7.085333333333438	0.02454233788485214
     7.085666666666771	0.02454240316214102
     7.086000000000105	0.02454245010075122
     7.086333333333439	0.02454248530778393
     7.086666666666773	0.02454253579059442
     7.087000000000106	0.02454259155431096
      7.08733333333344	0.02454263744145393
     7.087666666666774	0.02454268087157533
     7.088000000000108	0.02454271421707111
     7.088333333333441	0.02454275219382993
     7.088666666666775	0.02454281690385714
     7.089000000000109	0.02454286552004764
     7.089333333333443	0.0245428959123601
     7.089666666666776	0.02454290200984537
      7.09000000000011	0.02454291989652126
     7.090333333333444	0.02454295369059396
     7.090666666666777	0.02454298667492187
     7.091000000000111	0.02454300102048071
     7.091333333333445	0.02454301439358536
     7.091666666666779	0.02454302692561564
     7.092000000000112	0.02454303297037751
     7.092333333333446	0.02454304689352407
      7.09266666666678	0.02454305809971515
     7.093000000000114	0.02454306090037423
     7.093333333333447	0.02454306554460734
     7.093666666666781	0.02454306874822625
     7.094000000000115	0.02454306894484268
     7.094333333333449	0.02454306960682398
     7.094666666666782	0.02454306595023375
     7.095000000000116	0.02454306107451147
      7.09533333333345	0.02454305764829132
     7.095666666666784	0.02454305149846563
     7.096000000000117	0.02454304727782016
     7.096333333333451	0.02454304190276067
     7.096666666666785	0.02454303182165776
     7.097000000000119	0.0245430257634683
     7.097333333333452	0.02454301806745197
     7.097666666666786	0.02454300619477281
      7.09800000000012	0.02454300027918842
     7.098333333333454	0.02454299333353845
     7.098666666666787	0.02454298071596809
     7.099000000000121	0.02454297496921268
     7.099333333333455	0.02454296767147738
     7.099666666666788	0.0245429549122177
     7.100000000000122	0.02454295152824064
     7.100333333333456	0.02454294552456418
      7.10066666666679	0.02454293346729503
     7.101000000000123	0.02454293249758072
     7.101333333333457	0.02454292807943123
     7.101666666666791	0.02454291735901959
     7.102000000000125	0.02454290721902692
     7.102333333333458	0.02454291783952235
     7.102666666666792	0.02454291805366321
     7.103000000000126	0.02454290791804548
      7.10333333333346	0.0245428986887928
     7.103666666666793	0.02454291372373013
     7.104000000000127	0.02454291827938378
     7.104333333333461	0.02454291478917273
     7.104666666666795	0.02454291017723015
     7.105000000000128	0.024542927954287
     7.105333333333462	0.02454293501066142
     7.105666666666796	0.02454293503809176
      7.10600000000013	0.02454293616654353
     7.106333333333463	0.02454295958988177
     7.106666666666797	0.02454297198489098
     7.107000000000131	0.02454297380743018
     7.107333333333465	0.02454297803841669
     7.107666666666798	0.02454299193268364
     7.108000000000132	0.02454301202852308
     7.108333333333466	0.02454303069114747
     7.108666666666799	0.02454304566026443
     7.109000000000133	0.02454305999671103
     7.109333333333467	0.02454307681727659
     7.109666666666801	0.02454309658771527
     7.110000000000134	0.02454311782286216
     7.110333333333468	0.02454313911881834
     7.110666666666802	0.02454316009734231
     7.111000000000136	0.024543181260006
     7.111333333333469	0.02454320334628178
     7.111666666666803	0.02454322667472634
     7.112000000000137	0.02454325092370784
     7.112333333333471	0.0245432755323412
     7.112666666666804	0.02454330020757535
     7.113000000000138	0.024543325017994
     7.113333333333472	0.02454335021735944
     7.113666666666806	0.02454337596351627
     7.114000000000139	0.02454340218698613
     7.114333333333473	0.02454342865974658
     7.114666666666807	0.02454345519296596
     7.115000000000141	0.02454348173863563
     7.115333333333474	0.02454350834044139
     7.115666666666808	0.02454353507406797
     7.116000000000142	0.02454356191001717
     7.116333333333476	0.02454358873208048
     7.116666666666809	0.02454361544754791
     7.117000000000143	0.02454364196613274
     7.117333333333477	0.02454366834061895
      7.11766666666681	0.02454369458724222
     7.118000000000144	0.02454372062158693
     7.118333333333478	0.02454374641659932
     7.118666666666812	0.02454377192756984
     7.119000000000145	0.02454379711971863
     7.119333333333479	0.02454382196954003
     7.119666666666813	0.02454384645848302
     7.120000000000147	0.02454387056486479
      7.12033333333348	0.02454389426139056
     7.120666666666814	0.02454391752037377
     7.121000000000148	0.0245439403202449
     7.121333333333482	0.02454396264488831
     7.121666666666815	0.02454398449212188
     7.122000000000149	0.02454400580324762
     7.122333333333483	0.02454402660895474
     7.122666666666817	0.02454404689609063
      7.12300000000015	0.02454406665049004
     7.123333333333484	0.02454408581260755
     7.123666666666818	0.02454410442545138
     7.124000000000152	0.02454412249469744
     7.124333333333485	0.02454413996639835
     7.124666666666819	0.02454415690555673
     7.125000000000153	0.02454417326400749
     7.125333333333487	0.02454418899757491
      7.12566666666682	0.02454420421555977
     7.126000000000154	0.0245442189312327
     7.126333333333488	0.02454423305822659
     7.126666666666821	0.02454424658543514
     7.127000000000155	0.02454425956088253
     7.127333333333489	0.02454427201138606
     7.127666666666823	0.02454428393346745
     7.128000000000156	0.02454429534090864
      7.12833333333349	0.0245443062357346
     7.128666666666824	0.02454431662525437
     7.129000000000158	0.02454432652198765
     7.129333333333491	0.02454433594070459
     7.129666666666825	0.02454434489646165
     7.130000000000159	0.02454435340299301
     7.130333333333493	0.02454436147362463
     7.130666666666826	0.02454436912219641
      7.13100000000016	0.02454437636238603
     7.131333333333494	0.02454438320746723
     7.131666666666828	0.02454438967129957
     7.132000000000161	0.02454439576914887
     7.132333333333495	0.02454440151883051
     7.132666666666829	0.02454440697417931
     7.133000000000163	0.02454441202975342
     7.133333333333496	0.0245444167043145
      7.13366666666683	0.02454442130655236
     7.134000000000164	0.02454442556010356
     7.134333333333498	0.02454442950013296
     7.134666666666831	0.02454443319974463
     7.135000000000165	0.02454443669040339
     7.135333333333499	0.02454443995320268
     7.135666666666832	0.02454444296551334
     7.136000000000166	0.02454444573985358
       7.1363333333335	0.0245444482882291
     7.136666666666834	0.0245444508539896
     7.137000000000167	0.02454445328445126
     7.137333333333501	0.02454445545480323
     7.137666666666835	0.02454445740829258
     7.138000000000169	0.02454445924548051
     7.138333333333502	0.02454446102514248
     7.138666666666836	0.02454446272575224
      7.13900000000017	0.02454446430433985
     7.139333333333504	0.02454446574907836
     7.139666666666837	0.02454446709788396
     7.140000000000171	0.02454446838371708
     7.140333333333505	0.02454446961477563
     7.140666666666839	0.02454447077859164
     7.141000000000172	0.02454447186965079
     7.141333333333506	0.02454447289931362
      7.14166666666684	0.02454447388443903
     7.142000000000174	0.02454447483386349
     7.142333333333507	0.02454447574595427
     7.142666666666841	0.02454447661749534
     7.143000000000175	0.02454447744370156
     7.143333333333509	0.02454447823851221
     7.143666666666842	0.02454447901686334
     7.144000000000176	0.02454447976865459
      7.14433333333351	0.0245444804883406
     7.144666666666843	0.02454448117924061
     7.145000000000177	0.02454448186250151
     7.145333333333511	0.02454448255991508
     7.145666666666845	0.02454448326578127
     7.146000000000178	0.02454448394980986
     7.146333333333512	0.02454448462926624
     7.146666666666846	0.02454448530523354
      7.14700000000018	0.02454448595832068
     7.147333333333513	0.02454448653860904
     7.147666666666847	0.02454448709513496
     7.148000000000181	0.02454448767771305
     7.148333333333515	0.02454448828440917
     7.148666666666848	0.02454448890276441
     7.149000000000182	0.02454448950086319
     7.149333333333516	0.02454449007074984
      7.14966666666685	0.0245444906827255
     7.150000000000183	0.02454449126562719
     7.150333333333517	0.0245444918078954
     7.150666666666851	0.02454449234051497
     7.151000000000185	0.02454449286473653
     7.151333333333518	0.02454449337786813
     7.151666666666852	0.02454449389092152
     7.152000000000186	0.02454449439250065
      7.15233333333352	0.02454449486850816
     7.152666666666853	0.02454449582275827
     7.153000000000187	0.02454449656034494
     7.153333333333521	0.02454449631592088
     7.153666666666854	0.02454449639425526
     7.154000000000188	0.02454449718721177
     7.154333333333522	0.02454449814774217
     7.154666666666856	0.02454449874240645
     7.155000000000189	0.02454449867516734
     7.155333333333523	0.02454449853426058
     7.155666666666857	0.024544498916389
     7.156000000000191	0.02454449961573913
     7.156333333333524	0.02454450010873131
     7.156666666666858	0.02454450025795639
     7.157000000000192	0.02454450026153332
     7.157333333333526	0.02454450038113729
     7.157666666666859	0.0245445006757654
     7.158000000000193	0.02454450100592028
     7.158333333333527	0.02454450123142686
     7.158666666666861	0.02454450135144953
     7.159000000000194	0.02454450142683833
     7.159333333333528	0.02454450151942178
     7.159666666666862	0.0245445011301761
     7.160000000000196	0.02454450137146513
     7.160333333333529	0.02454450193864514
     7.160666666666863	0.0245445018296454
     7.161000000000197	0.02454450184130228
     7.161333333333531	0.02454450149180535
     7.161666666666864	0.02454450128990899
     7.162000000000198	0.02454450193383111
     7.162333333333532	0.02454450207214063
     7.162666666666865	0.02454450169598792
     7.163000000000199	0.02454450136892743
     7.163333333333533	0.0245445014362491
     7.163666666666867	0.02454450170970608
       7.1640000000002	0.02454450182404281
     7.164333333333534	0.02454450170840263
     7.164666666666868	0.0245445015330458
     7.165000000000202	0.02454450147139465
     7.165333333333535	0.02454450152072605
     7.165666666666869	0.02454450157355782
     7.166000000000203	0.02454450154869155
     7.166333333333537	0.02454450146416952
      7.16666666666687	0.02454450139022331
     7.167000000000204	0.02454450136242456
     7.167333333333538	0.02454450135473179
     7.167666666666872	0.02454450133113711
     7.168000000000205	0.02454450128651142
     7.168333333333539	0.02454450123455448
     7.168666666666873	0.0245445010867889
     7.169000000000207	0.02454450108528378
      7.16933333333354	0.02454450118968093
     7.169666666666874	0.02454450114635017
     7.170000000000208	0.02454450104162591
     7.170333333333542	0.02454450102248151
     7.170666666666875	0.02454450094416174
     7.171000000000209	0.02454450092668788
     7.171333333333543	0.02454450087653846
     7.171666666666876	0.02454450096058142
      7.17200000000021	0.02454450093917481
     7.172333333333544	0.02454450089861435
     7.172666666666878	0.02454450078347583
     7.173000000000211	0.02454450065193738
     7.173333333333545	0.02454450078377658
     7.173666666666879	0.02454450086976082
     7.174000000000213	0.02454450074974136
     7.174333333333546	0.02454450055906947
      7.17466666666688	0.02454450053633037
     7.175000000000214	0.02454450062392906
     7.175333333333548	0.02454450065465755
     7.175666666666881	0.02454450058900904
     7.176000000000215	0.02454450050562671
     7.176333333333549	0.02454450044997131
     7.176666666666883	0.02454450042275502
     7.177000000000216	0.02454450040859047
      7.17733333333355	0.02454450039633289
     7.177666666666884	0.0245445003646483
     7.178000000000218	0.02454450030753802
     7.178333333333551	0.02454450023966258
     7.178666666666885	0.02454450018398868
     7.179000000000219	0.02454450014377951
     7.179333333333553	0.02454450010413887
     7.179666666666886	0.02454450005338429
      7.18000000000022	0.0245444999877761
     7.180333333333554	0.02454449991425066
     7.180666666666887	0.02454449984144894
     7.181000000000221	0.02454449977166138
     7.181333333333555	0.02454449970062143
     7.181666666666889	0.02454449962306216
     7.182000000000222	0.02454449953741679
     7.182333333333556	0.02454449944587569
      7.18266666666689	0.02454449935175557
     7.183000000000224	0.02454449941613317
     7.183333333333557	0.02454449928628059
     7.183666666666891	0.02454449901293424
     7.184000000000225	0.02454449895954736
     7.184333333333559	0.02454449887986608
     7.184666666666892	0.02454449886187877
     7.185000000000226	0.02454449867747673
      7.18533333333356	0.02454449854003336
     7.185666666666894	0.02454449844155912
     7.186000000000227	0.02454449822021043
     7.186333333333561	0.02454449808413342
     7.186666666666895	0.02454449799439034
     7.187000000000229	0.02454449790119152
     7.187333333333562	0.02454449773411114
     7.187666666666896	0.02454449751265993
      7.18800000000023	0.02454449712973061
     7.188333333333564	0.0245444970133346
     7.188666666666897	0.02454449701592631
     7.189000000000231	0.02454449692319144
     7.189333333333565	0.02454449670217882
     7.189666666666898	0.02454449644072385
     7.190000000000232	0.02454449621978329
     7.190333333333566	0.02454449604800987
       7.1906666666669	0.02454449589727993
     7.191000000000233	0.02454449574712406
     7.191333333333567	0.02454449557511529
     7.191666666666901	0.02454449537874097
     7.192000000000235	0.0245444951805186
     7.192333333333568	0.02454449500289017
     7.192666666666902	0.02454449484869754
     7.193000000000236	0.02454449470073824
      7.19333333333357	0.02454449454544731
     7.193666666666903	0.02454449438448713
     7.194000000000237	0.02454449422820307
     7.194333333333571	0.02454449408287433
     7.194666666666905	0.02454449394802198
     7.195000000000238	0.02454449382352746
     7.195333333333572	0.02454449370692158
     7.195666666666906	0.02454449363379998
      7.19600000000024	0.024544493548365
     7.196333333333573	0.02454449340741434
     7.196666666666907	0.0245444932610906
     7.197000000000241	0.02454449326900995
     7.197333333333575	0.02454449330891737
     7.197666666666908	0.02454449319148664
     7.198000000000242	0.02454449299638468
     7.198333333333576	0.02454449300162066
     7.198666666666909	0.02454449312082288
     7.199000000000243	0.0245444931690162
     7.199333333333577	0.02454449301120107
     7.199666666666911	0.02454449294926371
     7.200000000000244	0.02454449303637925
     7.200333333333578	0.02454449314637278
     7.200666666666912	0.0245444932006319
     7.201000000000246	0.02454449319201687
     7.201333333333579	0.02454449319329677
     7.201666666666913	0.02454449325202019
     7.202000000000247	0.02454449334979744
     7.202333333333581	0.02454449344937999
     7.202666666666914	0.02454449353596657
     7.203000000000248	0.02454449361893293
     7.203333333333582	0.02454449371371856
     7.203666666666916	0.02454449382579363
     7.204000000000249	0.02454449395037775
     7.204333333333583	0.02454449408076349
     7.204666666666917	0.02454449421514614
     7.205000000000251	0.02454449435558613
     7.205333333333584	0.02454449450364707
     7.205666666666918	0.02454449465887659
     7.206000000000252	0.02454449482003049
     7.206333333333586	0.02454449498689168
     7.206666666666919	0.02454449515975408
     7.207000000000253	0.02454449533784257
     7.207333333333587	0.02454449551999519
      7.20766666666692	0.024544495706018
     7.208000000000254	0.02454449589659217
     7.208333333333588	0.02454449609209212
     7.208666666666922	0.02454449629188949
     7.209000000000255	0.02454449649481672
     7.209333333333589	0.02454449670008715
     7.209666666666923	0.02454449690767378
     7.210000000000257	0.02454449711789682
      7.21033333333359	0.02454449733076476
     7.210666666666924	0.02454449754577387
     7.211000000000258	0.02454449776228415
     7.211333333333592	0.02454449797987993
     7.211666666666925	0.02454449819841163
     7.212000000000259	0.02454449841792115
     7.212333333333593	0.02454449863825932
     7.212666666666927	0.02454449885907174
      7.21300000000026	0.02454449907995141
     7.213333333333594	0.02454449930061563
     7.213666666666928	0.0245444995209397
     7.214000000000262	0.02454449974332551
     7.214333333333595	0.02454449995841483
     7.214666666666929	0.0245445001776379
     7.215000000000263	0.02454450039559771
     7.215333333333596	0.02454450061189382
      7.21566666666693	0.02454450082647603
     7.216000000000264	0.02454450103942943
     7.216333333333598	0.02454450125084392
     7.216666666666931	0.02454450135138505
     7.217000000000265	0.02454450146550193
     7.217333333333599	0.02454450177738208
     7.217666666666933	0.02454450213241956
     7.218000000000266	0.02454450238677999
       7.2183333333336	0.02454450243243998
     7.218666666666934	0.02454450246379337
     7.219000000000268	0.02454450261848159
     7.219333333333601	0.02454450288768275
     7.219666666666935	0.02454450327083606
     7.220000000000269	0.02454450356348253
     7.220333333333603	0.02454450361925473
     7.220666666666936	0.0245445036226392
      7.22100000000027	0.02454450373531164
     7.221333333333604	0.02454450397263867
     7.221666666666938	0.02454450424268632
     7.222000000000271	0.02454450445522938
     7.222333333333605	0.02454450459584
     7.222666666666939	0.02454450470948744
     7.223000000000273	0.02454450484814526
     7.223333333333606	0.02454450502404411
      7.22366666666694	0.02454450520754241
     7.224000000000274	0.02454450537429215
     7.224333333333607	0.02454450551769306
     7.224666666666941	0.02454450565061505
     7.225000000000275	0.02454450578850572
     7.225333333333609	0.02454450593593183
     7.225666666666942	0.02454450608616375
     7.226000000000276	0.02454450623012269
      7.22633333333361	0.02454450636445411
     7.226666666666944	0.02454450649237929
     7.227000000000277	0.02454450661910302
     7.227333333333611	0.02454450674719229
     7.227666666666945	0.02454450687560028
     7.228000000000279	0.02454450700176766
     7.228333333333612	0.0245445071240518
     7.228666666666946	0.02454450724256638
      7.22900000000028	0.02454450735851962
     7.229333333333614	0.02454450747307943
     7.229666666666947	0.02454450758666068
     7.230000000000281	0.02454450769894096
     7.230333333333615	0.02454450780932942
     7.230666666666949	0.02454450791733389
     7.231000000000282	0.02454450802297274
     7.231333333333616	0.02454450812670641
      7.23166666666695	0.02454450822910898
     7.232000000000284	0.02454450833048233
     7.232333333333617	0.02454450843071299
     7.232666666666951	0.02454450852944848
     7.233000000000285	0.02454450862642507
     7.233333333333618	0.0245445087216819
     7.233666666666952	0.02454450881556481
     7.234000000000286	0.02454450890829625
      7.23433333333362	0.02454450900007657
     7.234666666666953	0.02454450909075687
     7.235000000000287	0.02454450918023074
     7.235333333333621	0.02454450926847069
     7.235666666666955	0.02454450935561135
     7.236000000000288	0.02454450944163347
     7.236333333333622	0.02454450952663931
     7.236666666666956	0.02454450961078549
      7.23700000000029	0.02454450969403725
     7.237333333333623	0.02454450977630886
     7.237666666666957	0.02454450985762917
     7.238000000000291	0.02454450993807208
     7.238333333333625	0.02454451001769695
     7.238666666666958	0.02454451009656707
     7.239000000000292	0.02454451017462063
     7.239333333333626	0.02454451025185424
      7.23966666666696	0.02454451032830702
     7.240000000000293	0.02454451040403515
     7.240333333333627	0.02454451047906993
     7.240666666666961	0.0245445105534413
     7.241000000000295	0.0245445106271029
     7.241333333333628	0.02454451070001681
     7.241666666666962	0.02454451077219966
     7.242000000000296	0.02454451084373662
     7.242333333333629	0.02454451091473303
     7.242666666666963	0.02454451098516248
     7.243000000000297	0.02454451105491848
     7.243333333333631	0.02454451112394896
     7.243666666666964	0.02454451119232271
     7.244000000000298	0.02454451126017726
     7.244333333333632	0.02454451132751169
     7.244666666666966	0.02454451139426836
     7.245000000000299	0.02454451146035338
     7.245333333333633	0.02454451152576983
     7.245666666666967	0.02454451159060149
     7.246000000000301	0.02454451165495773
     7.246333333333634	0.02454451171877756
     7.246666666666968	0.02454451178197823
     7.247000000000302	0.02454451184453221
     7.247333333333636	0.02454451190649307
     7.247666666666969	0.02454451196797341
     7.248000000000303	0.02454451202887964
     7.248333333333637	0.02454451208917295
     7.248666666666971	0.02454451214890865
     7.249000000000304	0.02454451220800717
     7.249333333333638	0.02454451226650881
     7.249666666666972	0.02454451232445953
     7.250000000000306	0.02454451238191387
     7.250333333333639	0.02454451243652957
     7.250666666666973	0.02454451249526559
     7.251000000000307	0.02454451255018497
      7.25133333333364	0.02454451260710071
     7.251666666666974	0.02454451265981207
     7.252000000000308	0.02454451271186859
     7.252333333333642	0.02454451276762547
     7.252666666666975	0.0245445128202542
     7.253000000000309	0.0245445128713318
     7.253333333333643	0.02454451292170044
     7.253666666666977	0.02454451297264874
      7.25400000000031	0.02454451302383754
     7.254333333333644	0.02454451307417466
     7.254666666666978	0.02454451312298074
     7.255000000000312	0.02454451317056544
     7.255333333333645	0.02454451321168381
     7.255666666666979	0.02454451325975309
     7.256000000000313	0.02454451330426721
     7.256333333333647	0.02454451335477632
      7.25666666666698	0.0245445133982285
     7.257000000000314	0.02454451343552362
     7.257333333333648	0.02454451347288683
     7.257666666666982	0.02454451351538769
     7.258000000000315	0.02454451356180555
     7.258333333333649	0.02454451360682953
     7.258666666666983	0.02454451364711801
     7.259000000000317	0.02454451368394715
      7.25933333333365	0.02454451372089794
     7.259666666666984	0.02454451376008565
     7.260000000000318	0.02454451380055446
     7.260333333333651	0.02454451383992522
     7.260666666666985	0.0245445138770369
     7.261000000000319	0.02454451391255883
     7.261333333333653	0.02454451394791674
     7.261666666666986	0.02454451398392976
      7.26200000000032	0.02454451402005193
     7.262333333333654	0.02454451405525656
     7.262666666666988	0.02454451408905629
     7.263000000000321	0.02454451412188352
     7.263333333333655	0.02454451415450463
     7.263666666666989	0.02454451418699434
     7.264000000000323	0.02454451421900131
     7.264333333333656	0.02454451425024012
      7.26466666666699	0.02454451428067662
     7.265000000000324	0.02454451431045494
     7.265333333333658	0.02454451433973184
     7.265666666666991	0.02454451436855207
     7.266000000000325	0.02454451439684781
     7.266333333333659	0.02454451442456155
     7.266666666666993	0.02454451445170607
     7.267000000000326	0.0245445144782796
      7.26733333333366	0.02454451450429932
     7.267666666666994	0.02454451452977337
     7.268000000000328	0.0245445145547323
     7.268333333333661	0.02454451457915054
     7.268666666666995	0.02454451460309467
     7.269000000000329	0.02454451462650271
     7.269333333333662	0.02454451464933295
     7.269666666666996	0.02454451467179208
      7.27000000000033	0.02454451469341828
     7.270333333333664	0.02454451471488093
     7.270666666666997	0.02454451473563853
     7.271000000000331	0.02454451475613603
     7.271333333333665	0.02454451477589229
     7.271666666666999	0.02454451479545089
     7.272000000000332	0.02454451481421863
     7.272333333333666	0.02454451483280992
        7.272666666667	0.02454451485085633
     7.273000000000334	0.02454451486834152
     7.273333333333667	0.02454451488559089
     7.273666666667001	0.02454451490234175
     7.274000000000335	0.0245445149186957
     7.274333333333669	0.02454451493456297
     7.274666666667002	0.02454451495004224
     7.275000000000336	0.02454451496519866
      7.27533333333367	0.02454451498001453
     7.275666666667004	0.02454451499456582
     7.276000000000337	0.02454451500856697
     7.276333333333671	0.02454451502213223
     7.276666666667005	0.02454451503559046
     7.277000000000339	0.02454451504865155
     7.277333333333672	0.02454451506148522
     7.277666666667006	0.02454451507382549
      7.27800000000034	0.02454451508581471
     7.278333333333673	0.02454451509777236
     7.278666666667007	0.0245445151093621
     7.279000000000341	0.02454451512075988
     7.279333333333675	0.02454451513171486
     7.279666666667008	0.02454451514253935
     7.280000000000342	0.02454451515298894
     7.280333333333676	0.02454451516336521
      7.28066666666701	0.02454451517339258
     7.281000000000343	0.02454451518316047

     8.000333333333334	0.02334556153296576
     8.000666666666667	0.02353142064707709
     8.001000000000001	0.02452212426158365
     8.001333333333335	0.02516421609526506
     8.001666666666669	0.02504226532147456
     8.002000000000002	0.02453949628808325
     8.002333333333336	0.0242076005471448
      8.00266666666667	0.02425032610375407
     8.003000000000004	0.02449700314843416
     8.003333333333337	0.02467856917835558
     8.003666666666671	0.02467028706403727
     8.004000000000005	0.02453838157024841
     8.004333333333339	0.02442523499306949
     8.004666666666672	0.02441617268142551
     8.005000000000006	0.02448620525127522
      8.00533333333334	0.02455217441300891
     8.005666666666674	0.02455638303704986
     8.006000000000007	0.02450955628256766
     8.006333333333341	0.02446488932236443
     8.006666666666675	0.02445793000526775
     8.007000000000009	0.02448221925898942
     8.007333333333342	0.02450423995448222
     8.007666666666676	0.02450337304511119
      8.00800000000001	0.02448473999509663
     8.008333333333344	0.02446859094769036
     8.008666666666677	0.02446600293206754
     8.009000000000011	0.02447291876127621
     8.009333333333345	0.02447864828818058
     8.009666666666678	0.02447730579325055
     8.010000000000012	0.02447065204375028
     8.010333333333346	0.0244650751633598
      8.01066666666668	0.02446337038823294
     8.011000000000013	0.02446471422435935
     8.011333333333347	0.02446574670902265
     8.011666666666681	0.02446519357045443
     8.012000000000015	0.02446359446274255
     8.012333333333348	0.02446231161021435
     8.012666666666682	0.0244618024871098
     8.013000000000016	0.02446197799181989
      8.01333333333335	0.02446242163383814
     8.013666666666683	0.02446286593748761
     8.014000000000017	0.02446308902222621
     8.014333333333351	0.02446309168596103
     8.014666666666685	0.02446325940870434
     8.015000000000018	0.02446391184613424
     8.015333333333352	0.0244648451056527
     8.015666666666686	0.02446606370137297
      8.01600000000002	0.02446697853507823
     8.016333333333353	0.02446774318163706
     8.016666666666687	0.02446859274265427
     8.017000000000021	0.02446982624175289
     8.017333333333355	0.02447130337326488
     8.017666666666688	0.02447277959744012
     8.018000000000022	0.02447414220523678
     8.018333333333356	0.02447544539587406
     8.018666666666689	0.02447679519778195
     8.019000000000023	0.02447832967643155
     8.019333333333357	0.02447995759829921
     8.019666666666691	0.02448160554935561
     8.020000000000024	0.0244832030377726
     8.020333333333358	0.02448476990913045
     8.020666666666692	0.02448634941245396
     8.021000000000026	0.024487966100569
     8.021333333333359	0.02448961529420559
     8.021666666666693	0.0244912344699092
     8.022000000000027	0.02449288220833495
     8.022333333333361	0.02449442868639073
     8.022666666666694	0.02449599950430616
     8.023000000000028	0.02449754572436313
     8.023333333333362	0.02449900797096543
     8.023666666666696	0.02450051356209287
     8.024000000000029	0.02450198981855495
     8.024333333333363	0.02450340048785341
     8.024666666666697	0.02450474344220781
     8.025000000000031	0.02450604332333382
     8.025333333333364	0.02450731543513683
     8.025666666666698	0.02450854489985968
     8.026000000000032	0.02450971644032373
     8.026333333333366	0.02451082605862238
     8.026666666666699	0.02451187817333809
     8.027000000000033	0.024512876978511
     8.027333333333367	0.02451382033850968
       8.0276666666667	0.02451470305181449
     8.028000000000034	0.02451552121123969
     8.028333333333368	0.02451627497952965
     8.028666666666702	0.02451696746845815
     8.029000000000035	0.0245175997060614
     8.029333333333369	0.02451814757829476
     8.029666666666703	0.02451868628178708
     8.030000000000037	0.02451914581684702
      8.03033333333337	0.02451949969309716
     8.030666666666704	0.0245198125164116
     8.031000000000038	0.02452008721137256
     8.031333333333372	0.02452030588216216
     8.031666666666705	0.02452045761082216
     8.032000000000039	0.02452054473437557
     8.032333333333373	0.02452057700936404
     8.032666666666707	0.0245205596199368
      8.03300000000004	0.02452049526555608
     8.033333333333374	0.02452038249872852
     8.033666666666708	0.02452022041083683
     8.034000000000042	0.02452001297460068
     8.034333333333375	0.0245197651408629
     8.034666666666709	0.02451947725168097
     8.035000000000043	0.0245191524341824
     8.035333333333377	0.02451879311668646
      8.03566666666671	0.02451839860063653
     8.036000000000044	0.02451797483194738
     8.036333333333378	0.02451752692107157
     8.036666666666711	0.02451705516864531
     8.037000000000045	0.02451655953234207
     8.037333333333379	0.02451635457184614
     8.037666666666713	0.02451604717506552
     8.038000000000046	0.02451545026199536
      8.03833333333338	0.02451470174694281
     8.038666666666714	0.02451401163411659
     8.039000000000048	0.02451348163996643
     8.039333333333381	0.02451303724901539
     8.039666666666715	0.02451223441515946
     8.040000000000049	0.02451137955405886
     8.040333333333383	0.02451073796290031
     8.040666666666716	0.02451028372328968
      8.04100000000005	0.02450981731995652
     8.041333333333384	0.02450918231198627
     8.041666666666718	0.02450850141904667
     8.042000000000051	0.02450784737437011
     8.042333333333385	0.02450727991955863
     8.042666666666719	0.02450674319694947
     8.043000000000053	0.02450624775265331
     8.043333333333386	0.02450566866721235
      8.04366666666672	0.02450507396815709
     8.044000000000054	0.02450452520494408
     8.044333333333388	0.02450403330058424
     8.044666666666721	0.02450356942253171
     8.045000000000055	0.02450309565272689
     8.045333333333389	0.02450260137672691
     8.045666666666722	0.02450210651638626
     8.046000000000056	0.0245016388435534
      8.04633333333339	0.0245012093188563
     8.046666666666724	0.02450082303906034
     8.047000000000057	0.02450059697023753
     8.047333333333391	0.02450037806943872
     8.047666666666725	0.02450003165478974
     8.048000000000059	0.02449959549059597
     8.048333333333392	0.02449918386653836
     8.048666666666726	0.02449888526562411
      8.04900000000006	0.0244986411475776
     8.049333333333394	0.02449837417129042
     8.049666666666727	0.02449806113315312
     8.050000000000061	0.02449774182870878
     8.050333333333395	0.0244974624073962
     8.050666666666729	0.02449723051360556
     8.051000000000062	0.02449702346756461
     8.051333333333396	0.02449680602532848
      8.05166666666673	0.02449656191471246
     8.052000000000064	0.02449630901865416
     8.052333333333397	0.02449607186456681
     8.052666666666731	0.02449585838540575
     8.053000000000065	0.02449564561124029
     8.053333333333399	0.02449545006095663
     8.053666666666732	0.02449528919564311
     8.054000000000066	0.02449509203543119
       8.0543333333334	0.02449472919600943
     8.054666666666733	0.02449440672018034
     8.055000000000067	0.02449420545149776
     8.055333333333401	0.02449409628440821
     8.055666666666735	0.02449400121346152
     8.056000000000068	0.02449389756296168
     8.056333333333402	0.02449374826418384
     8.056666666666736	0.0244935286188186
      8.05700000000007	0.02449334386850236
     8.057333333333403	0.02449314970775112
     8.057666666666737	0.02449303649260825
     8.058000000000071	0.02449293759025482
     8.058333333333405	0.02449278528671895
     8.058666666666738	0.02449258290878837
     8.059000000000072	0.02449238951025805
     8.059333333333406	0.02449235889104291
      8.05966666666674	0.02449224983151133
     8.060000000000073	0.02449204088696483
     8.060333333333407	0.02449183222538282
     8.060666666666741	0.02449165432342346
     8.061000000000075	0.02449146354321697
     8.061333333333408	0.02449127375357839
     8.061666666666742	0.02449112438104157
     8.062000000000076	0.02449098004051533
      8.06233333333341	0.02449080475950499
     8.062666666666743	0.02449060662299433
     8.063000000000077	0.02449041330275187
     8.063333333333411	0.02449024356156054
     8.063666666666744	0.02449009129987542
     8.064000000000078	0.02448991814126094
     8.064333333333412	0.02448979316912806
     8.064666666666746	0.02448963209930825
     8.065000000000079	0.02448944487487522
     8.065333333333413	0.02448926905654777
     8.065666666666747	0.02448911570159405
     8.066000000000081	0.02448898225919942
     8.066333333333414	0.02448884616181087
     8.066666666666748	0.02448869111220893
     8.067000000000082	0.02448857110109852
     8.067333333333416	0.02448841094234783
     8.067666666666749	0.02448827955235923
     8.068000000000083	0.02448827846998191
     8.068333333333417	0.02448815892716788
     8.068666666666751	0.02448795532028897
     8.069000000000084	0.02448786786519662
     8.069333333333418	0.02448783156566713
     8.069666666666752	0.02448772083942331
     8.070000000000086	0.02448768685338096
     8.070333333333419	0.02448755188068075
     8.070666666666753	0.02448743615779148
     8.071000000000087	0.02448739386628139
     8.071333333333421	0.02448735090528262
     8.071666666666754	0.02448722318452197
     8.072000000000088	0.0244872121933306
     8.072333333333422	0.02448719041241647
     8.072666666666755	0.02448709572513659
     8.073000000000089	0.02448708838952523
     8.073333333333423	0.02448703157315671
     8.073666666666757	0.02448696922529836
      8.07400000000009	0.02448700705702861
     8.074333333333424	0.0244869859170944
     8.074666666666758	0.02448695047959291
     8.075000000000092	0.02448699968297531
     8.075333333333425	0.02448698448769983
     8.075666666666759	0.02448695408230411
     8.076000000000093	0.02448700949274802
     8.076333333333427	0.0244870157946604
      8.07666666666676	0.02448701346464308
     8.077000000000094	0.02448708055395664
     8.077333333333428	0.02448709526376158
     8.077666666666762	0.02448710222957268
     8.078000000000095	0.02448717302698951
     8.078333333333429	0.0244872016360651
     8.078666666666763	0.02448722737605618
     8.079000000000097	0.0244873028902911
      8.07933333333343	0.02448734463960971
     8.079666666666764	0.02448737137444404
     8.080000000000098	0.02448744409534575
     8.080333333333432	0.02448748972363875
     8.080666666666765	0.02448754711606739
     8.081000000000099	0.02448761109315102
     8.081333333333433	0.02448765079355456
     8.081666666666766	0.02448768566043181
       8.0820000000001	0.02448777111032065
     8.082333333333434	0.02448783005050092
     8.082666666666768	0.02448788257693772
     8.083000000000101	0.02448795136444502
     8.083333333333435	0.02448799453216187
     8.083666666666769	0.02448805399206556
     8.084000000000103	0.02448812510847683
     8.084333333333436	0.02448817630543969
      8.08466666666677	0.02448822807686236
     8.085000000000104	0.02448827810264322
     8.085333333333438	0.02448833420976
     8.085666666666771	0.02448839235963112
     8.086000000000105	0.02448844355337618
     8.086333333333439	0.02448847541569825
     8.086666666666773	0.02448851711384584
     8.087000000000106	0.02448856776381787
      8.08733333333344	0.02448860906321972
     8.087666666666774	0.02448864982673634
     8.088000000000108	0.02448868182533533
     8.088333333333441	0.02448874404638539
     8.088666666666775	0.0244887921389414
     8.089000000000109	0.02448879915753297
     8.089333333333443	0.02448881754879624
     8.089666666666776	0.02448885369077169
      8.09000000000011	0.02448888341118518
     8.090333333333444	0.02448890556964017
     8.090666666666777	0.02448892062240141
     8.091000000000111	0.02448892823113396
     8.091333333333445	0.02448894475790895
     8.091666666666779	0.02448896159223281
     8.092000000000112	0.02448896890655381
     8.092333333333446	0.02448897720941737
      8.09266666666678	0.02448898545908265
     8.093000000000114	0.02448898872432699
     8.093333333333447	0.02448899324195425
     8.093666666666781	0.02448899490454771
     8.094000000000115	0.02448899421557687
     8.094333333333449	0.02448899356659713
     8.094666666666782	0.02448898950552221
     8.095000000000116	0.02448898617847216
      8.09533333333345	0.024488983412503
     8.095666666666784	0.02448897723275983
     8.096000000000117	0.0244889732801986
     8.096333333333451	0.0244889673499107
     8.096666666666785	0.02448895731360669
     8.097000000000119	0.02448895247883006
     8.097333333333452	0.02448894583483905
     8.097666666666786	0.02448893471698419
      8.09800000000012	0.02448892963563337
     8.098333333333454	0.02448892306138097
     8.098666666666787	0.02448891111404063
     8.099000000000121	0.02448890669893304
     8.099333333333455	0.02448890008315027
     8.099666666666788	0.02448888816706532
     8.100000000000122	0.02448888618363308
     8.100333333333456	0.02448888107388343
      8.10066666666679	0.02448886989580706
     8.101000000000123	0.02448885882636027
     8.101333333333457	0.02448886672917583
     8.101666666666791	0.02448886315447144
     8.102000000000125	0.02448885462555328
     8.102333333333458	0.02448884513703519
     8.102666666666792	0.02448885629324031
     8.103000000000126	0.02448885688837287
      8.10333333333346	0.02448885120756013
     8.103666666666793	0.02448884507828941
     8.104000000000127	0.02448886021590082
     8.104333333333461	0.0244888653954903
     8.104666666666795	0.02448886250490058
     8.105000000000128	0.02448886012481534
     8.105333333333462	0.02448887966769596
     8.105666666666796	0.02448888969015407
      8.10600000000013	0.02448888956214401
     8.106333333333463	0.02448889096195365
     8.106666666666797	0.02448890112008922
     8.107000000000131	0.02448891774226172
     8.107333333333465	0.02448893343351113
     8.107666666666798	0.02448894554362467
     8.108000000000132	0.02448895681820971
     8.108333333333466	0.02448897038692383
     8.108666666666799	0.02448898697511323
     8.109000000000133	0.02448900521252688
     8.109333333333467	0.02448902358230319
     8.109666666666801	0.02448904160039841
     8.110000000000134	0.02448905979563912
     8.110333333333468	0.02448907898631862
     8.110666666666802	0.0244890995224605
     8.111000000000136	0.02448912107000793
     8.111333333333469	0.02448914303728287
     8.111666666666803	0.0244891651163226
     8.112000000000137	0.02448918742471015
     8.112333333333471	0.02448921022590993
     8.112666666666804	0.02448923365157497
     8.113000000000138	0.02448925762161008
     8.113333333333472	0.02448928190872457
     8.113666666666806	0.02448930633486771
     8.114000000000139	0.02448933087329795
     8.114333333333473	0.02448935560646614
     8.114666666666807	0.02448938059900241
     8.115000000000141	0.02448940576914558
     8.115333333333474	0.02448943100823399
     8.115666666666808	0.02448945619024468
     8.116000000000142	0.02448948130557394
     8.116333333333476	0.02448950638496482
     8.116666666666809	0.02448953144028617
     8.117000000000143	0.02448955636997123
     8.117333333333477	0.02448958114284575
      8.11766666666681	0.02448960571672656
     8.118000000000144	0.02448963006527596
     8.118333333333478	0.02448965417067265
     8.118666666666812	0.02448967801159366
     8.119000000000145	0.02448970155677349
     8.119333333333479	0.02448972477042548
     8.119666666666813	0.02448974762393214
     8.120000000000147	0.02448977010028276
      8.12033333333348	0.02448979218665375
     8.120666666666814	0.02448981386498744
     8.121000000000148	0.02448983511168098
     8.121333333333482	0.02448985590397432
     8.121666666666815	0.02448987623888625
     8.122000000000149	0.02448989606847732
     8.122333333333483	0.02448991542630818
     8.122666666666817	0.0244899343002906
      8.12300000000015	0.0244899526616195
     8.123333333333484	0.02448997049177602
     8.123666666666818	0.02448998779239202
     8.124000000000152	0.02449000457314613
     8.124333333333485	0.02449002080425037
     8.124666666666819	0.02449003654999138
     8.125000000000153	0.02449005175980211
     8.125333333333487	0.02449006640209065
      8.12566666666682	0.02449008051280277
     8.126000000000154	0.02449009416226496
     8.126333333333488	0.02449010729293028
     8.126666666666821	0.02449011989709214
     8.127000000000155	0.02449013195633637
     8.127333333333489	0.02449014351832415
     8.127666666666823	0.02449015460449267
     8.128000000000156	0.02449016521109001
      8.12833333333349	0.02449017535094051
     8.128666666666824	0.0244901850281915
     8.129000000000158	0.0244901942506718
     8.129333333333491	0.0244902030295537
     8.129666666666825	0.02449021137941296
     8.130000000000159	0.02449021931583897
     8.130333333333493	0.02449022685354236
     8.130666666666826	0.02449023400544503
      8.13100000000016	0.02449024078568374
     8.131333333333494	0.02449024720081512
     8.131666666666828	0.02449025330084884
     8.132000000000161	0.02449025903273215
     8.132333333333495	0.02449026437995649
     8.132666666666829	0.02449026937336139
     8.133000000000163	0.02449027420366215
     8.133333333333496	0.02449027887805127
      8.13366666666683	0.02449028327378609
     8.134000000000164	0.02449028724718353
     8.134333333333498	0.02449029089872273
     8.134666666666831	0.02449029435047549
     8.135000000000165	0.02449029761245194
     8.135333333333499	0.02449030082667115
     8.135666666666832	0.02449030388810857
     8.136000000000166	0.02449030665193016
       8.1363333333335	0.02449030914842898
     8.136666666666834	0.02449031150475876
     8.137000000000167	0.02449031378838045
     8.137333333333501	0.02449031597170347
     8.137666666666835	0.02449031800291076
     8.138000000000169	0.02449031987649193
     8.138333333333502	0.02449032162789363
     8.138666666666836	0.02449032329221658
      8.13900000000017	0.02449032487439595
     8.139333333333504	0.02449032636912922
     8.139666666666837	0.02449032777169264
     8.140000000000171	0.02449032909595513
     8.140333333333505	0.02449033035542741
     8.140666666666839	0.02449033155902737
     8.141000000000172	0.02449033270773722
     8.141333333333506	0.02449033380123716
      8.14166666666684	0.02449033484029558
     8.142000000000174	0.02449033584101652
     8.142333333333507	0.02449033680328862
     8.142666666666841	0.02449033773014819
     8.143000000000175	0.02449033863666966
     8.143333333333509	0.02449033949802516
     8.143666666666842	0.02449034030905176
     8.144000000000176	0.02449034109863442
      8.14433333333351	0.02449034187480808
     8.144666666666843	0.02449034263090144
     8.145000000000177	0.0244903433709905
     8.145333333333511	0.02449034410893998
     8.145666666666845	0.02449034482831201
     8.146000000000178	0.0244903455480967
     8.146333333333512	0.02449034625438226
     8.146666666666846	0.02449034694090993
      8.14700000000018	0.02449034765854803
     8.147333333333513	0.02449034833644365
     8.147666666666847	0.02449034888550354
     8.148000000000181	0.0244903494269877
     8.148333333333515	0.02449035002058907
     8.148666666666848	0.02449035065201977
     8.149000000000182	0.02449035127747393
     8.149333333333516	0.02449035187276816
      8.14966666666685	0.02449035246431467
     8.150000000000183	0.02449035300854734
     8.150333333333517	0.02449035352272705
     8.150666666666851	0.02449035403673286
     8.151000000000185	0.02449035455430166
     8.151333333333518	0.02449035506024217
     8.151666666666852	0.02449035597967184
     8.152000000000186	0.02449035622989605
      8.15233333333352	0.02449035662798633
     8.152666666666853	0.02449035712401491
     8.153000000000187	0.02449035761120503
     8.153333333333521	0.02449035800235828
     8.153666666666854	0.02449035841622513
     8.154000000000188	0.02449035879338708
     8.154333333333522	0.02449035914436095
     8.154666666666856	0.0244903594432552
     8.155000000000189	0.024490359663865
     8.155333333333523	0.02449035987853745
     8.155666666666857	0.02449036019897511
     8.156000000000191	0.02449036054053599
     8.156333333333524	0.02449036078066921
     8.156666666666858	0.02449036091058162
     8.157000000000192	0.02449036101864024
     8.157333333333526	0.02449036119519048
     8.157666666666859	0.02449036142475673
     8.158000000000193	0.02449036160573145
     8.158333333333527	0.02449036168971256
     8.158666666666861	0.0244903617249131
     8.159000000000194	0.02449036177315505
     8.159333333333528	0.02449036137784066
     8.159666666666862	0.02449036155831958
     8.160000000000196	0.02449036201236528
     8.160333333333529	0.02449036193202516
     8.160666666666863	0.02449036192221581
     8.161000000000197	0.02449036151349999
     8.161333333333531	0.02449036124245476
     8.161666666666864	0.02449036179809873
     8.162000000000198	0.02449036190621285
     8.162333333333532	0.02449036155505892
     8.162666666666865	0.02449036117869305
     8.163000000000199	0.02449036114454028
     8.163333333333533	0.02449036131177034
     8.163666666666867	0.02449036139116239
       8.1640000000002	0.02449036127460604
     8.164333333333534	0.02449036107941878
     8.164666666666868	0.02449036095856306
     8.165000000000202	0.02449036093134967
     8.165333333333535	0.02449036092213936
     8.165666666666869	0.02449036085802089
     8.166000000000203	0.02449036074534701
     8.166333333333537	0.02449036063535878
      8.16666666666687	0.02449036055652259
     8.167000000000204	0.02449036049423491
     8.167333333333538	0.02449036042440686
     8.167666666666872	0.02449036033914478
     8.168000000000205	0.024490360143334
     8.168333333333539	0.02449036009774864
     8.168666666666873	0.02449036015094745
     8.169000000000207	0.02449036006967586
      8.16933333333354	0.02449035992373965
     8.169666666666874	0.02449035985727887
     8.170000000000208	0.02449035975089552
     8.170333333333542	0.02449035969129202
     8.170666666666875	0.02449035960042779
     8.171000000000209	0.02449035963290425
     8.171333333333543	0.02449035957475521
     8.171666666666876	0.02449035938247155
      8.17200000000021	0.02449035937765596
     8.172333333333544	0.02449035938099471
     8.172666666666878	0.02449035924669309
     8.173000000000211	0.02449035907510937
     8.173333333333545	0.02449035905214748
     8.173666666666879	0.02449035910102518
     8.174000000000213	0.02449035907280092
     8.174333333333546	0.02449035895486174
      8.17466666666688	0.02449035883940297
     8.175000000000214	0.02449035877176899
     8.175333333333548	0.02449035873082994
     8.175666666666881	0.02449035869263864
     8.176000000000215	0.02449035864499355
     8.176333333333549	0.02449035857606194
     8.176666666666883	0.02449035848540137
     8.177000000000216	0.0244903583990812
      8.17733333333355	0.02449035832748207
     8.177666666666884	0.02449035826504413
     8.178000000000218	0.02449035820008356
     8.178333333333551	0.02449035812251201
     8.178666666666885	0.02449035803181075
     8.179000000000219	0.0244903579388481
     8.179333333333553	0.02449035784920938
     8.179666666666886	0.0244903577611605
      8.18000000000022	0.02449035766911901
     8.180333333333554	0.02449035756942283
     8.180666666666887	0.02449035746284156
     8.181000000000221	0.02449035735255527
     8.181333333333555	0.0244903572405709
     8.181666666666889	0.02449035712610585
     8.182000000000222	0.02449035700764377
     8.182333333333556	0.02449035688204737
      8.18266666666689	0.02449035675065822
     8.183000000000224	0.02449035676710254
     8.183333333333557	0.02449035659722271
     8.183666666666891	0.024490356299384
     8.184000000000225	0.02449035620882338
     8.184333333333559	0.02449035608535818
     8.184666666666892	0.0244903560182753
     8.185000000000226	0.02449035579931336
      8.18533333333356	0.02449035562463751
     8.185666666666894	0.02449035548549993
     8.186000000000227	0.02449035522933025
     8.186333333333561	0.02449035505295334
     8.186666666666895	0.02449035492229361
     8.187000000000229	0.02449035477951149
     8.187333333333562	0.02449035457324119
     8.187666666666896	0.02449035432148163
      8.18800000000023	0.02449035407637873
     8.188333333333564	0.02449035387707691
     8.188666666666897	0.02449035370049301
     8.189000000000231	0.02449035350470742
     8.189333333333565	0.02449035327757897
     8.189666666666898	0.0244903530395733
     8.190000000000232	0.02449035281175222
     8.190333333333566	0.02449035259673128
       8.1906666666669	0.02449035239027764
     8.191000000000233	0.02449035218454567
     8.191333333333567	0.02449035197336285
     8.191666666666901	0.02449035175701793
     8.192000000000235	0.02449035154237296
     8.192333333333568	0.02449035133609763
     8.192666666666902	0.02449035113869822
     8.193000000000236	0.02449035094616317
      8.19333333333357	0.02449035075549429
     8.193666666666903	0.0244903505675433
     8.194000000000237	0.02449035038560976
     8.194333333333571	0.02449035021205483
     8.194666666666905	0.0244903500468991
     8.195000000000238	0.02449034988890685
     8.195333333333572	0.02449034973768195
     8.195666666666906	0.02449034959330623
      8.19600000000024	0.02449034945727984
     8.196333333333573	0.02449034933039641
     8.196666666666907	0.02449034921272263
     8.197000000000241	0.02449034910396349
     8.197333333333575	0.02449034907309887
     8.197666666666908	0.02449034897272215
     8.198000000000242	0.02449034889422457
     8.198333333333576	0.02449034877176815
     8.198666666666909	0.02449034873946788
     8.199000000000243	0.02449034875455649
     8.199333333333577	0.02449034866280405
     8.199666666666911	0.02449034862252321
     8.200000000000244	0.02449034864312703
     8.200333333333578	0.02449034867479504
     8.200666666666912	0.02449034867371355
     8.201000000000246	0.02449034864710239
     8.201333333333579	0.02449034863963403
     8.201666666666913	0.02449034867311851
     8.202000000000247	0.02449034873046355
     8.202333333333581	0.0244903487882178
     8.202666666666914	0.02449034883747338
     8.203000000000248	0.02449034888839499
     8.203333333333582	0.02449034895363732
     8.203666666666916	0.02449034903477047
     8.204000000000249	0.02449034912538616
     8.204333333333583	0.02449034922022836
     8.204666666666917	0.02449034931932785
     8.205000000000251	0.02449034942525653
     8.205333333333584	0.02449034953948556
     8.205666666666918	0.02449034966136717
     8.206000000000252	0.02449034978910827
     8.206333333333586	0.02449034991990235
     8.206666666666919	0.02449035005930652
     8.207000000000253	0.02449035020623598
     8.207333333333587	0.02449035035687431
      8.20766666666692	0.02449035051026488
     8.208000000000254	0.02449035066446191
     8.208333333333588	0.02449035082315928
     8.208666666666922	0.02449035098801895
     8.209000000000255	0.02449035115782151
     8.209333333333589	0.02449035133052246
     8.209666666666923	0.02449035150502498
     8.210000000000257	0.02449035168135526
      8.21033333333359	0.02449035185993595
     8.210666666666924	0.02449035204100561
     8.211000000000258	0.02449035222435333
     8.211333333333592	0.02449035240941024
     8.211666666666925	0.02449035259552573
     8.212000000000259	0.02449035278231925
     8.212333333333593	0.02449035296970902
     8.212666666666927	0.02449035315777382
      8.21300000000026	0.02449035334641171
     8.213333333333594	0.02449035353530563
     8.213666666666928	0.02449035372400104
     8.214000000000262	0.02449035391239688
     8.214333333333595	0.02449035410040311
     8.214666666666929	0.02449035428801779
     8.215000000000263	0.0244903544766337
     8.215333333333596	0.02449035465925394
      8.21566666666693	0.02449035484450091
     8.216000000000264	0.02449035502833513
     8.216333333333598	0.02449035521055105
     8.216666666666931	0.02449035539112777
     8.217000000000265	0.02449035557008745
     8.217333333333599	0.02449035574734941
     8.217666666666933	0.0244903558373224
     8.218000000000266	0.02449035593680795
       8.2183333333336	0.02449035619038937
     8.218666666666934	0.02449035647891807
     8.219000000000268	0.02449035669071764
     8.219333333333601	0.02449035673904758
     8.219666666666935	0.02449035677207826
     8.220000000000269	0.02449035689780175
     8.220333333333603	0.02449035711373578
     8.220666666666936	0.02449035742404516
      8.22100000000027	0.0244903576658887
     8.221333333333604	0.02449035772077273
     8.221666666666938	0.02449035773043253
     8.222000000000271	0.02449035782137649
     8.222333333333605	0.02449035801030244
     8.222666666666939	0.02449035822954002
     8.223000000000273	0.02449035840686964
     8.223333333333606	0.02449035852655893
      8.22366666666694	0.02449035862121458
     8.224000000000274	0.02449035873321088
     8.224333333333607	0.02449035887522351
     8.224666666666941	0.02449035902602142
     8.225000000000275	0.0244903591644188
     8.225333333333609	0.02449035928321291
     8.225666666666942	0.02449035939206316
     8.226000000000276	0.0244903595043406
      8.22633333333361	0.02449035962494391
     8.226666666666944	0.0244903597487268
     8.227000000000277	0.02449035986767239
     8.227333333333611	0.02449035997835565
     8.227666666666945	0.02449036008332354
     8.228000000000279	0.02449036018727962
     8.228333333333612	0.02449036029267865
     8.228666666666946	0.02449036039870217
      8.22900000000028	0.02449036050300727
     8.229333333333614	0.02449036060403229
     8.229666666666947	0.02449036070187491
     8.230000000000281	0.02449036079767481
     8.230333333333615	0.02449036089251409
     8.230666666666949	0.02449036098674993
     8.231000000000282	0.02449036108009817
     8.231333333333616	0.02449036117187535
      8.23166666666695	0.02449036126170128
     8.232000000000284	0.0244903613496627
     8.232333333333617	0.02449036143625754
     8.232666666666951	0.02449036152183951
     8.233000000000285	0.02449036160663454
     8.233333333333618	0.02449036169057188
     8.233666666666952	0.02449036177339326
     8.234000000000286	0.02449036185497539
      8.23433333333362	0.0244903619351894
     8.234666666666953	0.02449036201423925
     8.235000000000287	0.0244903620924167
     8.235333333333621	0.02449036216989972
     8.235666666666955	0.02449036224668976
     8.236000000000288	0.02449036232262401
     8.236333333333622	0.0244903623975794
     8.236666666666956	0.02449036247156736
      8.23700000000029	0.02449036254472744
     8.237333333333623	0.02449036261720224
     8.237666666666957	0.02449036268901197
     8.238000000000291	0.02449036276015319
     8.238333333333625	0.0244903628305589
     8.238666666666958	0.02449036290022425
     8.239000000000292	0.02449036296921658
     8.239333333333626	0.02449036303760033
      8.23966666666696	0.02449036310538705
     8.240000000000293	0.02449036317257836
     8.240333333333627	0.02449036323911939
     8.240666666666961	0.02449036330501948
     8.241000000000295	0.0244903633703547
     8.241333333333628	0.02449036343518151
     8.241666666666962	0.02449036349948932
     8.242000000000296	0.02449036356324938
     8.242333333333629	0.02449036362641554
     8.242666666666963	0.0244903636889558
     8.243000000000297	0.024490363750951
     8.243333333333631	0.0244903638125337
     8.243666666666964	0.02449036387370269
     8.244000000000298	0.02449036393432957
     8.244333333333632	0.02449036399432571
     8.244666666666966	0.02449036405374614
     8.245000000000299	0.02449036411271317
     8.245333333333633	0.02449036417131962
     8.245666666666967	0.02449036422943541
     8.246000000000301	0.0244903642869664
     8.246333333333634	0.02449036434391636
     8.246666666666968	0.02449036440042261
     8.247000000000302	0.02449036445644065
     8.247333333333636	0.02449036451196634
     8.247666666666969	0.02449036456698632
     8.248000000000303	0.02449036462149769
     8.248333333333637	0.02449036467556521
     8.248666666666971	0.02449036472906499
     8.249000000000304	0.02449036478201996
     8.249333333333638	0.02449036483453099
     8.249666666666972	0.02449036488653942
     8.250000000000306	0.02449036493551168
     8.250333333333639	0.0244903649893816
     8.250666666666973	0.02449036503897717
     8.251000000000307	0.02449036509098364
      8.25133333333364	0.02449036513835738
     8.251666666666974	0.02449036518519369
     8.252000000000308	0.02449036523214053
     8.252333333333642	0.02449036528161847
     8.252666666666975	0.02449036532493463
     8.253000000000309	0.02449036537356443
     8.253333333333643	0.024490365418321
     8.253666666666977	0.02449036546025194
      8.25400000000031	0.02449036550156904
     8.254333333333644	0.02449036554501895
     8.254666666666978	0.02449036559071481
     8.255000000000312	0.02449036563625553
     8.255333333333645	0.02449036567875901
     8.255666666666979	0.02449036571836275
     8.256000000000313	0.02449036575752542
     8.256333333333647	0.02449036579812843
      8.25666666666698	0.02449036583974338
     8.257000000000314	0.02449036588068202
     8.257333333333648	0.02449036591992489
     8.257666666666982	0.02449036595785194
     8.258000000000315	0.02449036599551191
     8.258333333333649	0.02449036603348231
     8.258666666666983	0.02449036607144243
     8.259000000000317	0.02449036610866004
      8.25933333333365	0.02449036614474455
     8.259666666666984	0.02449036617991824
     8.260000000000318	0.02449036621466073
     8.260333333333651	0.02449036624914826
     8.260666666666985	0.02449036628333712
     8.261000000000319	0.02449036631696174
     8.261333333333653	0.02449036634984568
     8.261666666666986	0.02449036638206689
      8.26200000000032	0.0244903664136995
     8.262333333333654	0.02449036644480723
     8.262666666666988	0.02449036647544569
     8.263000000000321	0.0244903665054688
     8.263333333333655	0.02449036653488189
     8.263666666666989	0.02449036656363935
     8.264000000000323	0.02449036659209404
     8.264333333333656	0.0244903666200734
      8.26466666666699	0.02449036664742878
     8.265000000000324	0.0244903666741937
     8.265333333333658	0.02449036670042078
     8.265666666666991	0.0244903667261458
     8.266000000000325	0.02449036675133137
     8.266333333333659	0.02449036677593719
     8.266666666666993	0.02449036680001158
     8.267000000000326	0.02449036682361074
      8.26733333333366	0.02449036684670852
     8.267666666666994	0.02449036686936264
     8.268000000000328	0.0244903668914772
     8.268333333333661	0.02449036691303241
     8.268666666666995	0.02449036693406314
     8.269000000000329	0.02449036695462843
     8.269333333333662	0.02449036697474284
     8.269666666666996	0.02449036699439532
      8.27000000000033	0.02449036701358047
     8.270333333333664	0.02449036703221644
     8.270666666666997	0.024490367050426
     8.271000000000331	0.02449036706820467
     8.271333333333665	0.02449036708567594
     8.271666666666999	0.02449036710239271
     8.272000000000332	0.02449036711911079
     8.272333333333666	0.02449036713493854
        8.272666666667	0.02449036715077253
     8.273000000000334	0.02449036716600605
     8.273333333333667	0.02449036718072531
     8.273666666667001	0.02449036719515695
     8.274000000000335	0.02449036720942642
     8.274333333333669	0.02449036722323521
     8.274666666667002	0.0244903672365513
     8.275000000000336	0.02449036724950488
      8.27533333333367	0.0244903672621989
     8.275666666667004	0.02449036727474071
     8.276000000000337	0.02449036728678889
     8.276333333333671	0.02449036729839317
     8.276666666667005	0.02449036730987572
     8.277000000000339	0.02449036732114081
     8.277333333333672	0.02449036733188889
     8.277666666667006	0.02449036734229776

     9.000333333333334	0.02341125412257943
     9.000666666666667	0.02357474428977145
     9.001000000000001	0.0244657739139148
     9.001333333333335	0.02504680182707648
     9.001666666666669	0.02494233443822706
     9.002000000000002	0.02449333595093326
     9.002333333333336	0.02419330411742871
      9.00266666666667	0.02422704862375178
     9.003000000000004	0.02444546513757773
     9.003333333333337	0.02460962024726308
     9.003666666666671	0.02460575294785203
     9.004000000000005	0.02448983355525641
     9.004333333333339	0.02438771201840256
     9.004666666666672	0.02437718065761582
     9.005000000000006	0.024438316273728
      9.00533333333334	0.02449762978662715
     9.005666666666674	0.02450315863496011
     9.006000000000007	0.02446237234202769
     9.006333333333341	0.02442224028531774
     9.006666666666675	0.0244150231963888
     9.007000000000009	0.02443602021392108
     9.007333333333342	0.02445569909078908
     9.007666666666676	0.02445549419580583
      9.00800000000001	0.02443934373756233
     9.008333333333344	0.02442499860690125
     9.008666666666677	0.02442234010959875
     9.009000000000011	0.02442815046555574
     9.009333333333345	0.0244331593873664
     9.009666666666678	0.02443214033755311
     9.010000000000012	0.02442656830108876
     9.010333333333346	0.02442151177436785
      9.01066666666668	0.02441971821320792
     9.011000000000013	0.02442079173149864
     9.011333333333347	0.0244217157884017
     9.011666666666681	0.02442131050930801
     9.012000000000015	0.02441997662713121
     9.012333333333348	0.024418844725747
     9.012666666666682	0.02441830668237713
     9.013000000000016	0.02441841891138172
      9.01333333333335	0.02441881903928445
     9.013666666666683	0.02441924076513895
     9.014000000000017	0.02441947940612718
     9.014333333333351	0.02441949844091618
     9.014666666666685	0.02441964564165888
     9.015000000000018	0.02442021990144562
     9.015333333333352	0.02442106713730018
     9.015666666666686	0.02442218899784564
      9.01600000000002	0.02442304248342892
     9.016333333333353	0.02442375027587344
     9.016666666666687	0.02442451217724768
     9.017000000000021	0.0244256346815657
     9.017333333333355	0.02442698550247103
     9.017666666666688	0.02442833421495561
     9.018000000000022	0.02442957493379009
     9.018333333333356	0.02443075570997911
     9.018666666666689	0.02443198371969676
     9.019000000000023	0.02443338354139325
     9.019333333333357	0.02443486439680257
     9.019666666666691	0.02443635799083694
     9.020000000000024	0.02443780326393746
     9.020333333333358	0.02443922115282327
     9.020666666666692	0.02444065076595291
     9.021000000000026	0.02444211272136829
     9.021333333333359	0.02444360240066296
     9.021666666666693	0.02444506119117866
     9.022000000000027	0.0244465474179188
     9.022333333333361	0.02444793828507348
     9.022666666666694	0.02444935034380628
     9.023000000000028	0.02445073724400485
     9.023333333333362	0.02445204603552662
     9.023666666666696	0.02445339501899081
     9.024000000000029	0.02445471560906522
     9.024333333333363	0.02445597410342138
     9.024666666666697	0.02445716907338317
     9.025000000000031	0.02445832367367721
     9.025333333333364	0.02445945219771301
     9.025666666666698	0.02446054125155248
     9.026000000000032	0.02446157650774155
     9.026333333333366	0.02446255402311175
     9.026666666666699	0.02446347788969103
     9.027000000000033	0.02446435220485071
     9.027333333333367	0.02446517532772385
       9.0276666666667	0.02446594269707098
     9.028000000000034	0.02446665074133684
     9.028333333333368	0.02446729954397595
     9.028666666666702	0.02446789199454028
     9.029000000000035	0.02446842916870099
     9.029333333333369	0.02446888972079737
     9.029666666666703	0.02446934045215339
     9.030000000000037	0.02446970157262264
      9.03033333333337	0.02447000777414431
     9.030666666666704	0.02447026349577228
     9.031000000000038	0.02447046772583208
     9.031333333333372	0.02447061872430224
     9.031666666666705	0.02447071523628537
     9.032000000000039	0.02447075909065585
     9.032333333333373	0.0244707542994083
     9.032666666666707	0.02447070222168662
      9.03300000000004	0.02447060583432203
     9.033333333333374	0.02447046598225005
     9.033666666666708	0.02447028308408505
     9.034000000000042	0.02447006045065202
     9.034333333333375	0.02446980097481393
     9.034666666666709	0.024469506254352
     9.035000000000043	0.0244691777105069
     9.035333333333377	0.02446881829465852
      9.03566666666671	0.02446842832577257
     9.036000000000044	0.02446801346966643
     9.036333333333378	0.02446757760073187
     9.036666666666711	0.0244671201496395
     9.037000000000045	0.02446664017254551
     9.037333333333379	0.02446644122975633
     9.037666666666713	0.02446614664998757
     9.038000000000046	0.02446557629006167
      9.03833333333338	0.02446486520830841
     9.038666666666714	0.02446420922832712
     9.039000000000048	0.02446371361218911
     9.039333333333381	0.02446327863842073
     9.039666666666715	0.02446251438479936
     9.040000000000049	0.02446170613029322
     9.040333333333383	0.024461111352466
     9.040666666666716	0.02446069136562713
      9.04100000000005	0.02446024859384051
     9.041333333333384	0.02445964540191345
     9.041666666666718	0.02445900507466629
     9.042000000000051	0.02445839670305912
     9.042333333333385	0.02445787051370649
     9.042666666666719	0.02445736723607933
     9.043000000000053	0.02445690162167056
     9.043333333333386	0.02445636051653139
      9.04366666666672	0.02445580669628404
     9.044000000000054	0.02445529523154056
     9.044333333333388	0.02445483550701398
     9.044666666666721	0.02445440137273517
     9.045000000000055	0.02445395901823691
     9.045333333333389	0.02445349905793339
     9.045666666666722	0.02445303909692755
     9.046000000000056	0.02445260377078147
      9.04633333333339	0.02445220292875511
     9.046666666666724	0.0244518414775584
     9.047000000000057	0.02445163300980021
     9.047333333333391	0.02445142474570543
     9.047666666666725	0.02445110120550227
     9.048000000000059	0.0244506938049014
     9.048333333333392	0.02445030835045191
     9.048666666666726	0.02445002615732141
      9.04900000000006	0.02444979468303575
     9.049333333333394	0.02444954335563343
     9.049666666666727	0.02444924981337477
     9.050000000000061	0.02444894962050517
     9.050333333333395	0.024448685177519
     9.050666666666729	0.02444846418681053
     9.051000000000062	0.02444826621571271
     9.051333333333396	0.02444805895578528
      9.05166666666673	0.0244478275395536
     9.052000000000064	0.02444758809006144
     9.052333333333397	0.02444739975941738
     9.052666666666731	0.02444716306719086
     9.053000000000065	0.02444692417673158
     9.053333333333399	0.02444673255109285
     9.053666666666732	0.02444660978441071
     9.054000000000066	0.02444644447727445
       9.0543333333334	0.02444609774577265
     9.054666666666733	0.02444577726800091
     9.055000000000067	0.02444557146144533
     9.055333333333401	0.02444546405395904
     9.055666666666735	0.02444537894686995
     9.056000000000068	0.02444528475157453
     9.056333333333402	0.02444514107682672
     9.056666666666736	0.02444492181811111
      9.05700000000007	0.02444473893949897
     9.057333333333403	0.02444455454636532
     9.057666666666737	0.02444444736926435
     9.058000000000071	0.02444435045486709
     9.058333333333405	0.02444419882074852
     9.058666666666738	0.02444400305725756
     9.059000000000072	0.02444381785285644
     9.059333333333406	0.02444379009615595
      9.05966666666674	0.0244436753265339
     9.060000000000073	0.02444347149805
     9.060333333333407	0.02444327191444413
     9.060666666666741	0.02444310843808759
     9.061000000000075	0.02444292684090821
     9.061333333333408	0.0244427427830594
     9.061666666666742	0.02444259681282304
     9.062000000000076	0.02444245770390719
      9.06233333333341	0.02444229146127876
     9.062666666666743	0.0244421040929005
     9.063000000000077	0.02444192076939958
     9.063333333333411	0.02444175784731718
     9.063666666666744	0.02444161065245086
     9.064000000000078	0.02444144845827216
     9.064333333333412	0.02444132876068232
     9.064666666666746	0.02444117554716151
     9.065000000000079	0.02444099876702411
     9.065333333333413	0.02444083287955457
     9.065666666666747	0.02444068982073149
     9.066000000000081	0.02444056128722165
     9.066333333333414	0.02444043045840637
     9.066666666666748	0.02444028920607263
     9.067000000000082	0.02444017352618634
     9.067333333333416	0.02444002195531957
     9.067666666666749	0.02443989480956657
     9.068000000000083	0.02443989594708589
     9.068333333333417	0.02443978771465231
     9.068666666666751	0.02443959706406569
     9.069000000000084	0.02443950703678685
     9.069333333333418	0.02443947512353729
     9.069666666666752	0.02443937388864701
     9.070000000000086	0.0244393433743496
     9.070333333333419	0.02443921688995022
     9.070666666666753	0.02443910478213462
     9.071000000000087	0.02443906487153867
     9.071333333333421	0.02443902682113532
     9.071666666666754	0.0244389095423443
     9.072000000000088	0.02443890150442368
     9.072333333333422	0.02443883425953637
     9.072666666666755	0.02443877070769518
     9.073000000000089	0.02443878518732888
     9.073333333333423	0.02443873881637276
     9.073666666666757	0.02443868391902047
      9.07400000000009	0.02443872152233206
     9.074333333333424	0.0244386963089139
     9.074666666666758	0.02443865107046343
     9.075000000000092	0.02443869246026775
     9.075333333333425	0.02443868441163123
     9.075666666666759	0.02443866663153634
     9.076000000000093	0.02443871861934246
     9.076333333333427	0.02443873234050157
      9.07666666666676	0.02443870648880708
     9.077000000000094	0.02443871409187119
     9.077333333333428	0.02443879752732897
     9.077666666666762	0.02443884617616987
     9.078000000000095	0.02443884391434572
     9.078333333333429	0.02443885820945599
     9.078666666666763	0.02443892911748732
     9.079000000000097	0.0244389717937546
      9.07933333333343	0.02443900279352831
     9.079666666666764	0.02443908894328838
     9.080000000000098	0.02443912124671004
     9.080333333333432	0.02443915367560886
     9.080666666666765	0.02443920037989369
     9.081000000000099	0.02443923985522121
     9.081333333333433	0.02443930119058108
     9.081666666666766	0.02443937842869388
       9.0820000000001	0.02443941667075544
     9.082333333333434	0.0244394540313042
     9.082666666666768	0.0244395221531935
     9.083000000000101	0.02443957048101839
     9.083333333333435	0.02443962507245979
     9.083666666666769	0.02443968827721996
     9.084000000000103	0.0244397352216456
     9.084333333333436	0.02443978453996322
      9.08466666666677	0.02443983044726778
     9.085000000000104	0.02443988448114358
     9.085333333333438	0.02443993932763414
     9.085666666666771	0.02443998669184424
     9.086000000000105	0.02444001984705436
     9.086333333333439	0.02444006001199371
     9.086666666666773	0.0244401066772667
     9.087000000000106	0.02444014333339816
      9.08733333333344	0.02444018117223239
     9.087666666666774	0.02444021425114118
     9.088000000000108	0.02444024817435672
     9.088333333333441	0.02444030290173295
     9.088666666666775	0.02444034601863815
     9.089000000000109	0.02444037067728535
     9.089333333333443	0.02444037426000634
     9.089666666666776	0.02444039221610407
      9.09000000000011	0.02444042317429209
     9.090333333333444	0.02444045174090186
     9.090666666666777	0.02444046505588039
     9.091000000000111	0.02444047518547663
     9.091333333333445	0.02444048474264526
     9.091666666666779	0.02444049203897046
     9.092000000000112	0.02444050463407537
     9.092333333333446	0.0244405139142287
      9.09266666666678	0.02444051737198424
     9.093000000000114	0.02444052147144593
     9.093333333333447	0.02444052364357815
     9.093666666666781	0.02444052489443549
     9.094000000000115	0.02444052568325521
     9.094333333333449	0.02444052244281976
     9.094666666666782	0.02444051937883068
     9.095000000000116	0.02444051645266719
      9.09533333333345	0.02444051084454405
     9.095666666666784	0.0244405081553018
     9.096000000000117	0.02444050367481258
     9.096333333333451	0.02444049477573591
     9.096666666666785	0.02444049048311815
     9.097000000000119	0.02444048405494163
     9.097333333333452	0.02444047365952462
     9.097666666666786	0.02444046234097369
      9.09800000000012	0.02444046322880002
     9.098333333333454	0.02444045680296926
     9.098666666666787	0.02444044633582821
     9.099000000000121	0.02444043281582672
     9.099333333333455	0.02444043519002648
     9.099666666666788	0.02444043135196391
     9.100000000000122	0.02444041956259368
     9.100333333333456	0.02444040689661245
      9.10066666666679	0.02444041330294285
     9.101000000000123	0.02444041156365875
     9.101333333333457	0.02444040201995411
     9.101666666666791	0.02444039131978034
     9.102000000000125	0.02444040072706037
     9.102333333333458	0.02444040060992344
     9.102666666666792	0.0244403946545148
     9.103000000000126	0.02444038802754184
      9.10333333333346	0.02444040121653551
     9.103666666666793	0.02444040479231006
     9.104000000000127	0.0244404007544571
     9.104333333333461	0.0244403971710475
     9.104666666666795	0.02444041452004238
     9.105000000000128	0.02444042187399098
     9.105333333333462	0.02444042215781247
     9.105666666666796	0.02444042275477568
      9.10600000000013	0.02444044348819087
     9.106333333333463	0.0244404549297887
     9.106666666666797	0.02444045712830251
     9.107000000000131	0.02444046137183953
     9.107333333333465	0.02444047398349664
     9.107666666666798	0.02444049197006092
     9.108000000000132	0.02444050863406984
     9.108333333333466	0.02444052204978213
     9.108666666666799	0.02444053499221295
     9.109000000000133	0.02444055018133521
     9.109333333333467	0.02444056794540239
     9.109666666666801	0.024440586920122
     9.110000000000134	0.02444060589554106
     9.110333333333468	0.02444062460303456
     9.110666666666802	0.02444064351613628
     9.111000000000136	0.02444066325864068
     9.111333333333469	0.0244406840652386
     9.111666666666803	0.02444070564533897
     9.112000000000137	0.02444072753408043
     9.112333333333471	0.02444074948978124
     9.112666666666804	0.02444077157747235
     9.113000000000138	0.02444079400809591
     9.113333333333472	0.02444081690565696
     9.113666666666806	0.02444084021012038
     9.114000000000139	0.02444086373419626
     9.114333333333473	0.0244408873088433
     9.114666666666807	0.02444091090431386
     9.115000000000141	0.02444093456242365
     9.115333333333474	0.02444095835115332
     9.115666666666808	0.02444098220121035
     9.116000000000142	0.02444100602071371
     9.116333333333476	0.0244410297387969
     9.116666666666809	0.02444105334688616
     9.117000000000143	0.02444107680191114
     9.117333333333477	0.02444110013041324
      9.11766666666681	0.02444112330269838
     9.118000000000144	0.02444114626409955
     9.118333333333478	0.02444116896743294
     9.118666666666812	0.02444119139021312
     9.119000000000145	0.02444121352325856
     9.119333333333479	0.02444123535032161
     9.119666666666813	0.02444125684335678
     9.120000000000147	0.02444127797361745
      9.12033333333348	0.02444129872125854
     9.120666666666814	0.0244413190737471
     9.121000000000148	0.02444133901797739
     9.121333333333482	0.02444135853680802
     9.121666666666815	0.02444137762341961
     9.122000000000149	0.02444139622887724
     9.122333333333483	0.02444141438146847
     9.122666666666817	0.02444143208480826
      9.12300000000015	0.02444144928483157
     9.123333333333484	0.02444146600061071
     9.123666666666818	0.02444148223053609
     9.124000000000152	0.02444149796642835
     9.124333333333485	0.02444151317470411
     9.124666666666819	0.02444152791898512
     9.125000000000153	0.0244415421818687
     9.125333333333487	0.02444155589209634
      9.12566666666682	0.02444156914814367
     9.126000000000154	0.02444158194171573
     9.126333333333488	0.02444159420868918
     9.126666666666821	0.02444160600704594
     9.127000000000155	0.024441617326826
     9.127333333333489	0.02444162819568182
     9.127666666666823	0.02444163859756022
     9.128000000000156	0.02444164855402012
      9.12833333333349	0.0244416580655085
     9.128666666666824	0.02444166715205962
     9.129000000000158	0.02444167582261465
     9.129333333333491	0.02444168408501353
     9.129666666666825	0.02444169195204591
     9.130000000000159	0.02444169942892144
     9.130333333333493	0.02444170658346331
     9.130666666666826	0.02444171333111928
      9.13100000000016	0.02444171967525269
     9.131333333333494	0.02444172557940241
     9.131666666666828	0.02444173133951005
     9.132000000000161	0.02444173694856587
     9.132333333333495	0.02444174222417787
     9.132666666666829	0.02444174708354415
     9.133000000000163	0.02444175156355968
     9.133333333333496	0.02444175580541964
      9.13366666666683	0.0244417598701595
     9.134000000000164	0.0244417637076666
     9.134333333333498	0.02444176736751013
     9.134666666666831	0.02444177087500848
     9.135000000000165	0.02444177412428057
     9.135333333333499	0.02444177710137072
     9.135666666666832	0.02444177989569345
     9.136000000000166	0.0244417825868758
       9.1363333333335	0.02444178516265709
     9.136666666666834	0.02444178757796878
     9.137000000000167	0.0244417898213449
     9.137333333333501	0.02444179192004167
     9.137666666666835	0.02444179391027776
     9.138000000000169	0.02444179580706629
     9.138333333333502	0.02444179760385285
     9.138666666666836	0.02444179929182817
      9.13900000000017	0.02444180088328841
     9.139333333333504	0.02444180239597278
     9.139666666666837	0.02444180383859908
     9.140000000000171	0.02444180521513306
     9.140333333333505	0.02444180652252191
     9.140666666666839	0.02444180776625912
     9.141000000000172	0.02444180895464374
     9.141333333333506	0.02444181009571408
      9.14166666666684	0.02444181119378139
     9.142000000000174	0.02444181224737862
     9.142333333333507	0.02444181325711852
     9.142666666666841	0.02444181422861932
     9.143000000000175	0.0244418151681766
     9.143333333333509	0.02444181607974685
     9.143666666666842	0.02444181701239691
     9.144000000000176	0.02444181787856627
      9.14433333333351	0.02444181865680803
     9.144666666666843	0.0244418194096117
     9.145000000000177	0.0244418201575474
     9.145333333333511	0.02444182096915045
     9.145666666666845	0.02444182178676128
     9.146000000000178	0.02444182255500917
     9.146333333333512	0.0244418232606964
     9.146666666666846	0.02444182393287168
      9.14700000000018	0.02444182460702139
     9.147333333333513	0.024441825287955
     9.147666666666847	0.02444182595483452
     9.148000000000181	0.02444182659179881
     9.148333333333515	0.02444182720228411
     9.148666666666848	0.02444182780492448
     9.149000000000182	0.02444182841183794
     9.149333333333516	0.02444182899960615
      9.14966666666685	0.02444182955779518
     9.150000000000183	0.02444183010310363
     9.150333333333517	0.02444183063053031
     9.150666666666851	0.02444183113720113
     9.151000000000185	0.02444183203204877
     9.151333333333518	0.02444183273749925
     9.151666666666852	0.02444183266528657
     9.152000000000186	0.02444183269716008
      9.15233333333352	0.02444183345382201
     9.152666666666853	0.02444183443713169
     9.153000000000187	0.02444183503921963
     9.153333333333521	0.02444183500406341
     9.153666666666854	0.02444183487742782
     9.154000000000188	0.02444183525136501
     9.154333333333522	0.02444183591978157
     9.154666666666856	0.02444183637834622
     9.155000000000189	0.02444183653495805
     9.155333333333523	0.02444183658492551
     9.155666666666857	0.02444183672972516
     9.156000000000191	0.02444183700830509
     9.156333333333524	0.02444183730054336
     9.156666666666858	0.02444183749946034
     9.157000000000192	0.02444183761321535
     9.157333333333526	0.02444183768191698
     9.157666666666859	0.02444183775804224
     9.158000000000193	0.02444183785908872
     9.158333333333527	0.02444183795979577
     9.158666666666861	0.02444183802893141
     9.159000000000194	0.02444183806016149
     9.159333333333528	0.02444183762059494
     9.159666666666862	0.02444183773049875
     9.160000000000196	0.02444183816850676
     9.160333333333529	0.0244418380003164
     9.160666666666863	0.02444183745659127
     9.161000000000197	0.02444183764403381
     9.161333333333531	0.02444183769222678
     9.161666666666864	0.02444183752998354
     9.162000000000198	0.02444183731653116
     9.162333333333532	0.02444183721280032
     9.162666666666865	0.02444183721811186
     9.163000000000199	0.02444183721316961
     9.163333333333533	0.02444183712445007
     9.163666666666867	0.02444183697295615
       9.1640000000002	0.02444183683481351
     9.164333333333534	0.0244418367437506
     9.164666666666868	0.02444183667961159
     9.165000000000202	0.02444183659463342
     9.165333333333535	0.02444183647427518
     9.165666666666869	0.02444183634595508
     9.166000000000203	0.02444183623350309
     9.166333333333537	0.02444183613089272
      9.16666666666687	0.02444183602466071
     9.167000000000204	0.02444183591460256
     9.167333333333538	0.02444183569513971
     9.167666666666872	0.02444183562245853
     9.168000000000205	0.0244418356499109
     9.168333333333539	0.02444183553882875
     9.168666666666873	0.0244418353496407
     9.169000000000207	0.02444183524170552
      9.16933333333354	0.02444183511932914
     9.169666666666874	0.02444183503585861
     9.170000000000208	0.02444183491497784
     9.170333333333542	0.02444183490321059
     9.170666666666875	0.02444183481418153
     9.171000000000209	0.02444183460198464
     9.171333333333543	0.0244418345729063
     9.171666666666876	0.02444183454938488
      9.17200000000021	0.02444183438510849
     9.172333333333544	0.02444183432376303
     9.172666666666878	0.02444183426924561
     9.173000000000211	0.02444183411722618
     9.173333333333545	0.024441833941379
     9.173666666666879	0.0244418338890575
     9.174000000000213	0.0244418339032432
     9.174333333333546	0.0244418338428594
      9.17466666666688	0.02444183369535951
     9.175000000000214	0.02444183354963202
     9.175333333333548	0.02444183345309236
     9.175666666666881	0.02444183338804846
     9.176000000000215	0.02444183332152855
     9.176333333333549	0.02444183324161439
     9.176666666666883	0.02444183313707441
     9.177000000000216	0.02444183301828021
      9.17733333333355	0.02444183290126142
     9.177666666666884	0.02444183279737519
     9.178000000000218	0.02444183270388957
     9.178333333333551	0.02444183260667716
     9.178666666666885	0.0244418324957943
     9.179000000000219	0.02444183237242442
     9.179333333333553	0.02444183224485535
     9.179666666666886	0.02444183211957055
      9.18000000000022	0.02444183199627684
     9.180333333333554	0.02444183187004585
     9.180666666666887	0.02444183173668334
     9.181000000000221	0.02444183159587178
     9.181333333333555	0.0244418314500761
     9.181666666666889	0.02444183130228304
     9.182000000000222	0.02444183115066072
     9.182333333333556	0.0244418309947266
      9.18266666666689	0.02444183083218864
     9.183000000000224	0.0244418308098669
     9.183333333333557	0.02444183060706821
     9.183666666666891	0.02444183028621316
     9.184000000000225	0.02444183016265721
     9.184333333333559	0.02444183000275678
     9.184666666666892	0.02444182989654042
     9.185000000000226	0.02444182975453461
      9.18533333333356	0.0244418294231744
     9.185666666666894	0.02444182917542135
     9.186000000000227	0.02444182902089132
     9.186333333333561	0.02444182887648816
     9.186666666666895	0.02444182867071447
     9.187000000000229	0.02444182840256894
     9.187333333333562	0.02444182812353494
     9.187666666666896	0.02444182788120465
      9.18800000000023	0.02444182766874843
     9.188333333333564	0.0244418274551197
     9.188666666666897	0.02444182721575552
     9.189000000000231	0.02444182695679391
     9.189333333333565	0.02444182669532154
     9.189666666666898	0.02444182644326589
     9.190000000000232	0.02444182620333062
     9.190333333333566	0.02444182596973993
       9.1906666666669	0.0244418257322609
     9.191000000000233	0.02444182548623254
     9.191333333333567	0.02444182523786009
     9.191666666666901	0.02444182499772638
     9.192000000000235	0.02444182476815963
     9.192333333333568	0.02444182454324273
     9.192666666666902	0.02444182431786745
     9.193000000000236	0.02444182409319042
      9.19333333333357	0.02444182387407847
     9.193666666666903	0.02444182366378345
     9.194000000000237	0.02444182346173234
     9.194333333333571	0.02444182326573431
     9.194666666666905	0.02444182307473709
     9.195000000000238	0.02444182289004689
     9.195333333333572	0.02444182271330941
     9.195666666666906	0.02444182254591495
      9.19600000000024	0.02444182238728635
     9.196333333333573	0.02444182223696124
     9.196666666666907	0.02444182209466922
     9.197000000000241	0.02444182196089974
     9.197333333333575	0.02444182183637773
     9.197666666666908	0.02444182172143398
     9.198000000000242	0.02444182161592672
     9.198333333333576	0.02444182158244377
     9.198666666666909	0.02444182149085698
     9.199000000000243	0.02444182142071618
     9.199333333333577	0.0244418212964488
     9.199666666666911	0.02444182126208141
     9.200000000000244	0.02444182128158638
     9.200333333333578	0.02444182127850854
     9.200666666666912	0.02444182122469889
     9.201000000000246	0.02444182107650418
     9.201333333333579	0.0244418210809594
     9.201666666666913	0.02444182117253671
     9.202000000000247	0.02444182126127398
     9.202333333333581	0.02444182126144889
     9.202666666666914	0.02444182122519054
     9.203000000000248	0.024441821220327
     9.203333333333582	0.02444182127348278
     9.203666666666916	0.02444182136047404
     9.204000000000249	0.02444182143889182
     9.204333333333583	0.02444182149665212
     9.204666666666917	0.02444182155202186
     9.205000000000251	0.02444182162385247
     9.205333333333584	0.02444182171407083
     9.205666666666918	0.02444182181395356
     9.206000000000252	0.02444182191592441
     9.206333333333586	0.02444182201879404
     9.206666666666919	0.02444182212545837
     9.207000000000253	0.02444182223678661
     9.207333333333587	0.02444182235537844
      9.20766666666692	0.02444182248298311
     9.208000000000254	0.02444182261613535
     9.208333333333588	0.02444182275104276
     9.208666666666922	0.02444182288661743
     9.209000000000255	0.02444182302524359
     9.209333333333589	0.0244418231666619
     9.209666666666923	0.02444182331217433
     9.210000000000257	0.02444182346171536
      9.21033333333359	0.02444182361358875
     9.210666666666924	0.02444182376665326
     9.211000000000258	0.02444182392110339
     9.211333333333592	0.0244418240775718
     9.211666666666925	0.024441824235917
     9.212000000000259	0.02444182439545788
     9.212333333333593	0.0244418245556162
     9.212666666666927	0.0244418247163298
      9.21300000000026	0.02444182487766533
     9.213333333333594	0.02444182503953306
     9.213666666666928	0.02444182520162363
     9.214000000000262	0.02444182536354075
     9.214333333333595	0.02444182552510022
     9.214666666666929	0.02444182568618814
     9.215000000000263	0.02444182584684146
     9.215333333333596	0.0244418260069196
      9.21566666666693	0.02444182616620766
     9.216000000000264	0.02444182632460673
     9.216333333333598	0.02444182648325001
     9.216666666666931	0.02444182663827672
     9.217000000000265	0.02444182679127163
     9.217333333333599	0.02444182694385479
     9.217666666666933	0.02444182709660708
     9.218000000000266	0.02444182724809066
       9.2183333333336	0.02444182739713884
     9.218666666666934	0.02444182747691868
     9.219000000000268	0.02444182756221985
     9.219333333333601	0.02444182776737906
     9.219666666666935	0.02444182800191632
     9.220000000000269	0.024441828179328
     9.220333333333603	0.02444182822805831
     9.220666666666936	0.02444182826115077
      9.22100000000027	0.02444182836298478
     9.221333333333604	0.02444182853583158
     9.221666666666938	0.02444182872416558
     9.222000000000271	0.02444182887889721
     9.222333333333605	0.02444182898697945
     9.222666666666939	0.0244418290773906
     9.223000000000273	0.02444182918532532
     9.223333333333606	0.02444182931696409
      9.22366666666694	0.02444182945242408
     9.224000000000274	0.02444182957346635
     9.224333333333607	0.02444182968135887
     9.224666666666941	0.02444182978437584
     9.225000000000275	0.02444182989077324
     9.225333333333609	0.02444183000232106
     9.225666666666942	0.02444183011449309
     9.226000000000276	0.02444183022191197
      9.22633333333361	0.02444183032294134
     9.226666666666944	0.02444183042006864
     9.227000000000277	0.02444183051661435
     9.227333333333611	0.02444183061404556
     9.227666666666945	0.02444183071141476
     9.228000000000279	0.02444183080684498
     9.228333333333612	0.02444183089927152
     9.228666666666946	0.02444183098904324
      9.22900000000028	0.02444183107727698
     9.229333333333614	0.02444183116482147
     9.229666666666947	0.02444183125172256
     9.230000000000281	0.02444183133744022
     9.230333333333615	0.02444183142149189
     9.230666666666949	0.02444183150365937
     9.231000000000282	0.02444183158425882
     9.231333333333616	0.02444183166378155
      9.23166666666695	0.02444183174259016
     9.232000000000284	0.02444183182063436
     9.232333333333617	0.02444183189763573
     9.232666666666951	0.02444183197339573
     9.233000000000285	0.02444183204791849
     9.233333333333618	0.02444183212139334
     9.233666666666952	0.02444183219401398
     9.234000000000286	0.02444183226586979
      9.23433333333362	0.02444183233696014
     9.234666666666953	0.02444183240725809
     9.235000000000287	0.02444183247675088
     9.235333333333621	0.02444183254545834
     9.235666666666955	0.02444183261336118
     9.236000000000288	0.02444183268051648
     9.236333333333622	0.02444183274696519
     9.236666666666956	0.02444183281276847
      9.23700000000029	0.02444183287798402
     9.237333333333623	0.02444183294261345
     9.237666666666957	0.02444183300666773
     9.238000000000291	0.02444183307006945
     9.238333333333625	0.02444183313280842
     9.238666666666958	0.02444183319497279
     9.239000000000292	0.02444183325664473
     9.239333333333626	0.02444183331788993
      9.23966666666696	0.02444183337859507
     9.240000000000293	0.02444183343872215
     9.240333333333627	0.02444183349827058
     9.240666666666961	0.02444183355732607
     9.241000000000295	0.02444183361597544
     9.241333333333628	0.02444183367423042
     9.241666666666962	0.02444183373202755
     9.242000000000296	0.02444183378927299
     9.242333333333629	0.02444183384597235
     9.242666666666963	0.02444183390223097
     9.243000000000297	0.02444183395813335
     9.243333333333631	0.02444183401369359
     9.243666666666964	0.02444183406878043
     9.244000000000298	0.0244418341233265
     9.244333333333632	0.02444183417737374
     9.244666666666966	0.02444183423102712
     9.245000000000299	0.02444183428433964
     9.245333333333633	0.02444183433731815
     9.245666666666967	0.02444183438978323
     9.246000000000301	0.02444183444170232
     9.246333333333634	0.02444183449315723
     9.246666666666968	0.02444183454424227
     9.247000000000302	0.02444183459497702
     9.247333333333636	0.02444183464535352
     9.247666666666969	0.02444183469518434
     9.248000000000303	0.02444183474453736
     9.248333333333637	0.02444183479343379
     9.248666666666971	0.02444183484185733
     9.249000000000304	0.02444183488991444
     9.249333333333638	0.02444183493437208
     9.249666666666972	0.02444183498112516
     9.250000000000306	0.02444183502676642
     9.250333333333639	0.02444183507417105
     9.250666666666973	0.02444183512174413
     9.251000000000307	0.02444183516198375
      9.25133333333364	0.02444183520091787
     9.251666666666974	0.02444183524668954
     9.252000000000308	0.02444183529145092
     9.252333333333642	0.02444183533604353
     9.252666666666975	0.02444183537858971
     9.253000000000309	0.02444183541938087
     9.253333333333643	0.02444183546019555
     9.253666666666977	0.02444183550206408
      9.25400000000031	0.02444183554396409
     9.254333333333644	0.02444183558457389
     9.254666666666978	0.02444183562368515
     9.255000000000312	0.02444183566236038
     9.255333333333645	0.02444183570146904
     9.255666666666979	0.02444183574073972
     9.256000000000313	0.02444183577932547
     9.256333333333647	0.0244418358169568
      9.25666666666698	0.02444183585379122
     9.257000000000314	0.02444183589015037
     9.257333333333648	0.02444183592622818
     9.257666666666982	0.02444183596197125
     9.258000000000315	0.02444183599719803
     9.258333333333649	0.02444183603179109
     9.258666666666983	0.02444183606576485
     9.259000000000317	0.02444183609906656
      9.25933333333365	0.02444183613193647
     9.259666666666984	0.0244418361645068
     9.260000000000318	0.02444183619657565
     9.260333333333651	0.02444183622799947
     9.260666666666985	0.02444183625880166
     9.261000000000319	0.02444183628908623
     9.261333333333653	0.02444183631891017
     9.261666666666986	0.02444183634825384
      9.26200000000032	0.02444183637700687
     9.262333333333654	0.02444183640525713
     9.262666666666988	0.02444183643309229
     9.263000000000321	0.02444183646039081
     9.263333333333655	0.02444183648718422
     9.263666666666989	0.02444183651342546
     9.264000000000323	0.02444183653901497
     9.264333333333656	0.02444183656440123
      9.26466666666699	0.02444183658903066
     9.265000000000324	0.02444183661321769
     9.265333333333658	0.02444183663696581
     9.265666666666991	0.02444183666019275
     9.266000000000325	0.02444183668288002
     9.266333333333659	0.02444183670510588
     9.266666666666993	0.02444183672683554
     9.267000000000326	0.02444183674813447
      9.26733333333366	0.02444183676892295
     9.267666666666994	0.02444183678912791
     9.268000000000328	0.02444183680894382
     9.268333333333661	0.02444183682832802
     9.268666666666995	0.02444183684730706
     9.269000000000329	0.02444183686573327
     9.269333333333662	0.02444183688367286
     9.269666666666996	0.02444183690123143
      9.27000000000033	0.0244418369184104
     9.270333333333664	0.02444183693526608
     9.270666666666997	0.02444183695130929
     9.271000000000331	0.02444183696731455
     9.271333333333665	0.02444183698261707
     9.271666666666999	0.02444183699795595
     9.272000000000332	0.02444183701251799
     9.272333333333666	0.02444183702677362
        9.272666666667	0.024441837040644
     9.273000000000334	0.02444183705428233
     9.273333333333667	0.02444183706748756
     9.273666666667001	0.02444183708027667
     9.274000000000335	0.02444183709272555
     9.274333333333669	0.02444183710488204
     9.274666666667002	0.02444183711685997
     9.275000000000336	0.02444183712835511

     10.00033333333333	0.02346675425428555
     10.00066666666667	0.02361106613698302
                10.001	0.02441566344895217
     10.00133333333333	0.02494350070148118
     10.00166666666667	0.02485383398050817
                10.002	0.02445125582675178
     10.00233333333334	0.02417895201718137
     10.00266666666667	0.02420529315486363
                10.003	0.02439951180903182
     10.00333333333334	0.02454843198346146
     10.00366666666667	0.02454808667454959
                10.004	0.02444582451413851
     10.00433333333334	0.02435332523198607
     10.00466666666667	0.02434172429976499
     10.00500000000001	0.02439528392396273
     10.00533333333334	0.02444898978726936
     10.00566666666667	0.02445535790795823
     10.00600000000001	0.02441963189319263
     10.00633333333334	0.02438338595249676
     10.00666666666667	0.02437608316777815
     10.00700000000001	0.02439437370423828
     10.00733333333334	0.02441208409641155
     10.00766666666668	0.02441236269178168
     10.00800000000001	0.02439825743339963
     10.00833333333334	0.0243854067365042
     10.00866666666668	0.02438274399006796
     10.00900000000001	0.02438768979878914
     10.00933333333334	0.02439208827713591
     10.00966666666668	0.02439130313065701
     10.01000000000001	0.02438647276121731
     10.01033333333335	0.02438197859986945
     10.01066666666668	0.02438025709131419
     10.01100000000001	0.02438107892703908
     10.01133333333335	0.02438183110004689
     10.01166666666668	0.02438148422377683
     10.01200000000001	0.02438035806274188
     10.01233333333335	0.02437939477507992
     10.01266666666668	0.02437888427681492
     10.01300000000002	0.02437892330539243
     10.01333333333335	0.02437924828281644
     10.01366666666668	0.02437963863458887
     10.01400000000002	0.02437989408307242
     10.01433333333335	0.02437993467263824
     10.01466666666668	0.02438006383458999
     10.01500000000002	0.02438057186058045
     10.01533333333335	0.02438133395492793
     10.01566666666669	0.02438236009720219
     10.01600000000002	0.0243831552996212
     10.01633333333335	0.02438382174501825
     10.01666666666669	0.0243845146760948
     10.01700000000002	0.02438553177887691
     10.01733333333335	0.0243867617160954
     10.01766666666669	0.02438799516389726
     10.01800000000002	0.02438913622589941
     10.01833333333336	0.0243902187046477
     10.01866666666669	0.0243913414716984
     10.01900000000002	0.02439261969479287
     10.01933333333336	0.02439396845871432
     10.01966666666669	0.02439532430031452
     10.02000000000002	0.02439663945873749
     10.02033333333336	0.02439793247474342
     10.02066666666669	0.02439923524274118
     10.02100000000003	0.02440056405319834
     10.02133333333336	0.02440191463072488
     10.02166666666669	0.02440323462253392
     10.02200000000003	0.02440457825938476
     10.02233333333336	0.02440584105701989
     10.02266666666669	0.02440712230840409
     10.02300000000003	0.02440837267679666
     10.02333333333336	0.02440954692892354
      10.0236666666667	0.02441076071095373
     10.02400000000003	0.02441194997742862
     10.02433333333336	0.02441308160313775
      10.0246666666667	0.02441415264818661
     10.02500000000003	0.02441518532749307
     10.02533333333336	0.02441619049610607
      10.0256666666667	0.02441716013174368
     10.02600000000003	0.02441808156280309
     10.02633333333337	0.02441894953545879
      10.0266666666667	0.02441976705738674
     10.02700000000003	0.02442053721561543
     10.02733333333337	0.02442125931968991
      10.0276666666667	0.02442193028272075
     10.02800000000003	0.02442254723165723
     10.02833333333337	0.02442310975476603
      10.0286666666667	0.02442361994033492
     10.02900000000004	0.02442407869484281
     10.02933333333337	0.02442446759492776
      10.0296666666667	0.02442484613182991
     10.03000000000004	0.02442515975363196
     10.03033333333337	0.0244253886929818
      10.0306666666667	0.0244255812007846
     10.03100000000004	0.02442573955605181
     10.03133333333337	0.0244258515446135
     10.03166666666671	0.02442590999273134
     10.03200000000004	0.02442591691650806
     10.03233333333337	0.02442587712512976
     10.03266666666671	0.02442579623443605
     10.03300000000004	0.02442567746496976
     10.03333333333337	0.02442551926484741
     10.03366666666671	0.0244253228086888
     10.03400000000004	0.0244250889290358
     10.03433333333338	0.02442482108441718
     10.03466666666671	0.02442452226790284
     10.03500000000004	0.02442419426003358
     10.03533333333338	0.02442383896393782
     10.03566666666671	0.02442345566665143
     10.03600000000004	0.02442304959074187
     10.03633333333338	0.02442262496526053
     10.03666666666671	0.02442218181065041
     10.03700000000005	0.02442171920560958
     10.03733333333338	0.02442152600914303
     10.03766666666671	0.02442123597336579
     10.03800000000005	0.02442069960294259
     10.03833333333338	0.02442002586058515
     10.03866666666671	0.02441939761613652
     10.03900000000005	0.02441892066292687
     10.03933333333338	0.02441850141611595
     10.03966666666672	0.02441778230667828
     10.04000000000005	0.02441702028308483
     10.04033333333338	0.02441645422275506
     10.04066666666672	0.02441605601354848
     10.04100000000005	0.02441563844733033
     10.04133333333338	0.02441507128679287
     10.04166666666672	0.02441446950354284
     10.04200000000005	0.02441389755834809
     10.04233333333339	0.02441340417867197
     10.04266666666672	0.02441292853216482
     10.04300000000005	0.02441248881492526
     10.04333333333339	0.02441198472383395
     10.04366666666672	0.02441146761739584
     10.04400000000005	0.02441098710923024
     10.04433333333339	0.02441055376400092
     10.04466666666672	0.02441014548098651
     10.04500000000005	0.02440973107630479
     10.04533333333339	0.02440930106813445
     10.04566666666672	0.02440887078187485
     10.04600000000006	0.02440846286260297
     10.04633333333339	0.02440808699183183
     10.04666666666672	0.02440774740529346
     10.04700000000006	0.02440755399454394
     10.04733333333339	0.02440735578516312
     10.04766666666672	0.02440705018030712
     10.04800000000006	0.02440666710452907
     10.04833333333339	0.02440630477212423
     10.04866666666673	0.02440603753376203
     10.04900000000006	0.02440581743165052
     10.04933333333339	0.02440557965924668
     10.04966666666673	0.02440530289759624
     10.05000000000006	0.02440501931430264
     10.05033333333339	0.02440476809298844
     10.05066666666673	0.02440456002883973
     10.05100000000006	0.02440436979063465
      10.0513333333334	0.02440416564096313
     10.05166666666673	0.02440394411236169
     10.05200000000006	0.02440371997559406
      10.0523333333334	0.02440354017376938
     10.05266666666673	0.02440331622749038
     10.05300000000006	0.02440308616880589
      10.0533333333334	0.02440290741589827
     10.05366666666673	0.02440278361621468
     10.05400000000007	0.02440248832824164
      10.0543333333334	0.02440217371584745
     10.05466666666673	0.0244019584808307
     10.05500000000007	0.02440184206556294
      10.0553333333334	0.02440175803081995
     10.05566666666673	0.02440166860529619
     10.05600000000007	0.02440151987130389
      10.0563333333334	0.0244013117610488
     10.05666666666674	0.02440113285596882
     10.05700000000007	0.02440095560980125
      10.0573333333334	0.02440085006143278
     10.05766666666674	0.02440075420036254
     10.05800000000007	0.02440060919843974
      10.0583333333334	0.0244004200240457
     10.05866666666674	0.02440024038386585
     10.05900000000007	0.02440021034643934
     10.05933333333341	0.02440000112839838
     10.05966666666674	0.02439987926821161
     10.06000000000007	0.02439976641456802
     10.06033333333341	0.02439956430808107
     10.06066666666674	0.02439939067891503
     10.06100000000007	0.02439924305125118
     10.06133333333341	0.02439909234559193
     10.06166666666674	0.02439891832020154
     10.06200000000008	0.02439874260867571
     10.06233333333341	0.0243985875667975
     10.06266666666674	0.02439844691541863
     10.06300000000008	0.02439829611249322
     10.06333333333341	0.02439813024960363
     10.06366666666674	0.02439796646873166
     10.06400000000008	0.0243978173291237
     10.06433333333341	0.02439767953717355
     10.06466666666675	0.02439753858389682
     10.06500000000008	0.02439738605221604
     10.06533333333341	0.02439723932811695
     10.06566666666675	0.02439710528664027
     10.06600000000008	0.02439697518365541
     10.06633333333341	0.02439684280929118
     10.06666666666675	0.0243967159047554
     10.06700000000008	0.02439660242173588
     10.06733333333342	0.024396461069034
     10.06766666666675	0.02439634347013866
     10.06800000000008	0.02439634427699788
     10.06833333333342	0.0243962423356199
     10.06866666666675	0.02439606268584224
     10.06900000000008	0.0243960249133063
     10.06933333333342	0.02439593965766506
     10.06966666666675	0.0243958504764565
     10.07000000000009	0.02439575615084324
     10.07033333333342	0.02439572153649566
     10.07066666666675	0.02439561716294831
     10.07100000000009	0.02439560204454354
     10.07133333333342	0.02439548924151202
     10.07166666666675	0.02439542900078313
     10.07200000000009	0.0243954191462171
     10.07233333333342	0.02439536019706006
     10.07266666666676	0.0243952956138375
     10.07300000000009	0.02439529244107552
     10.07333333333342	0.02439524200734236
     10.07366666666676	0.0243951976814136
     10.07400000000009	0.02439524549353805
     10.07433333333342	0.02439522905021025
     10.07466666666676	0.02439518221417222
     10.07500000000009	0.02439521229737445
     10.07533333333343	0.02439519835368242
     10.07566666666676	0.02439518458487473
     10.07600000000009	0.02439524327150595
     10.07633333333343	0.02439524774086951
     10.07666666666676	0.02439523483878451
     10.07700000000009	0.0243952862907485
     10.07733333333343	0.02439529947799961
     10.07766666666676	0.02439531066330901
      10.0780000000001	0.02439537808872887
     10.07833333333343	0.02439540197852065
     10.07866666666676	0.02439541938774976
      10.0790000000001	0.02439548256774999
     10.07933333333343	0.02439551394829586
     10.07966666666676	0.02439553262289586
      10.0800000000001	0.02439561176197834
     10.08033333333343	0.02439565839761646
     10.08066666666677	0.02439568206966731
      10.0810000000001	0.02439572307916674
     10.08133333333343	0.0243957745180487
     10.08166666666677	0.02439583372108646
      10.0820000000001	0.02439589425257714
     10.08233333333343	0.02439591533889611
     10.08266666666677	0.0243959561882289
      10.0830000000001	0.02439603109501391
     10.08333333333344	0.02439608120474065
     10.08366666666677	0.02439612357802212
      10.0840000000001	0.02439616738905198
     10.08433333333344	0.02439621542518295
     10.08466666666677	0.02439626809301784
      10.0850000000001	0.02439631031976492
     10.08533333333344	0.02439635356882391
     10.08566666666677	0.02439639688789282
     10.08600000000011	0.02439643680205821
     10.08633333333344	0.02439647129391038
     10.08666666666677	0.02439650942523854
     10.08700000000011	0.02439654581068266
     10.08733333333344	0.02439657979867009
     10.08766666666677	0.0243966121142454
     10.08800000000011	0.0243966630944098
     10.08833333333344	0.02439670440512408
     10.08866666666678	0.02439672449004272
     10.08900000000011	0.02439673668203348
     10.08933333333344	0.0243967544730857
     10.08966666666678	0.02439678107366421
     10.09000000000011	0.02439680474605548
     10.09033333333344	0.02439682357392831
     10.09066666666678	0.02439683548566166
     10.09100000000011	0.02439684118191743
     10.09133333333344	0.02439685304658459
     10.09166666666678	0.02439686433481372
     10.09200000000011	0.02439687055894204
     10.09233333333345	0.02439687612366543
     10.09266666666678	0.02439688318694365
     10.09300000000011	0.02439688689462955
     10.09333333333345	0.02439688839016195
     10.09366666666678	0.02439688648899442
     10.09400000000011	0.02439688514999357
     10.09433333333345	0.0243968840248705
     10.09466666666678	0.02439688001738866
     10.09500000000012	0.02439687811940926
     10.09533333333345	0.02439687494655908
     10.09566666666678	0.02439686795914141
     10.09600000000012	0.02439686487750224
     10.09633333333345	0.02439685927343749
     10.09666666666678	0.02439684985675911
     10.09700000000012	0.02439683965729163
     10.09733333333345	0.0243968403061443
     10.09766666666679	0.02439683417692229
     10.09800000000012	0.02439682484777036
     10.09833333333345	0.02439681240107964
     10.09866666666679	0.02439681391409904
     10.09900000000012	0.02439680966982697
     10.09933333333345	0.02439679827180696
     10.09966666666679	0.02439678584201017
     10.10000000000012	0.02439679121002738
     10.10033333333346	0.02439678943868367
     10.10066666666679	0.02439677924148677
     10.10100000000012	0.02439676785497825
     10.10133333333346	0.0243967760337476
     10.10166666666679	0.02439677541888086
     10.10200000000012	0.02439676882162724
     10.10233333333346	0.02439676121075041
     10.10266666666679	0.02439677239302764
     10.10300000000013	0.02439677464738037
     10.10333333333346	0.0243967699149637
     10.10366666666679	0.02439676540157999
     10.10400000000013	0.02439678065603388
     10.10433333333346	0.02439678675224194
     10.10466666666679	0.02439678535402671
     10.10500000000013	0.02439678422057442
     10.10533333333346	0.02439680285364944
      10.1056666666668	0.02439681295841442
     10.10600000000013	0.02439681398869968
     10.10633333333346	0.02439681647502563
      10.1066666666668	0.02439682682716486
     10.10700000000013	0.02439684279954842
     10.10733333333346	0.02439685777718526
      10.1076666666668	0.02439686951843678
     10.10800000000013	0.02439688058748164
     10.10833333333347	0.02439689376671961
      10.1086666666668	0.02439690959019698
     10.10900000000013	0.0243969267557025
     10.10933333333347	0.02439694394258188
      10.1096666666668	0.02439696081579899
     10.11000000000013	0.02439697787443
     10.11033333333347	0.02439699579603713
      10.1106666666668	0.02439701483280111
     10.11100000000014	0.0243970346871758
     10.11133333333347	0.02439705488225373
      10.1116666666668	0.02439707517858304
     10.11200000000014	0.02439709564443613
     10.11233333333347	0.02439711648442714
      10.1126666666668	0.02439713783143553
     10.11300000000014	0.02439715962334454
     10.11333333333347	0.02439718167815628
     10.11366666666681	0.02439720383031584
     10.11400000000014	0.02439722604191993
     10.11433333333347	0.02439724837963049
     10.11466666666681	0.02439727090822646
     10.11500000000014	0.02439729356360002
     10.11533333333347	0.02439731625290685
     10.11566666666681	0.02439733886045721
     10.11600000000014	0.02439736137630195
     10.11633333333348	0.0243973838295272
     10.11666666666681	0.02439740622162184
     10.11700000000014	0.02439742850635901
     10.11733333333348	0.02439745062187463
     10.11766666666681	0.02439747252733622
     10.11800000000014	0.02439749420821923
     10.11833333333348	0.0243975156571829
     10.11866666666681	0.02439753685566414
     10.11900000000015	0.02439755777246014
     10.11933333333348	0.02439757837580347
     10.11966666666681	0.02439759864405936
     10.12000000000015	0.02439761856514347
     10.12033333333348	0.02439763812795644
     10.12066666666681	0.02439765731634598
     10.12100000000015	0.02439767610984483
     10.12133333333348	0.02439769449103045
     10.12166666666682	0.02439771244966803
     10.12200000000015	0.02439772997933352
     10.12233333333348	0.02439774707225562
     10.12266666666682	0.02439776371870968
     10.12300000000015	0.02439777990886183
     10.12333333333348	0.02439779563563541
     10.12366666666682	0.02439781089662832
     10.12400000000015	0.02439782568092831
     10.12433333333349	0.02439784000313847
     10.12466666666682	0.02439785388105343
     10.12500000000015	0.02439786729150776
     10.12533333333349	0.02439788018023942
     10.12566666666682	0.02439789639537382
     10.12600000000015	0.02439790777779586
     10.12633333333349	0.02439791636529824
     10.12666666666682	0.02439792854379509
     10.12700000000016	0.02439793888813033
     10.12733333333349	0.02439794823468407
     10.12766666666682	0.02439795998401083
     10.12800000000016	0.02439796888160733
     10.12833333333349	0.02439797625424021
     10.12866666666682	0.02439798384202983
     10.12900000000016	0.02439799210747092
     10.12933333333349	0.02439800059751594
     10.12966666666683	0.0243980087664462
     10.13000000000016	0.02439801602954456
     10.13033333333349	0.02439802214420321
     10.13066666666683	0.02439802821582243
     10.13100000000016	0.02439803440121163
     10.13133333333349	0.02439804032733462
     10.13166666666683	0.02439804568954465
     10.13200000000016	0.02439805104152468
      10.1323333333335	0.02439805608277342
     10.13266666666683	0.02439806060458565
     10.13300000000016	0.0243980649264444
      10.1333333333335	0.02439806912251337
     10.13366666666683	0.02439807294515043
     10.13400000000016	0.02439807673441459
      10.1343333333335	0.02439808039923171
     10.13466666666683	0.02439808374681031
     10.13500000000016	0.02439808677958044
      10.1353333333335	0.0243980896474383
     10.13566666666683	0.02439809245286019
     10.13600000000017	0.02439809517093398
      10.1363333333335	0.02439809772387784
     10.13666666666683	0.02439810007986236
     10.13700000000017	0.0243981022707544
      10.1373333333335	0.02439810435244651
     10.13766666666683	0.02439810635844211
     10.13800000000017	0.02439810827947157
      10.1383333333335	0.02439811009017841
     10.13866666666684	0.02439811178736876
     10.13900000000017	0.02439811339286917
      10.1393333333335	0.02439811493465478
     10.13966666666684	0.02439811642253384
     10.14000000000017	0.0243981178468008
      10.1403333333335	0.0243981191981869
     10.14066666666684	0.02439812048123608
     10.14100000000017	0.0243981217109133
     10.14133333333351	0.02439812289652935
     10.14166666666684	0.02439812403963321
     10.14200000000017	0.02439812513869447
     10.14233333333351	0.02439812619838531
     10.14266666666684	0.02439812722280939
     10.14300000000017	0.02439812821364369
     10.14333333333351	0.0243981291712696
     10.14366666666684	0.02439813009699192
     10.14400000000018	0.02439813103709535
     10.14433333333351	0.02439813186148404
     10.14466666666684	0.0243981326804669
     10.14500000000018	0.02439813352213028
     10.14533333333351	0.02439813437146146
     10.14566666666684	0.02439813518815896
     10.14600000000018	0.02439813595338706
     10.14633333333351	0.02439813668838334
     10.14666666666685	0.02439813741985194
     10.14700000000018	0.02439813814234889
     10.14733333333351	0.0243981388464197
     10.14766666666685	0.02439813952208143
     10.14800000000018	0.02439814017359698
     10.14833333333351	0.02439814080893923
     10.14866666666685	0.02439814143726645
     10.14900000000018	0.02439814205163246
     10.14933333333352	0.02439814264368663
     10.14966666666685	0.02439814321217211
     10.15000000000018	0.02439814376153168
     10.15033333333352	0.02439814464828779
     10.15066666666685	0.02439814537177739
     10.15100000000018	0.02439814540065572
     10.15133333333352	0.02439814547499182
     10.15166666666685	0.02439814622014657
     10.15200000000019	0.02439814720904345
     10.15233333333352	0.02439814783194752
     10.15266666666685	0.02439814785190392
     10.15300000000019	0.02439814777783929
     10.15333333333352	0.02439814815397882
     10.15366666666685	0.02439814881273731
     10.15400000000019	0.02439814929515825
     10.15433333333352	0.02439814948960833
     10.15466666666686	0.02439814957620325
     10.15500000000019	0.02439814974082164
     10.15533333333352	0.0243981500202517
     10.15566666666686	0.02439815032185631
     10.15600000000019	0.02439815054843011
     10.15633333333352	0.02439815067773791
     10.15666666666686	0.02439815075839153
     10.15700000000019	0.02439815083643635
     10.15733333333353	0.02439815094368426
     10.15766666666686	0.02439815105544894
     10.15800000000019	0.02439815113412409
     10.15833333333353	0.02439815117288702
     10.15866666666686	0.02439815119018825
     10.15900000000019	0.02439815120710883
     10.15933333333353	0.02439815078287874
     10.15966666666686	0.02439815043726902
      10.1600000000002	0.02439815088464029
     10.16033333333353	0.02439815151503954
     10.16066666666686	0.02439815114777179
      10.1610000000002	0.02439815031331783
     10.16133333333353	0.02439814992038782
     10.16166666666686	0.02439815015666456
      10.1620000000002	0.02439815061239165
     10.16233333333353	0.02439815060199387
     10.16266666666687	0.02439815018457962
      10.1630000000002	0.02439814982411898
     10.16333333333353	0.02439814971294146
     10.16366666666687	0.02439814974823661
      10.1640000000002	0.0243981497421396
     10.16433333333353	0.02439814960788126
     10.16466666666687	0.02439814940669061
      10.1650000000002	0.02439814923938285
     10.16533333333354	0.02439814912856375
     10.16566666666687	0.02439814902842378
      10.1660000000002	0.0243981489026848
     10.16633333333354	0.02439814875454992
     10.16666666666687	0.02439814860898809
      10.1670000000002	0.02439814836973756
     10.16733333333354	0.02439814828685884
     10.16766666666687	0.02439814830633056
     10.16800000000021	0.02439814817369671
     10.16833333333354	0.02439814794798464
     10.16866666666687	0.0243981477192908
     10.16900000000021	0.02439814765896566
     10.16933333333354	0.02439814758491209
     10.16966666666687	0.02439814752527399
     10.17000000000021	0.02439814737497587
     10.17033333333354	0.02439814726540881
     10.17066666666688	0.02439814709976432
     10.17100000000021	0.02439814689496404
     10.17133333333354	0.02439814690418978
     10.17166666666688	0.02439814689281464
     10.17200000000021	0.02439814669659425
     10.17233333333354	0.02439814644039573
     10.17266666666688	0.02439814633969758
     10.17300000000021	0.02439814633896741
     10.17333333333355	0.02439814628171582
     10.17366666666688	0.02439814613870876
     10.17400000000021	0.02439814598077202
     10.17433333333355	0.02439814585296574
     10.17466666666688	0.02439814575091977
     10.17500000000021	0.02439814565844618
     10.17533333333355	0.02439814557023264
     10.17566666666688	0.02439814545989238
     10.17600000000022	0.02439814532347162
     10.17633333333355	0.0243981451873989
     10.17666666666688	0.02439814506366752
     10.17700000000022	0.024398144950844
     10.17733333333355	0.02439814483752054
     10.17766666666688	0.024398144714644
     10.17800000000022	0.0243981445799966
     10.17833333333355	0.02439814443944629
     10.17866666666689	0.02439814429953248
     10.17900000000022	0.02439814416154507
     10.17933333333355	0.02439814402081667
     10.17966666666689	0.02439814387550219
     10.18000000000022	0.02439814372516465
     10.18033333333355	0.02439814356861712
     10.18066666666689	0.02439814340764583
     10.18100000000022	0.02439814324346742
     10.18133333333355	0.02439814307671347
     10.18166666666689	0.02439814290449711
     10.18200000000022	0.02439814272712389
     10.18233333333356	0.02439814254349513
     10.18266666666689	0.02439814250296171
     10.18300000000022	0.02439814227784974
     10.18333333333356	0.02439814193607983
     10.18366666666689	0.02439814179397812
     10.18400000000022	0.02439814160966539
     10.18433333333356	0.02439814148300489
     10.18466666666689	0.02439814131985326
     10.18500000000023	0.02439814096499601
     10.18533333333356	0.02439814069676334
     10.18566666666689	0.02439814052231338
     10.18600000000023	0.02439814035544114
     10.18633333333356	0.02439814012486445
     10.18666666666689	0.02439813983315692
     10.18700000000023	0.02439813953311917
     10.18733333333356	0.02439813926896043
      10.1876666666669	0.02439813903294561
     10.18800000000023	0.02439813879606168
     10.18833333333356	0.02439813853261121
      10.1886666666669	0.02439813825041917
     10.18900000000023	0.024398137966896
     10.18933333333356	0.0243981376920335
      10.1896666666669	0.02439813742804986
     10.19000000000023	0.02439813716916294
     10.19033333333357	0.02439813690674031
      10.1906666666669	0.02439813663653975
     10.19100000000023	0.02439813636417023
     10.19133333333357	0.02439813609778903
      10.1916666666669	0.02439813584143831
     10.19200000000023	0.0243981355926843
     10.19233333333357	0.0243981353421206
      10.1926666666669	0.02439813509206121
     10.19300000000024	0.02439813484747524
     10.19333333333357	0.02439813461073014
      10.1936666666669	0.02439813438112288
     10.19400000000024	0.02439813415733971
     10.19433333333357	0.02439813393896167
      10.1946666666669	0.02439813372735412
     10.19500000000024	0.02439813352330066
     10.19533333333357	0.02439813332766455
     10.19566666666691	0.02439813314028029
     10.19600000000024	0.02439813296088046
     10.19633333333357	0.02439813278954265
     10.19666666666691	0.02439813262667502
     10.19700000000024	0.02439813247257691
     10.19733333333357	0.02439813232783393
     10.19766666666691	0.0243981321923994
     10.19800000000024	0.024398132066046
     10.19833333333358	0.02439813194853844
     10.19866666666691	0.02439813184020816
     10.19900000000024	0.02439813174119989
     10.19933333333358	0.0243981317089742
     10.19966666666691	0.02439813162463791
     10.20000000000024	0.02439813156811731
     10.20033333333358	0.02439813144984689
     10.20066666666691	0.02439813141909598
     10.20100000000025	0.02439813143791215
     10.20133333333358	0.02439813143143538
     10.20166666666691	0.02439813138588393
     10.20200000000025	0.02439813134380065
     10.20233333333358	0.02439813133148661
     10.20266666666691	0.02439813134542671
     10.20300000000025	0.02439813137132338
     10.20333333333358	0.0243981313929447
     10.20366666666692	0.02439813141246615
     10.20400000000025	0.02439813144040215
     10.20433333333358	0.02439813148111709
     10.20466666666692	0.02439813153195872
     10.20500000000025	0.02439813158860436
     10.20533333333358	0.02439813165033484
     10.20566666666692	0.02439813171798836
     10.20600000000025	0.0243981317919011
     10.20633333333359	0.02439813187168408
     10.20666666666692	0.02439813195670021
     10.20700000000025	0.02439813204714285
     10.20733333333359	0.02439813214300434
     10.20766666666692	0.02439813224301248
     10.20800000000025	0.02439813234657282
     10.20833333333359	0.0243981324532031
     10.20866666666692	0.02439813256314867
     10.20900000000026	0.02439813267826065
     10.20933333333359	0.02439813279830239
     10.20966666666692	0.02439813292104796
     10.21000000000026	0.02439813304556354
     10.21033333333359	0.02439813317116011
     10.21066666666692	0.0243981332982873
     10.21100000000026	0.02439813342812827
     10.21133333333359	0.02439813356076102
     10.21166666666693	0.02439813369476732
     10.21200000000026	0.02439813382928201
     10.21233333333359	0.02439813396460063
     10.21266666666693	0.02439813410122129
     10.21300000000026	0.02439813423893635
     10.21333333333359	0.02439813437707578
     10.21366666666693	0.02439813451519934
     10.21400000000026	0.02439813465328999
      10.2143333333336	0.02439813479143332
     10.21466666666693	0.02439813492948706
     10.21500000000026	0.02439813506726735
      10.2153333333336	0.02439813520456822
     10.21566666666693	0.0243981353413025
     10.21600000000026	0.02439813547726315
      10.2163333333336	0.02439813561370329
     10.21666666666693	0.02439813574516683
     10.21700000000027	0.02439813587918286
      10.2173333333336	0.0243981360103138
     10.21766666666693	0.02439813614263246
     10.21800000000027	0.02439813627247503
      10.2183333333336	0.02439813639974799
     10.21866666666693	0.02439813652554506
     10.21900000000027	0.02439813665060288
      10.2193333333336	0.02439813672197548
     10.21966666666694	0.02439813679737188
     10.22000000000027	0.02439813691225245
      10.2203333333336	0.02439813705742327
     10.22066666666694	0.02439813720526562
     10.22100000000027	0.02439813733007511
      10.2213333333336	0.02439813743151568
     10.22166666666694	0.0243981375280402
     10.22200000000027	0.02439813763338494
     10.22233333333361	0.02439813774991276
     10.22266666666694	0.02439813786418602
     10.22300000000027	0.02439813797044992
     10.22333333333361	0.02439813807188461
     10.22366666666694	0.02439813817131143
     10.22400000000027	0.02439813827107343
     10.22433333333361	0.02439813837142707
     10.22466666666694	0.02439813847067161
     10.22500000000027	0.02439813856706711
     10.22533333333361	0.02439813865980109
     10.22566666666694	0.0243981387500392
     10.22600000000028	0.02439813883925424
     10.22633333333361	0.02439813892814358
     10.22666666666694	0.02439813901668254
     10.22700000000028	0.02439813910370168
     10.22733333333361	0.02439813918847348
     10.22766666666694	0.02439813927113563
     10.22800000000028	0.02439813935237685
     10.22833333333361	0.02439813943277024
     10.22866666666695	0.02439813951223263
     10.22900000000028	0.02439813959039137
     10.22933333333361	0.02439813966705292
     10.22966666666695	0.02439813974222865
     10.23000000000028	0.02439813981626665
     10.23033333333361	0.02439813988938103
     10.23066666666695	0.02439813996163965
     10.23100000000028	0.02439814003297026
     10.23133333333362	0.02439814010328421
     10.23166666666695	0.02439814017257164
     10.23200000000028	0.02439814024085354
     10.23233333333362	0.02439814030819294
     10.23266666666695	0.02439814037468606
     10.23300000000028	0.02439814044043788
     10.23333333333362	0.02439814050551373
     10.23366666666695	0.02439814056991211
     10.23400000000029	0.02439814063354527
     10.23433333333362	0.02439814069639531
     10.23466666666695	0.02439814075849216
     10.23500000000029	0.02439814081993718
     10.23533333333362	0.02439814088082685
     10.23566666666695	0.02439814094123674
     10.23600000000029	0.02439814100107526
     10.23633333333362	0.02439814106027014
     10.23666666666696	0.02439814111886401
     10.23700000000029	0.0243981411769455
     10.23733333333362	0.0243981412346214
     10.23766666666696	0.02439814129181513
     10.23800000000029	0.02439814134844744
     10.23833333333362	0.02439814140454268
     10.23866666666696	0.02439814146025063
     10.23900000000029	0.02439814151556863
     10.23933333333363	0.02439814157042868
     10.23966666666696	0.02439814162482058
     10.24000000000029	0.02439814167879862
     10.24033333333363	0.02439814173237874
     10.24066666666696	0.02439814178554833
     10.24100000000029	0.02439814183831107
     10.24133333333363	0.02439814189069275
     10.24166666666696	0.0243981419427101
      10.2420000000003	0.02439814199438129
     10.24233333333363	0.0243981420456538
     10.24266666666696	0.02439814209650161
      10.2430000000003	0.02439814214694568
     10.24333333333363	0.02439814219704543
     10.24366666666696	0.02439814224688013
      10.2440000000003	0.02439814229634456
     10.24433333333363	0.02439814234537338
     10.24466666666697	0.02439814239397298
      10.2450000000003	0.02439814244221315
     10.24533333333363	0.02439814249015304
     10.24566666666697	0.02439814253777959
      10.2460000000003	0.02439814258508788
     10.24633333333363	0.02439814263009269
     10.24666666666697	0.02439814267449639
      10.2470000000003	0.02439814272451611
     10.24733333333364	0.02439814277121959
     10.24766666666697	0.02439814281299981
      10.2480000000003	0.02439814285602196
     10.24833333333364	0.02439814289852704
     10.24866666666697	0.02439814294221925
      10.2490000000003	0.02439814298387914
     10.24933333333364	0.02439814302794546
     10.24966666666697	0.02439814307114976
     10.25000000000031	0.02439814311132635
     10.25033333333364	0.02439814315569401
     10.25066666666697	0.02439814319590007
     10.25100000000031	0.02439814323888606
     10.25133333333364	0.02439814327778833
     10.25166666666697	0.02439814331678019
     10.25200000000031	0.02439814336046488
     10.25233333333364	0.0243981434001142
     10.25266666666698	0.02439814343780502
     10.25300000000031	0.02439814347528532
     10.25333333333364	0.02439814351428185
     10.25366666666698	0.02439814355414236
     10.25400000000031	0.02439814359337074
     10.25433333333364	0.02439814363081276
     10.25466666666698	0.02439814366678535
     10.25500000000031	0.02439814370203461
     10.25533333333365	0.0243981437377775
     10.25566666666698	0.02439814377377766
     10.25600000000031	0.0243981438094909
     10.25633333333365	0.02439814384405255
     10.25666666666698	0.0243981438776239
     10.25700000000031	0.02439814391074872
     10.25733333333365	0.02439814394375756
     10.25766666666698	0.02439814397656014
     10.25800000000032	0.02439814400886388
     10.25833333333365	0.02439814404049473
     10.25866666666698	0.02439814407150636
     10.25900000000032	0.02439814410205041
     10.25933333333365	0.02439814413203693
     10.25966666666698	0.0243981441617954
     10.26000000000032	0.02439814419115993
     10.26033333333365	0.02439814421979679
     10.26066666666699	0.02439814424800127
     10.26100000000032	0.02439814427565712
     10.26133333333365	0.02439814430292226
     10.26166666666699	0.02439814432987956
     10.26200000000032	0.02439814435632233
     10.26233333333365	0.0243981443821428
     10.26266666666699	0.02439814440739865
     10.26300000000032	0.02439814443219747
     10.26333333333366	0.024398144456585
     10.26366666666699	0.02439814448053009
     10.26400000000032	0.02439814450391477
     10.26433333333366	0.0243981445268028
     10.26466666666699	0.02439814454941097
     10.26500000000032	0.02439814457157938
     10.26533333333366	0.02439814459305385
     10.26566666666699	0.02439814461434858
     10.26600000000033	0.02439814463476062
     10.26633333333366	0.02439814465502589
     10.26666666666699	0.02439814467465898
     10.26700000000033	0.02439814469419081
     10.26733333333366	0.02439814471283179
     10.26766666666699	0.02439814473122429
     10.26800000000033	0.02439814474951593
     10.26833333333366	0.02439814476683142
       10.268666666667	0.0243981447840209
     10.26900000000033	0.02439814480062728
     10.26933333333366	0.02439814481720467
       10.269666666667	0.02439814483290402
     10.27000000000033	0.0243981448486713
     10.27033333333366	0.0243981448633557
       10.270666666667	0.024398144878369
     10.27100000000033	0.02439814489264101
     10.27133333333366	0.02439814490655761
       10.271666666667	0.02439814492021277
     10.27200000000033	0.0243981449334372
     10.27233333333367	0.0243981449462663
       10.272666666667	0.02439814495877194
     10.27300000000033	0.0243981449709825

     11.00033333333333	0.02351396874332769
     11.00066666666667	0.02364170208126894
                11.001	0.02437083471634546
     11.00133333333333	0.02485205375895964
     11.00166666666667	0.02477503313485468
                11.002	0.0244128099327223
     11.00233333333334	0.02416455895981758
     11.00266666666667	0.02418518334455763
                11.003	0.02435923342356033
     11.00333333333334	0.02449266302866221
     11.00366666666667	0.02449495954082264
                11.004	0.02440579236338556
     11.00433333333334	0.0243228985610322
     11.00466666666667	0.02431054182807914
     11.00500000000001	0.02435683171317732
     11.00533333333334	0.0244050048655926
     11.00566666666667	0.02441179567024246
     11.00600000000001	0.02438082734412095
     11.00633333333334	0.02434837432318399
     11.00666666666667	0.02434106655561506
     11.00700000000001	0.02435688757950462
     11.00733333333334	0.02437273752189711
     11.00766666666668	0.02437335094466843
     11.00800000000001	0.02436098995462709
     11.00833333333334	0.02434947096597839
     11.00866666666668	0.02434683715137845
     11.00900000000001	0.02435104105286453
     11.00933333333334	0.02435491911062607
     11.00966666666668	0.02435430651162462
     11.01000000000001	0.02435008068658206
     11.01033333333335	0.02434605842880359
     11.01066666666668	0.02434441670885878
     11.01100000000001	0.02434504521136656
     11.01133333333335	0.02434565807363217
     11.01166666666668	0.02434534544835909
     11.01200000000001	0.02434437853059067
     11.01233333333335	0.02434355066827203
     11.01266666666668	0.02434306324153428
     11.01300000000002	0.02434304743634374
     11.01333333333335	0.02434330670081186
     11.01366666666668	0.02434366286657594
     11.01400000000002	0.02434392106506118
     11.01433333333335	0.02434397075489655
     11.01466666666668	0.02434408168704405
     11.01500000000002	0.0243445303716215
     11.01533333333335	0.02434522115227923
     11.01566666666669	0.02434615970719049
     11.01600000000002	0.02434690393330232
     11.01633333333335	0.02434752426678549
     11.01666666666669	0.02434815124659682
     11.01700000000002	0.02434907583231097
     11.01733333333335	0.02435020422757642
     11.01766666666669	0.02435134335819896
     11.01800000000002	0.02435239267735969
     11.01833333333336	0.02435338494652595
     11.01866666666669	0.02435441172156704
     11.01900000000002	0.02435558258292009
     11.01933333333336	0.0243568179882311
     11.01966666666669	0.02435806368858289
     11.02000000000002	0.02435926924105804
     11.02033333333336	0.02436045092101073
     11.02066666666669	0.02436163995574524
     11.02100000000003	0.02436285299553217
     11.02133333333336	0.02436408821272197
     11.02166666666669	0.02436528935913321
     11.02200000000003	0.02436651759271041
     11.02233333333336	0.02436766197157202
     11.02266666666669	0.02436882443270747
     11.02300000000003	0.02436995731645569
     11.02333333333336	0.02437103200001514
      11.0236666666667	0.02437213695477094
     11.02400000000003	0.02437320864555764
     11.02433333333336	0.02437422374905572
      11.0246666666667	0.02437518714708801
     11.02500000000003	0.02437611957424431
     11.02533333333336	0.02437702563973318
      11.0256666666667	0.02437789618321368
     11.02600000000003	0.02437871980614856
     11.02633333333337	0.02437949299225078
      11.0266666666667	0.02438021956991998
     11.02700000000003	0.02438090282795042
     11.02733333333337	0.02438154185025928
      11.0276666666667	0.02438213310877002
     11.02800000000003	0.02438267356970977
     11.02833333333337	0.0243831633433618
      11.0286666666667	0.02438360387226346
     11.02900000000004	0.02438399730324268
     11.02933333333337	0.02438432756625495
      11.0296666666667	0.02438464671855168
     11.03000000000004	0.0243849061907458
     11.03033333333337	0.02438508888639251
      11.0306666666667	0.02438523702643593
     11.03100000000004	0.02438535289054807
     11.03133333333337	0.02438542638862368
     11.03166666666671	0.02438545180748392
     11.03200000000004	0.02438542948795558
     11.03233333333337	0.02438536464716679
     11.03266666666671	0.02438526297401247
     11.03300000000004	0.02438512496261791
     11.03333333333337	0.0243849514515904
     11.03366666666671	0.02438474401124317
     11.03400000000004	0.02438450284840414
     11.03433333333338	0.02438423048356079
     11.03466666666671	0.02438392960623004
     11.03500000000004	0.02438360237060301
     11.03533333333338	0.02438324958441844
     11.03566666666671	0.02438287433391585
     11.03600000000004	0.02438247928124993
     11.03633333333338	0.02438206517121805
     11.03666666666671	0.02438163336274165
     11.03700000000005	0.02438118520226177
     11.03733333333338	0.02438099734971337
     11.03766666666671	0.02438071873044033
     11.03800000000005	0.0243802049506985
     11.03833333333338	0.02437955949930384
     11.03866666666671	0.02437895746925911
     11.03900000000005	0.02437850258505297
     11.03933333333338	0.02437786866355738
     11.03966666666672	0.0243774169506021
     11.04000000000005	0.02437689189443305
     11.04033333333338	0.02437630604343734
     11.04066666666672	0.0243757514481896
     11.04100000000005	0.02437523643672788
     11.04133333333338	0.02437476189721846
     11.04166666666672	0.0243743029669758
     11.04200000000005	0.02437381036469999
     11.04233333333339	0.02437330168807544
     11.04266666666672	0.02437279366185873
     11.04300000000005	0.02437234020345026
     11.04333333333339	0.02437188948341866
     11.04366666666672	0.02437144834011568
     11.04400000000005	0.02437101755287834
     11.04433333333339	0.02437059192838508
     11.04466666666672	0.02437017229241388
     11.04500000000005	0.02436976323385573
     11.04533333333339	0.02436936852276068
     11.04566666666672	0.02436898682784291
     11.04600000000006	0.02436861587681362
     11.04633333333339	0.02436825922993305
     11.04666666666672	0.02436792037915066
     11.04700000000006	0.02436772574227864
     11.04733333333339	0.02436754279946927
     11.04766666666672	0.02436726234242204
     11.04800000000006	0.02436690223998661
     11.04833333333339	0.0243665575477786
     11.04866666666673	0.02436629770208999
     11.04900000000006	0.02436608571361246
     11.04933333333339	0.02436586346635702
     11.04966666666673	0.02436560031453099
     11.05000000000006	0.02436533105910043
     11.05033333333339	0.02436509142275394
     11.05066666666673	0.02436488669354211
     11.05100000000006	0.02436470271842263
      11.0513333333334	0.02436450976430513
     11.05166666666673	0.02436430066284461
     11.05200000000006	0.02436408640789351
      11.0523333333334	0.02436389785414706
     11.05266666666673	0.02436369494330717
     11.05300000000006	0.0243634865910608
      11.0533333333334	0.02436331209103941
     11.05366666666673	0.02436318057598123
     11.05400000000007	0.0243628929210683
      11.0543333333334	0.0243626006241124
     11.05466666666673	0.02436239828675231
     11.05500000000007	0.02436228309859789
      11.0553333333334	0.0243621956582502
     11.05566666666673	0.02436210553948039
     11.05600000000007	0.02436196386609559
      11.0563333333334	0.02436176541327623
     11.05666666666674	0.0243615911260017
     11.05700000000007	0.02436141845427584
      11.0573333333334	0.02436131520158953
     11.05766666666674	0.02436121989184032
     11.05800000000007	0.02436107765671899
      11.0583333333334	0.02436089638092214
     11.05866666666674	0.0243607240584985
     11.05900000000007	0.02436069158490778
     11.05933333333341	0.02436049047931812
     11.05966666666674	0.02436036947600137
     11.06000000000007	0.02436025865144646
     11.06033333333341	0.02436006431002833
     11.06066666666674	0.02435989949016266
     11.06100000000007	0.02435975810036422
     11.06133333333341	0.02435961204039786
     11.06166666666674	0.02435944389956201
     11.06200000000008	0.02435927506688787
     11.06233333333341	0.02435912640120851
     11.06266666666674	0.02435899137201943
     11.06300000000008	0.02435884664603211
     11.06333333333341	0.02435868781932148
     11.06366666666674	0.02435853114574276
     11.06400000000008	0.0243583883966499
     11.06433333333341	0.0243582564528327
     11.06466666666675	0.02435812174171879
     11.06500000000008	0.0243579764882294
     11.06533333333341	0.02435783653062631
     11.06566666666675	0.02435770831655252
     11.06600000000008	0.02435758401938164
     11.06633333333341	0.02435745747388073
     11.06666666666675	0.02435734010023646
     11.06700000000008	0.02435722829295119
     11.06733333333342	0.02435709331138567
     11.06766666666675	0.02435707100749682
     11.06800000000008	0.024356974025644
     11.06833333333342	0.02435681299342624
     11.06866666666675	0.02435673777354256
     11.06900000000008	0.02435669256254744
     11.06933333333342	0.02435658983426395
     11.06966666666675	0.02435655534883221
     11.07000000000009	0.02435644456406516
     11.07033333333342	0.02435634503032526
     11.07066666666675	0.02435630428614939
     11.07100000000009	0.02435626167745425
     11.07133333333342	0.02435615136267715
     11.07166666666675	0.02435617754070804
     11.07200000000009	0.02435609966995554
     11.07233333333342	0.02435600065443287
     11.07266666666676	0.02435601787021169
     11.07300000000009	0.02435598028953721
     11.07333333333342	0.02435591913093371
     11.07366666666676	0.02435594429795069
     11.07400000000009	0.02435592498277199
     11.07433333333342	0.02435588776885164
     11.07466666666676	0.02435592002560018
     11.07500000000009	0.02435589669230358
     11.07533333333343	0.02435586792633968
     11.07566666666676	0.02435591840175106
     11.07600000000009	0.0243559240245288
     11.07633333333343	0.0243559129505996
     11.07666666666676	0.02435595915167605
     11.07700000000009	0.02435596310845562
     11.07733333333343	0.0243559648154476
     11.07766666666676	0.02435602620178079
      11.0780000000001	0.02435604745425765
     11.07833333333343	0.02435606119379722
     11.07866666666676	0.02435612043519007
      11.0790000000001	0.02435615153663917
     11.07933333333343	0.02435616804745258
     11.07966666666676	0.02435622412887017
      11.0800000000001	0.02435625848822546
     11.08033333333343	0.02435629779584994
     11.08066666666677	0.02435635147850813
      11.0810000000001	0.02435638086117911
     11.08133333333343	0.02435640281492087
     11.08166666666677	0.02435647274379899
      11.0820000000001	0.02435653336763293
     11.08233333333343	0.02435657324477093
     11.08266666666677	0.02435659664473936
      11.0830000000001	0.02435663743452651
     11.08333333333344	0.02435669668682112
     11.08366666666677	0.02435675753704211
      11.0840000000001	0.02435679291424928
     11.08433333333344	0.0243568263329124
     11.08466666666677	0.02435686414831604
      11.0850000000001	0.02435691358348908
     11.08533333333344	0.0243569620426353
     11.08566666666677	0.02435700324776545
     11.08600000000011	0.02435702516399177
     11.08633333333344	0.02435705552044163
     11.08666666666677	0.0243570980378831
     11.08700000000011	0.02435713285075019
     11.08733333333344	0.02435716437593886
     11.08766666666677	0.02435718978220066
     11.08800000000011	0.02435724033450062
     11.08833333333344	0.02435727989161515
     11.08866666666678	0.02435728600251744
     11.08900000000011	0.02435730030593915
     11.08933333333344	0.02435732707398523
     11.08966666666678	0.02435735204618373
     11.09000000000011	0.02435736908482432
     11.09033333333344	0.02435737974604676
     11.09066666666678	0.02435738760690378
     11.09100000000011	0.02435740091181039
     11.09133333333344	0.02435741300571284
     11.09166666666678	0.02435741968949989
     11.09200000000011	0.02435742399135549
     11.09233333333345	0.02435742967703278
     11.09266666666678	0.02435743431209857
     11.09300000000011	0.02435743775821007
     11.09333333333345	0.02435743772620393
     11.09366666666678	0.02435743766309114
     11.09400000000011	0.02435743640538433
     11.09433333333345	0.0243574323058962
     11.09466666666678	0.02435743064190205
     11.09500000000012	0.02435742807857606
     11.09533333333345	0.02435742211639884
     11.09566666666678	0.02435741982318902
     11.09600000000012	0.02435741490169918
     11.09633333333345	0.02435740613027775
     11.09666666666678	0.02435739681266902
     11.09700000000012	0.02435739768763693
     11.09733333333345	0.02435739241009915
     11.09766666666679	0.02435738285645938
     11.09800000000012	0.02435737095190459
     11.09833333333345	0.02435737275253088
     11.09866666666679	0.02435736887507664
     11.09900000000012	0.0243573586287842
     11.09933333333345	0.02435734654867804
     11.09966666666679	0.02435735117826817
     11.10000000000012	0.02435734935489602
     11.10033333333346	0.02435733938584607
     11.10066666666679	0.02435732872448509
     11.10100000000012	0.02435733660386164
     11.10133333333346	0.02435733603028054
     11.10166666666679	0.02435732901135555
     11.10200000000012	0.02435732111942084
     11.10233333333346	0.02435733173145896
     11.10266666666679	0.02435733364106999
     11.10300000000013	0.02435732922160858
     11.10333333333346	0.02435732465091825
     11.10366666666679	0.02435733877564787
     11.10400000000013	0.02435734413493417
     11.10433333333346	0.024357342287031
     11.10466666666679	0.02435734074249489
     11.10500000000013	0.02435735837653491
     11.10533333333346	0.02435736792125444
      11.1056666666668	0.02435736846574486
     11.10600000000013	0.02435737018416663
     11.10633333333346	0.02435737945556146
      11.1066666666668	0.02435739451949344
     11.10700000000013	0.0243574086489163
     11.10733333333346	0.02435741955926144
      11.1076666666668	0.02435742963643546
     11.10800000000013	0.02435744170925183
     11.10833333333347	0.02435745642735405
      11.1086666666668	0.0243574725414564
     11.10900000000013	0.02435748870330549
     11.10933333333347	0.02435750450467537
      11.1096666666668	0.02435752043882273
     11.11000000000013	0.02435753721636968
     11.11033333333347	0.02435755511461017
      11.1106666666668	0.02435757383341661
     11.11100000000014	0.02435759288587944
     11.11133333333347	0.0243576120312094
      11.1116666666668	0.0243576313609329
     11.11200000000014	0.02435765107486445
     11.11233333333347	0.02435767127962341
      11.1126666666668	0.02435769192668924
     11.11300000000014	0.02435771284241985
     11.11333333333347	0.02435773387613423
     11.11366666666681	0.02435775498817017
     11.11400000000014	0.02435777623495939
     11.11433333333347	0.02435779766532209
     11.11466666666681	0.02435781925679354
     11.11500000000014	0.02435784089050044
     11.11533333333347	0.02435786249666046
     11.11566666666681	0.02435788401936544
     11.11600000000014	0.02435790547984198
     11.11633333333348	0.024357926892743
     11.11666666666681	0.02435794822999621
     11.11700000000014	0.02435796943388131
     11.11733333333348	0.02435799045516416
     11.11766666666681	0.02435801127205557
     11.11800000000014	0.02435803187820723
     11.11833333333348	0.02435805226123124
     11.11866666666681	0.02435807239481261
     11.11900000000015	0.02435809224753321
     11.11933333333348	0.02435811179486686
     11.11966666666681	0.02435813102209121
     11.12000000000015	0.02435814991816824
     11.12033333333348	0.02435816846906014
     11.12066666666681	0.02435818665720055
     11.12100000000015	0.02435820446493098
     11.12133333333348	0.02435822187979841
     11.12166666666682	0.02435823889441192
     11.12200000000015	0.02435825550134
     11.12233333333348	0.02435827169090876
     11.12266666666682	0.02435828745336717
     11.12300000000015	0.02435830278127899
     11.12333333333348	0.0243583174142765
     11.12366666666682	0.0243583321449585
     11.12400000000015	0.02435834635721642
     11.12433333333349	0.02435835970805197
     11.12466666666682	0.02435837275774969
     11.12500000000015	0.02435838929740164
     11.12533333333349	0.02435840097166667
     11.12566666666682	0.02435841307099969
     11.12600000000015	0.02435842191080489
     11.12633333333349	0.02435843339100019
     11.12666666666682	0.02435844592465577
     11.12700000000016	0.02435845453146217
     11.12733333333349	0.02435846382986864
     11.12766666666682	0.02435847160185913
     11.12800000000016	0.02435848125108734
     11.12833333333349	0.02435848945916277
     11.12866666666682	0.02435849863491204
     11.12900000000016	0.02435850563564535
     11.12933333333349	0.02435851169914301
     11.12966666666683	0.02435851813718654
     11.13000000000016	0.02435852513873439
     11.13033333333349	0.02435853221300252
     11.13066666666683	0.02435853890290685
     11.13100000000016	0.02435854473727971
     11.13133333333349	0.02435854964955797
     11.13166666666683	0.02435855461301889
     11.13200000000016	0.02435855986212522
      11.1323333333335	0.02435856477070849
     11.13266666666683	0.02435856950340849
     11.13300000000016	0.02435857371496134
      11.1333333333335	0.02435857749124854
     11.13366666666683	0.02435858113873236
     11.13400000000016	0.0243585848050438
      11.1343333333335	0.02435858840218717
     11.13466666666683	0.0243585916385346
     11.13500000000016	0.02435859473968366
      11.1353333333335	0.02435859768710846
     11.13566666666683	0.02435860043565261
     11.13600000000017	0.02435860300251802
      11.1363333333335	0.02435860544438221
     11.13666666666683	0.0243586077986469
     11.13700000000017	0.02435861005672065
      11.1373333333335	0.02435861218845634
     11.13766666666683	0.02435861418483416
     11.13800000000017	0.02435861607053571
      11.1383333333335	0.02435861787743013
     11.13866666666684	0.02435861961484445
     11.13900000000017	0.02435862127158094
      11.1393333333335	0.02435862284310986
     11.13966666666684	0.02435862433700069
     11.14000000000017	0.02435862576631699
      11.1403333333335	0.02435862714727194
     11.14066666666684	0.02435862848256561
     11.14100000000017	0.02435862976374704
     11.14133333333351	0.02435863098619444
     11.14166666666684	0.02435863215328425
     11.14200000000017	0.02435863328070819
     11.14233333333351	0.02435863437565002
     11.14266666666684	0.02435863543836345
     11.14300000000017	0.02435863646597353
     11.14333333333351	0.02435863746074026
     11.14366666666684	0.02435863842624864
     11.14400000000018	0.02435863936680712
     11.14433333333351	0.02435864027291448
     11.14466666666684	0.02435864114868454
     11.14500000000018	0.02435864200406303
     11.14533333333351	0.02435864284774891
     11.14566666666684	0.02435864367739266
     11.14600000000018	0.024358644481405
     11.14633333333351	0.02435864526468074
     11.14666666666685	0.02435864602540945
     11.14700000000018	0.02435864675836066
     11.14733333333351	0.02435864746946582
     11.14766666666685	0.02435864815937314
     11.14800000000018	0.02435864883246609
     11.14833333333351	0.02435864949381883
     11.14866666666685	0.02435865013107803
     11.14900000000018	0.02435865075027277
     11.14933333333352	0.02435865134334274
     11.14966666666685	0.02435865223400857
     11.15000000000018	0.02435865299211793
     11.15033333333352	0.0243586531197624
     11.15066666666685	0.02435865325955262
     11.15100000000018	0.02435865400849839
     11.15133333333352	0.0243586549984046
     11.15166666666685	0.02435865563289309
     11.15200000000019	0.02435865572769469
     11.15233333333352	0.02435865572863265
     11.15266666666685	0.02435865612978057
     11.15300000000019	0.0243586567942622
     11.15333333333352	0.02435865729669816
     11.15366666666685	0.02435865751927583
     11.15400000000019	0.02435865766239148
     11.15433333333352	0.02435865786965771
     11.15466666666686	0.02435865818002324
     11.15500000000019	0.02435865849729513
     11.15533333333352	0.02435865874021034
     11.15566666666686	0.02435865889421832
     11.15600000000019	0.02435865900153084
     11.15633333333352	0.02435865911310823
     11.15666666666686	0.02435865924215299
     11.15700000000019	0.02435865936938832
     11.15733333333353	0.02435865946509811
     11.15766666666686	0.02435865952140061
     11.15800000000019	0.024358659555635
     11.15833333333353	0.02435865958596586
     11.15866666666686	0.02435865961274245
     11.15900000000019	0.02435865920759351
     11.15933333333353	0.02435865926413596
     11.15966666666686	0.02435865923500895
      11.1600000000002	0.02435865948718215
     11.16033333333353	0.02435865927630129
     11.16066666666686	0.02435865881352576
      11.1610000000002	0.02435865855447108
     11.16133333333353	0.02435865866181109
     11.16166666666686	0.02435865879991136
      11.1620000000002	0.02435865871713067
     11.16233333333353	0.02435865846435609
     11.16266666666687	0.02435865823201951
      11.1630000000002	0.02435865810464068
     11.16333333333353	0.02435865804184482
     11.16366666666687	0.02435865796176345
      11.1640000000002	0.02435865782119195
     11.16433333333353	0.02435865764522734
     11.16466666666687	0.02435865748113494
      11.1650000000002	0.02435865734290746
     11.16533333333354	0.02435865721080097
     11.16566666666687	0.02435865706679532
      11.1660000000002	0.02435865691066575
     11.16633333333354	0.02435865675561682
     11.16666666666687	0.0243586564920969
      11.1670000000002	0.02435865638443326
     11.16733333333354	0.02435865638035485
     11.16766666666687	0.02435865623197339
     11.16800000000021	0.02435865599342109
     11.16833333333354	0.02435865575009788
     11.16866666666687	0.02435865566798851
     11.16900000000021	0.02435865557183408
     11.16933333333354	0.02435865548980238
     11.16966666666687	0.02435865531933788
     11.17000000000021	0.02435865507893881
     11.17033333333354	0.02435865502069295
     11.17066666666688	0.02435865495134483
     11.17100000000021	0.02435865474876048
     11.17133333333354	0.02435865464127239
     11.17166666666688	0.0243586545439071
     11.17200000000021	0.02435865434253283
     11.17233333333354	0.02435865412457201
     11.17266666666688	0.02435865404110146
     11.17300000000021	0.02435865401943829
     11.17333333333355	0.02435865391185087
     11.17366666666688	0.02435865371683809
     11.17400000000021	0.02435865353230678
     11.17433333333355	0.02435865340223123
     11.17466666666688	0.02435865330014176
     11.17500000000021	0.02435865319324136
     11.17533333333355	0.02435865306942958
     11.17566666666688	0.02435865292258787
     11.17600000000022	0.02435865276579557
     11.17633333333355	0.02435865261359608
     11.17666666666688	0.0243586524735589
     11.17700000000022	0.02435865234009912
     11.17733333333355	0.02435865220283081
     11.17766666666688	0.02435865205375913
     11.17800000000022	0.02435865189429218
     11.17833333333355	0.02435865173149778
     11.17866666666689	0.02435865156952226
     11.17900000000022	0.02435865140990951
     11.17933333333355	0.02435865124797981
     11.17966666666689	0.02435865107943643
     11.18000000000022	0.02435865090457832
     11.18033333333355	0.02435865072367926
     11.18066666666689	0.02435865053927369
     11.18100000000022	0.02435865035236738
     11.18133333333355	0.02435865016282736
     11.18166666666689	0.02435864996723923
     11.18200000000022	0.02435864976587195
     11.18233333333356	0.02435864955817611
     11.18266666666689	0.02435864948961652
     11.18300000000022	0.02435864924150067
     11.18333333333356	0.02435864901700174
     11.18366666666689	0.02435864868689804
     11.18400000000022	0.02435864850915402
     11.18433333333356	0.02435864837963978
     11.18466666666689	0.02435864807559844
     11.18500000000023	0.02435864780089261
     11.18533333333356	0.02435864757298981
     11.18566666666689	0.02435864734973545
     11.18600000000023	0.02435864709127419
     11.18633333333356	0.02435864679790122
     11.18666666666689	0.02435864650155672
     11.18700000000023	0.02435864622661416
     11.18733333333356	0.0243586459619936
      11.1876666666669	0.02435864568973076
     11.18800000000023	0.02435864539926574
     11.18833333333356	0.0243586451024513
      11.1886666666669	0.0243586448093737
     11.18900000000023	0.02435864451961714
     11.18933333333356	0.02435864423120438
      11.1896666666669	0.02435864394509573
     11.19000000000023	0.0243586436587887
     11.19033333333357	0.02435864336948387
      11.1906666666669	0.02435864307992591
     11.19100000000023	0.02435864279549248
     11.19133333333357	0.02435864251507431
      11.1916666666669	0.02435864223809666
     11.19200000000023	0.02435864196376622
     11.19233333333357	0.02435864169316528
      11.1926666666669	0.02435864142742647
     11.19300000000024	0.02435864116722806
     11.19333333333357	0.02435864091411124
      11.1936666666669	0.02435864066617087
     11.19400000000024	0.02435864042312145
     11.19433333333357	0.02435864018653796
      11.1946666666669	0.02435863995761526
     11.19500000000024	0.02435863973710135
     11.19533333333357	0.0243586395242934
     11.19566666666691	0.02435863931838041
     11.19600000000024	0.02435863912033957
     11.19633333333357	0.02435863893104594
     11.19666666666691	0.0243586387503264
     11.19700000000024	0.02435863857856193
     11.19733333333357	0.02435863841611763
     11.19766666666691	0.0243586382623266
     11.19800000000024	0.0243586381170602
     11.19833333333358	0.02435863798073763
     11.19866666666691	0.02435863785336388
     11.19900000000024	0.02435863773588579
     11.19933333333358	0.024358637627742
     11.19966666666691	0.02435863752832702
     11.20000000000024	0.02435863743716471
     11.20033333333358	0.02435863735550621
     11.20066666666691	0.02435863735065354
     11.20100000000025	0.02435863732894494
     11.20133333333358	0.02435863719836164
     11.20166666666691	0.02435863714036567
     11.20200000000025	0.02435863714360467
     11.20233333333358	0.02435863715183689
     11.20266666666691	0.02435863713090568
     11.20300000000025	0.02435863709999462
     11.20333333333358	0.02435863708733955
     11.20366666666692	0.02435863709760525
     11.20400000000025	0.02435863711773595
     11.20433333333358	0.02435863713916752
     11.20466666666692	0.02435863716294511
     11.20500000000025	0.02435863719297821
     11.20533333333358	0.02435863723180002
     11.20566666666692	0.02435863727764536
     11.20600000000025	0.0243586373291464
     11.20633333333359	0.02435863738651562
     11.20666666666692	0.02435863745021648
     11.20700000000025	0.02435863751930433
     11.20733333333359	0.02435863759206712
     11.20766666666692	0.02435863766812049
     11.20800000000025	0.02435863774822454
     11.20833333333359	0.02435863783383056
     11.20866666666692	0.0243586379240591
     11.20900000000026	0.02435863801731997
     11.20933333333359	0.02435863811279626
     11.20966666666692	0.02435863821067438
     11.21000000000026	0.02435863830963123
     11.21033333333359	0.024358638413098
     11.21066666666692	0.02435863852126591
     11.21100000000026	0.02435863863173076
     11.21133333333359	0.02435863874242151
     11.21166666666693	0.02435863885344376
     11.21200000000026	0.02435863896343447
     11.21233333333359	0.02435863907698078
     11.21266666666693	0.02435863919358427
     11.21300000000026	0.02435863931065209
     11.21333333333359	0.02435863942674484
     11.21366666666693	0.02435863954252047
     11.21400000000026	0.02435863965921482
      11.2143333333336	0.02435863977691182
     11.21466666666693	0.02435863989478962
     11.21500000000026	0.02435864001212235
      11.2153333333336	0.02435864012878806
     11.21566666666693	0.02435864024501172
     11.21600000000026	0.0243586403609086
      11.2163333333336	0.0243586404763922
     11.21666666666693	0.02435864059118304
     11.21700000000027	0.02435864070580939
      11.2173333333336	0.02435864081656044
     11.21766666666693	0.02435864088079507
     11.21800000000027	0.02435864095021359
      11.2183333333336	0.02435864105598822
     11.21866666666693	0.02435864118816581
     11.21900000000027	0.02435864132320843
      11.2193333333336	0.02435864143636565
     11.21966666666694	0.02435864153066656
     11.22000000000027	0.02435864162056209
      11.2203333333336	0.02435864171774379
     11.22066666666694	0.0243586418234318
     11.22100000000027	0.02435864193145207
      11.2213333333336	0.024358642031006
     11.22166666666694	0.02435864212481785
     11.22200000000027	0.02435864221674367
     11.22233333333361	0.02435864230964086
     11.22266666666694	0.02435864240376677
     11.22300000000027	0.02435864249720219
     11.22333333333361	0.02435864258732752
     11.22366666666694	0.02435864267370862
     11.22400000000027	0.02435864275835799
     11.22433333333361	0.02435864284248151
     11.22466666666694	0.02435864292582397
     11.22500000000027	0.02435864300877442
     11.22533333333361	0.02435864309063328
     11.22566666666694	0.02435864317051983
     11.22600000000028	0.02435864324828591
     11.22633333333361	0.02435864332457809
     11.22666666666694	0.02435864340007212
     11.22700000000028	0.0243586434749041
     11.22733333333361	0.02435864354855487
     11.22766666666694	0.02435864362063649
     11.22800000000028	0.02435864369112496
     11.22833333333361	0.02435864376045484
     11.22866666666695	0.02435864382909013
     11.22900000000028	0.02435864389702271
     11.22933333333361	0.02435864396402748
     11.22966666666695	0.02435864402992577
     11.23000000000028	0.02435864409478339
     11.23033333333361	0.02435864415868479
     11.23066666666695	0.02435864422173335
     11.23100000000028	0.02435864428399368
     11.23133333333362	0.02435864434551167
     11.23166666666695	0.02435864440631783
     11.23200000000028	0.02435864446644706
     11.23233333333362	0.02435864452587559
     11.23266666666695	0.02435864458457494
     11.23300000000028	0.02435864464255446
     11.23333333333362	0.02435864469987408
     11.23366666666695	0.02435864475662553
     11.23400000000029	0.02435864481287688
     11.23433333333362	0.02435864486862991
     11.23466666666695	0.02435864492384656
     11.23500000000029	0.02435864497849798
     11.23533333333362	0.02435864503266357
     11.23566666666695	0.02435864508633621
     11.23600000000029	0.02435864513957423
     11.23633333333362	0.02435864519235927
     11.23666666666696	0.02435864524468807
     11.23700000000029	0.02435864529659802
     11.23733333333362	0.02435864534812913
     11.23766666666696	0.02435864539930977
     11.23800000000029	0.02435864545008198
     11.23833333333362	0.02435864550041925
     11.23866666666696	0.02435864555037936
     11.23900000000029	0.02435864560003589
     11.23933333333363	0.02435864564939735
     11.23966666666696	0.02435864569841441
     11.24000000000029	0.02435864574705249
     11.24033333333363	0.02435864579535425
     11.24066666666696	0.02435864584335395
     11.24100000000029	0.02435864589104642
     11.24133333333363	0.02435864593840689
     11.24166666666696	0.02435864598544278
      11.2420000000003	0.02435864603222699
     11.24233333333363	0.02435864607871178
     11.24266666666696	0.02435864612485826
      11.2430000000003	0.02435864617065533
     11.24333333333363	0.02435864621544325
     11.24366666666696	0.02435864626049822
      11.2440000000003	0.0243586463061309
     11.24433333333363	0.02435864635092133
     11.24466666666697	0.02435864639336646
      11.2450000000003	0.02435864643499009
     11.24533333333363	0.02435864647821465
     11.24566666666697	0.02435864652223354
      11.2460000000003	0.02435864656453468
     11.24633333333363	0.02435864660465483
     11.24666666666697	0.02435864664527578
      11.2470000000003	0.0243586466880551
     11.24733333333364	0.02435864673162076
     11.24766666666697	0.02435864677373517
      11.2480000000003	0.02435864681390536
     11.24833333333364	0.02435864685337085
     11.24866666666697	0.02435864689333606
      11.2490000000003	0.02435864693388003
     11.24933333333364	0.02435864697442559
     11.24966666666697	0.02435864701160594
     11.25000000000031	0.02435864705412245
     11.25033333333364	0.02435864709168307
     11.25066666666697	0.02435864713292292
     11.25100000000031	0.02435864716946348
     11.25133333333364	0.02435864720489405
     11.25166666666697	0.02435864724566011
     11.25200000000031	0.02435864728286546
     11.25233333333364	0.02435864731858627
     11.25266666666698	0.02435864735377549
     11.25300000000031	0.02435864739236478
     11.25333333333364	0.02435864742827251
     11.25366666666698	0.02435864746232983
     11.25400000000031	0.0243586474955272
     11.25433333333364	0.02435864752960384
     11.25466666666698	0.02435864756424682
     11.25500000000031	0.02435864759880607
     11.25533333333365	0.02435864763255714
     11.25566666666698	0.0243586476650339
     11.25600000000031	0.02435864769653889
     11.25633333333365	0.02435864772779662
     11.25666666666698	0.02435864775896653
     11.25700000000031	0.02435864779005507
     11.25733333333365	0.0243586478207473
     11.25766666666698	0.02435864785077429
     11.25800000000032	0.02435864788013427
     11.25833333333365	0.02435864790902417
     11.25866666666698	0.02435864793761544
     11.25900000000032	0.02435864796590826
     11.25933333333365	0.02435864799377491
     11.25966666666698	0.02435864802110529
     11.26000000000032	0.02435864804789388
     11.26033333333365	0.02435864807421122
     11.26066666666699	0.02435864810012066
     11.26100000000032	0.02435864812542256
     11.26133333333365	0.02435864815052335
     11.26166666666699	0.02435864817490359
     11.26200000000032	0.02435864819920518
     11.26233333333365	0.02435864822303568
     11.26266666666699	0.02435864824633458
     11.26300000000032	0.02435864826925599
     11.26333333333366	0.02435864829159547
     11.26366666666699	0.02435864831365161
     11.26400000000032	0.02435864833515056
     11.26433333333366	0.02435864835612188
     11.26466666666699	0.02435864837656519
     11.26500000000032	0.02435864839679006
     11.26533333333366	0.02435864841668866
     11.26566666666699	0.02435864843610633
     11.26600000000033	0.02435864845500539
     11.26633333333366	0.02435864847345343
     11.26666666666699	0.02435864849122487
     11.26700000000033	0.02435864850942017
     11.26733333333366	0.0243586485268853
     11.26766666666699	0.02435864854350091
     11.26800000000033	0.02435864855967838
     11.26833333333366	0.02435864857572602
       11.268666666667	0.02435864859156351
     11.26900000000033	0.02435864860696175
     11.26933333333366	0.0243586486218293
       11.269666666667	0.02435864863626679
     11.27000000000033	0.02435864865040164
     11.27033333333366	0.02435864866425187
       11.270666666667	0.02435864867773877
     11.27100000000033	0.02435864869079619

     12.00033333333333	0.02355437210819234
     12.00066666666667	0.02366767556366027
                12.001	0.0243305238374536
     12.00133333333333	0.02477066451713228
     12.00166666666667	0.02470453291153264
                12.002	0.02437760297411502
     12.00233333333334	0.02415297365494224
     12.00266666666667	0.02416775440814948
                12.003	0.02432167527390519
     12.00333333333334	0.02444448748052145
     12.00366666666667	0.02444920055848224
                12.004	0.0243694378012681
     12.00433333333334	0.02429324617816553
     12.00466666666667	0.02428038161975287
     12.00500000000001	0.02432159135763812
     12.00533333333334	0.02436575749403606
     12.00566666666667	0.02437289362066457
     12.00600000000001	0.02434535337540046
     12.00633333333334	0.02431579764166904
     12.00666666666667	0.02430863487157178
     12.00700000000001	0.02432259916304804
     12.00733333333334	0.02433698852647481
     12.00766666666668	0.02433786350834452
     12.00800000000001	0.02432695350868569
     12.00833333333334	0.02431656931340287
     12.00866666666668	0.02431398309631892
     12.00900000000001	0.02431756044523638
     12.00933333333334	0.02432098847652664
     12.00966666666668	0.02432052678245941
     12.01000000000001	0.02431682725700979
     12.01033333333335	0.02431320551077343
     12.01066666666668	0.02431161115853336
     12.01100000000001	0.02431205243949206
     12.01133333333335	0.02431254279108851
     12.01166666666668	0.02431226873507295
     12.01200000000001	0.02431143521794388
     12.01233333333335	0.02431070647460308
     12.01266666666668	0.02431022798335798
     12.01300000000002	0.02431015930666565
     12.01333333333335	0.02431036104713894
     12.01366666666668	0.02431068854445161
     12.01400000000002	0.02431094366071724
     12.01433333333335	0.02431099586723572
     12.01466666666668	0.02431108813116236
     12.01500000000002	0.02431148373738615
     12.01533333333335	0.02431210820299122
     12.01566666666669	0.0243129708633676
     12.01600000000002	0.02431366440589346
     12.01633333333335	0.02431424594730706
     12.01666666666669	0.02431481978858122
     12.01700000000002	0.02431566472071519
     12.01733333333335	0.02431669981811871
     12.01766666666669	0.02431774823965284
     12.01800000000002	0.0243187192809292
     12.01833333333336	0.02431963706234484
     12.01866666666669	0.02432058688585159
     12.01900000000002	0.02432166083777726
     12.01933333333336	0.02432279793713697
     12.01966666666669	0.02432393727194009
     12.02000000000002	0.02432504642862528
     12.02033333333336	0.02432613726826061
     12.02066666666669	0.02432723251782669
     12.02100000000003	0.02432834619366532
     12.02133333333336	0.02432947798349779
     12.02166666666669	0.02433057753239046
     12.02200000000003	0.02433170098883181
     12.02233333333336	0.02433275391779785
     12.02266666666669	0.02433382000451908
     12.02300000000003	0.02433485352665369
     12.02333333333336	0.02433583105866866
      12.0236666666667	0.02433683867322965
     12.02400000000003	0.02433781663679778
     12.02433333333336	0.02433874147911578
      12.0246666666667	0.02433961665144608
     12.02500000000003	0.02434046158821707
     12.02533333333336	0.02434128166100351
      12.0256666666667	0.02434206886843751
     12.02600000000003	0.02434281243466646
     12.02633333333337	0.0243435086984991
      12.0266666666667	0.02434416098798948
     12.02700000000003	0.02434477234939671
     12.02733333333337	0.02434534253093558
      12.0276666666667	0.02434586817116355
     12.02800000000003	0.02434634686020371
     12.02833333333337	0.02434677777105487
      12.0286666666667	0.02434716314289001
     12.02900000000004	0.02434750392345794
     12.02933333333337	0.02434778636327962
      12.0296666666667	0.02434805815445348
     12.03000000000004	0.02434827568333016
     12.03033333333337	0.02434842306926943
      12.0306666666667	0.02434853659697825
     12.03100000000004	0.02434861930370794
     12.03133333333337	0.024348663330654
     12.03166666666671	0.02434866399243622
     12.03200000000004	0.02434862101441371
     12.03233333333337	0.02434853844581092
     12.03266666666671	0.024348420748221
     12.03300000000004	0.024348271107692
     12.03333333333337	0.02434808866340929
     12.03366666666671	0.02434787425488573
     12.03400000000004	0.02434763007196418
     12.03433333333338	0.02434735712704277
     12.03466666666671	0.024347057715836
     12.03500000000004	0.02434673411965931
     12.03533333333338	0.0243463875368008
     12.03566666666671	0.02434602094498424
     12.03600000000004	0.02434563647441363
     12.03633333333338	0.02434523461224204
     12.03666666666671	0.0243448166008838
     12.03700000000005	0.024344383965558
     12.03733333333338	0.0243442013720988
     12.03766666666671	0.0243439314493969
     12.03800000000005	0.02434344132931836
     12.03833333333338	0.02434282338159603
     12.03866666666671	0.02434224702205627
     12.03900000000005	0.02434181074592702
     12.03933333333338	0.0243412055693975
     12.03966666666672	0.02434057410625327
     12.04000000000005	0.0243400799632047
     12.04033333333338	0.02433970759139304
     12.04066666666672	0.02433930338283447
     12.04100000000005	0.02433877543220555
     12.04133333333338	0.02433822895175925
     12.04166666666672	0.02433772441849226
     12.04200000000005	0.0243372849352498
     12.04233333333339	0.02433685678117313
     12.04266666666672	0.02433644779433042
     12.04300000000005	0.02433597328409736
     12.04333333333339	0.02433549659730545
     12.04366666666672	0.02433506315546722
     12.04400000000005	0.02433467407952876
     12.04433333333339	0.02433430153052514
     12.04466666666672	0.02433391963610573
     12.04500000000005	0.02433352302659306
     12.04533333333339	0.02433312783875398
     12.04566666666672	0.02433275203772538
     12.04600000000006	0.02433240259126594
     12.04633333333339	0.0243320769673382
     12.04666666666672	0.02433177173516751
     12.04700000000006	0.02433158958314343
     12.04733333333339	0.02433140474983427
     12.04766666666672	0.02433113115148335
     12.04800000000006	0.02433078919838032
     12.04833333333339	0.02433046689318576
     12.04866666666673	0.02433022527234352
     12.04900000000006	0.024330022884096
     12.04933333333339	0.02432980547286158
     12.04966666666673	0.02432955573104136
     12.05000000000006	0.02432930233389866
     12.05033333333339	0.02432907588702338
     12.05066666666673	0.02432888101101149
     12.05100000000006	0.02432870102622337
      12.0513333333334	0.0243285136404303
     12.05166666666673	0.02432831406894706
     12.05200000000006	0.02432811152109026
      12.0523333333334	0.02432792268560369
     12.05266666666673	0.02432772916052186
     12.05300000000006	0.02432754138806171
      12.0533333333334	0.02432739963946177
     12.05366666666673	0.02432724036477876
     12.05400000000007	0.02432694953083118
      12.0543333333334	0.02432667940754624
     12.05466666666673	0.02432649986943441
     12.05500000000007	0.02432639356681942
      12.0553333333334	0.02432630380414845
     12.05566666666673	0.02432620688639885
     12.05600000000007	0.02432606681665388
      12.0563333333334	0.02432587647914823
     12.05666666666674	0.02432571495320655
     12.05700000000007	0.02432555183388894
      12.0573333333334	0.02432544804076502
     12.05766666666674	0.02432535028765768
     12.05800000000007	0.02432521104922658
      12.0583333333334	0.02432503848525358
     12.05866666666674	0.02432487497166924
     12.05900000000007	0.02432484373545989
     12.05933333333341	0.02432474228867809
     12.05966666666674	0.0243245525116974
     12.06000000000007	0.02432437051345713
     12.06033333333341	0.02432423270094554
     12.06066666666674	0.02432408016821058
     12.06100000000007	0.02432391552601667
     12.06133333333341	0.02432377425098007
     12.06166666666674	0.02432364490222669
     12.06200000000008	0.02432350081049771
     12.06233333333341	0.0243233419636595
     12.06266666666674	0.02432318291577483
     12.06300000000008	0.02432303676963034
     12.06333333333341	0.02432290351396513
     12.06366666666674	0.0243227508636012
     12.06400000000008	0.0243226486107257
     12.06433333333341	0.02432251945877958
     12.06466666666675	0.02432236201729161
     12.06500000000008	0.02432221292782359
     12.06533333333341	0.02432208570122267
     12.06566666666675	0.02432197382890134
     12.06600000000008	0.02432186019348759
     12.06633333333341	0.02432172598586838
     12.06666666666675	0.02432162467382001
     12.06700000000008	0.02432150869047595
     12.06733333333342	0.02432138585687199
     12.06766666666675	0.02432128389107808
     12.06800000000008	0.02432128224856878
     12.06833333333342	0.02432118707410491
     12.06866666666675	0.02432102407341941
     12.06900000000008	0.02432098410388259
     12.06933333333342	0.02432090688636826
     12.06966666666675	0.02432082692337439
     12.07000000000009	0.02432074820202281
     12.07033333333342	0.02432071410316809
     12.07066666666675	0.02432061140118167
     12.07100000000009	0.02432060373480742
     12.07133333333342	0.02432050621133459
     12.07166666666675	0.02432044988756885
     12.07200000000009	0.02432044207352908
     12.07233333333342	0.02432038432573401
     12.07266666666676	0.02432032458946286
     12.07300000000009	0.02432032195019512
     12.07333333333342	0.02432027894180132
     12.07366666666676	0.02432023899260925
     12.07400000000009	0.02432028062531924
     12.07433333333342	0.02432026319095979
     12.07466666666676	0.02432021959442518
     12.07500000000009	0.02432024688602993
     12.07533333333343	0.02432023388686964
     12.07566666666676	0.0243202198123976
     12.07600000000009	0.02432027092745063
     12.07633333333343	0.02432027310603787
     12.07666666666676	0.02432026036561038
     12.07700000000009	0.02432030543392483
     12.07733333333343	0.0243203155447163
     12.07766666666676	0.02432032366435859
      12.0780000000001	0.02432038273844975
     12.07833333333343	0.02432040223450174
     12.07866666666676	0.02432041607552062
      12.0790000000001	0.02432047059265063
     12.07933333333343	0.0243204958614298
     12.07966666666676	0.02432051050602875
      12.0800000000001	0.02432058166148985
     12.08033333333343	0.02432062323685244
     12.08066666666677	0.02432063400820392
      12.0810000000001	0.02432066963604805
     12.08133333333343	0.02432070326001871
     12.08166666666677	0.02432075372979386
      12.0820000000001	0.02432082465529276
     12.08233333333343	0.02432085028729944
     12.08266666666677	0.02432087319762986
      12.0830000000001	0.02432092837814934
     12.08333333333344	0.02432096546799257
     12.08366666666677	0.02432101323890416
      12.0840000000001	0.02432105746604804
     12.08433333333344	0.02432109676164523
     12.08466666666677	0.02432113439297975
      12.0850000000001	0.02432117443138409
     12.08533333333344	0.02432120405114602
     12.08566666666677	0.02432123869120204
     12.08600000000011	0.02432128051197568
     12.08633333333344	0.02432130890711538
     12.08666666666677	0.0243213380150717
     12.08700000000011	0.02432136963590745
     12.08733333333344	0.02432139615314209
     12.08766666666677	0.02432142296384293
     12.08800000000011	0.0243214660945795
     12.08833333333344	0.02432150908905259
     12.08866666666678	0.02432152464429459
     12.08900000000011	0.02432152954618249
     12.08933333333344	0.02432154022827296
     12.08966666666678	0.02432156327228642
     12.09000000000011	0.02432158736901518
     12.09033333333344	0.02432160311001975
     12.09066666666678	0.02432160959762229
     12.09100000000011	0.02432161247561809
     12.09133333333344	0.02432162193403301
     12.09166666666678	0.02432163140304557
     12.09200000000011	0.02432163793762505
     12.09233333333345	0.02432164080626166
     12.09266666666678	0.02432164381907552
     12.09300000000011	0.02432164646921993
     12.09333333333345	0.02432164756840526
     12.09366666666678	0.02432164542387045
     12.09400000000011	0.02432164451303332
     12.09433333333345	0.02432164232339658
     12.09466666666678	0.0243216371668699
     12.09500000000012	0.02432163556435365
     12.09533333333345	0.02432163242956793
     12.09566666666678	0.02432162556136893
     12.09600000000012	0.02432162326714755
     12.09633333333345	0.02432161791859554
     12.09666666666678	0.02432160878584609
     12.09700000000012	0.02432159946288897
     12.09733333333345	0.02432160108420936
     12.09766666666679	0.02432159632598561
     12.09800000000012	0.02432158708527396
     12.09833333333345	0.0243215755509395
     12.09866666666679	0.02432157812499575
     12.09900000000012	0.02432157519884939
     12.09933333333345	0.02432156493943754
     12.09966666666679	0.02432155396075207
     12.10000000000012	0.02432155997718959
     12.10033333333346	0.02432155888535577
     12.10066666666679	0.02432155008577766
     12.10100000000012	0.02432154053665257
     12.10133333333346	0.02432154908139919
     12.10166666666679	0.02432154930076073
     12.10200000000012	0.02432154365010771
     12.10233333333346	0.02432153735853106
     12.10266666666679	0.02432154875942682
     12.10300000000013	0.02432155181003248
     12.10333333333346	0.02432154820000464
     12.10366666666679	0.02432154476449189
     12.10400000000013	0.02432155964058654
     12.10433333333346	0.02432156597233475
     12.10466666666679	0.02432156551650295
     12.10500000000013	0.0243215652755748
     12.10533333333346	0.02432157148348847
      12.1056666666668	0.02432158356101972
     12.10600000000013	0.02432159525228456
     12.10633333333346	0.02432160397730505
      12.1066666666668	0.02432161180687589
     12.10700000000013	0.02432162141551554
     12.10733333333346	0.02432163357178741
      12.1076666666668	0.02432164720095519
     12.10800000000013	0.0243216610301307
     12.10833333333347	0.02432167458049947
      12.1086666666668	0.02432168829126142
     12.10900000000013	0.02432170286747422
     12.10933333333347	0.02432171859876106
      12.1096666666668	0.02432173519408001
     12.11000000000013	0.02432175220080136
     12.11033333333347	0.02432176938716596
      12.1106666666668	0.02432178682625103
     12.11100000000014	0.02432180471661702
     12.11133333333347	0.02432182317591157
      12.1116666666668	0.02432184215884103
     12.11200000000014	0.02432186148786597
     12.11233333333347	0.02432188101223399
      12.1126666666668	0.02432190067995404
     12.11300000000014	0.02432192055028506
     12.11333333333347	0.02432194068222942
     12.11366666666681	0.02432196105414105
     12.11400000000014	0.02432198157424894
     12.11433333333347	0.02432200215198451
     12.11466666666681	0.02432202275886039
     12.11500000000014	0.02432204337273865
     12.11533333333347	0.02432206399393619
     12.11566666666681	0.02432208461843705
     12.11600000000014	0.02432210517714855
     12.11633333333348	0.02432212563480249
     12.11666666666681	0.02432214597287501
     12.11700000000014	0.0243221661747113
     12.11733333333348	0.02432218621679756
     12.11766666666681	0.02432220607234431
     12.11800000000014	0.02432222571763296
     12.11833333333348	0.02432224513260324
     12.11866666666681	0.02432226429766163
     12.11900000000015	0.02432228319244955
     12.11933333333348	0.02432230179726724
     12.11966666666681	0.02432232009461905
     12.12000000000015	0.02432233806963579
     12.12033333333348	0.02432235570956641
     12.12066666666681	0.02432237300256255
     12.12100000000015	0.02432238993550431
     12.12133333333348	0.02432240649509591
     12.12166666666682	0.02432242241530215
     12.12200000000015	0.02432243848869929
     12.12233333333348	0.02432245406564547
     12.12266666666682	0.02432246878863201
     12.12300000000015	0.02432248331119508
     12.12333333333348	0.02432249752678253
     12.12366666666682	0.0243225111371261
     12.12400000000015	0.02432252871798911
     12.12433333333349	0.02432254097581315
     12.12466666666682	0.02432255385422043
     12.12500000000015	0.02432256312776233
     12.12533333333349	0.02432257530448215
     12.12566666666682	0.02432258874745816
     12.12600000000015	0.02432260083769549
     12.12633333333349	0.02432261078124017
     12.12666666666682	0.02432261670405567
     12.12700000000016	0.02432262519492569
     12.12733333333349	0.02432263629454994
     12.12766666666682	0.0243226473207046
     12.12800000000016	0.02432265634400634
     12.12833333333349	0.02432266134415065
     12.12866666666682	0.02432266604952958
     12.12900000000016	0.02432267429843919
     12.12933333333349	0.02432268415464276
     12.12966666666683	0.0243226911749851
     12.13000000000016	0.02432269622059762
     12.13033333333349	0.02432270085465491
     12.13066666666683	0.02432270607139735
     12.13100000000016	0.02432271226651384
     12.13133333333349	0.02432271888454436
     12.13166666666683	0.02432272428825732
     12.13200000000016	0.02432272876633175
      12.1323333333335	0.02432273286104597
     12.13266666666683	0.02432273697769163
     12.13300000000016	0.02432274121360297
      12.1333333333335	0.02432274544819545
     12.13366666666683	0.02432274918015038
     12.13400000000016	0.0243227528474432
      12.1343333333335	0.02432275610863719
     12.13466666666683	0.02432275904821918
     12.13500000000016	0.02432276205071635
      12.1353333333335	0.02432276509816672
     12.13566666666683	0.0243227679604973
     12.13600000000017	0.02432277053724533
      12.1363333333335	0.02432277290263759
     12.13666666666683	0.02432277517155489
     12.13700000000017	0.02432277739519996
      12.1373333333335	0.02432277955603092
     12.13766666666683	0.02432278161403971
     12.13800000000017	0.02432278354697058
      12.1383333333335	0.02432278536192667
     12.13866666666684	0.02432278708544728
     12.13900000000017	0.02432278874445614
      12.1393333333335	0.02432279035145182
     12.13966666666684	0.02432279190550265
     12.14000000000017	0.02432279339006896
      12.1403333333335	0.02432279480227063
     12.14066666666684	0.02432279615065588
     12.14100000000017	0.02432279744855737
     12.14133333333351	0.02432279870955359
     12.14166666666684	0.02432279993284145
     12.14200000000017	0.02432280111399058
     12.14233333333351	0.02432280225132357
     12.14266666666684	0.02432280334634298
     12.14300000000017	0.02432280440948584
     12.14333333333351	0.02432280544380962
     12.14366666666684	0.02432280645165096
     12.14400000000018	0.02432280743271562
     12.14433333333351	0.0243228083839899
     12.14466666666684	0.02432280930618949
     12.14500000000018	0.02432281020527971
     12.14533333333351	0.02432281108489281
     12.14566666666684	0.02432281193733792
     12.14600000000018	0.02432281277064417
     12.14633333333351	0.02432281358179067
     12.14666666666685	0.02432281437777279
     12.14700000000018	0.02432281514968953
     12.14733333333351	0.02432281589572855
     12.14766666666685	0.02432281661323545
     12.14800000000018	0.02432281731339872
     12.14833333333351	0.02432281799183093
     12.14866666666685	0.02432281865028586
     12.14900000000018	0.02432281956501905
     12.14933333333352	0.02432282038969897
     12.14966666666685	0.02432282062993385
     12.15000000000018	0.02432282084428038
     12.15033333333352	0.02432282161746542
     12.15066666666685	0.02432282263112391
     12.15100000000018	0.02432282331065355
     12.15133333333352	0.02432282349256429
     12.15166666666685	0.02432282357624917
     12.15200000000019	0.0243228240161437
     12.15233333333352	0.02432282470584641
     12.15266666666685	0.02432282526720144
     12.15300000000019	0.02432282554118121
     12.15333333333352	0.02432282573168111
     12.15366666666685	0.02432282600323023
     12.15400000000019	0.02432282636500211
     12.15433333333352	0.02432282673137576
     12.15466666666686	0.02432282700686126
     12.15500000000019	0.02432282720134372
     12.15533333333352	0.02432282735156471
     12.15566666666686	0.02432282750321198
     12.15600000000019	0.02432282767493629
     12.15633333333352	0.02432282784369627
     12.15666666666686	0.02432282797676914
     12.15700000000019	0.02432282806659225
     12.15733333333353	0.02432282813253341
     12.15766666666686	0.02432282819385609
     12.15800000000019	0.02432282824943654
     12.15833333333353	0.02432282828554819
     12.15866666666686	0.02432282789775045
     12.15900000000019	0.02432282794868303
     12.15933333333353	0.02432282792480561
     12.15966666666686	0.02432282816768705
      12.1600000000002	0.02432282797735722
     12.16033333333353	0.0243228275460784
     12.16066666666686	0.02432282728966643
      12.1610000000002	0.0243228273813616
     12.16133333333353	0.02432282751352083
     12.16166666666686	0.02432282743744941
      12.1620000000002	0.02432282719453856
     12.16233333333353	0.02432282696240436
     12.16266666666687	0.02432282682972549
      12.1630000000002	0.02432282675965602
     12.16333333333353	0.02432282667467826
     12.16366666666687	0.02432282653366021
      12.1640000000002	0.02432282635671144
     12.16433333333353	0.02432282618736744
     12.16466666666687	0.02432282603986531
      12.1650000000002	0.02432282589881946
     12.16533333333354	0.02432282574834944
     12.16566666666687	0.02432282558637796
      12.1660000000002	0.02432282542339543
     12.16633333333354	0.02432282514752181
     12.16666666666687	0.02432282502710018
      12.1670000000002	0.02432282501654724
     12.16733333333354	0.02432282485929631
     12.16766666666687	0.02432282460915099
     12.16800000000021	0.02432282435319837
     12.16833333333354	0.02432282425832243
     12.16866666666687	0.02432282415074535
     12.16900000000021	0.02432282405814792
     12.16933333333354	0.02432282387325171
     12.16966666666687	0.02432282362361009
     12.17000000000021	0.02432282355250597
     12.17033333333354	0.02432282346926678
     12.17066666666688	0.02432282325369221
     12.17100000000021	0.02432282313426638
     12.17133333333354	0.02432282302595842
     12.17166666666688	0.02432282281009902
     12.17200000000021	0.02432282257860353
     12.17233333333354	0.02432282248198177
     12.17266666666688	0.0243228224437683
     12.17300000000021	0.02432282232410674
     12.17333333333355	0.02432282211859778
     12.17366666666688	0.02432282192221962
     12.17400000000021	0.02432282177806025
     12.17433333333355	0.0243228216612358
     12.17466666666688	0.02432282154036689
     12.17500000000021	0.02432282140329534
     12.17533333333355	0.02432282124361933
     12.17566666666688	0.02432282107400212
     12.17600000000022	0.02432282090881011
     12.17633333333355	0.02432282075549482
     12.17666666666688	0.02432282060957046
     12.17700000000022	0.02432282045767761
     12.17733333333355	0.02432282029479875
     12.17766666666688	0.02432282012264619
     12.17800000000022	0.02432281994760865
     12.17833333333355	0.02432281977315027
     12.17866666666689	0.02432281960054183
     12.17900000000022	0.02432281942541996
     12.17933333333355	0.02432281924392368
     12.17966666666689	0.02432281905651042
     12.18000000000022	0.02432281886332965
     12.18033333333355	0.02432281866664385
     12.18066666666689	0.02432281846731405
     12.18100000000022	0.02432281826527237
     12.18133333333355	0.02432281805724802
     12.18166666666689	0.0243228178428446
     12.18200000000022	0.02432281762380889
     12.18233333333356	0.02432281754798999
     12.18266666666689	0.02432281728513073
     12.18300000000022	0.02432281691064016
     12.18333333333356	0.02432281673339803
     12.18366666666689	0.02432281650971754
     12.18400000000022	0.02432281634461531
     12.18433333333356	0.0243228161448976
     12.18466666666689	0.02432281575566325
     12.18500000000023	0.02432281545376574
     12.18533333333356	0.02432281524325804
     12.18566666666689	0.02432281503826347
     12.18600000000023	0.02432281476943316
     12.18633333333356	0.02432281444250299
     12.18666666666689	0.02432281410883559
     12.18700000000023	0.02432281380977795
     12.18733333333356	0.02432281353660783
      12.1876666666669	0.02432281326167077
     12.18800000000023	0.02432281296174995
     12.18833333333356	0.02432281264492266
      12.1886666666669	0.0243228123266423
     12.18900000000023	0.02432281201719742
     12.18933333333356	0.02432281171782371
      12.1896666666669	0.02432281142198411
     12.19000000000023	0.02432281112279245
     12.19033333333357	0.0243228108171831
      12.1906666666669	0.02432281050983291
     12.19100000000023	0.02432281020804388
     12.19133333333357	0.02432280991460436
      12.1916666666669	0.02432280962666324
     12.19200000000023	0.0243228093403535
     12.19233333333357	0.02432280905664315
      12.1926666666669	0.02432280877421942
     12.19300000000024	0.02432280849776883
     12.19333333333357	0.02432280822958991
      12.1936666666669	0.02432280796924953
     12.19400000000024	0.02432280771501657
     12.19433333333357	0.02432280746512017
      12.1946666666669	0.02432280722092029
     12.19500000000024	0.02432280698467053
     12.19533333333357	0.02432280675738979
     12.19566666666691	0.0243228065385404
     12.19600000000024	0.02432280632723844
     12.19633333333357	0.02432280612339875
     12.19666666666691	0.02432280592773967
     12.19700000000024	0.02432280574099416
     12.19733333333357	0.02432280556333154
     12.19766666666691	0.02432280539447063
     12.19800000000024	0.02432280523417711
     12.19833333333358	0.0243228050825474
     12.19866666666691	0.02432280493986935
     12.19900000000024	0.02432280480632144
     12.19933333333358	0.02432280468184117
     12.19966666666691	0.02432280456623542
     12.20000000000024	0.02432280445980622
     12.20033333333358	0.02432280436146935
     12.20066666666691	0.02432280427211758
     12.20100000000025	0.02432280419162049
     12.20133333333358	0.02432280411918133
     12.20166666666691	0.02432280411941082
     12.20200000000025	0.02432280403905376
     12.20233333333358	0.02432280400301004
     12.20266666666691	0.02432280392622239
     12.20300000000025	0.02432280392480263
     12.20333333333358	0.02432280394424356
     12.20366666666692	0.02432280393996412
     12.20400000000025	0.02432280391477621
     12.20433333333358	0.02432280390032301
     12.20466666666692	0.02432280390820799
     12.20500000000025	0.02432280392818544
     12.20533333333358	0.02432280395273224
     12.20566666666692	0.0243228039794964
     12.20600000000025	0.02432280401039334
     12.20633333333359	0.02432280404693695
     12.20666666666692	0.02432280408835395
     12.20700000000025	0.02432280413519262
     12.20733333333359	0.02432280418745611
     12.20766666666692	0.02432280424612127
     12.20800000000025	0.02432280430975341
     12.20833333333359	0.02432280437601947
     12.20866666666692	0.02432280444435434
     12.20900000000026	0.02432280451572373
     12.20933333333359	0.02432280459177339
     12.20966666666692	0.02432280467234468
     12.21000000000026	0.02432280475556978
     12.21033333333359	0.02432280484003158
     12.21066666666692	0.02432280492664494
     12.21100000000026	0.02432280501203821
     12.21133333333359	0.02432280510124812
     12.21166666666693	0.0243228051951935
     12.21200000000026	0.02432280529149733
     12.21233333333359	0.02432280538760989
     12.21266666666693	0.02432280548335958
     12.21300000000026	0.02432280557886617
     12.21333333333359	0.02432280567564097
     12.21366666666693	0.02432280577446596
     12.21400000000026	0.02432280587402454
      12.2143333333336	0.02432280597303607
     12.21466666666693	0.02432280607169252
     12.21500000000026	0.02432280617054744
      12.2153333333336	0.02432280626971561
     12.21566666666693	0.02432280636875564
     12.21600000000026	0.02432280646724496
      12.2163333333336	0.02432280652295033
     12.21666666666693	0.0243228065830043
     12.21700000000027	0.02432280667549087
      12.2173333333336	0.02432280679218254
     12.21766666666693	0.02432280691292581
     12.21800000000027	0.02432280701434723
      12.2183333333336	0.02432280709894327
     12.21866666666693	0.0243228071783558
     12.21900000000027	0.02432280726474389
      12.2193333333336	0.02432280735955579
     12.21966666666694	0.02432280745802614
     12.22000000000027	0.02432280754890533
      12.2203333333336	0.02432280763263883
     12.22066666666694	0.02432280771590976
     12.22100000000027	0.02432280780087029
      12.2213333333336	0.02432280788709514
     12.22166666666694	0.02432280797147229
     12.22200000000027	0.02432280805290446
     12.22233333333361	0.02432280813252146
     12.22266666666694	0.0243228082108101
     12.22300000000027	0.02432280828766491
     12.22333333333361	0.02432280836359978
     12.22366666666694	0.02432280843890015
     12.22400000000027	0.0243228085128018
     12.22433333333361	0.02432280858753377
     12.22466666666694	0.0243228086605501
     12.22500000000027	0.02432280873093852
     12.22533333333361	0.02432280879932687
     12.22566666666694	0.02432280886700023
     12.22600000000028	0.02432280893459999
     12.22633333333361	0.0243228090018112
     12.22666666666694	0.02432280906759128
     12.22700000000028	0.02432280913148572
     12.22733333333361	0.02432280919376453
     12.22766666666694	0.02432280925549594
     12.22800000000028	0.024322809317259
     12.22833333333361	0.02432280937857874
     12.22866666666695	0.02432280943870551
     12.22900000000028	0.02432280949744951
     12.22933333333361	0.02432280955507395
     12.22966666666695	0.02432280961208921
     12.23000000000028	0.02432280966873556
     12.23033333333361	0.02432280972494695
     12.23066666666695	0.02432280978038683
     12.23100000000028	0.02432280983493641
     12.23133333333362	0.02432280988872705
     12.23166666666695	0.02432280994200643
     12.23200000000028	0.02432280999484319
     12.23233333333362	0.0243228100471676
     12.23266666666695	0.02432281009891061
     12.23300000000028	0.02432281015011558
     12.23333333333362	0.0243228102008867
     12.23366666666695	0.02432281025123643
     12.23400000000029	0.02432281030113666
     12.23433333333362	0.02432281035058862
     12.23466666666695	0.02432281039962247
     12.23500000000029	0.02432281044830427
     12.23533333333362	0.02432281049660066
     12.23566666666695	0.02432281054448186
     12.23600000000029	0.02432281059199207
     12.23633333333362	0.02432281063920583
     12.23666666666696	0.02432281068614951
     12.23700000000029	0.02432281073278694
     12.23733333333362	0.02432281077907673
     12.23766666666696	0.02432281082502886
     12.23800000000029	0.024322810870695
     12.23833333333362	0.02432281091611713
     12.23866666666696	0.02432281096130837
     12.23900000000029	0.02432281100623999
     12.23933333333363	0.02432281105124454
     12.23966666666696	0.02432281109549748
     12.24000000000029	0.02432281113928779
     12.24033333333363	0.02432281118341632
     12.24066666666696	0.02432281122636507
     12.24100000000029	0.02432281126800762
     12.24133333333363	0.02432281131054301
     12.24166666666696	0.02432281135345351
      12.2420000000003	0.02432281139590099
     12.24233333333363	0.02432281143842931
     12.24266666666696	0.02432281148017513
      12.2430000000003	0.02432281152174251
     12.24333333333363	0.02432281156144185
     12.24366666666696	0.02432281160030648
      12.2440000000003	0.02432281164096914
     12.24433333333363	0.02432281168370138
     12.24466666666697	0.02432281172617749
      12.2450000000003	0.0243228117663361
     12.24533333333363	0.02432281180498511
     12.24566666666697	0.02432281184391801
      12.2460000000003	0.02432281188381472
     12.24633333333363	0.02432281192397533
     12.24666666666697	0.02432281196358178
      12.2470000000003	0.02432281200235577
     12.24733333333364	0.02432281204072089
     12.24766666666697	0.02432281207911909
      12.2480000000003	0.02432281211761791
     12.24833333333364	0.02432281215585
     12.24866666666697	0.02432281219355081
      12.2490000000003	0.024322812230768
     12.24933333333364	0.02432281226775096
     12.24966666666697	0.02432281230174152
     12.25000000000031	0.02432281234165889
     12.25033333333364	0.0243228123795829
     12.25066666666697	0.02432281241311823
     12.25100000000031	0.0243228124454011
     12.25133333333364	0.02432281248399208
     12.25166666666697	0.02432281251890903
     12.25200000000031	0.02432281255252124
     12.25233333333364	0.02432281258854021
     12.25266666666698	0.02432281262128003
     12.25300000000031	0.0243228126530069
     12.25333333333364	0.02432281268468452
     12.25366666666698	0.02432281271781569
     12.25400000000031	0.0243228127519594
     12.25433333333364	0.0243228127854222
     12.25466666666698	0.02432281281697737
     12.25500000000031	0.02432281284699978
     12.25533333333365	0.02432281287649758
     12.25566666666698	0.02432281290647823
     12.25600000000031	0.02432281293672486
     12.25633333333365	0.02432281296673551
     12.25666666666698	0.02432281299601458
     12.25700000000031	0.02432281302470053
     12.25733333333365	0.02432281305283697
     12.25766666666698	0.02432281308136987
     12.25800000000032	0.02432281310840742
     12.25833333333365	0.02432281313481035
     12.25866666666698	0.02432281316094888
     12.25900000000032	0.02432281318716586
     12.25933333333365	0.02432281321327873
     12.25966666666698	0.02432281323889889
     12.26000000000032	0.02432281326383253
     12.26033333333365	0.02432281328817735
     12.26066666666699	0.02432281331191759
     12.26100000000032	0.02432281333562006
     12.26133333333365	0.02432281335914495
     12.26166666666699	0.02432281338062912
     12.26200000000032	0.0243228134032309
     12.26233333333365	0.02432281342786633
     12.26266666666699	0.02432281344872286
     12.26300000000032	0.02432281346887874
     12.26333333333366	0.02432281348936186
     12.26366666666699	0.02432281351165751
     12.26400000000032	0.02432281353068389
     12.26433333333366	0.02432281354927134
     12.26466666666699	0.02432281356850892
     12.26500000000032	0.02432281358801688
     12.26533333333366	0.02432281360698479
     12.26566666666699	0.02432281362417917
     12.26600000000033	0.02432281364172379
     12.26633333333366	0.02432281365997703
     12.26666666666699	0.02432281367620999
     12.26700000000033	0.02432281369305679
     12.26733333333366	0.02432281370827108
     12.26766666666699	0.02432281372458182
     12.26800000000033	0.02432281373937229
     12.26833333333366	0.02432281375427605
       12.268666666667	0.02432281376994996
     12.26900000000033	0.02432281378348562
     12.26933333333366	0.02432281379687752

     13.00033333333333	0.02358912709850666
     13.00066666666667	0.02368979122032515
                13.001	0.02429410826330649
     13.00133333333333	0.02469787692092564
     13.00166666666667	0.02464118841152858
                13.002	0.02434529207163153
     13.00233333333334	0.02413939496151712
     13.00266666666667	0.02414975850704317
                13.003	0.02428788172190793
     13.00333333333334	0.02439880245776341
     13.00366666666667	0.02440586302555441
                13.004	0.02433628409250639
     13.00433333333334	0.02426727776396119
     13.00466666666667	0.02425361855318502
     13.00500000000001	0.02428931042054411
     13.00533333333334	0.02432948845056069
     13.00566666666667	0.0243372611592532
     13.00600000000001	0.02431321049455059
     13.00633333333334	0.02428631384899339
     13.00666666666667	0.02427908195248848
     13.00700000000001	0.02429123076381114
     13.00733333333334	0.02430432836276148
     13.00766666666668	0.02430549434507443
     13.00800000000001	0.02429589116344175
     13.00833333333334	0.02428646406550397
     13.00866666666668	0.02428390439885831
     13.00900000000001	0.02428695805023269
     13.00933333333334	0.02428999178703893
     13.00966666666668	0.02428965107815558
     13.01000000000001	0.02428639538093069
     13.01033333333335	0.02428313507221232
     13.01066666666668	0.02428161484018347
     13.01100000000001	0.02428191129615952
     13.01133333333335	0.02428229350617776
     13.01166666666668	0.02428203824921538
     13.01200000000001	0.02428131760501142
     13.01233333333335	0.02428068857101084
     13.01266666666668	0.02428023547916601
     13.01300000000002	0.02428012862363473
     13.01333333333335	0.02428028323657707
     13.01366666666668	0.02428058317712198
     13.01400000000002	0.02428083393466457
     13.01433333333335	0.02428089096912462
     13.01466666666668	0.02428097204826971
     13.01500000000002	0.02428132588119152
     13.01533333333335	0.02428189239477609
     13.01566666666669	0.02428268092862454
     13.01600000000002	0.02428333501562073
     13.01633333333335	0.02428388379285854
     13.01666666666669	0.02428440963978946
     13.01700000000002	0.02428518157346048
     13.01733333333335	0.02428613117943142
     13.01766666666669	0.02428710271272667
     13.01800000000002	0.02428800322378994
     13.01833333333336	0.02428885347099882
     13.01866666666669	0.02428972795473707
     13.01900000000002	0.02429072064279132
     13.01933333333336	0.02429176982277911
     13.01966666666669	0.02429281199293183
     13.02000000000002	0.02429383315800764
     13.02033333333336	0.02429484162750482
     13.02066666666669	0.02429585280786981
     13.02100000000003	0.02429687716672765
     13.02133333333336	0.02429791561610967
     13.02166666666669	0.02429892264032869
     13.02200000000003	0.02429995413860057
     13.02233333333336	0.0243009511722382
     13.02266666666669	0.02430186743021492
     13.02300000000003	0.02430281855413189
     13.02333333333336	0.02430376139155406
      13.0236666666667	0.02430467215812626
     13.02400000000003	0.02430554196448536
     13.02433333333336	0.02430637155366034
      13.0246666666667	0.02430717349976476
     13.02500000000003	0.02430795163705355
     13.02533333333336	0.02430869882851182
      13.0256666666667	0.02430940648260016
     13.02600000000003	0.02431007234360436
     13.02633333333337	0.02431069824731336
      13.0266666666667	0.02431128573495269
     13.02700000000003	0.02431183399590261
     13.02733333333337	0.02431234104401964
      13.0276666666667	0.0243128056258849
     13.02800000000003	0.02431322717962264
     13.02833333333337	0.0243136055595146
      13.0286666666667	0.02431394135615152
     13.02900000000004	0.02431422175015615
     13.02933333333337	0.02431449288073396
      13.0296666666667	0.02431471517892932
     13.03000000000004	0.02431486853098114
     13.03033333333337	0.02431498987879633
      13.0306666666667	0.02431508318711413
     13.03100000000004	0.02431514102666033
     13.03133333333337	0.0243151565781124
     13.03166666666671	0.02431513029105088
     13.03200000000004	0.02431506610458811
     13.03233333333337	0.02431496857993618
     13.03266666666671	0.02431483991330614
     13.03300000000004	0.02431468088541015
     13.03333333333337	0.02431449009191408
     13.03366666666671	0.02431426936670445
     13.03400000000004	0.02431402203749736
     13.03433333333338	0.02431374928558087
     13.03466666666671	0.02431345204907102
     13.03500000000004	0.0243131334998654
     13.03533333333338	0.02431279311266563
     13.03566666666671	0.02431243404983437
     13.03600000000004	0.024312059267521
     13.03633333333338	0.02431166942183829
     13.03666666666671	0.02431126518342727
     13.03700000000005	0.02431084737907731
     13.03733333333338	0.02431066925452878
     13.03766666666671	0.02431040881982916
     13.03800000000005	0.02430993865051127
     13.03833333333338	0.02430934664015173
     13.03866666666671	0.02430879430025815
     13.03900000000005	0.0243083770138269
     13.03933333333338	0.02430779729265575
     13.03966666666672	0.02430719373794089
     13.04000000000005	0.02430672078211303
     13.04033333333338	0.02430636538799798
     13.04066666666672	0.0243059828378177
     13.04100000000005	0.02430548144386859
     13.04133333333338	0.02430496184209644
     13.04166666666672	0.024304482872119
     13.04200000000005	0.02430406474164907
     13.04233333333339	0.02430365642458187
     13.04266666666672	0.02430327074053568
     13.04300000000005	0.02430282199309724
     13.04333333333339	0.02430236926604469
     13.04366666666672	0.02430195697661221
     13.04400000000005	0.02430158777757484
     13.04433333333339	0.02430123522281535
     13.04466666666672	0.024300873737948
     13.04500000000005	0.02430049794348114
     13.04533333333339	0.02430012353413592
     13.04566666666672	0.02429976772410519
     13.04600000000006	0.02429943695261029
     13.04633333333339	0.0242991283534162
     13.04666666666672	0.02429883799422721
     13.04700000000006	0.02429866507221796
     13.04733333333339	0.02429848889577232
     13.04766666666672	0.02429822803285318
     13.04800000000006	0.02429790402919744
     13.04833333333339	0.02429759771586016
     13.04866666666673	0.02429736592641797
     13.04900000000006	0.02429717132454196
     13.04933333333339	0.02429696399636717
     13.04966666666673	0.02429672695490611
     13.05000000000006	0.02429648577631005
     13.05033333333339	0.02429626886738779
     13.05066666666673	0.02429608241575525
     13.05100000000006	0.02429590742985888
      13.0513333333334	0.02429572670706311
     13.05166666666673	0.02429553610402599
     13.05200000000006	0.02429534306405337
      13.0523333333334	0.02429516019437312
     13.05266666666673	0.02429497276877776
     13.05300000000006	0.02429479615567606
      13.0533333333334	0.02429466059296392
     13.05366666666673	0.02429450451488063
     13.05400000000007	0.02429422451975989
      13.0543333333334	0.02429396763991138
     13.05466666666673	0.0242937956648771
     13.05500000000007	0.02429369192436553
      13.0553333333334	0.0242936036524284
     13.05566666666673	0.02429350857598146
     13.05600000000007	0.02429337382747677
      13.0563333333334	0.02429318920124067
     13.05666666666674	0.02429303243593278
     13.05700000000007	0.02429287616941116
      13.0573333333334	0.02429277442376211
     13.05766666666674	0.02429267800509787
     13.05800000000007	0.02429254244397383
      13.0583333333334	0.02429237630943925
     13.05866666666674	0.02429221948139294
     13.05900000000007	0.02429219045121492
     13.05933333333341	0.02429208373011649
     13.05966666666674	0.02429190078470721
     13.06000000000007	0.02429172896866226
     13.06033333333341	0.02429160005202819
     13.06066666666674	0.02429145344127828
     13.06100000000007	0.02429129104937944
     13.06133333333341	0.02429115387576391
     13.06166666666674	0.02429102866743047
     13.06200000000008	0.02429089149594105
     13.06233333333341	0.02429074140501245
     13.06266666666674	0.02429058863915801
     13.06300000000008	0.02429044674913712
     13.06333333333341	0.02429031792181728
     13.06366666666674	0.02429017279563893
     13.06400000000008	0.024290074301869
     13.06433333333341	0.02428995077597939
     13.06466666666675	0.02428980084184437
     13.06500000000008	0.02428965849859173
     13.06533333333341	0.02428953658875204
     13.06566666666675	0.02428942973303969
     13.06600000000008	0.02428932031658497
     13.06633333333341	0.02428919461762398
     13.06666666666675	0.02428909610021282
     13.06700000000008	0.02428897738483547
     13.06733333333342	0.02428886691481074
     13.06766666666675	0.02428885532199393
     13.06800000000008	0.02428876648932025
     13.06833333333342	0.0242886132322278
     13.06866666666675	0.02428853580877864
     13.06900000000008	0.02428849358139427
     13.06933333333342	0.02428840540145407
     13.06966666666675	0.02428837745009609
     13.07000000000009	0.02428827712203192
     13.07033333333342	0.02428818271450177
     13.07066666666675	0.02428814450516048
     13.07100000000009	0.02428810554458754
     13.07133333333342	0.02428800835843973
     13.07166666666675	0.02428803024232922
     13.07200000000009	0.02428796045294396
     13.07233333333342	0.02428787185259371
     13.07266666666676	0.02428788875272729
     13.07300000000009	0.02428785195221855
     13.07333333333342	0.02428779359654248
     13.07366666666676	0.0242878157341924
     13.07400000000009	0.02428779865203517
     13.07433333333342	0.02428776514296691
     13.07466666666676	0.02428779394490136
     13.07500000000009	0.02428777090888027
     13.07533333333343	0.02428774278547031
     13.07566666666676	0.0242877870739363
     13.07600000000009	0.02428779095585698
     13.07633333333343	0.0242877797800846
     13.07666666666676	0.02428782045761543
     13.07700000000009	0.0242878223128308
     13.07733333333343	0.02428782192480442
     13.07766666666676	0.02428787575817388
      13.0780000000001	0.02428789309057832
     13.07833333333343	0.02428790374504319
     13.07866666666676	0.02428795540192936
      13.0790000000001	0.02428797995079554
     13.07933333333343	0.02428799061762326
     13.07966666666676	0.02428804492288869
      13.0800000000001	0.02428807609369391
     13.08033333333343	0.02428809623088356
     13.08066666666677	0.02428814437612492
      13.0810000000001	0.02428817824737628
     13.08133333333343	0.02428820732796795
     13.08166666666677	0.02428824812123622
      13.0820000000001	0.02428827979671495
     13.08233333333343	0.02428832175728894
     13.08266666666677	0.024288381016181
      13.0830000000001	0.02428840719705962
     13.08333333333344	0.02428843554493687
     13.08366666666677	0.02428847862514715
      13.0840000000001	0.02428852218646341
     13.08433333333344	0.02428856247655645
     13.08466666666677	0.02428860061846767
      13.0850000000001	0.02428862506667188
     13.08533333333344	0.02428865574257649
     13.08566666666677	0.02428869452722333
     13.08600000000011	0.02428872742257756
     13.08633333333344	0.02428875641044468
     13.08666666666677	0.02428878530909417
     13.08700000000011	0.02428880793980059
     13.08733333333344	0.02428883381095035
     13.08766666666677	0.02428888173202813
     13.08800000000011	0.02428891876039233
     13.08833333333344	0.02428893198164279
     13.08866666666678	0.02428893905687146
     13.08900000000011	0.02428895168136278
     13.08933333333344	0.02428897451949686
     13.08966666666678	0.02428899764071987
     13.09000000000011	0.02428901267266319
     13.09033333333344	0.02428901960885912
     13.09066666666678	0.02428902374723503
     13.09100000000011	0.02428903343185416
     13.09133333333344	0.02428904268219279
     13.09166666666678	0.02428904960232707
     13.09200000000011	0.02428905293450783
     13.09233333333345	0.02428905686429256
     13.09266666666678	0.02428906044845547
     13.09300000000011	0.02428906180567539
     13.09333333333345	0.02428905983141076
     13.09366666666678	0.02428905933712668
     13.09400000000011	0.02428905781488276
     13.09433333333345	0.02428905364348042
     13.09466666666678	0.02428905271893002
     13.09500000000012	0.02428904996522641
     13.09533333333345	0.02428904357079084
     13.09566666666678	0.02428904169544759
     13.09600000000012	0.02428903683378534
     13.09633333333345	0.02428902837782049
     13.09666666666678	0.02428901971185055
     13.09700000000012	0.02428902136753202
     13.09733333333345	0.02428901647665459
     13.09766666666679	0.02428900811674028
     13.09800000000012	0.02428899743459711
     13.09833333333345	0.02428899980628783
     13.09866666666679	0.02428899682648095
     13.09900000000012	0.02428898655962076
     13.09933333333345	0.02428897620851382
     13.09966666666679	0.0242889820558604
     13.10000000000012	0.02428898103377969
     13.10033333333346	0.02428897217444814
     13.10066666666679	0.02428896264844015
     13.10100000000012	0.02428897075811014
     13.10133333333346	0.02428897083740168
     13.10166666666679	0.02428896521248037
     13.10200000000012	0.02428895880177231
     13.10233333333346	0.0242889694996646
     13.10266666666679	0.02428897211703354
     13.10300000000013	0.02428896829612694
     13.10333333333346	0.02428896462316546
     13.10366666666679	0.02428897861729541
     13.10400000000013	0.02428898442623248
     13.10433333333346	0.0242889836019192
     13.10466666666679	0.02428898286101655
     13.10500000000013	0.02428898838436237
     13.10533333333346	0.02428899964686154
      13.1056666666668	0.02428901068161595
     13.10600000000013	0.02428901875445614
     13.10633333333346	0.0242890258636129
      13.1066666666668	0.02428903459683066
     13.10700000000013	0.02428904582856272
     13.10733333333346	0.02428905857409143
      13.1076666666668	0.02428907155930332
     13.10800000000013	0.02428908427960805
     13.10833333333347	0.02428909711430597
      13.1086666666668	0.02428911075725986
     13.10900000000013	0.02428912552191923
     13.10933333333347	0.0242891411586049
      13.1096666666668	0.0242891572354829
     13.11000000000013	0.02428917350406072
     13.11033333333347	0.02428919000670469
      13.1106666666668	0.02428920692871166
     13.11100000000014	0.02428922440904092
     13.11133333333347	0.02428924243324019
      13.1116666666668	0.02428926083039595
     13.11200000000014	0.02428927942361131
     13.11233333333347	0.02428929816403336
      13.1126666666668	0.02428931710416732
     13.11300000000014	0.0242893363111384
     13.11333333333347	0.02428935576961719
     13.11366666666681	0.02428937539204047
     13.11400000000014	0.02428939508897386
     13.11433333333347	0.02428941482048668
     13.11466666666681	0.02428943459825406
     13.11500000000014	0.02428945439825048
     13.11533333333347	0.02428947419484583
     13.11566666666681	0.02428949396681706
     13.11600000000014	0.0242895136515359
     13.11633333333348	0.02428953323022202
     13.11666666666681	0.02428955269379221
     13.11700000000014	0.02428957202382845
     13.11733333333348	0.02428959119180564
     13.11766666666681	0.02428961016996676
     13.11800000000014	0.02428962893837122
     13.11833333333348	0.02428964748125132
     13.11866666666681	0.02428966578050169
     13.11900000000015	0.02428968381524073
     13.11933333333348	0.02428970156618287
     13.11966666666681	0.02428971901848488
     13.12000000000015	0.02428973616059133
     13.12033333333348	0.02428975298138284
     13.12066666666681	0.02428976946806372
     13.12100000000015	0.02428978560644178
     13.12133333333348	0.02428980138393689
     13.12166666666682	0.02428981654727983
     13.12200000000015	0.02428983186144345
     13.12233333333348	0.02428984669984327
     13.12266666666682	0.02428986072598097
     13.12300000000015	0.02428987455755692
     13.12333333333348	0.02428988809411572
     13.12366666666682	0.02428990521202606
     13.12400000000015	0.0242899210245161
     13.12433333333349	0.02428992960671885
     13.12466666666682	0.02428993957161981
     13.12500000000015	0.02428995191870324
     13.12533333333349	0.02428996461914439
     13.12566666666682	0.02428997609471813
     13.12600000000015	0.02428998583542275
     13.12633333333349	0.02428999439962051
     13.12666666666682	0.02429000294405814
     13.12700000000016	0.02429001207845087
     13.12733333333349	0.02429002129428973
     13.12766666666682	0.02429002996907649
     13.12800000000016	0.02429003790140258
     13.12833333333349	0.02429004365411211
     13.12866666666682	0.02429005057137152
     13.12900000000016	0.02429005860176561
     13.12933333333349	0.02429006496973716
     13.12966666666683	0.02429007060670874
     13.13000000000016	0.0242900774573319
     13.13033333333349	0.02429008304600886
     13.13066666666683	0.0242900882147526
     13.13100000000016	0.0242900934363051
     13.13133333333349	0.02429009887660408
     13.13166666666683	0.02429010391770006
     13.13200000000016	0.02429010870682075
      13.1323333333335	0.02429011297847905
     13.13266666666683	0.02429011717966345
     13.13300000000016	0.02429012125759936
      13.1333333333335	0.02429012513533522
     13.13366666666683	0.02429012878791268
     13.13400000000016	0.02429013223311716
      13.1343333333335	0.024290135519486
     13.13466666666683	0.02429013867579771
     13.13500000000016	0.02429014168531346
      13.1353333333335	0.02429014451445129
     13.13566666666683	0.02429014718182036
     13.13600000000017	0.0242901497410509
      13.1363333333335	0.02429015221166527
     13.13666666666683	0.02429015457102756
     13.13700000000017	0.02429015679697484
      13.1373333333335	0.02429015890058361
     13.13766666666683	0.02429016091111072
     13.13800000000017	0.02429016284699527
      13.1383333333335	0.02429016470664975
     13.13866666666684	0.0242901664829584
     13.13900000000017	0.02429016817727722
      13.1393333333335	0.02429016979960165
     13.13966666666684	0.02429017136360235
     13.14000000000017	0.02429017286779719
      13.1403333333335	0.02429017431532082
     13.14066666666684	0.02429017571278801
     13.14100000000017	0.0242901770572092
     13.14133333333351	0.02429017834844033
     13.14166666666684	0.02429017958807784
     13.14200000000017	0.02429018079513877
     13.14233333333351	0.02429018196982182
     13.14266666666684	0.0242901831119328
     13.14300000000017	0.02429018422018593
     13.14333333333351	0.02429018529109968
     13.14366666666684	0.0242901863285899
     13.14400000000018	0.02429018733799473
     13.14433333333351	0.02429018832216762
     13.14466666666684	0.02429018927827218
     13.14500000000018	0.02429019021108433
     13.14533333333351	0.02429019112378449
     13.14566666666684	0.02429019200738582
     13.14600000000018	0.02429019286444633
     13.14633333333351	0.0242901937005408
     13.14666666666685	0.02429019451807955
     13.14700000000018	0.02429019531466156
     13.14733333333351	0.02429019608640099
     13.14766666666685	0.02429019683175685
     13.14800000000018	0.02429019755221993
     13.14833333333351	0.02429019848314551
     13.14866666666685	0.02429019935692718
     13.14900000000018	0.02429019970377399
     13.14933333333352	0.02429020000742381
     13.14966666666685	0.02429020079287062
     13.15000000000018	0.02429020183060622
     13.15033333333352	0.02429020257141559
     13.15066666666685	0.02429020284061752
     13.15100000000018	0.02429020299834895
     13.15133333333352	0.02429020346600052
     13.15166666666685	0.02429020418039553
     13.15200000000019	0.02429020479697338
     13.15233333333352	0.0242902051319503
     13.15266666666685	0.02429020537986554
     13.15300000000019	0.02429020570550685
     13.15333333333352	0.02429020612137815
     13.15366666666685	0.02429020652691249
     13.15400000000019	0.02429020684854535
     13.15433333333352	0.0242902070825879
     13.15466666666686	0.02429020727728411
     13.15500000000019	0.02429020747999831
     13.15533333333352	0.02429020769283325
     13.15566666666686	0.02429020789962295
     13.15600000000019	0.02429020807181542
     13.15633333333352	0.0242902081999598
     13.15666666666686	0.02429020830689452
     13.15700000000019	0.02429020840729771
     13.15733333333353	0.02429020849924873
     13.15766666666686	0.02429020856558504
     13.15800000000019	0.02429020859860981
     13.15833333333353	0.02429020860532433
     13.15866666666686	0.02429020821895092
     13.15900000000019	0.02429020787143791
     13.15933333333353	0.02429020830834812
     13.15966666666686	0.02429020848045928
      13.1600000000002	0.02429020822379281
     13.16033333333353	0.02429020783233952
     13.16066666666686	0.02429020762798096
      13.1610000000002	0.02429020772381911
     13.16133333333353	0.0242902078097222
     13.16166666666686	0.02429020771333529
      13.1620000000002	0.02429020748703029
     13.16233333333353	0.02429020727813839
     13.16266666666687	0.02429020715153613
      13.1630000000002	0.02429020707190407
     13.16333333333353	0.02429020696983954
     13.16366666666687	0.02429020681690613
      13.1640000000002	0.02429020664166229
     13.16433333333353	0.02429020647827722
     13.16466666666687	0.02429020633185786
      13.1650000000002	0.02429020618595945
     13.16533333333354	0.02429020603191344
     13.16566666666687	0.02429020587064367
      13.1660000000002	0.0242902057047447
     13.16633333333354	0.02429020541948295
     13.16666666666687	0.02429020528521958
      13.1670000000002	0.02429020526563332
     13.16733333333354	0.0242902051173141
     13.16766666666687	0.02429020487694242
     13.16800000000021	0.02429020461442358
     13.16833333333354	0.02429020451036963
     13.16866666666687	0.02429020439032612
     13.16900000000021	0.02429020429496694
     13.16933333333354	0.02429020410620474
     13.16966666666687	0.02429020384990332
     13.17000000000021	0.0242902037757465
     13.17033333333354	0.02429020368874776
     13.17066666666688	0.02429020346469486
     13.17100000000021	0.02429020320400541
     13.17133333333354	0.02429020308311237
     13.17166666666688	0.02429020302432008
     13.17200000000021	0.02429020290031856
     13.17233333333354	0.02429020271394015
     13.17266666666688	0.02429020252767716
     13.17300000000021	0.02429020236953208
     13.17333333333355	0.02429020222679477
     13.17366666666688	0.0242902020915219
     13.17400000000021	0.02429020195396014
     13.17433333333355	0.02429020179874628
     13.17466666666688	0.0242902016248908
     13.17500000000021	0.0242902014535853
     13.17533333333355	0.02429020129426102
     13.17566666666688	0.02429020114043953
     13.17600000000022	0.02429020098300685
     13.17633333333355	0.02429020081749231
     13.17666666666688	0.02429020064287539
     13.17700000000022	0.02429020046568151
     13.17733333333355	0.02429020028940079
     13.17766666666688	0.02429020011345203
     13.17800000000022	0.02429019993474673
     13.17833333333355	0.02429019974979396
     13.17866666666689	0.02429019956032157
     13.17900000000022	0.02429019936840441
     13.17933333333355	0.02429019917260204
     13.17966666666689	0.02429019897265869
     13.18000000000022	0.02429019876827986
     13.18033333333355	0.02429019855937344
     13.18066666666689	0.02429019834600804
     13.18100000000022	0.02429019812894545
     13.18133333333355	0.02429019790629192
     13.18166666666689	0.02429019767881356
     13.18200000000022	0.02429019759837778
     13.18233333333356	0.02429019732371675
     13.18266666666689	0.0242901969364873
     13.18300000000022	0.02429019675260524
     13.18333333333356	0.0242901965178077
     13.18366666666689	0.02429019634571787
     13.18400000000022	0.02429019613743561
     13.18433333333356	0.02429019573458962
     13.18466666666689	0.02429019542231613
     13.18500000000023	0.02429019520391086
     13.18533333333356	0.02429019498970921
     13.18566666666689	0.02429019470921653
     13.18600000000023	0.02429019436982091
     13.18633333333356	0.02429019402550024
     13.18666666666689	0.02429019371551519
     13.18700000000023	0.02429019343088823
     13.18733333333356	0.02429019314365695
      13.1876666666669	0.02429019283144237
     13.18800000000023	0.02429019250237053
     13.18833333333356	0.02429019217185301
      13.1886666666669	0.02429019185007501
     13.18900000000023	0.0242901915379344
     13.18933333333356	0.02429019122862554
      13.1896666666669	0.02429019091554295
     13.19000000000023	0.02429019059546083
     13.19033333333357	0.02429019027446321
      13.1906666666669	0.02429018995916991
     13.19100000000023	0.02429018965148157
     13.19133333333357	0.02429018934835742
      13.1916666666669	0.02429018904633712
     13.19200000000023	0.02429018874522061
     13.19233333333357	0.02429018844773065
      13.1926666666669	0.02429018815668026
     13.19300000000024	0.02429018787285447
     13.19333333333357	0.02429018759520545
      13.1936666666669	0.02429018732255919
     13.19400000000024	0.02429018705499438
     13.19433333333357	0.02429018679378443
      13.1946666666669	0.02429018654296987
     13.19500000000024	0.02429018629644972
     13.19533333333357	0.02429018605616284
     13.19566666666691	0.02429018582480807
     13.19600000000024	0.02429018560296379
     13.19633333333357	0.02429018538948289
     13.19666666666691	0.02429018518344368
     13.19700000000024	0.02429018498556001
     13.19733333333357	0.02429018479564676
     13.19766666666691	0.02429018461461672
     13.19800000000024	0.02429018444282641
     13.19833333333358	0.02429018427997118
     13.19866666666691	0.0242901841261084
     13.19900000000024	0.02429018398009581
     13.19933333333358	0.02429018384253735
     13.19966666666691	0.02429018371455456
     13.20000000000024	0.02429018359509951
     13.20033333333358	0.0242901834845365
     13.20066666666691	0.02429018338237237
     13.20100000000025	0.02429018328792044
     13.20133333333358	0.02429018320191399
     13.20166666666691	0.02429018312468341
     13.20200000000025	0.02429018305581938
     13.20233333333358	0.02429018299471293
     13.20266666666691	0.02429018294146642
     13.20300000000025	0.02429018295538811
     13.20333333333358	0.02429018294951885
     13.20366666666692	0.02429018285016777
     13.20400000000025	0.02429018282158787
     13.20433333333358	0.02429018284335797
     13.20466666666692	0.02429018285642399
     13.20500000000025	0.02429018284980974
     13.20533333333358	0.02429018284057934
     13.20566666666692	0.0242901828441487
     13.20600000000025	0.0242901828629918
     13.20633333333359	0.0242901828902458
     13.20666666666692	0.02429018291917044
     13.20700000000025	0.02429018294878316
     13.20733333333359	0.02429018298242481
     13.20766666666692	0.02429018302250075
     13.20800000000025	0.02429018306755758
     13.20833333333359	0.02429018311657238
     13.20866666666692	0.02429018316942048
     13.20900000000026	0.02429018322680313
     13.20933333333359	0.02429018328763223
     13.20966666666692	0.02429018335051341
     13.21000000000026	0.02429018341461443
     13.21033333333359	0.02429018348132285
     13.21066666666692	0.02429018355127856
     13.21100000000026	0.02429018362431082
     13.21133333333359	0.02429018369914759
     13.21166666666693	0.02429018377492082
     13.21200000000026	0.02429018385175723
     13.21233333333359	0.02429018392762514
     13.21266666666693	0.02429018400674541
     13.21300000000026	0.02429018408935476
     13.21333333333359	0.02429018417291368
     13.21366666666693	0.02429018425589237
     13.21400000000026	0.02429018433754492
      13.2143333333336	0.02429018441909925
     13.21466666666693	0.02429018450218961
     13.21500000000026	0.02429018454773647
      13.2153333333336	0.02429018460036411
     13.21566666666693	0.0242901846806154
     13.21600000000026	0.02429018478135265
      13.2163333333336	0.02429018488223206
     13.21666666666693	0.0242901849750317
     13.21700000000027	0.02429018504582071
      13.2173333333336	0.02429018511467491
     13.21766666666693	0.02429018519323323
     13.21800000000027	0.02429018527896614
      13.2183333333336	0.02429018536498205
     13.21866666666693	0.02429018544552736
     13.21900000000027	0.02429018551944098
      13.2193333333336	0.02429018559287481
     13.21966666666694	0.02429018567053043
     13.22000000000027	0.02429018574851931
      13.2203333333336	0.02429018582556924
     13.22066666666694	0.02429018589960761
     13.22100000000027	0.02429018597013757
      13.2213333333336	0.02429018603955514
     13.22166666666694	0.02429018610965148
     13.22200000000027	0.02429018617954324
     13.22233333333361	0.02429018624883586
     13.22266666666694	0.02429018631726459
     13.22300000000027	0.0242901863831501
     13.22333333333361	0.02429018644948637
     13.22366666666694	0.02429018651437335
     13.22400000000027	0.02429018657766345
     13.22433333333361	0.02429018663998903
     13.22466666666694	0.02429018670133074
     13.22500000000027	0.02429018676207185
     13.22533333333361	0.02429018682059982
     13.22566666666694	0.02429018688083882
     13.22600000000028	0.02429018693833641
     13.22633333333361	0.02429018699624401
     13.22666666666694	0.02429018705247204
     13.22700000000028	0.02429018710729552
     13.22733333333361	0.02429018716161626
     13.22766666666694	0.02429018721567147
     13.22800000000028	0.02429018726919818
     13.22833333333361	0.02429018732195856
     13.22866666666695	0.02429018737372537
     13.22900000000028	0.02429018742468617
     13.22933333333361	0.02429018747519314
     13.22966666666695	0.02429018752523553
     13.23000000000028	0.02429018757475759
     13.23033333333361	0.02429018762368281
     13.23066666666695	0.02429018767205155
     13.23100000000028	0.02429018771982878
     13.23133333333362	0.02429018776710171
     13.23166666666695	0.02429018781399132
     13.23200000000028	0.02429018786059648
     13.23233333333362	0.02429018790684462
     13.23266666666695	0.02429018795263716
     13.23300000000028	0.02429018799794862
     13.23333333333362	0.02429018804286066
     13.23366666666695	0.0242901880874797
     13.23400000000029	0.02429018813184826
     13.23433333333362	0.02429018817593622
     13.23466666666695	0.02429018821971271
     13.23500000000029	0.02429018826545554
     13.23533333333362	0.02429018830828718
     13.23566666666695	0.02429018834952972
     13.23600000000029	0.02429018839291492
     13.23633333333362	0.02429018843461874
     13.23666666666696	0.02429018847639146
     13.23700000000029	0.02429018851728887
     13.23733333333362	0.02429018855939566
     13.23766666666696	0.02429018860152846
     13.23800000000029	0.02429018864177816
     13.23833333333362	0.0242901886820351
     13.23866666666696	0.02429018872324142
     13.23900000000029	0.02429018876344358
     13.23933333333363	0.02429018880305397
     13.23966666666696	0.02429018884371923
     13.24000000000029	0.02429018888522457
     13.24033333333363	0.02429018892419867
     13.24066666666696	0.02429018896089133
     13.24100000000029	0.0242901889989722
     13.24133333333363	0.02429018903989879
     13.24166666666696	0.02429018908131536
      13.2420000000003	0.02429018912073969
     13.24233333333363	0.02429018915839578
     13.24266666666696	0.02429018919595355
      13.2430000000003	0.02429018923437485
     13.24333333333363	0.02429018927337094
     13.24366666666696	0.02429018931201764
      13.2440000000003	0.02429018934994742
     13.24433333333363	0.0242901893874382
     13.24466666666697	0.02429018942494668
      13.2450000000003	0.02429018946267023
     13.24533333333363	0.02429018950027775
     13.24566666666697	0.02429018953749685
      13.2460000000003	0.0242901895742285
     13.24633333333363	0.02429018961070985
     13.24666666666697	0.0242901896471548
      13.2470000000003	0.02429018968354203
     13.24733333333364	0.02429018971972611
     13.24766666666697	0.02429018975552221
      13.2480000000003	0.02429018979096141
     13.24833333333364	0.02429018982616358
     13.24866666666697	0.0242901898612159
      13.2490000000003	0.02429018989603504
     13.24933333333364	0.02429018992751698
     13.24966666666697	0.02429018996531234
     13.25000000000031	0.02429019000105106
     13.25033333333364	0.02429019003212684
     13.25066666666697	0.024290190065511
     13.25100000000031	0.02429019009626283
     13.25133333333364	0.02429019013185162
     13.25166666666697	0.02429019016379783
     13.25200000000031	0.02429019019501493
     13.25233333333364	0.02429019022951272
     13.25266666666698	0.02429019026039948
     13.25300000000031	0.02429019028957975
     13.25333333333364	0.02429019031865613
     13.25366666666698	0.02429019034942589
     13.25400000000031	0.02429019038378633
     13.25433333333364	0.02429019041492314
     13.25466666666698	0.02429019044243765
     13.25500000000031	0.02429019046848042
     13.25533333333365	0.02429019049595658
     13.25566666666698	0.02429019052516599
     13.25600000000031	0.02429019055503408
     13.25633333333365	0.02429019058390854
     13.25666666666698	0.02429019061069978
     13.25700000000031	0.02429019063776721
     13.25733333333365	0.02429019066334367
     13.25766666666698	0.02429019068823246
     13.25800000000032	0.02429019071372725
     13.25833333333365	0.02429019073983121
     13.25866666666698	0.02429019076523086
     13.25900000000032	0.02429019078961557
     13.25933333333365	0.02429019081330564
     13.25966666666698	0.02429019083676788
     13.26000000000032	0.02429019086017838
     13.26033333333365	0.02429019088339159
     13.26066666666699	0.02429019090617312
     13.26100000000032	0.02429019092851354
     13.26133333333365	0.02429019095024145
     13.26166666666699	0.02429019097152111
     13.26200000000032	0.02429019099252493
     13.26233333333365	0.02429019101328201
     13.26266666666699	0.02429019103370218
     13.26300000000032	0.02429019105359674
     13.26333333333366	0.02429019107313452
     13.26366666666699	0.02429019109231094
     13.26400000000032	0.02429019111066137
     13.26433333333366	0.02429019112723307
     13.26466666666699	0.02429019114746375
     13.26500000000032	0.02429019116712642
     13.26533333333366	0.02429019118103989
     13.26566666666699	0.02429019119978787
     13.26600000000033	0.02429019121694607
     13.26633333333366	0.02429019123095164
     13.26666666666699	0.02429019124777615
     13.26700000000033	0.02429019126240064
     13.26733333333366	0.024290191277611
     13.26766666666699	0.0242901912932125
     13.26800000000033	0.02429019130789142
     13.26833333333366	0.02429019132092701

     14.00033333333333	0.02361916510262779
     14.00066666666667	0.02370871734497672
                14.001	0.0242610691517438
     14.00133333333333	0.02463247606184834
     14.00166666666667	0.02458404012530942
                14.002	0.02431558470048954
     14.00233333333334	0.0241263276103667
     14.00266666666667	0.02413290076513862
                14.003	0.02425712801525904
     14.00333333333334	0.02435911367115459
     14.00366666666667	0.02436771150633582
                14.004	0.02430569443719022
     14.00433333333334	0.02424236446749851
     14.00466666666667	0.02422845879610455
     14.00500000000001	0.02426001610645142
     14.00533333333334	0.02429688035158926
     14.00566666666667	0.0243049090819592
     14.00600000000001	0.02428362186511108
     14.00633333333334	0.02425904372259825
     14.00666666666667	0.02425188775771884
     14.00700000000001	0.02426254307580529
     14.00733333333334	0.02427449979621912
     14.00766666666668	0.02427589155039331
     14.00800000000001	0.02426741400013451
     14.00833333333334	0.0242588338592683
     14.00866666666668	0.02425629684403178
     14.00900000000001	0.02425887516994304
     14.00933333333334	0.02426158019958323
     14.00966666666668	0.02426136437388191
     14.01000000000001	0.02425850615610893
     14.01033333333335	0.02425554210382489
     14.01066666666668	0.02425405897206907
     14.01100000000001	0.02425421926413247
     14.01133333333335	0.02425451894435152
     14.01166666666668	0.02425429884531852
     14.01200000000001	0.02425369026043186
     14.01233333333335	0.02425311982709672
     14.01266666666668	0.02425266477459251
     14.01300000000002	0.02425252290578082
     14.01333333333335	0.02425264620763298
     14.01366666666668	0.02425292782102516
     14.01400000000002	0.02425317151531914
     14.01433333333335	0.02425322497875049
     14.01466666666668	0.02425328976895915
     14.01500000000002	0.02425360452763025
     14.01533333333335	0.02425412071951444
     14.01566666666669	0.02425484256967523
     14.01600000000002	0.02425546108985429
     14.01633333333335	0.02425597921526807
     14.01666666666669	0.02425646223820071
     14.01700000000002	0.02425716931109528
     14.01733333333335	0.02425804371122853
     14.01766666666669	0.02425894398366229
     14.01800000000002	0.02425978180227361
     14.01833333333336	0.0242605702402142
     14.01866666666669	0.02426138196917765
     14.01900000000002	0.02426230427206921
     14.01933333333336	0.02426327074843924
     14.01966666666669	0.02426423237192778
     14.02000000000002	0.0242651783863679
     14.02033333333336	0.02426611348542679
     14.02066666666669	0.02426704901848678
     14.02100000000003	0.02426799443774523
     14.02133333333336	0.02426895202733092
     14.02166666666669	0.02426988001661777
     14.02200000000003	0.02427083248839607
     14.02233333333336	0.02427175180435482
     14.02266666666669	0.02427259456993557
     14.02300000000003	0.02427346900700905
     14.02333333333336	0.02427433479168764
      14.0236666666667	0.02427517037387398
     14.02400000000003	0.02427596757033091
     14.02433333333336	0.02427672711779906
      14.0246666666667	0.02427746028301051
     14.02500000000003	0.02427817044079106
     14.02533333333336	0.02427885106385503
      14.0256666666667	0.02427949442715983
     14.02600000000003	0.02428009855777083
     14.02633333333337	0.02428066514102736
      14.0266666666667	0.02428119552320212
     14.02700000000003	0.02428168891539896
     14.02733333333337	0.02428214348193091
      14.0276666666667	0.02428255812998647
     14.02800000000003	0.02428293248927439
     14.02833333333337	0.02428326643908734
      14.0286666666667	0.02428356056333464
     14.02900000000004	0.02428380338180356
     14.02933333333337	0.02428403643771344
      14.0296666666667	0.02428422412878957
     14.03000000000004	0.02428434840344392
     14.03033333333337	0.0242844419412021
      14.0306666666667	0.02428450912274108
     14.03100000000004	0.02428454381318219
     14.03133333333337	0.02428453958740601
     14.03166666666671	0.02428449629503836
     14.03200000000004	0.02428441735723343
     14.03233333333337	0.0242843073248271
     14.03266666666671	0.02428416869863437
     14.03300000000004	0.02428400237244621
     14.03333333333337	0.0242838068273407
     14.03366666666671	0.02428358347477536
     14.03400000000004	0.02428333494574847
     14.03433333333338	0.02428306348399727
     14.03466666666671	0.02428277040857359
     14.03500000000004	0.0242824570757544
     14.03533333333338	0.0242821231476392
     14.03566666666671	0.02428177236828834
     14.03600000000004	0.02428140776393476
     14.03633333333338	0.02428102963730157
     14.03666666666671	0.02428063822271041
     14.03700000000005	0.02428023431551861
     14.03733333333338	0.02428006079147969
     14.03766666666671	0.02427980955306018
     14.03800000000005	0.02427935789210238
     14.03833333333338	0.02427878961331462
     14.03866666666671	0.02427825914457364
     14.03900000000005	0.02427785798104014
     14.03933333333338	0.02427730348792509
     14.03966666666672	0.02427672554622128
     14.04000000000005	0.02427627123293622
     14.04033333333338	0.02427593058825195
     14.04066666666672	0.0242755668073905
     14.04100000000005	0.02427508966687326
     14.04133333333338	0.02427459473223253
     14.04166666666672	0.02427413786506452
     14.04200000000005	0.0242737391785312
     14.04233333333339	0.02427334702084248
     14.04266666666672	0.02427298360437706
     14.04300000000005	0.0242725594812889
     14.04333333333339	0.02427212716051573
     14.04366666666672	0.0242717320774266
     14.04400000000005	0.02427138007892175
     14.04433333333339	0.0242710459633026
     14.04466666666672	0.02427070329409867
     14.04500000000005	0.02427034591205839
     14.04533333333339	0.02426998932573984
     14.04566666666672	0.02426965080731705
     14.04600000000006	0.02426933664231405
     14.04633333333339	0.02426904339450388
     14.04666666666672	0.02426876518120965
     14.04700000000006	0.02426860161716195
     14.04733333333339	0.02426843357399282
     14.04766666666672	0.02426818369293989
     14.04800000000006	0.02426787422559753
     14.04833333333339	0.02426758187587339
     14.04866666666673	0.02426735975433902
     14.04900000000006	0.02426717298572042
     14.04933333333339	0.02426697469433177
     14.04966666666673	0.0242667484755066
     14.05000000000006	0.02426651789727769
     14.05033333333339	0.02426630973270879
     14.05066666666673	0.0242661300876663
     14.05100000000006	0.02426596142328331
      14.0513333333334	0.02426578756656847
     14.05166666666673	0.02426560451295959
     14.05200000000006	0.0242654191421154
      14.0523333333334	0.02426524191424929
     14.05266666666673	0.02426506194333831
     14.05300000000006	0.02426489414435562
      14.0533333333334	0.02426476284064517
     14.05366666666673	0.02426461025235931
     14.05400000000007	0.02426434283938699
      14.0543333333334	0.02426409710092004
     14.05466666666673	0.02426393115694576
     14.05500000000007	0.02426382853804732
      14.0553333333334	0.02426374240495068
     14.05566666666673	0.02426365070957928
     14.05600000000007	0.02426352102945461
      14.0563333333334	0.02426334176572591
     14.05666666666674	0.02426318893537185
     14.05700000000007	0.02426303807637753
      14.0573333333334	0.02426293941250999
     14.05766666666674	0.02426284540495684
     14.05800000000007	0.02426271357221497
      14.0583333333334	0.02426255281670999
     14.05866666666674	0.02426240148680079
     14.05900000000007	0.02426237172381993
     14.05933333333341	0.02426226770074383
     14.05966666666674	0.02426209477369785
     14.06000000000007	0.02426193216351672
     14.06033333333341	0.02426179770211787
     14.06066666666674	0.02426165139136476
     14.06100000000007	0.02426149898517284
     14.06133333333341	0.02426137425474417
     14.06166666666674	0.02426125676092225
     14.06200000000008	0.02426112150217783
     14.06233333333341	0.02426097161161893
     14.06266666666674	0.02426082208850257
     14.06300000000008	0.02426068788575682
     14.06333333333341	0.02426056825691219
     14.06366666666674	0.02426043245054273
     14.06400000000008	0.02426033328002503
     14.06433333333341	0.0242602111281869
     14.06466666666675	0.02426006787955365
     14.06500000000008	0.02425993400637302
     14.06533333333341	0.02425981874550102
     14.06566666666675	0.02425971564846502
     14.06600000000008	0.02425960913443598
     14.06633333333341	0.02425948829304174
     14.06666666666675	0.02425939395118144
     14.06700000000008	0.02425928037290363
     14.06733333333342	0.02425917386477897
     14.06766666666675	0.02425916532786205
     14.06800000000008	0.02425908113893775
     14.06833333333342	0.02425893338398086
     14.06866666666675	0.02425885661986903
     14.06900000000008	0.02425881426870975
     14.06933333333342	0.02425873194709769
     14.06966666666675	0.02425870686055198
     14.07000000000009	0.0242586108335003
     14.07033333333342	0.02425851823384088
     14.07066666666675	0.02425848140253258
     14.07100000000009	0.02425844501705109
     14.07133333333342	0.0242583534411764
     14.07166666666675	0.02425837320530433
     14.07200000000009	0.02425830600229242
     14.07233333333342	0.02425822166554562
     14.07266666666676	0.02425823721332199
     14.07300000000009	0.02425820281529193
     14.07333333333342	0.02425814689558445
     14.07366666666676	0.02425816704518256
     14.07400000000009	0.02425814959535962
     14.07433333333342	0.02425811710897539
     14.07466666666676	0.02425814462897456
     14.07500000000009	0.02425812240658098
     14.07533333333343	0.02425809488448722
     14.07566666666676	0.0242581362504465
     14.07600000000009	0.02425813898362634
     14.07633333333343	0.02425812758478228
     14.07666666666676	0.02425816589935386
     14.07700000000009	0.02425816713143721
     14.07733333333343	0.02425816567660967
     14.07766666666676	0.02425821603622598
      14.0780000000001	0.02425823163696781
     14.07833333333343	0.02425824089033287
     14.07866666666676	0.02425828929309349
      14.0790000000001	0.02425831134551472
     14.07933333333343	0.02425832048012201
     14.07966666666676	0.02425837207982959
      14.0800000000001	0.02425840141021882
     14.08033333333343	0.02425841605038977
     14.08066666666677	0.02425845226864603
      14.0810000000001	0.0242584935162614
     14.08133333333343	0.02425853228565794
     14.08166666666677	0.02425857140683821
      14.0820000000001	0.02425858183710599
     14.08233333333343	0.02425861277690698
     14.08266666666677	0.02425867646093199
      14.0830000000001	0.02425871347108115
     14.08333333333344	0.02425873951868645
     14.08366666666677	0.02425877001388793
      14.0840000000001	0.02425880650387287
     14.08433333333344	0.02425884638095934
     14.08466666666677	0.0242588849858928
      14.0850000000001	0.02425890993374412
     14.08533333333344	0.02425893628793711
     14.08566666666677	0.02425896944610558
     14.08600000000011	0.02425899871564219
     14.08633333333344	0.02425902700132024
     14.08666666666677	0.02425905373918342
     14.08700000000011	0.02425907730452768
     14.08733333333344	0.0242590998413698
     14.08766666666677	0.02425914060253847
     14.08800000000011	0.0242591777099965
     14.08833333333344	0.02425919149826723
     14.08866666666678	0.02425919768702101
     14.08900000000011	0.02425920742679342
     14.08933333333344	0.02425922692890195
     14.08966666666678	0.02425924845325978
     14.09000000000011	0.02425926262166923
     14.09033333333344	0.02425926882471078
     14.09066666666678	0.02425927298712285
     14.09100000000011	0.02425928144173237
     14.09133333333344	0.02425928894300761
     14.09166666666678	0.02425929488854757
     14.09200000000011	0.02425929747827566
     14.09233333333345	0.02425930075207244
     14.09266666666678	0.02425930424377831
     14.09300000000011	0.02425930511435999
     14.09333333333345	0.02425930254609848
     14.09366666666678	0.024259302075803
     14.09400000000011	0.02425930027395289
     14.09433333333345	0.02425929579922262
     14.09466666666678	0.02425929495368056
     14.09500000000012	0.02425929212387718
     14.09533333333345	0.02425928572516026
     14.09566666666678	0.02425927844613643
     14.09600000000012	0.02425927943927468
     14.09633333333345	0.02425927600844073
     14.09666666666678	0.02425926649496181
     14.09700000000012	0.0242592562513853
     14.09733333333345	0.0242592586285804
     14.09766666666679	0.02425925564097932
     14.09800000000012	0.02425924724308221
     14.09833333333345	0.02425923631705877
     14.09866666666679	0.02425923950505062
     14.09900000000012	0.02425923748572478
     14.09933333333345	0.0242592268916733
     14.09966666666679	0.02425921901801139
     14.10000000000012	0.02425922651859694
     14.10033333333346	0.02425922574961144
     14.10066666666679	0.024259217028976
     14.10100000000012	0.02425920818649348
     14.10133333333346	0.02425921723881721
     14.10166666666679	0.02425921885396005
     14.10200000000012	0.02425921464785673
     14.10233333333346	0.02425920946345491
     14.10266666666679	0.0242592205681155
     14.10300000000013	0.02425922394710279
     14.10333333333346	0.02425922124774368
     14.10366666666679	0.02425921881586946
     14.10400000000013	0.02425923353765689
     14.10433333333346	0.02425924011115405
     14.10466666666679	0.02425924048299719
     14.10500000000013	0.02425924093857927
     14.10533333333346	0.02425924737645322
      14.1056666666668	0.02425925920847363
     14.10600000000013	0.02425927065864257
     14.10633333333346	0.0242592793333221
      14.1066666666668	0.02425928716561515
     14.10700000000013	0.02425929665168258
     14.10733333333346	0.02425930847939357
      14.1076666666668	0.02425932162104245
     14.10800000000013	0.02425933488610441
     14.10833333333347	0.0242593478809277
      14.1086666666668	0.02425936101795566
     14.10900000000013	0.02425937493195066
     14.10933333333347	0.02425938985940855
      14.1096666666668	0.02425940554914427
     14.11000000000013	0.02425942160191961
     14.11033333333347	0.02425943780822433
      14.1106666666668	0.0242594542241811
     14.11100000000014	0.02425947101277863
     14.11133333333347	0.02425948828600649
      14.1116666666668	0.02425950600556133
     14.11200000000014	0.024259524029488
     14.11233333333347	0.02425954222254849
      14.1126666666668	0.02425956052666403
     14.11300000000014	0.02425957898593491
     14.11333333333347	0.02425959765364348
     14.11366666666681	0.02425961651697537
     14.11400000000014	0.02425963549787802
     14.11433333333347	0.02425965451389052
     14.11466666666681	0.02425967353657714
     14.11500000000014	0.02425969254129378
     14.11533333333347	0.02425971153065541
     14.11566666666681	0.02425973049340035
     14.11600000000014	0.02425974940944464
     14.11633333333348	0.0242597682119157
     14.11666666666681	0.02425978686737772
     14.11700000000014	0.02425980539045086
     14.11733333333348	0.02425982376456191
     14.11766666666681	0.02425984196339254
     14.11800000000014	0.02425985994348261
     14.11833333333348	0.0242598776950679
     14.11866666666681	0.02425989521404569
     14.11900000000015	0.02425991248424006
     14.11933333333348	0.02425992948088994
     14.11966666666681	0.02425994618444827
     14.12000000000015	0.02425996258507189
     14.12033333333348	0.0242599786762566
     14.12066666666681	0.02425999444792618
     14.12100000000015	0.02426000988661205
     14.12133333333348	0.02426002497954172
     14.12166666666682	0.0242600394906187
     14.12200000000015	0.02426005412520163
     14.12233333333348	0.02426006831051433
     14.12266666666682	0.02426008173799949
     14.12300000000015	0.02426009496051419
     14.12333333333348	0.02426011182393546
     14.12366666666682	0.02426012748811696
     14.12400000000015	0.02426013600842872
     14.12433333333349	0.02426014586628092
     14.12466666666682	0.02426015802186237
     14.12500000000015	0.02426017061001782
     14.12533333333349	0.02426018202823836
     14.12566666666682	0.02426019170932188
     14.12600000000015	0.02426020021562846
     14.12633333333349	0.02426020873801799
     14.12666666666682	0.02426021784813705
     14.12700000000016	0.02426022709161743
     14.12733333333349	0.02426023574957145
     14.12766666666682	0.02426024366173483
     14.12800000000016	0.02426025100143396
     14.12833333333349	0.02426025793970658
     14.12866666666682	0.02426026470651948
     14.12900000000016	0.02426027137552247
     14.12933333333349	0.02426027675448151
     14.12966666666683	0.02426028200174571
     14.13000000000016	0.0242602887856238
     14.13033333333349	0.02426029572989495
     14.13066666666683	0.02426030078876107
     14.13100000000016	0.02426030512311068
     14.13133333333349	0.02426030927717876
     14.13166666666683	0.02426031403650849
     14.13200000000016	0.02426031896153995
      14.1323333333335	0.02426032404114279
     14.13266666666683	0.02426032816696233
     14.13300000000016	0.02426033185442192
      14.1333333333335	0.02426033542307736
     14.13366666666683	0.02426033895633833
     14.13400000000016	0.02426034242753842
      14.1343333333335	0.02426034577883724
     14.13466666666683	0.02426034896141804
     14.13500000000016	0.02426035193494658
      14.1353333333335	0.02426035468879692
     14.13566666666683	0.02426035728243085
     14.13600000000017	0.02426035981034109
      14.1363333333335	0.02426036230261104
     14.13666666666683	0.02426036471107893
     14.13700000000017	0.02426036697350583
      14.1373333333335	0.02426036907999897
     14.13766666666683	0.02426037107846252
     14.13800000000017	0.02426037301917161
      14.1383333333335	0.02426037491228412
     14.13866666666684	0.02426037673749032
     14.13900000000017	0.02426037847409424
      14.1393333333335	0.02426038012351385
     14.13966666666684	0.02426038169678228
     14.14000000000017	0.02426038322287387
      14.1403333333335	0.02426038471352404
     14.14066666666684	0.02426038616270448
     14.14100000000017	0.02426038755508201
     14.14133333333351	0.02426038887742925
     14.14166666666684	0.02426039014426649
     14.14200000000017	0.02426039138008497
     14.14233333333351	0.02426039259139216
     14.14266666666684	0.02426039377813593
     14.14300000000017	0.02426039493183338
     14.14333333333351	0.02426039604463522
     14.14366666666684	0.02426039711650986
     14.14400000000018	0.02426039815454588
     14.14433333333351	0.0242603991666008
     14.14466666666684	0.02426040015623665
     14.14500000000018	0.02426040112298441
     14.14533333333351	0.02426040206514268
     14.14566666666684	0.02426040298119476
     14.14600000000018	0.02426040387400241
     14.14633333333351	0.0242604047360192
     14.14666666666685	0.02426040557140029
     14.14700000000018	0.0242604063863878
     14.14733333333351	0.02426040718281194
     14.14766666666685	0.02426040795703587
     14.14800000000018	0.02426040892846272
     14.14833333333351	0.02426040984388062
     14.14866666666685	0.0242604104298246
     14.14900000000018	0.02426041068047058
     14.14933333333352	0.02426041110263586
     14.14966666666685	0.02426041219453524
     14.15000000000018	0.02426041330692688
     14.15033333333352	0.02426041390111495
     14.15066666666685	0.02426041393450031
     14.15100000000018	0.02426041405159556
     14.15133333333352	0.02426041472448364
     14.15166666666685	0.02426041563849246
     14.15200000000019	0.02426041625318447
     14.15233333333352	0.02426041649428846
     14.15266666666685	0.02426041665626689
     14.15300000000019	0.02426041699387768
     14.15333333333352	0.02426041748270167
     14.15366666666685	0.02426041793361373
     14.15400000000019	0.02426041823608497
     14.15433333333352	0.02426041841785435
     14.15466666666686	0.02426041858754244
     14.15500000000019	0.02426041882116703
     14.15533333333352	0.02426041909292445
     14.15566666666686	0.02426041932957906
     14.15600000000019	0.02426041949046271
     14.15633333333352	0.02426041959687717
     14.15666666666686	0.02426041969459934
     14.15700000000019	0.02426041980455226
     14.15733333333353	0.02426041990590013
     14.15766666666686	0.02426041997220788
     14.15800000000019	0.02426041999930776
     14.15833333333353	0.02426041963401898
     14.15866666666686	0.02426041969958936
     14.15900000000019	0.02426041968838029
     14.15933333333353	0.02426041958214691
     14.15966666666686	0.0242604198178363
      14.1600000000002	0.02426041970763484
     14.16033333333353	0.02426041936180155
     14.16066666666686	0.02426041910243952
      14.1610000000002	0.02426041909938549
     14.16133333333353	0.02426041917334591
     14.16166666666686	0.02426041914086632
      14.1620000000002	0.0242604189641532
     14.16233333333353	0.02426041874964749
     14.16266666666687	0.02426041858819155
      14.1630000000002	0.02426041848211715
     14.16333333333353	0.02426041838623037
     14.16366666666687	0.02426041825855663
      14.1640000000002	0.02426041809623893
     14.16433333333353	0.02426041792819342
     14.16466666666687	0.02426041777284877
      14.1650000000002	0.02426041762355972
     14.16533333333354	0.02426041746950034
     14.16566666666687	0.02426041730566064
      14.1660000000002	0.02426041701410177
     14.16633333333354	0.02426041687744148
     14.16666666666687	0.02426041686196021
      14.1670000000002	0.02426041670968804
     14.16733333333354	0.02426041646589847
     14.16766666666687	0.02426041619649507
     14.16800000000021	0.02426041608644269
     14.16833333333354	0.02426041596112229
     14.16866666666687	0.02426041586267183
     14.16900000000021	0.02426041567015738
     14.16933333333354	0.0242604154076356
     14.16966666666687	0.02426041532773425
     14.17000000000021	0.0242604152318119
     14.17033333333354	0.02426041499921524
     14.17066666666688	0.02426041473490475
     14.17100000000021	0.02426041473100215
     14.17133333333354	0.02426041468525008
     14.17166666666688	0.02426041439821685
     14.17200000000021	0.02426041407539678
     14.17233333333354	0.02426041394934427
     14.17266666666688	0.02426041391804159
     14.17300000000021	0.02426041379967375
     14.17333333333355	0.02426041359727658
     14.17366666666688	0.02426041338507764
     14.17400000000021	0.02426041319893549
     14.17433333333355	0.02426041303946444
     14.17466666666688	0.0242604128999919
     14.17500000000021	0.02426041275564531
     14.17533333333355	0.0242604125862218
     14.17566666666688	0.02426041239354731
     14.17600000000022	0.02426041219772981
     14.17633333333355	0.0242604120155052
     14.17666666666688	0.02426041184424666
     14.17700000000022	0.02426041167307514
     14.17733333333355	0.0242604114904664
     14.17766666666688	0.02426041129479127
     14.17800000000022	0.02426041109291645
     14.17833333333355	0.02426041089202872
     14.17866666666689	0.02426041069347
     14.17900000000022	0.02426041049321198
     14.17933333333355	0.02426041028665039
     14.17966666666689	0.02426041007249129
     14.18000000000022	0.02426040985275953
     14.18033333333355	0.02426040962996593
     14.18066666666689	0.02426040940544139
     14.18100000000022	0.0242604091760675
     14.18133333333355	0.02426040894046925
     14.18166666666689	0.0242604086995168
     14.18200000000022	0.02426040860273888
     14.18233333333356	0.0242604083155514
     14.18266666666689	0.02426040792016562
     14.18300000000022	0.02426040772244205
     14.18333333333356	0.02426040747355739
     14.18366666666689	0.0242604072866594
     14.18400000000022	0.02426040706521476
     14.18433333333356	0.02426040665378993
     14.18466666666689	0.02426040633089172
     14.18500000000023	0.0242604060989327
     14.18533333333356	0.02426040587045787
     14.18566666666689	0.02426040557845608
     14.18600000000023	0.02426040522989993
     14.18633333333356	0.02426040487568805
     14.18666666666689	0.02426040455515694
     14.18700000000023	0.02426040425856394
     14.18733333333356	0.02426040395922604
      14.1876666666669	0.02426040363598844
     14.18800000000023	0.02426040329812941
     14.18833333333356	0.0242604029599229
      14.1886666666669	0.02426040262862713
     14.18900000000023	0.02426040230499111
     14.18933333333356	0.02426040198494512
      14.1896666666669	0.02426040166276123
     14.19000000000023	0.02426040133453859
     14.19033333333357	0.02426040100518025
      14.1906666666669	0.02426040068125566
     14.19100000000023	0.02426040036381655
     14.19133333333357	0.02426040005032223
      14.1916666666669	0.02426039973921979
     14.19200000000023	0.02426039943006611
     14.19233333333357	0.02426039912454825
      14.1926666666669	0.0242603988247608
     14.19300000000024	0.02426039853157696
     14.19333333333357	0.02426039824451302
      14.1936666666669	0.02426039796281525
     14.19400000000024	0.02426039768652221
     14.19433333333357	0.02426039741706571
      14.1946666666669	0.02426039715433143
     14.19500000000024	0.02426039689905955
     14.19533333333357	0.0242603966515776
     14.19566666666691	0.02426039641178945
     14.19600000000024	0.02426039618179263
     14.19633333333357	0.02426039595707259
     14.19666666666691	0.02426039573906672
     14.19700000000024	0.02426039552975415
     14.19733333333357	0.02426039533102469
     14.19766666666691	0.02426039514099486
     14.19800000000024	0.02426039495867157
     14.19833333333358	0.02426039478464096
     14.19866666666691	0.02426039461857406
     14.19900000000024	0.02426039446134799
     14.19933333333358	0.02426039431371507
     14.19966666666691	0.02426039417467839
     14.20000000000024	0.02426039404350239
     14.20033333333358	0.02426039391990889
     14.20066666666691	0.02426039380502078
     14.20100000000025	0.02426039369917812
     14.20133333333358	0.02426039360175664
     14.20166666666691	0.02426039351202947
     14.20200000000025	0.02426039342978598
     14.20233333333358	0.02426039335520581
     14.20266666666691	0.02426039328877191
     14.20300000000025	0.02426039322943966
     14.20333333333358	0.02426039317717067
     14.20366666666692	0.02426039313202015
     14.20400000000025	0.02426039314688774
     14.20433333333358	0.0242603930940818
     14.20466666666692	0.02426039308199582
     14.20500000000025	0.02426039308002284
     14.20533333333358	0.02426039301874764
     14.20566666666692	0.02426039302767637
     14.20600000000025	0.02426039306301951
     14.20633333333359	0.02426039308245247
     14.20666666666692	0.0242603930851715
     14.20700000000025	0.02426039308908148
     14.20733333333359	0.02426039310529999
     14.20766666666692	0.02426039313282674
     14.20800000000025	0.0242603931666988
     14.20833333333359	0.02426039320310167
     14.20866666666692	0.02426039324133026
     14.20900000000026	0.02426039328136834
     14.20933333333359	0.02426039332359613
     14.20966666666692	0.02426039336877058
     14.21000000000026	0.02426039341849005
     14.21033333333359	0.02426039347275052
     14.21066666666692	0.02426039353002245
     14.21100000000026	0.02426039358787995
     14.21133333333359	0.02426039364530098
     14.21166666666693	0.02426039370424949
     14.21200000000026	0.02426039376614225
     14.21233333333359	0.02426039383106391
     14.21266666666693	0.02426039389742727
     14.21300000000026	0.02426039396377761
     14.21333333333359	0.02426039402942473
     14.21366666666693	0.02426039406093411
     14.21400000000026	0.02426039410321475
      14.2143333333336	0.02426039417023783
     14.21466666666693	0.02426039425535463
     14.21500000000026	0.02426039434219495
      14.2153333333336	0.02426039441465627
     14.21566666666693	0.02426039447651865
     14.21600000000026	0.02426039453337754
      14.2163333333336	0.02426039459974285
     14.21666666666693	0.02426039467586395
     14.21700000000027	0.02426039475173995
      14.2173333333336	0.02426039482006061
     14.21766666666693	0.02426039488406967
     14.21800000000027	0.02426039494863236
      14.2183333333336	0.02426039501532143
     14.21866666666693	0.02426039508379323
     14.21900000000027	0.02426039515236739
      14.2193333333336	0.02426039521925674
     14.21966666666694	0.02426039528188759
     14.22000000000027	0.02426039534316743
      14.2203333333336	0.02426039540508828
     14.22066666666694	0.02426039546763599
     14.22100000000027	0.02426039553011433
      14.2213333333336	0.02426039559136611
     14.22166666666694	0.02426039565157505
     14.22200000000027	0.02426039570972276
     14.22233333333361	0.02426039576871959
     14.22266666666694	0.02426039582639884
     14.22300000000027	0.02426039588120649
     14.22333333333361	0.02426039593808501
     14.22366666666694	0.024260395991951
     14.22400000000027	0.02426039604546059
     14.22433333333361	0.02426039609954859
     14.22466666666694	0.02426039615405457
     14.22500000000027	0.02426039620425024
     14.22533333333361	0.02426039625324179
     14.22566666666694	0.02426039630495735
     14.22600000000028	0.02426039635551872
     14.22633333333361	0.0242603964042484
     14.22666666666694	0.02426039645170787
     14.22700000000028	0.0242603964985524
     14.22733333333361	0.02426039654538193
     14.22766666666694	0.02426039659217208
     14.22800000000028	0.02426039663844605
     14.22833333333361	0.02426039668382084
     14.22866666666695	0.02426039672842118
     14.22900000000028	0.02426039677239553
     14.22933333333361	0.02426039681603675
     14.22966666666695	0.02426039685951499
     14.23000000000028	0.02426039690260088
     14.23033333333361	0.02426039694516435
     14.23066666666695	0.02426039698724788
     14.23100000000028	0.02426039702900748
     14.23133333333362	0.02426039707054376
     14.23166666666695	0.02426039711698662
     14.23200000000028	0.02426039715686212
     14.23233333333362	0.02426039719380608
     14.23266666666695	0.02426039723656068
     14.23300000000028	0.02426039727513059
     14.23333333333362	0.02426039731617997
     14.23366666666695	0.02426039735377271
     14.23400000000029	0.02426039739468806
     14.23433333333362	0.02426039743571405
     14.23466666666695	0.02426039747125411
     14.23500000000029	0.02426039750920001
     14.23533333333362	0.02426039754944431
     14.23566666666695	0.02426039758876815
     14.23600000000029	0.02426039762571155
     14.23633333333362	0.02426039766206042
     14.23666666666696	0.02426039769951682
     14.23700000000029	0.02426039773765647
     14.23733333333362	0.02426039777536941
     14.23766666666696	0.02426039781255061
     14.23800000000029	0.02426039784967312
     14.23833333333362	0.02426039788685658
     14.23866666666696	0.02426039792379014
     14.23900000000029	0.02426039796043236
     14.23933333333363	0.02426039799706866
     14.23966666666696	0.02426039803391937
     14.24000000000029	0.02426039807087699
     14.24033333333363	0.02426039810765682
     14.24066666666696	0.02426039814409228
     14.24100000000029	0.02426039818026474
     14.24133333333363	0.0242603982163858
     14.24166666666696	0.02426039825258286
      14.2420000000003	0.02426039828885344
     14.24233333333363	0.02426039832492657
     14.24266666666696	0.02426039836069587
      14.2430000000003	0.02426039839629038
     14.24333333333363	0.02426039843176948
     14.24366666666696	0.02426039846721045
      14.2440000000003	0.02426039850258453
     14.24433333333363	0.02426039853780627
     14.24466666666697	0.02426039857286564
      14.2450000000003	0.02426039860769801
     14.24533333333363	0.02426039864234823
     14.24566666666697	0.02426039867686571
      14.2460000000003	0.02426039871125661
     14.24633333333363	0.02426039874548704
     14.24666666666697	0.0242603987795515
      14.2470000000003	0.02426039881337463
     14.24733333333364	0.02426039884696468
     14.24766666666697	0.02426039888038502
      14.2480000000003	0.02426039891360107
     14.24833333333364	0.02426039894659702
     14.24866666666697	0.02426039897935766
      14.2490000000003	0.02426039901190136
     14.24933333333364	0.02426039904090904
     14.24966666666697	0.02426039907684292
     14.25000000000031	0.02426039911064579
     14.25033333333364	0.02426039913944835
     14.25066666666697	0.02426039917068229
     14.25100000000031	0.02426039919914579
     14.25133333333364	0.02426039923296056
     14.25166666666697	0.02426039926289197
     14.25200000000031	0.02426039929195725
     14.25233333333364	0.02426039932488339
     14.25266666666698	0.02426039935383842
     14.25300000000031	0.02426039938090003
     14.25333333333364	0.02426039940778075
     14.25366666666698	0.02426039943941874
     14.25400000000031	0.02426039946943534
     14.25433333333364	0.02426039949695019
     14.25466666666698	0.02426039952243247
     14.25500000000031	0.02426039954836723
     14.25533333333365	0.02426039957582657
     14.25566666666698	0.02426039960414408
     14.25600000000031	0.02426039963179292
     14.25633333333365	0.02426039965814302
     14.25666666666698	0.02426039968411291
     14.25700000000031	0.02426039970803659
     14.25733333333365	0.02426039973135375
     14.25766666666698	0.02426039975570406
     14.25800000000032	0.0242603997809518
     14.25833333333365	0.02426039980549777
     14.25866666666698	0.0242603998290094
     14.25900000000032	0.02426039985172176
     14.25933333333365	0.0242603998740709
     14.25966666666698	0.02426039989649564
     14.26000000000032	0.0242603999188364
     14.26033333333365	0.02426039994075584
     14.26066666666699	0.02426039996216479
     14.26100000000032	0.02426039998309237
     14.26133333333365	0.02426040000365872
     14.26166666666699	0.02426040002393683
     14.26200000000032	0.02426040004392239
     14.26233333333365	0.02426040006357069
     14.26266666666699	0.02426040008283865
     14.26300000000032	0.02426040010170753
     14.26333333333366	0.02426040012018791
     14.26366666666699	0.02426040013824044
     14.26400000000032	0.02426040015598517
     14.26433333333366	0.02426040017343136
     14.26466666666699	0.02426040019059016
     14.26500000000032	0.02426040020742238
     14.26533333333366	0.02426040022370972
     14.26566666666699	0.02426040023973022
     14.26600000000033	0.02426040025540403
     14.26633333333366	0.02426040027072093
     14.26666666666699	0.02426040028579131
     14.26700000000033	0.02426040030017946

