 0.0003333333333333333	0
 0.0006666666666666666	0
                 0.001	0
  0.001333333333333333	0
  0.001666666666666667	0
                 0.002	0
  0.002333333333333334	0
  0.002666666666666667	0
                 0.003	0
  0.003333333333333334	0
  0.003666666666666667	0
  0.004000000000000001	0
  0.004333333333333334	0
  0.004666666666666667	0
                 0.005	0
  0.005333333333333333	0
  0.005666666666666666	0
  0.005999999999999999	0
  0.006333333333333332	0
  0.006666666666666665	0
  0.006999999999999998	0
  0.007333333333333331	0
  0.007666666666666665	0
  0.007999999999999998	0
  0.008333333333333331	0
  0.008666666666666665	0
  0.008999999999999998	0
  0.009333333333333331	0
  0.009666666666666664	0
  0.009999999999999997	0
   0.01033333333333333	0
   0.01066666666666666	0
                 0.011	0
   0.01133333333333333	0
   0.01166666666666666	0
                 0.012	0
   0.01233333333333333	0
   0.01266666666666666	0
   0.01299999999999999	0
   0.01333333333333333	0
   0.01366666666666666	0
   0.01399999999999999	0
   0.01433333333333333	0
   0.01466666666666666	0
   0.01499999999999999	0
   0.01533333333333333	0
   0.01566666666666666	0
   0.01599999999999999	0
   0.01633333333333333	0
   0.01666666666666666	0
                 0.017	0
   0.01733333333333333	0
   0.01766666666666667	0
                 0.018	0
   0.01833333333333334	0
   0.01866666666666667	0
   0.01900000000000001	0
   0.01933333333333334	0
   0.01966666666666668	0
   0.02000000000000001	0
   0.02033333333333335	0
   0.02066666666666668	0
   0.02100000000000002	0
   0.02133333333333335	0
   0.02166666666666668	0
   0.02200000000000002	0
   0.02233333333333335	0
   0.02266666666666669	0
   0.02300000000000002	0
   0.02333333333333336	0
   0.02366666666666669	0
   0.02400000000000003	0
   0.02433333333333336	0
    0.0246666666666667	0
   0.02500000000000003	0
   0.02533333333333337	0
    0.0256666666666667	0
   0.02600000000000004	0
   0.02633333333333337	0
   0.02666666666666671	0
   0.02700000000000004	0
   0.02733333333333338	0
   0.02766666666666671	0
   0.02800000000000005	0
   0.02833333333333338	0
   0.02866666666666672	0
   0.02900000000000005	0
   0.02933333333333338	0
   0.02966666666666672	0
   0.03000000000000005	0
   0.03033333333333339	0
   0.03066666666666672	0
   0.03100000000000006	0
   0.03133333333333339	0
   0.03166666666666672	0
   0.03200000000000006	0
   0.03233333333333339	0
   0.03266666666666672	0
   0.03300000000000005	0
   0.03333333333333338	0
   0.03366666666666671	0
   0.03400000000000004	0
   0.03433333333333338	0
   0.03466666666666671	0
   0.03500000000000004	0
   0.03533333333333337	0
    0.0356666666666667	0
   0.03600000000000003	0
   0.03633333333333336	0
   0.03666666666666669	0
   0.03700000000000003	0
   0.03733333333333336	0
   0.03766666666666669	0
   0.03800000000000002	0
   0.03833333333333335	0
   0.03866666666666668	0
   0.03900000000000001	0
   0.03933333333333335	0
   0.03966666666666668	0
   0.04000000000000001	0
   0.04033333333333334	0
   0.04066666666666667	0
                 0.041	0
   0.04133333333333333	0
   0.04166666666666666	0
                 0.042	0
   0.04233333333333333	0
   0.04266666666666666	0
   0.04299999999999999	0
   0.04333333333333332	0
   0.04366666666666665	0
   0.04399999999999998	0
   0.04433333333333331	0
   0.04466666666666665	0
   0.04499999999999998	0
   0.04533333333333331	0
   0.04566666666666664	0
   0.04599999999999997	0
    0.0463333333333333	0
   0.04666666666666663	0
   0.04699999999999997	0
    0.0473333333333333	0
   0.04766666666666663	0
   0.04799999999999996	0
   0.04833333333333329	0
   0.04866666666666662	0
   0.04899999999999995	0
   0.04933333333333328	0
   0.04966666666666662	0
   0.04999999999999995	0
   0.05033333333333328	0
   0.05066666666666661	0
   0.05099999999999994	0
   0.05133333333333327	0
    0.0516666666666666	0
   0.05199999999999994	0
   0.05233333333333327	0
    0.0526666666666666	0
   0.05299999999999993	0
   0.05333333333333326	0
   0.05366666666666659	0
   0.05399999999999992	0
   0.05433333333333325	0
   0.05466666666666659	0
   0.05499999999999992	0
   0.05533333333333325	0
   0.05566666666666658	0
   0.05599999999999991	0
   0.05633333333333324	0
   0.05666666666666657	0
    0.0569999999999999	0
   0.05733333333333324	0
   0.05766666666666657	0
    0.0579999999999999	0
   0.05833333333333323	0
   0.05866666666666656	0
   0.05899999999999989	0
   0.05933333333333322	0
   0.05966666666666656	0
   0.05999999999999989	0
   0.06033333333333322	0
   0.06066666666666655	0
   0.06099999999999988	0
   0.06133333333333321	0
   0.06166666666666654	0
   0.06199999999999987	0
   0.06233333333333321	0
   0.06266666666666654	0
   0.06299999999999988	0
   0.06333333333333321	0
   0.06366666666666655	0
   0.06399999999999989	0
   0.06433333333333323	0
   0.06466666666666657	0
   0.06499999999999991	0
   0.06533333333333324	0
   0.06566666666666658	0
   0.06599999999999992	0
   0.06633333333333326	0
    0.0666666666666666	0
   0.06699999999999993	0
   0.06733333333333327	0
   0.06766666666666661	0
   0.06799999999999995	0
   0.06833333333333329	0
   0.06866666666666663	0
   0.06899999999999996	0
    0.0693333333333333	0
   0.06966666666666664	0
   0.06999999999999998	0
   0.07033333333333332	0
   0.07066666666666666	0
   0.07099999999999999	0
   0.07133333333333333	0
   0.07166666666666667	0
   0.07200000000000001	0
   0.07233333333333335	0
   0.07266666666666668	0
   0.07300000000000002	0
   0.07333333333333336	0
    0.0736666666666667	0
   0.07400000000000004	0
   0.07433333333333338	0
   0.07466666666666671	0
   0.07500000000000005	0
   0.07533333333333339	0
   0.07566666666666673	0
   0.07600000000000007	0
   0.07633333333333341	0
   0.07666666666666674	0
   0.07700000000000008	0
   0.07733333333333342	0
   0.07766666666666676	0
    0.0780000000000001	0
   0.07833333333333344	0
   0.07866666666666677	0
   0.07900000000000011	0
   0.07933333333333345	0
   0.07966666666666679	0
   0.08000000000000013	0
   0.08033333333333346	0
    0.0806666666666668	0
   0.08100000000000014	0
   0.08133333333333348	0
   0.08166666666666682	0
   0.08200000000000016	0
   0.08233333333333349	0
   0.08266666666666683	0
   0.08300000000000017	0
   0.08333333333333351	0
   0.08366666666666685	0
   0.08400000000000019	0
   0.08433333333333352	0
   0.08466666666666686	0
    0.0850000000000002	0
   0.08533333333333354	0
   0.08566666666666688	0
   0.08600000000000022	0
   0.08633333333333355	0
   0.08666666666666689	0
   0.08700000000000023	0
   0.08733333333333357	0
   0.08766666666666691	0
   0.08800000000000024	0
   0.08833333333333358	0
   0.08866666666666692	0
   0.08900000000000026	0
    0.0893333333333336	0
   0.08966666666666694	0
   0.09000000000000027	0
   0.09033333333333361	0
   0.09066666666666695	0
   0.09100000000000029	0
   0.09133333333333363	0
   0.09166666666666697	0
    0.0920000000000003	0
   0.09233333333333364	0
   0.09266666666666698	0
   0.09300000000000032	0
   0.09333333333333366	0
     0.093666666666667	0
   0.09400000000000033	0
   0.09433333333333367	0
   0.09466666666666701	0
   0.09500000000000035	0
   0.09533333333333369	0
   0.09566666666666702	0
   0.09600000000000036	0
    0.0963333333333337	0
   0.09666666666666704	0
   0.09700000000000038	0
   0.09733333333333372	0
   0.09766666666666705	0
   0.09800000000000039	0
   0.09833333333333373	0
   0.09866666666666707	0
   0.09900000000000041	0
   0.09933333333333375	0
   0.09966666666666708	0
    0.1000000000000004	0
    0.1003333333333338	0
    0.1006666666666671	0
    0.1010000000000004	0
    0.1013333333333338	0
    0.1016666666666671	0
    0.1020000000000005	0
    0.1023333333333338	0
    0.1026666666666671	0
    0.1030000000000005	0
    0.1033333333333338	0
    0.1036666666666671	0
    0.1040000000000005	0
    0.1043333333333338	0
    0.1046666666666672	0
    0.1050000000000005	0
    0.1053333333333338	0
    0.1056666666666672	0
    0.1060000000000005	0
    0.1063333333333338	0
    0.1066666666666672	0
    0.1070000000000005	0
    0.1073333333333339	0
    0.1076666666666672	0
    0.1080000000000005	0
    0.1083333333333339	0
    0.1086666666666672	0
    0.1090000000000006	0
    0.1093333333333339	0
    0.1096666666666672	0
    0.1100000000000006	0
    0.1103333333333339	0
    0.1106666666666672	0
    0.1110000000000006	0
    0.1113333333333339	0
    0.1116666666666673	0
    0.1120000000000006	0
    0.1123333333333339	0
    0.1126666666666673	0
    0.1130000000000006	0
     0.113333333333334	0
    0.1136666666666673	0
    0.1140000000000006	0
     0.114333333333334	0
    0.1146666666666673	0
    0.1150000000000006	0
     0.115333333333334	0
    0.1156666666666673	0
    0.1160000000000007	0
     0.116333333333334	0
    0.1166666666666673	0
    0.1170000000000007	0
     0.117333333333334	0
    0.1176666666666673	0
    0.1180000000000007	0
     0.118333333333334	0
    0.1186666666666674	0
    0.1190000000000007	0
     0.119333333333334	0
    0.1196666666666674	0
    0.1200000000000007	0
    0.1203333333333341	0
    0.1206666666666674	0
    0.1210000000000007	0
    0.1213333333333341	0
    0.1216666666666674	0
    0.1220000000000007	0
    0.1223333333333341	0
    0.1226666666666674	0
    0.1230000000000008	0
    0.1233333333333341	0
    0.1236666666666674	0
    0.1240000000000008	0
    0.1243333333333341	0
    0.1246666666666675	0
    0.1250000000000008	0
    0.1253333333333341	0
    0.1256666666666674	0
    0.1260000000000008	0
    0.1263333333333341	0
    0.1266666666666674	0
    0.1270000000000007	0
     0.127333333333334	0
    0.1276666666666674	0
    0.1280000000000007	0
     0.128333333333334	0
    0.1286666666666673	0
    0.1290000000000007	0
     0.129333333333334	0
    0.1296666666666673	0
    0.1300000000000006	0
     0.130333333333334	0
    0.1306666666666673	0
    0.1310000000000006	0
    0.1313333333333339	0
    0.1316666666666673	0
    0.1320000000000006	0
    0.1323333333333339	0
    0.1326666666666672	0
    0.1330000000000006	0
    0.1333333333333339	0
    0.1336666666666672	0
    0.1340000000000005	0
    0.1343333333333339	0
    0.1346666666666672	0
    0.1350000000000005	0
    0.1353333333333338	0
    0.1356666666666672	0
    0.1360000000000005	0
    0.1363333333333338	0
    0.1366666666666671	0
    0.1370000000000005	0
    0.1373333333333338	0
    0.1376666666666671	0
    0.1380000000000004	0
    0.1383333333333338	0
    0.1386666666666671	0
    0.1390000000000004	0
    0.1393333333333337	0
     0.139666666666667	0
    0.1400000000000004	0
    0.1403333333333337	0
     0.140666666666667	0
    0.1410000000000003	0
    0.1413333333333337	0
     0.141666666666667	0
    0.1420000000000003	0
    0.1423333333333336	0
     0.142666666666667	0
    0.1430000000000003	0
    0.1433333333333336	0
    0.1436666666666669	0
    0.1440000000000003	0
    0.1443333333333336	0
    0.1446666666666669	0
    0.1450000000000002	0
    0.1453333333333336	0
    0.1456666666666669	0
    0.1460000000000002	0
    0.1463333333333335	0
    0.1466666666666669	0
    0.1470000000000002	0
    0.1473333333333335	0
    0.1476666666666668	0
    0.1480000000000002	0
    0.1483333333333335	0
    0.1486666666666668	0
    0.1490000000000001	0
    0.1493333333333335	0
    0.1496666666666668	0
    0.1500000000000001	0
    0.1503333333333334	0
    0.1506666666666668	0
    0.1510000000000001	0
    0.1513333333333334	0
    0.1516666666666667	0
    0.1520000000000001	0
    0.1523333333333334	0
    0.1526666666666667	0
                 0.153	0
    0.1533333333333333	0
    0.1536666666666667	0
                 0.154	0
    0.1543333333333333	0
    0.1546666666666666	0
                 0.155	0
    0.1553333333333333	0
    0.1556666666666666	0
    0.1559999999999999	0
    0.1563333333333333	0
    0.1566666666666666	0
    0.1569999999999999	0
    0.1573333333333332	0
    0.1576666666666666	0
    0.1579999999999999	0
    0.1583333333333332	0
    0.1586666666666665	0
    0.1589999999999999	0
    0.1593333333333332	0
    0.1596666666666665	0
    0.1599999999999998	0
    0.1603333333333332	0
    0.1606666666666665	0
    0.1609999999999998	0
    0.1613333333333331	0
    0.1616666666666665	0
    0.1619999999999998	0
    0.1623333333333331	0
    0.1626666666666664	0
    0.1629999999999998	0
    0.1633333333333331	0
    0.1636666666666664	0
    0.1639999999999997	0
    0.1643333333333331	0
    0.1646666666666664	0
    0.1649999999999997	0
     0.165333333333333	0
    0.1656666666666664	0
    0.1659999999999997	0
     0.166333333333333	0
    0.1666666666666663	0
    0.1669999999999996	0
     0.167333333333333	0
    0.1676666666666663	0
    0.1679999999999996	0
    0.1683333333333329	0
    0.1686666666666663	0
    0.1689999999999996	0
    0.1693333333333329	0
    0.1696666666666662	0
    0.1699999999999996	0
    0.1703333333333329	0
    0.1706666666666662	0
    0.1709999999999995	0
    0.1713333333333329	0
    0.1716666666666662	0
    0.1719999999999995	0
    0.1723333333333328	0
    0.1726666666666662	0
    0.1729999999999995	0
    0.1733333333333328	0
    0.1736666666666661	0
    0.1739999999999995	0
    0.1743333333333328	0
    0.1746666666666661	0
    0.1749999999999994	0
    0.1753333333333328	0
    0.1756666666666661	0
    0.1759999999999994	0
    0.1763333333333327	0
    0.1766666666666661	0
    0.1769999999999994	0
    0.1773333333333327	0
     0.177666666666666	0
    0.1779999999999994	0
    0.1783333333333327	0
     0.178666666666666	0
    0.1789999999999993	0
    0.1793333333333327	0
     0.179666666666666	0
    0.1799999999999993	0
    0.1803333333333326	0
    0.1806666666666659	0
    0.1809999999999993	0
    0.1813333333333326	0
    0.1816666666666659	0
    0.1819999999999992	0
    0.1823333333333326	0
    0.1826666666666659	0
    0.1829999999999992	0
    0.1833333333333325	0
    0.1836666666666659	0
    0.1839999999999992	0
    0.1843333333333325	0
    0.1846666666666658	0
    0.1849999999999992	0
    0.1853333333333325	0
    0.1856666666666658	0
    0.1859999999999991	0
    0.1863333333333325	0
    0.1866666666666658	0
    0.1869999999999991	0
    0.1873333333333324	0
    0.1876666666666658	0
    0.1879999999999991	0
    0.1883333333333324	0
    0.1886666666666657	0
    0.1889999999999991	0
    0.1893333333333324	0
    0.1896666666666657	0
     0.189999999999999	0
    0.1903333333333324	0
    0.1906666666666657	0
     0.190999999999999	0
    0.1913333333333323	0
    0.1916666666666657	0
     0.191999999999999	0
    0.1923333333333323	0
    0.1926666666666656	0
     0.192999999999999	0
    0.1933333333333323	0
    0.1936666666666656	0
    0.1939999999999989	0
    0.1943333333333322	0
    0.1946666666666656	0
    0.1949999999999989	0
    0.1953333333333322	0
    0.1956666666666655	0
    0.1959999999999989	0
    0.1963333333333322	0
    0.1966666666666655	0
    0.1969999999999988	0
    0.1973333333333322	0
    0.1976666666666655	0
    0.1979999999999988	0
    0.1983333333333321	0
    0.1986666666666655	0
    0.1989999999999988	0
    0.1993333333333321	0
    0.1996666666666654	0
    0.1999999999999988	0
    0.2003333333333321	0
    0.2006666666666654	0
    0.2009999999999987	0
    0.2013333333333321	0
    0.2016666666666654	0
    0.2019999999999987	0
     0.202333333333332	0
    0.2026666666666654	0
    0.2029999999999987	0
     0.203333333333332	0
    0.2036666666666653	0
    0.2039999999999987	0
     0.204333333333332	0
    0.2046666666666653	0
    0.2049999999999986	0
     0.205333333333332	0
    0.2056666666666653	0
    0.2059999999999986	0
    0.2063333333333319	0
    0.2066666666666652	0
    0.2069999999999986	0
    0.2073333333333319	0
    0.2076666666666652	0
    0.2079999999999985	0
    0.2083333333333319	0
    0.2086666666666652	0
    0.2089999999999985	0
    0.2093333333333318	0
    0.2096666666666652	0
    0.2099999999999985	0
    0.2103333333333318	0
    0.2106666666666651	0
    0.2109999999999985	0
    0.2113333333333318	0
    0.2116666666666651	0
    0.2119999999999984	0
    0.2123333333333318	0
    0.2126666666666651	0
    0.2129999999999984	0
    0.2133333333333317	0
    0.2136666666666651	0
    0.2139999999999984	0
    0.2143333333333317	0
     0.214666666666665	0
    0.2149999999999984	0
    0.2153333333333317	0
     0.215666666666665	0
    0.2159999999999983	0
    0.2163333333333317	0
     0.216666666666665	0
    0.2169999999999983	0
    0.2173333333333316	0
     0.217666666666665	0
    0.2179999999999983	0
    0.2183333333333316	0
    0.2186666666666649	0
    0.2189999999999983	0
    0.2193333333333316	0
    0.2196666666666649	0
    0.2199999999999982	0
    0.2203333333333315	0
    0.2206666666666649	0
    0.2209999999999982	0
    0.2213333333333315	0
    0.2216666666666648	0
    0.2219999999999982	0
    0.2223333333333315	0
    0.2226666666666648	0
    0.2229999999999981	0
    0.2233333333333315	0
    0.2236666666666648	0
    0.2239999999999981	0
    0.2243333333333314	0
    0.2246666666666648	0
    0.2249999999999981	0
    0.2253333333333314	0
    0.2256666666666647	0
    0.2259999999999981	0
    0.2263333333333314	0
    0.2266666666666647	0
     0.226999999999998	0
    0.2273333333333314	0
    0.2276666666666647	0
     0.227999999999998	0
    0.2283333333333313	0
    0.2286666666666647	0
     0.228999999999998	0
    0.2293333333333313	0
    0.2296666666666646	0
     0.229999999999998	0
    0.2303333333333313	0
    0.2306666666666646	0
    0.2309999999999979	0
    0.2313333333333313	0
    0.2316666666666646	0
    0.2319999999999979	0
    0.2323333333333312	0
    0.2326666666666646	0
    0.2329999999999979	0
    0.2333333333333312	0
    0.2336666666666645	0
    0.2339999999999978	0
    0.2343333333333312	0
    0.2346666666666645	0
    0.2349999999999978	0
    0.2353333333333311	0
    0.2356666666666645	0
    0.2359999999999978	0
    0.2363333333333311	0
    0.2366666666666644	0
    0.2369999999999978	0
    0.2373333333333311	0
    0.2376666666666644	0
    0.2379999999999977	0
    0.2383333333333311	0
    0.2386666666666644	0
    0.2389999999999977	0
     0.239333333333331	0
    0.2396666666666644	0
    0.2399999999999977	0
     0.240333333333331	0
    0.2406666666666643	0
    0.2409999999999977	0
     0.241333333333331	0
    0.2416666666666643	0
    0.2419999999999976	0
     0.242333333333331	0
    0.2426666666666643	0
    0.2429999999999976	0
    0.2433333333333309	0
    0.2436666666666643	0
    0.2439999999999976	0
    0.2443333333333309	0
    0.2446666666666642	0
    0.2449999999999976	0
    0.2453333333333309	0
    0.2456666666666642	0
    0.2459999999999975	0
    0.2463333333333309	0
    0.2466666666666642	0
    0.2469999999999975	0
    0.2473333333333308	0
    0.2476666666666641	0
    0.2479999999999975	0
    0.2483333333333308	0
    0.2486666666666641	0
    0.2489999999999974	0
    0.2493333333333308	0
    0.2496666666666641	0
    0.2499999999999974	0
    0.2503333333333307	0
    0.2506666666666641	0
    0.2509999999999974	0
    0.2513333333333308	0
    0.2516666666666642	0
    0.2519999999999975	0
    0.2523333333333309	0
    0.2526666666666642	0
    0.2529999999999976	0
    0.2533333333333309	0
    0.2536666666666643	0
    0.2539999999999976	0
     0.254333333333331	0
    0.2546666666666643	0
    0.2549999999999977	0
     0.255333333333331	0
    0.2556666666666644	0
    0.2559999999999977	0
    0.2563333333333311	0
    0.2566666666666644	0
    0.2569999999999978	0
    0.2573333333333311	0
    0.2576666666666645	0
    0.2579999999999978	0
    0.2583333333333312	0
    0.2586666666666645	0
    0.2589999999999979	0
    0.2593333333333313	0
    0.2596666666666646	0
     0.259999999999998	0
    0.2603333333333313	0
    0.2606666666666647	0
     0.260999999999998	0
    0.2613333333333314	0
    0.2616666666666647	0
    0.2619999999999981	0
    0.2623333333333314	0
    0.2626666666666648	0
    0.2629999999999981	0
    0.2633333333333315	0
    0.2636666666666648	0
    0.2639999999999982	0
    0.2643333333333315	0
    0.2646666666666649	0
    0.2649999999999982	0
    0.2653333333333316	0
    0.2656666666666649	0
    0.2659999999999983	0
    0.2663333333333316	0
     0.266666666666665	0
    0.2669999999999983	0
    0.2673333333333317	0
    0.2676666666666651	0
    0.2679999999999984	0
    0.2683333333333318	0
    0.2686666666666651	0
    0.2689999999999985	0
    0.2693333333333318	0
    0.2696666666666652	0
    0.2699999999999985	0
    0.2703333333333319	0
    0.2706666666666652	0
    0.2709999999999986	0
    0.2713333333333319	0
    0.2716666666666653	0
    0.2719999999999986	0
     0.272333333333332	0
    0.2726666666666653	0
    0.2729999999999987	0
     0.273333333333332	0
    0.2736666666666654	0
    0.2739999999999987	0
    0.2743333333333321	0
    0.2746666666666654	0
    0.2749999999999988	0
    0.2753333333333322	0
    0.2756666666666655	0
    0.2759999999999989	0
    0.2763333333333322	0
    0.2766666666666656	0
    0.2769999999999989	0
    0.2773333333333323	0
    0.2776666666666656	0
     0.277999999999999	0
    0.2783333333333323	0
    0.2786666666666657	0
     0.278999999999999	0
    0.2793333333333324	0
    0.2796666666666657	0
    0.2799999999999991	0
    0.2803333333333324	0
    0.2806666666666658	0
    0.2809999999999991	0
    0.2813333333333325	0
    0.2816666666666658	0
    0.2819999999999992	0
    0.2823333333333325	0
    0.2826666666666659	0
    0.2829999999999993	0
    0.2833333333333326	0
     0.283666666666666	0
    0.2839999999999993	0
    0.2843333333333327	0
     0.284666666666666	0
    0.2849999999999994	0
    0.2853333333333327	0
    0.2856666666666661	0
    0.2859999999999994	0
    0.2863333333333328	0
    0.2866666666666661	0
    0.2869999999999995	0
    0.2873333333333328	0
    0.2876666666666662	0
    0.2879999999999995	0
    0.2883333333333329	0
    0.2886666666666662	0
    0.2889999999999996	0
    0.2893333333333329	0
    0.2896666666666663	0
    0.2899999999999996	0
     0.290333333333333	0
    0.2906666666666664	0
    0.2909999999999997	0
    0.2913333333333331	0
    0.2916666666666664	0
    0.2919999999999998	0
    0.2923333333333331	0
    0.2926666666666665	0
    0.2929999999999998	0
    0.2933333333333332	0
    0.2936666666666665	0
    0.2939999999999999	0
    0.2943333333333332	0
    0.2946666666666666	0
    0.2949999999999999	0
    0.2953333333333333	0
    0.2956666666666666	0
                 0.296	0
    0.2963333333333333	0
    0.2966666666666667	0
                 0.297	0
    0.2973333333333334	0
    0.2976666666666667	0
    0.2980000000000001	0
    0.2983333333333335	0
    0.2986666666666668	0
    0.2990000000000002	0
    0.2993333333333335	0
    0.2996666666666669	0
    0.3000000000000002	0
    0.3003333333333336	0
    0.3006666666666669	0
    0.3010000000000003	0
    0.3013333333333336	0
     0.301666666666667	0
    0.3020000000000003	0
    0.3023333333333337	0
     0.302666666666667	0
    0.3030000000000004	0
    0.3033333333333337	0
    0.3036666666666671	0
    0.3040000000000004	0
    0.3043333333333338	0
    0.3046666666666671	0
    0.3050000000000005	0
    0.3053333333333338	0
    0.3056666666666672	0
    0.3060000000000005	0
    0.3063333333333339	0
    0.3066666666666673	0
    0.3070000000000006	0
     0.307333333333334	0
    0.3076666666666673	0
    0.3080000000000007	0
     0.308333333333334	0
    0.3086666666666674	0
    0.3090000000000007	0
    0.3093333333333341	0
    0.3096666666666674	0
    0.3100000000000008	0
    0.3103333333333341	0
    0.3106666666666675	0
    0.3110000000000008	0
    0.3113333333333342	0
    0.3116666666666675	0
    0.3120000000000009	0
    0.3123333333333342	0
    0.3126666666666676	0
    0.3130000000000009	0
    0.3133333333333343	0
    0.3136666666666676	0
     0.314000000000001	0
    0.3143333333333344	0
    0.3146666666666677	0
    0.3150000000000011	0
    0.3153333333333344	0
    0.3156666666666678	0
    0.3160000000000011	0
    0.3163333333333345	0
    0.3166666666666678	0
    0.3170000000000012	0
    0.3173333333333345	0
    0.3176666666666679	0
    0.3180000000000012	0
    0.3183333333333346	0
    0.3186666666666679	0
    0.3190000000000013	0
    0.3193333333333346	0
     0.319666666666668	0
    0.3200000000000013	0
    0.3203333333333347	0
     0.320666666666668	0
    0.3210000000000014	0
    0.3213333333333347	0
    0.3216666666666681	0
    0.3220000000000015	0
    0.3223333333333348	0
    0.3226666666666682	0
    0.3230000000000015	0
    0.3233333333333349	0
    0.3236666666666682	0
    0.3240000000000016	0
    0.3243333333333349	0
    0.3246666666666683	0
    0.3250000000000016	0
     0.325333333333335	0
    0.3256666666666683	0
    0.3260000000000017	0
     0.326333333333335	0
    0.3266666666666684	0
    0.3270000000000017	0
    0.3273333333333351	0
    0.3276666666666684	0
    0.3280000000000018	0
    0.3283333333333351	0
    0.3286666666666685	0
    0.3290000000000018	0
    0.3293333333333352	0
    0.3296666666666686	0
    0.3300000000000019	0
    0.3303333333333353	0
    0.3306666666666686	0
     0.331000000000002	0
    0.3313333333333353	0
    0.3316666666666687	0
     0.332000000000002	0
    0.3323333333333354	0
    0.3326666666666687	0
    0.3330000000000021	0
    0.3333333333333354	0
    0.3336666666666688	0
    0.3340000000000021	0
    0.3343333333333355	0
    0.3346666666666688	0
    0.3350000000000022	0
    0.3353333333333355	0
    0.3356666666666689	0
    0.3360000000000022	0
    0.3363333333333356	0
    0.3366666666666689	0
    0.3370000000000023	0
    0.3373333333333356	0
     0.337666666666669	0
    0.3380000000000024	0
    0.3383333333333357	0
    0.3386666666666691	0
    0.3390000000000024	0
    0.3393333333333358	0
    0.3396666666666691	0
    0.3400000000000025	0
    0.3403333333333358	0
    0.3406666666666692	0
    0.3410000000000025	0
    0.3413333333333359	0
    0.3416666666666692	0
    0.3420000000000026	0
    0.3423333333333359	0
    0.3426666666666693	0
    0.3430000000000026	0
     0.343333333333336	0
    0.3436666666666693	0
    0.3440000000000027	0
     0.344333333333336	0
    0.3446666666666694	0
    0.3450000000000027	0
    0.3453333333333361	0
    0.3456666666666695	0
    0.3460000000000028	0
    0.3463333333333362	0
    0.3466666666666695	0
    0.3470000000000029	0
    0.3473333333333362	0
    0.3476666666666696	0
    0.3480000000000029	0
    0.3483333333333363	0
    0.3486666666666696	0
     0.349000000000003	0
    0.3493333333333363	0
    0.3496666666666697	0
     0.350000000000003	0
    0.3503333333333364	0
    0.3506666666666697	0
    0.3510000000000031	0
    0.3513333333333364	0
    0.3516666666666698	0
    0.3520000000000031	0
    0.3523333333333365	0
    0.3526666666666698	0
    0.3530000000000032	0
    0.3533333333333366	0
    0.3536666666666699	0
    0.3540000000000033	0
    0.3543333333333366	0
      0.35466666666667	0
    0.3550000000000033	0
    0.3553333333333367	0
      0.35566666666667	0
    0.3560000000000034	0
    0.3563333333333367	0
    0.3566666666666701	0
    0.3570000000000034	0
    0.3573333333333368	0
    0.3576666666666701	0
    0.3580000000000035	0
    0.3583333333333368	0
    0.3586666666666702	0
    0.3590000000000035	0
    0.3593333333333369	0
    0.3596666666666702	0
    0.3600000000000036	0
    0.3603333333333369	0
    0.3606666666666703	0
    0.3610000000000037	0
     0.361333333333337	0
    0.3616666666666704	0
    0.3620000000000037	0
    0.3623333333333371	0
    0.3626666666666704	0
    0.3630000000000038	0
    0.3633333333333371	0
    0.3636666666666705	0
    0.3640000000000038	0
    0.3643333333333372	0
    0.3646666666666705	0
    0.3650000000000039	0
    0.3653333333333372	0
    0.3656666666666706	0
    0.3660000000000039	0
    0.3663333333333373	0
    0.3666666666666706	0
     0.367000000000004	0
    0.3673333333333373	0
    0.3676666666666707	0
     0.368000000000004	0
    0.3683333333333374	0
    0.3686666666666708	0
    0.3690000000000041	0
    0.3693333333333375	0
    0.3696666666666708	0
    0.3700000000000042	0
    0.3703333333333375	0
    0.3706666666666709	0
    0.3710000000000042	0
    0.3713333333333376	0
    0.3716666666666709	0
    0.3720000000000043	0
    0.3723333333333376	0
     0.372666666666671	0
    0.3730000000000043	0
    0.3733333333333377	0
     0.373666666666671	0
    0.3740000000000044	0
    0.3743333333333377	0
    0.3746666666666711	0
    0.3750000000000044	0
    0.3753333333333378	0
    0.3756666666666711	0
    0.3760000000000045	0
    0.3763333333333378	0
    0.3766666666666712	0
    0.3770000000000046	0
    0.3773333333333379	0
    0.3776666666666713	0
    0.3780000000000046	0
     0.378333333333338	0
    0.3786666666666713	0
    0.3790000000000047	0
     0.379333333333338	0
    0.3796666666666714	0
    0.3800000000000047	0
    0.3803333333333381	0
    0.3806666666666714	0
    0.3810000000000048	0
    0.3813333333333381	0
    0.3816666666666715	0
    0.3820000000000048	0
    0.3823333333333382	0
    0.3826666666666715	0
    0.3830000000000049	0
    0.3833333333333382	0
    0.3836666666666716	0
    0.3840000000000049	0
    0.3843333333333383	0
    0.3846666666666717	0
     0.385000000000005	0
    0.3853333333333384	0
    0.3856666666666717	0
    0.3860000000000051	0
    0.3863333333333384	0
    0.3866666666666718	0
    0.3870000000000051	0
    0.3873333333333385	0
    0.3876666666666718	0
    0.3880000000000052	0
    0.3883333333333385	0
    0.3886666666666719	0
    0.3890000000000052	0
    0.3893333333333386	0
    0.3896666666666719	0
    0.3900000000000053	0
    0.3903333333333386	0
     0.390666666666672	0
    0.3910000000000053	0
    0.3913333333333387	0
     0.391666666666672	0
    0.3920000000000054	0
    0.3923333333333388	0
    0.3926666666666721	0
    0.3930000000000055	0
    0.3933333333333388	0
    0.3936666666666722	0
    0.3940000000000055	0
    0.3943333333333389	0
    0.3946666666666722	0
    0.3950000000000056	0
    0.3953333333333389	0
    0.3956666666666723	0
    0.3960000000000056	0
     0.396333333333339	0
    0.3966666666666723	0
    0.3970000000000057	0
     0.397333333333339	0
    0.3976666666666724	0
    0.3980000000000057	0
    0.3983333333333391	0
    0.3986666666666724	0
    0.3990000000000058	0
    0.3993333333333391	0
    0.3996666666666725	0
    0.4000000000000059	0
    0.4003333333333392	0
    0.4006666666666726	0
    0.4010000000000059	0
    0.4013333333333393	0
    0.4016666666666726	0
     0.402000000000006	0
    0.4023333333333393	0
    0.4026666666666727	0
     0.403000000000006	0
    0.4033333333333394	0
    0.4036666666666727	0
    0.4040000000000061	0
    0.4043333333333394	0
    0.4046666666666728	0
    0.4050000000000061	0
    0.4053333333333395	0
    0.4056666666666728	0
    0.4060000000000062	0
    0.4063333333333395	0
    0.4066666666666729	0
    0.4070000000000062	0
    0.4073333333333396	0
    0.4076666666666729	0
    0.4080000000000063	0
    0.4083333333333397	0
     0.408666666666673	0
    0.4090000000000064	0
    0.4093333333333397	0
    0.4096666666666731	0
    0.4100000000000064	0
    0.4103333333333398	0
    0.4106666666666731	0
    0.4110000000000065	0
    0.4113333333333398	0
    0.4116666666666732	0
    0.4120000000000065	0
    0.4123333333333399	0
    0.4126666666666732	0
    0.4130000000000066	0
    0.4133333333333399	0
    0.4136666666666733	0
    0.4140000000000066	0
      0.41433333333334	0
    0.4146666666666733	0
    0.4150000000000067	0
      0.41533333333334	0
    0.4156666666666734	0
    0.4160000000000068	0
    0.4163333333333401	0
    0.4166666666666735	0
    0.4170000000000068	0
    0.4173333333333402	0
    0.4176666666666735	0
    0.4180000000000069	0
    0.4183333333333402	0
    0.4186666666666736	0
    0.4190000000000069	0
    0.4193333333333403	0
    0.4196666666666736	0
     0.420000000000007	0
    0.4203333333333403	0
    0.4206666666666737	0
     0.421000000000007	0
    0.4213333333333404	0
    0.4216666666666737	0
    0.4220000000000071	0
    0.4223333333333404	0
    0.4226666666666738	0
    0.4230000000000071	0
    0.4233333333333405	0
    0.4236666666666739	0
    0.4240000000000072	0
    0.4243333333333406	0
    0.4246666666666739	0
    0.4250000000000073	0
    0.4253333333333406	0
     0.425666666666674	0
    0.4260000000000073	0
    0.4263333333333407	0
     0.426666666666674	0
    0.4270000000000074	0
    0.4273333333333407	0
    0.4276666666666741	0
    0.4280000000000074	0
    0.4283333333333408	0
    0.4286666666666741	0
    0.4290000000000075	0
    0.4293333333333408	0
    0.4296666666666742	0
    0.4300000000000075	0
    0.4303333333333409	0
    0.4306666666666742	0
    0.4310000000000076	0
     0.431333333333341	0
    0.4316666666666743	0
    0.4320000000000077	0
     0.432333333333341	0
    0.4326666666666744	0
    0.4330000000000077	0
    0.4333333333333411	0
    0.4336666666666744	0
    0.4340000000000078	0
    0.4343333333333411	0
    0.4346666666666745	0
    0.4350000000000078	0
    0.4353333333333412	0
    0.4356666666666745	0
    0.4360000000000079	0
    0.4363333333333412	0
    0.4366666666666746	0
    0.4370000000000079	0
    0.4373333333333413	0
    0.4376666666666746	0
     0.438000000000008	0
    0.4383333333333413	0
    0.4386666666666747	0
    0.4390000000000081	0
    0.4393333333333414	0
    0.4396666666666748	0
    0.4400000000000081	0
    0.4403333333333415	0
    0.4406666666666748	0
    0.4410000000000082	0
    0.4413333333333415	0
    0.4416666666666749	0
    0.4420000000000082	0
    0.4423333333333416	0
    0.4426666666666749	0
    0.4430000000000083	0
    0.4433333333333416	0
     0.443666666666675	0
    0.4440000000000083	0
    0.4443333333333417	0
     0.444666666666675	0
    0.4450000000000084	0
    0.4453333333333417	0
    0.4456666666666751	0
    0.4460000000000084	0
    0.4463333333333418	0
    0.4466666666666751	0
    0.4470000000000085	0
    0.4473333333333419	0
    0.4476666666666752	0
    0.4480000000000086	0
    0.4483333333333419	0
    0.4486666666666753	0
    0.4490000000000086	0
     0.449333333333342	0
    0.4496666666666753	0
    0.4500000000000087	0
     0.450333333333342	0
    0.4506666666666754	0
    0.4510000000000087	0
    0.4513333333333421	0
    0.4516666666666754	0
    0.4520000000000088	0
    0.4523333333333421	0
    0.4526666666666755	0
    0.4530000000000088	0
    0.4533333333333422	0
    0.4536666666666755	0
    0.4540000000000089	0
    0.4543333333333422	0
    0.4546666666666756	0
     0.455000000000009	0
    0.4553333333333423	0
    0.4556666666666757	0
     0.456000000000009	0
    0.4563333333333424	0
    0.4566666666666757	0
    0.4570000000000091	0
    0.4573333333333424	0
    0.4576666666666758	0
    0.4580000000000091	0
    0.4583333333333425	0
    0.4586666666666758	0
    0.4590000000000092	0
    0.4593333333333425	0
    0.4596666666666759	0
    0.4600000000000092	0
    0.4603333333333426	0
    0.4606666666666759	0
    0.4610000000000093	0
    0.4613333333333426	0
     0.461666666666676	0
    0.4620000000000093	0
    0.4623333333333427	0
    0.4626666666666761	0
    0.4630000000000094	0
    0.4633333333333428	0
    0.4636666666666761	0
    0.4640000000000095	0
    0.4643333333333428	0
    0.4646666666666762	0
    0.4650000000000095	0
    0.4653333333333429	0
    0.4656666666666762	0
    0.4660000000000096	0
    0.4663333333333429	0
    0.4666666666666763	0
    0.4670000000000096	0
     0.467333333333343	0
    0.4676666666666763	0
    0.4680000000000097	0
     0.468333333333343	0
    0.4686666666666764	0
    0.4690000000000097	0
    0.4693333333333431	0
    0.4696666666666764	0
    0.4700000000000098	0
    0.4703333333333432	0
    0.4706666666666765	0
    0.4710000000000099	0
    0.4713333333333432	0
    0.4716666666666766	0
    0.4720000000000099	0
    0.4723333333333433	0
    0.4726666666666766	0
      0.47300000000001	0
    0.4733333333333433	0
    0.4736666666666767	0
      0.47400000000001	0
    0.4743333333333434	0
    0.4746666666666767	0
    0.4750000000000101	0
    0.4753333333333434	0
    0.4756666666666768	0
    0.4760000000000101	0
    0.4763333333333435	0
    0.4766666666666768	0
    0.4770000000000102	0
    0.4773333333333435	0
    0.4776666666666769	0
    0.4780000000000103	0
    0.4783333333333436	0
     0.478666666666677	0
    0.4790000000000103	0
    0.4793333333333437	0
     0.479666666666677	0
    0.4800000000000104	0
    0.4803333333333437	0
    0.4806666666666771	0
    0.4810000000000104	0
    0.4813333333333438	0
    0.4816666666666771	0
    0.4820000000000105	0
    0.4823333333333438	0
    0.4826666666666772	0
    0.4830000000000105	0
    0.4833333333333439	0
    0.4836666666666772	0
    0.4840000000000106	0
    0.4843333333333439	0
    0.4846666666666773	0
    0.4850000000000106	0
     0.485333333333344	0
    0.4856666666666773	0
    0.4860000000000107	0
    0.4863333333333441	0
    0.4866666666666774	0
    0.4870000000000108	0
    0.4873333333333441	0
    0.4876666666666775	0
    0.4880000000000108	0
    0.4883333333333442	0
    0.4886666666666775	0
    0.4890000000000109	0
    0.4893333333333442	0
    0.4896666666666776	0
    0.4900000000000109	0
    0.4903333333333443	0
    0.4906666666666776	0
     0.491000000000011	0
    0.4913333333333443	0
    0.4916666666666777	0
     0.492000000000011	0
    0.4923333333333444	0
    0.4926666666666777	0
    0.4930000000000111	0
    0.4933333333333444	0
    0.4936666666666778	0
    0.4940000000000112	0
    0.4943333333333445	0
    0.4946666666666779	0
    0.4950000000000112	0
    0.4953333333333446	0
    0.4956666666666779	0
    0.4960000000000113	0
    0.4963333333333446	0
     0.496666666666678	0
    0.4970000000000113	0
    0.4973333333333447	0
     0.497666666666678	0
    0.4980000000000114	0
    0.4983333333333447	0
    0.4986666666666781	0
    0.4990000000000114	0
    0.4993333333333448	0
    0.4996666666666781	0
    0.5000000000000114	0
    0.5003333333333447	0
     0.500666666666678	0
    0.5010000000000113	0
    0.5013333333333446	0
    0.5016666666666779	0
    0.5020000000000112	0
    0.5023333333333445	0
    0.5026666666666778	0
    0.5030000000000111	0
    0.5033333333333444	0
    0.5036666666666777	0
     0.504000000000011	0
    0.5043333333333443	0
    0.5046666666666776	0
    0.5050000000000109	0
    0.5053333333333442	0
    0.5056666666666775	0
    0.5060000000000108	0
    0.5063333333333441	0
    0.5066666666666774	0
    0.5070000000000107	0
     0.507333333333344	0
    0.5076666666666773	0
    0.5080000000000106	0
    0.5083333333333439	0
    0.5086666666666771	0
    0.5090000000000104	0
    0.5093333333333437	0
     0.509666666666677	0
    0.5100000000000103	0
    0.5103333333333436	0
    0.5106666666666769	0
    0.5110000000000102	0
    0.5113333333333435	0
    0.5116666666666768	0
    0.5120000000000101	0
    0.5123333333333434	0
    0.5126666666666767	0
      0.51300000000001	0
    0.5133333333333433	0
    0.5136666666666766	0
    0.5140000000000099	0
    0.5143333333333432	0
    0.5146666666666765	0
    0.5150000000000098	0
    0.5153333333333431	0
    0.5156666666666764	0
    0.5160000000000097	0
     0.516333333333343	0
    0.5166666666666763	0
    0.5170000000000096	0
    0.5173333333333429	0
    0.5176666666666762	0
    0.5180000000000095	0
    0.5183333333333427	0
     0.518666666666676	0
    0.5190000000000093	0
    0.5193333333333426	0
    0.5196666666666759	0
    0.5200000000000092	0
    0.5203333333333425	0
    0.5206666666666758	0
    0.5210000000000091	0
    0.5213333333333424	0
    0.5216666666666757	0
     0.522000000000009	0
    0.5223333333333423	0
    0.5226666666666756	0
    0.5230000000000089	0
    0.5233333333333422	0
    0.5236666666666755	0
    0.5240000000000088	0
    0.5243333333333421	0
    0.5246666666666754	0
    0.5250000000000087	0
     0.525333333333342	0
    0.5256666666666753	0
    0.5260000000000086	0
    0.5263333333333419	0
    0.5266666666666752	0
    0.5270000000000085	0
    0.5273333333333418	0
    0.5276666666666751	0
    0.5280000000000084	0
    0.5283333333333416	0
    0.5286666666666749	0
    0.5290000000000082	0
    0.5293333333333415	0
    0.5296666666666748	0
    0.5300000000000081	0
    0.5303333333333414	0
    0.5306666666666747	0
     0.531000000000008	0
    0.5313333333333413	0
    0.5316666666666746	0
    0.5320000000000079	0
    0.5323333333333412	0
    0.5326666666666745	0
    0.5330000000000078	0
    0.5333333333333411	0
    0.5336666666666744	0
    0.5340000000000077	0
     0.534333333333341	0
    0.5346666666666743	0
    0.5350000000000076	0
    0.5353333333333409	0
    0.5356666666666742	0
    0.5360000000000075	0
    0.5363333333333408	0
    0.5366666666666741	0
    0.5370000000000074	0
    0.5373333333333407	0
     0.537666666666674	0
    0.5380000000000073	0
    0.5383333333333405	0
    0.5386666666666738	0
    0.5390000000000071	0
    0.5393333333333404	0
    0.5396666666666737	0
     0.540000000000007	0
    0.5403333333333403	0
    0.5406666666666736	0
    0.5410000000000069	0
    0.5413333333333402	0
    0.5416666666666735	0
    0.5420000000000068	0
    0.5423333333333401	0
    0.5426666666666734	0
    0.5430000000000067	0
      0.54333333333334	0
    0.5436666666666733	0
    0.5440000000000066	0
    0.5443333333333399	0
    0.5446666666666732	0
    0.5450000000000065	0
    0.5453333333333398	0
    0.5456666666666731	0
    0.5460000000000064	0
    0.5463333333333397	0
     0.546666666666673	0
    0.5470000000000063	0
    0.5473333333333396	0
    0.5476666666666729	0
    0.5480000000000061	0
    0.5483333333333394	0
    0.5486666666666727	0
     0.549000000000006	0
    0.5493333333333393	0
    0.5496666666666726	0
    0.5500000000000059	0
    0.5503333333333392	0
    0.5506666666666725	0
    0.5510000000000058	0
    0.5513333333333391	0
    0.5516666666666724	0
    0.5520000000000057	0
     0.552333333333339	0
    0.5526666666666723	0
    0.5530000000000056	0
    0.5533333333333389	0
    0.5536666666666722	0
    0.5540000000000055	0
    0.5543333333333388	0
    0.5546666666666721	0
    0.5550000000000054	0
    0.5553333333333387	0
     0.555666666666672	0
    0.5560000000000053	0
    0.5563333333333386	0
    0.5566666666666719	0
    0.5570000000000052	0
    0.5573333333333385	0
    0.5576666666666718	0
     0.558000000000005	0
    0.5583333333333383	0
    0.5586666666666716	0
    0.5590000000000049	0
    0.5593333333333382	0
    0.5596666666666715	0
    0.5600000000000048	0
    0.5603333333333381	0
    0.5606666666666714	0
    0.5610000000000047	0
     0.561333333333338	0
    0.5616666666666713	0
    0.5620000000000046	0
    0.5623333333333379	0
    0.5626666666666712	0
    0.5630000000000045	0
    0.5633333333333378	0
    0.5636666666666711	0
    0.5640000000000044	0
    0.5643333333333377	0
     0.564666666666671	0
    0.5650000000000043	0
    0.5653333333333376	0
    0.5656666666666709	0
    0.5660000000000042	0
    0.5663333333333375	0
    0.5666666666666708	0
    0.5670000000000041	0
    0.5673333333333374	0
    0.5676666666666706	0
    0.5680000000000039	0
    0.5683333333333372	0
    0.5686666666666705	0
    0.5690000000000038	0
    0.5693333333333371	0
    0.5696666666666704	0
    0.5700000000000037	0
     0.570333333333337	0
    0.5706666666666703	0
    0.5710000000000036	0
    0.5713333333333369	0
    0.5716666666666702	0
    0.5720000000000035	0
    0.5723333333333368	0
    0.5726666666666701	0
    0.5730000000000034	0
    0.5733333333333367	0
      0.57366666666667	0
    0.5740000000000033	0
    0.5743333333333366	0
    0.5746666666666699	0
    0.5750000000000032	0
    0.5753333333333365	0
    0.5756666666666698	0
    0.5760000000000031	0
    0.5763333333333364	0
    0.5766666666666697	0
     0.577000000000003	0
    0.5773333333333363	0
    0.5776666666666695	0
    0.5780000000000028	0
    0.5783333333333361	0
    0.5786666666666694	0
    0.5790000000000027	0
     0.579333333333336	0
    0.5796666666666693	0
    0.5800000000000026	0
    0.5803333333333359	0
    0.5806666666666692	0
    0.5810000000000025	0
    0.5813333333333358	0
    0.5816666666666691	0
    0.5820000000000024	0
    0.5823333333333357	0
     0.582666666666669	0
    0.5830000000000023	0
    0.5833333333333356	0
    0.5836666666666689	0
    0.5840000000000022	0
    0.5843333333333355	0
    0.5846666666666688	0
    0.5850000000000021	0
    0.5853333333333354	0
    0.5856666666666687	0
     0.586000000000002	0
    0.5863333333333353	0
    0.5866666666666686	0
    0.5870000000000019	0
    0.5873333333333352	0
    0.5876666666666684	0
    0.5880000000000017	0
     0.588333333333335	0
    0.5886666666666683	0
    0.5890000000000016	0
    0.5893333333333349	0
    0.5896666666666682	0
    0.5900000000000015	0
    0.5903333333333348	0
    0.5906666666666681	0
    0.5910000000000014	0
    0.5913333333333347	0
     0.591666666666668	0
    0.5920000000000013	0
    0.5923333333333346	0
    0.5926666666666679	0
    0.5930000000000012	0
    0.5933333333333345	0
    0.5936666666666678	0
    0.5940000000000011	0
    0.5943333333333344	0
    0.5946666666666677	0
     0.595000000000001	0
    0.5953333333333343	0
    0.5956666666666676	0
    0.5960000000000009	0
    0.5963333333333342	0
    0.5966666666666675	0
    0.5970000000000008	0
     0.597333333333334	0
    0.5976666666666673	0
    0.5980000000000006	0
    0.5983333333333339	0
    0.5986666666666672	0
    0.5990000000000005	0
    0.5993333333333338	0
    0.5996666666666671	0
    0.6000000000000004	0
    0.6003333333333337	0
     0.600666666666667	0
    0.6010000000000003	0
    0.6013333333333336	0
    0.6016666666666669	0
    0.6020000000000002	0
    0.6023333333333335	0
    0.6026666666666668	0
    0.6030000000000001	0
    0.6033333333333334	0
    0.6036666666666667	0
                 0.604	0
    0.6043333333333333	0
    0.6046666666666666	0
    0.6049999999999999	0
    0.6053333333333332	0
    0.6056666666666665	0
    0.6059999999999998	0
    0.6063333333333331	0
    0.6066666666666664	0
    0.6069999999999997	0
    0.6073333333333329	0
    0.6076666666666662	0
    0.6079999999999995	0
    0.6083333333333328	0
    0.6086666666666661	0
    0.6089999999999994	0
    0.6093333333333327	0
     0.609666666666666	0
    0.6099999999999993	0
    0.6103333333333326	0
    0.6106666666666659	0
    0.6109999999999992	0
    0.6113333333333325	0
    0.6116666666666658	0
    0.6119999999999991	0
    0.6123333333333324	0
    0.6126666666666657	0
     0.612999999999999	0
    0.6133333333333323	0
    0.6136666666666656	0
    0.6139999999999989	0
    0.6143333333333322	0
    0.6146666666666655	0
    0.6149999999999988	0
    0.6153333333333321	0
    0.6156666666666654	0
    0.6159999999999987	0
     0.616333333333332	0
    0.6166666666666653	0
    0.6169999999999985	0
    0.6173333333333318	0
    0.6176666666666651	0
    0.6179999999999984	0
    0.6183333333333317	0
     0.618666666666665	0
    0.6189999999999983	0
    0.6193333333333316	0
    0.6196666666666649	0
    0.6199999999999982	0
    0.6203333333333315	0
    0.6206666666666648	0
    0.6209999999999981	0
    0.6213333333333314	0
    0.6216666666666647	0
     0.621999999999998	0
    0.6223333333333313	0
    0.6226666666666646	0
    0.6229999999999979	0
    0.6233333333333312	0
    0.6236666666666645	0
    0.6239999999999978	0
    0.6243333333333311	0
    0.6246666666666644	0
    0.6249999999999977	0
     0.625333333333331	0
    0.6256666666666643	0
    0.6259999999999976	0
    0.6263333333333309	0
    0.6266666666666642	0
    0.6269999999999974	0
    0.6273333333333307	0
     0.627666666666664	0
    0.6279999999999973	0
    0.6283333333333306	0
    0.6286666666666639	0
    0.6289999999999972	0
    0.6293333333333305	0
    0.6296666666666638	0
    0.6299999999999971	0
    0.6303333333333304	0
    0.6306666666666637	0
     0.630999999999997	0
    0.6313333333333303	0
    0.6316666666666636	0
    0.6319999999999969	0
    0.6323333333333302	0
    0.6326666666666635	0
    0.6329999999999968	0
    0.6333333333333301	0
    0.6336666666666634	0
    0.6339999999999967	0
      0.63433333333333	0
    0.6346666666666633	0
    0.6349999999999966	0
    0.6353333333333299	0
    0.6356666666666632	0
    0.6359999999999965	0
    0.6363333333333298	0
    0.6366666666666631	0
    0.6369999999999963	0
    0.6373333333333296	0
    0.6376666666666629	0
    0.6379999999999962	0
    0.6383333333333295	0
    0.6386666666666628	0
    0.6389999999999961	0
    0.6393333333333294	0
    0.6396666666666627	0
     0.639999999999996	0
    0.6403333333333293	0
    0.6406666666666626	0
    0.6409999999999959	0
    0.6413333333333292	0
    0.6416666666666625	0
    0.6419999999999958	0
    0.6423333333333291	0
    0.6426666666666624	0
    0.6429999999999957	0
     0.643333333333329	0
    0.6436666666666623	0
    0.6439999999999956	0
    0.6443333333333289	0
    0.6446666666666622	0
    0.6449999999999955	0
    0.6453333333333288	0
    0.6456666666666621	0
    0.6459999999999954	0
    0.6463333333333287	0
    0.6466666666666619	0
    0.6469999999999952	0
    0.6473333333333285	0
    0.6476666666666618	0
    0.6479999999999951	0
    0.6483333333333284	0
    0.6486666666666617	0
     0.648999999999995	0
    0.6493333333333283	0
    0.6496666666666616	0
    0.6499999999999949	0
    0.6503333333333282	0
    0.6506666666666615	0
    0.6509999999999948	0
    0.6513333333333281	0
    0.6516666666666614	0
    0.6519999999999947	0
     0.652333333333328	0
    0.6526666666666613	0
    0.6529999999999946	0
    0.6533333333333279	0
    0.6536666666666612	0
    0.6539999999999945	0
    0.6543333333333278	0
    0.6546666666666611	0
    0.6549999999999944	0
    0.6553333333333277	0
     0.655666666666661	0
    0.6559999999999943	0
    0.6563333333333276	0
    0.6566666666666608	0
    0.6569999999999941	0
    0.6573333333333274	0
    0.6576666666666607	0
     0.657999999999994	0
    0.6583333333333273	0
    0.6586666666666606	0
    0.6589999999999939	0
    0.6593333333333272	0
    0.6596666666666605	0
    0.6599999999999938	0
    0.6603333333333271	0
    0.6606666666666604	0
    0.6609999999999937	0
     0.661333333333327	0
    0.6616666666666603	0
    0.6619999999999936	0
    0.6623333333333269	0
    0.6626666666666602	0
    0.6629999999999935	0
    0.6633333333333268	0
    0.6636666666666601	0
    0.6639999999999934	0
    0.6643333333333267	0
      0.66466666666666	0
    0.6649999999999933	0
    0.6653333333333266	0
    0.6656666666666599	0
    0.6659999999999932	0
    0.6663333333333264	0
    0.6666666666666597	0
     0.666999999999993	0
    0.6673333333333263	0
    0.6676666666666596	0
    0.6679999999999929	0
    0.6683333333333262	0
    0.6686666666666595	0
    0.6689999999999928	0
    0.6693333333333261	0
    0.6696666666666594	0
    0.6699999999999927	0
     0.670333333333326	0
    0.6706666666666593	0
    0.6709999999999926	0
    0.6713333333333259	0
    0.6716666666666592	0
    0.6719999999999925	0
    0.6723333333333258	0
    0.6726666666666591	0
    0.6729999999999924	0
    0.6733333333333257	0
     0.673666666666659	0
    0.6739999999999923	0
    0.6743333333333256	0
    0.6746666666666589	0
    0.6749999999999922	0
    0.6753333333333255	0
    0.6756666666666588	0
    0.6759999999999921	0
    0.6763333333333253	0
    0.6766666666666586	0
    0.6769999999999919	0
    0.6773333333333252	0
    0.6776666666666585	0
    0.6779999999999918	0
    0.6783333333333251	0
    0.6786666666666584	0
    0.6789999999999917	0
     0.679333333333325	0
    0.6796666666666583	0
    0.6799999999999916	0
    0.6803333333333249	0
    0.6806666666666582	0
    0.6809999999999915	0
    0.6813333333333248	0
    0.6816666666666581	0
    0.6819999999999914	0
    0.6823333333333247	0
     0.682666666666658	0
    0.6829999999999913	0
    0.6833333333333246	0
    0.6836666666666579	0
    0.6839999999999912	0
    0.6843333333333245	0
    0.6846666666666578	0
    0.6849999999999911	0
    0.6853333333333244	0
    0.6856666666666577	0
     0.685999999999991	0
    0.6863333333333242	0
    0.6866666666666575	0
    0.6869999999999908	0
    0.6873333333333241	0
    0.6876666666666574	0
    0.6879999999999907	0
     0.688333333333324	0
    0.6886666666666573	0
    0.6889999999999906	0
    0.6893333333333239	0
    0.6896666666666572	0
    0.6899999999999905	0
    0.6903333333333238	0
    0.6906666666666571	0
    0.6909999999999904	0
    0.6913333333333237	0
     0.691666666666657	0
    0.6919999999999903	0
    0.6923333333333236	0
    0.6926666666666569	0
    0.6929999999999902	0
    0.6933333333333235	0
    0.6936666666666568	0
    0.6939999999999901	0
    0.6943333333333234	0
    0.6946666666666567	0
      0.69499999999999	0
    0.6953333333333233	0
    0.6956666666666566	0
    0.6959999999999898	0
    0.6963333333333231	0
    0.6966666666666564	0
    0.6969999999999897	0
     0.697333333333323	0
    0.6976666666666563	0
    0.6979999999999896	0
    0.6983333333333229	0
    0.6986666666666562	0
    0.6989999999999895	0
    0.6993333333333228	0
    0.6996666666666561	0
    0.6999999999999894	0
    0.7003333333333227	0
     0.700666666666656	0
    0.7009999999999893	0
    0.7013333333333226	0
    0.7016666666666559	0
    0.7019999999999892	0
    0.7023333333333225	0
    0.7026666666666558	0
    0.7029999999999891	0
    0.7033333333333224	0
    0.7036666666666557	0
     0.703999999999989	0
    0.7043333333333223	0
    0.7046666666666556	0
    0.7049999999999889	0
    0.7053333333333222	0
    0.7056666666666555	0
    0.7059999999999887	0
     0.706333333333322	0
    0.7066666666666553	0
    0.7069999999999886	0
    0.7073333333333219	0
    0.7076666666666552	0
    0.7079999999999885	0
    0.7083333333333218	0
    0.7086666666666551	0
    0.7089999999999884	0
    0.7093333333333217	0
     0.709666666666655	0
    0.7099999999999883	0
    0.7103333333333216	0
    0.7106666666666549	0
    0.7109999999999882	0
    0.7113333333333215	0
    0.7116666666666548	0
    0.7119999999999881	0
    0.7123333333333214	0
    0.7126666666666547	0
     0.712999999999988	0
    0.7133333333333213	0
    0.7136666666666546	0
    0.7139999999999879	0
    0.7143333333333212	0
    0.7146666666666545	0
    0.7149999999999878	0
    0.7153333333333211	0
    0.7156666666666543	0
    0.7159999999999876	0
    0.7163333333333209	0
    0.7166666666666542	0
    0.7169999999999875	0
    0.7173333333333208	0
    0.7176666666666541	0
    0.7179999999999874	0
    0.7183333333333207	0
     0.718666666666654	0
    0.7189999999999873	0
    0.7193333333333206	0
    0.7196666666666539	0
    0.7199999999999872	0
    0.7203333333333205	0
    0.7206666666666538	0
    0.7209999999999871	0
    0.7213333333333204	0
    0.7216666666666537	0
     0.721999999999987	0
    0.7223333333333203	0
    0.7226666666666536	0
    0.7229999999999869	0
    0.7233333333333202	0
    0.7236666666666535	0
    0.7239999999999868	0
    0.7243333333333201	0
    0.7246666666666534	0
    0.7249999999999867	0
      0.72533333333332	0
    0.7256666666666532	0
    0.7259999999999865	0
    0.7263333333333198	0
    0.7266666666666531	0
    0.7269999999999864	0
    0.7273333333333197	0
     0.727666666666653	0
    0.7279999999999863	0
    0.7283333333333196	0
    0.7286666666666529	0
    0.7289999999999862	0
    0.7293333333333195	0
    0.7296666666666528	0
    0.7299999999999861	0
    0.7303333333333194	0
    0.7306666666666527	0
     0.730999999999986	0
    0.7313333333333193	0
    0.7316666666666526	0
    0.7319999999999859	0
    0.7323333333333192	0
    0.7326666666666525	0
    0.7329999999999858	0
    0.7333333333333191	0
    0.7336666666666524	0
    0.7339999999999857	0
     0.734333333333319	0
    0.7346666666666523	0
    0.7349999999999856	0
    0.7353333333333189	0
    0.7356666666666521	0
    0.7359999999999854	0
    0.7363333333333187	0
     0.736666666666652	0
    0.7369999999999853	0
    0.7373333333333186	0
    0.7376666666666519	0
    0.7379999999999852	0
    0.7383333333333185	0
    0.7386666666666518	0
    0.7389999999999851	0
    0.7393333333333184	0
    0.7396666666666517	0
     0.739999999999985	0
    0.7403333333333183	0
    0.7406666666666516	0
    0.7409999999999849	0
    0.7413333333333182	0
    0.7416666666666515	0
    0.7419999999999848	0
    0.7423333333333181	0
    0.7426666666666514	0
    0.7429999999999847	0
     0.743333333333318	0
    0.7436666666666513	0
    0.7439999999999846	0
    0.7443333333333179	0
    0.7446666666666512	0
    0.7449999999999845	0
    0.7453333333333177	0
     0.745666666666651	0
    0.7459999999999843	0
    0.7463333333333176	0
    0.7466666666666509	0
    0.7469999999999842	0
    0.7473333333333175	0
    0.7476666666666508	0
    0.7479999999999841	0
    0.7483333333333174	0
    0.7486666666666507	0
     0.748999999999984	0
    0.7493333333333173	0
    0.7496666666666506	0
    0.7499999999999839	0
    0.7503333333333172	0
    0.7506666666666505	0
    0.7509999999999838	0
    0.7513333333333171	0
    0.7516666666666504	0
    0.7519999999999837	0
     0.752333333333317	0
    0.7526666666666503	0
    0.7529999999999836	0
    0.7533333333333169	0
    0.7536666666666502	0
    0.7539999999999835	0
    0.7543333333333168	0
    0.7546666666666501	0
    0.7549999999999834	0
    0.7553333333333166	0
    0.7556666666666499	0
    0.7559999999999832	0
    0.7563333333333165	0
    0.7566666666666498	0
    0.7569999999999831	0
    0.7573333333333164	0
    0.7576666666666497	0
     0.757999999999983	0
    0.7583333333333163	0
    0.7586666666666496	0
    0.7589999999999829	0
    0.7593333333333162	0
    0.7596666666666495	0
    0.7599999999999828	0
    0.7603333333333161	0
    0.7606666666666494	0
    0.7609999999999827	0
     0.761333333333316	0
    0.7616666666666493	0
    0.7619999999999826	0
    0.7623333333333159	0
    0.7626666666666492	0
    0.7629999999999825	0
    0.7633333333333158	0
    0.7636666666666491	0
    0.7639999999999824	0
    0.7643333333333157	0
     0.764666666666649	0
    0.7649999999999822	0
    0.7653333333333155	0
    0.7656666666666488	0
    0.7659999999999821	0
    0.7663333333333154	0
    0.7666666666666487	0
     0.766999999999982	0
    0.7673333333333153	0
    0.7676666666666486	0
    0.7679999999999819	0
    0.7683333333333152	0
    0.7686666666666485	0
    0.7689999999999818	0
    0.7693333333333151	0
    0.7696666666666484	0
    0.7699999999999817	0
     0.770333333333315	0
    0.7706666666666483	0
    0.7709999999999816	0
    0.7713333333333149	0
    0.7716666666666482	0
    0.7719999999999815	0
    0.7723333333333148	0
    0.7726666666666481	0
    0.7729999999999814	0
    0.7733333333333147	0
     0.773666666666648	0
    0.7739999999999813	0
    0.7743333333333146	0
    0.7746666666666479	0
    0.7749999999999811	0
    0.7753333333333144	0
    0.7756666666666477	0
     0.775999999999981	0
    0.7763333333333143	0
    0.7766666666666476	0
    0.7769999999999809	0
    0.7773333333333142	0
    0.7776666666666475	0
    0.7779999999999808	0
    0.7783333333333141	0
    0.7786666666666474	0
    0.7789999999999807	0
     0.779333333333314	0
    0.7796666666666473	0
    0.7799999999999806	0
    0.7803333333333139	0
    0.7806666666666472	0
    0.7809999999999805	0
    0.7813333333333138	0
    0.7816666666666471	0
    0.7819999999999804	0
    0.7823333333333137	0
     0.782666666666647	0
    0.7829999999999803	0
    0.7833333333333136	0
    0.7836666666666469	0
    0.7839999999999802	0
    0.7843333333333135	0
    0.7846666666666468	0
      0.78499999999998	0
    0.7853333333333133	0
    0.7856666666666466	0
    0.7859999999999799	0
    0.7863333333333132	0
    0.7866666666666465	0
    0.7869999999999798	0
    0.7873333333333131	0
    0.7876666666666464	0
    0.7879999999999797	0
     0.788333333333313	0
    0.7886666666666463	0
    0.7889999999999796	0
    0.7893333333333129	0
    0.7896666666666462	0
    0.7899999999999795	0
    0.7903333333333128	0
    0.7906666666666461	0
    0.7909999999999794	0
    0.7913333333333127	0
     0.791666666666646	0
    0.7919999999999793	0
    0.7923333333333126	0
    0.7926666666666459	0
    0.7929999999999792	0
    0.7933333333333125	0
    0.7936666666666458	0
    0.7939999999999791	0
    0.7943333333333124	0
    0.7946666666666456	0
    0.7949999999999789	0
    0.7953333333333122	0
    0.7956666666666455	0
    0.7959999999999788	0
    0.7963333333333121	0
    0.7966666666666454	0
    0.7969999999999787	0
     0.797333333333312	0
    0.7976666666666453	0
    0.7979999999999786	0
    0.7983333333333119	0
    0.7986666666666452	0
    0.7989999999999785	0
    0.7993333333333118	0
    0.7996666666666451	0
    0.7999999999999784	0
    0.8003333333333117	0
     0.800666666666645	0
    0.8009999999999783	0
    0.8013333333333116	0
    0.8016666666666449	0
    0.8019999999999782	0
    0.8023333333333115	0
    0.8026666666666448	0
    0.8029999999999781	0
    0.8033333333333114	0
    0.8036666666666447	0
     0.803999999999978	0
    0.8043333333333113	0
    0.8046666666666445	0
    0.8049999999999778	0
    0.8053333333333111	0
    0.8056666666666444	0
    0.8059999999999777	0
     0.806333333333311	0
    0.8066666666666443	0
    0.8069999999999776	0
    0.8073333333333109	0
    0.8076666666666442	0
    0.8079999999999775	0
    0.8083333333333108	0
    0.8086666666666441	0
    0.8089999999999774	0
    0.8093333333333107	0
     0.809666666666644	0

     1.000333333333333	-1.198888921026186e-08
     1.000666666666667	-1.198888921026186e-08
                 1.001	-1.198888921026186e-08
     1.001333333333333	-1.198888921026186e-08
     1.001666666666666	-1.198888921026186e-08
                 1.002	-1.198888921026186e-08
     1.002333333333333	-1.198888921026186e-08
     1.002666666666666	-1.198888921026186e-08
                 1.003	-1.198888921026186e-08
     1.003333333333333	-1.198888921026186e-08
     1.003666666666666	-1.198888921026186e-08
                 1.004	-1.198888921026186e-08
     1.004333333333333	-1.198888921026186e-08
     1.004666666666666	-1.198888921026186e-08
     1.004999999999999	-1.198888921026186e-08
     1.005333333333333	-1.198888921026186e-08
     1.005666666666666	-1.198888921026186e-08
     1.005999999999999	-1.198888921026186e-08
     1.006333333333333	-1.198888921026186e-08
     1.006666666666666	-1.198888921026186e-08
     1.006999999999999	-1.198888921026186e-08
     1.007333333333333	-1.198888921026186e-08
     1.007666666666666	-1.198888921026186e-08
     1.007999999999999	-1.198888921026186e-08
     1.008333333333332	-1.198888921026186e-08
     1.008666666666666	-1.198888921026186e-08
     1.008999999999999	-1.198888921026186e-08
     1.009333333333332	-1.198888921026186e-08
     1.009666666666666	-1.198888921026186e-08
     1.009999999999999	-1.198888921026186e-08
     1.010333333333332	-1.198888921026186e-08
     1.010666666666665	-1.198888921026186e-08
     1.010999999999999	-1.198888921026186e-08
     1.011333333333332	-1.198888921026186e-08
     1.011666666666665	-1.198888921026186e-08
     1.011999999999999	-1.198888921026186e-08
     1.012333333333332	-1.198888921026186e-08
     1.012666666666665	-1.198888921026186e-08
     1.012999999999999	-1.198888921026186e-08
     1.013333333333332	-1.198888921026186e-08
     1.013666666666665	-1.198888921026186e-08
     1.013999999999998	-1.198888921026186e-08
     1.014333333333332	-1.198888921026186e-08
     1.014666666666665	-1.198888921026186e-08
     1.014999999999998	-1.198888921026186e-08
     1.015333333333332	-1.198888921026186e-08
     1.015666666666665	-1.198888921026186e-08
     1.015999999999998	-1.198888921026186e-08
     1.016333333333332	-1.198888921026186e-08
     1.016666666666665	-1.198888921026186e-08
     1.016999999999998	-1.198888921026186e-08
     1.017333333333331	-1.198888921026186e-08
     1.017666666666665	-1.198888921026186e-08
     1.017999999999998	-1.198888921026186e-08
     1.018333333333331	-1.198888921026186e-08
     1.018666666666665	-1.198888921026186e-08
     1.018999999999998	-1.198888921026186e-08
     1.019333333333331	-1.198888921026186e-08
     1.019666666666665	-1.198888921026186e-08
     1.019999999999998	-1.198888921026186e-08
     1.020333333333331	-1.198888921026186e-08
     1.020666666666664	-1.198888921026186e-08
     1.020999999999998	-1.198888921026186e-08
     1.021333333333331	-1.198888921026186e-08
     1.021666666666664	-1.198888921026186e-08
     1.021999999999998	-1.198888921026186e-08
     1.022333333333331	-1.198888921026186e-08
     1.022666666666664	-1.198888921026186e-08
     1.022999999999997	-1.198888921026186e-08
     1.023333333333331	-1.198888921026186e-08
     1.023666666666664	-1.198888921026186e-08
     1.023999999999997	-1.198888921026186e-08
     1.024333333333331	-1.198888921026186e-08
     1.024666666666664	-1.198888921026186e-08
     1.024999999999997	-1.198888921026186e-08
     1.025333333333331	-1.198888921026186e-08
     1.025666666666664	-1.198888921026186e-08
     1.025999999999997	-1.198888921026186e-08
      1.02633333333333	-1.198888921026186e-08
     1.026666666666664	-1.198888921026186e-08
     1.026999999999997	-1.198888921026186e-08
      1.02733333333333	-1.198888921026186e-08
     1.027666666666664	-1.198888921026186e-08
     1.027999999999997	-1.198888921026186e-08
      1.02833333333333	-1.198888921026186e-08
     1.028666666666664	-1.198888921026186e-08
     1.028999999999997	-1.198888921026186e-08
      1.02933333333333	-1.198888921026186e-08
     1.029666666666663	-1.198888921026186e-08
     1.029999999999997	-1.198888921026186e-08
      1.03033333333333	-1.198888921026186e-08
     1.030666666666663	-1.198888921026186e-08
     1.030999999999997	-1.198888921026186e-08
      1.03133333333333	-1.198888921026186e-08
     1.031666666666663	-1.198888921026186e-08
     1.031999999999996	-1.198888921026186e-08
      1.03233333333333	-1.198888921026186e-08
     1.032666666666663	-1.198888921026186e-08
     1.032999999999996	-1.198888921026186e-08
      1.03333333333333	-1.198888921026186e-08
     1.033666666666663	-1.198888921026186e-08
     1.033999999999996	-1.198888921026186e-08
      1.03433333333333	-1.198888921026186e-08
     1.034666666666663	-1.198888921026186e-08
     1.034999999999996	-1.198888921026186e-08
     1.035333333333329	-1.198888921026186e-08
     1.035666666666663	-1.198888921026186e-08
     1.035999999999996	-1.198888921026186e-08
     1.036333333333329	-1.198888921026186e-08
     1.036666666666663	-1.198888921026186e-08
     1.036999999999996	-1.198888921026186e-08
     1.037333333333329	-1.198888921026186e-08
     1.037666666666663	-1.198888921026186e-08
     1.037999999999996	-1.198888921026186e-08
     1.038333333333329	-1.198888921026186e-08
     1.038666666666662	-1.198888921026186e-08
     1.038999999999996	-1.198888921026186e-08
     1.039333333333329	-1.198888921026186e-08
     1.039666666666662	-1.198888921026186e-08
     1.039999999999996	-1.198888921026186e-08
     1.040333333333329	-1.198888921026186e-08
     1.040666666666662	-1.198888921026186e-08
     1.040999999999995	-1.198888921026186e-08
     1.041333333333329	-1.198888921026186e-08
     1.041666666666662	-1.198888921026186e-08
     1.041999999999995	-1.198888921026186e-08
     1.042333333333329	-1.198888921026186e-08
     1.042666666666662	-1.198888921026186e-08
     1.042999999999995	-1.198888921026186e-08
     1.043333333333329	-1.198888921026186e-08
     1.043666666666662	-1.198888921026186e-08
     1.043999999999995	-1.198888921026186e-08
     1.044333333333328	-1.198888921026186e-08
     1.044666666666662	-1.198888921026186e-08
     1.044999999999995	-1.198888921026186e-08
     1.045333333333328	-1.198888921026186e-08
     1.045666666666662	-1.198888921026186e-08
     1.045999999999995	-1.198888921026186e-08
     1.046333333333328	-1.198888921026186e-08
     1.046666666666662	-1.198888921026186e-08
     1.046999999999995	-1.198888921026186e-08
     1.047333333333328	-1.198888921026186e-08
     1.047666666666661	-1.198888921026186e-08
     1.047999999999995	-1.198888921026186e-08
     1.048333333333328	-1.198888921026186e-08
     1.048666666666661	-1.198888921026186e-08
     1.048999999999995	-1.198888921026186e-08
     1.049333333333328	-1.198888921026186e-08
     1.049666666666661	-1.198888921026186e-08
     1.049999999999994	-1.198888921026186e-08
     1.050333333333328	-1.198888921026186e-08
     1.050666666666661	-1.198888921026186e-08
     1.050999999999994	-1.198888921026186e-08
     1.051333333333328	-1.198888921026186e-08
     1.051666666666661	-1.198888921026186e-08
     1.051999999999994	-1.198888921026186e-08
     1.052333333333328	-1.198888921026186e-08
     1.052666666666661	-1.198888921026186e-08
     1.052999999999994	-1.198888921026186e-08
     1.053333333333327	-1.198888921026186e-08
     1.053666666666661	-1.198888921026186e-08
     1.053999999999994	-1.198888921026186e-08
     1.054333333333327	-1.198888921026186e-08
     1.054666666666661	-1.198888921026186e-08
     1.054999999999994	-1.198888921026186e-08
     1.055333333333327	-1.198888921026186e-08
     1.055666666666661	-1.198888921026186e-08
     1.055999999999994	-1.198888921026186e-08
     1.056333333333327	-1.198888921026186e-08
      1.05666666666666	-1.198888921026186e-08
     1.056999999999994	-1.198888921026186e-08
     1.057333333333327	-1.198888921026186e-08
      1.05766666666666	-1.198888921026186e-08
     1.057999999999994	-1.198888921026186e-08
     1.058333333333327	-1.198888921026186e-08
      1.05866666666666	-1.198888921026186e-08
     1.058999999999994	-1.198888921026186e-08
     1.059333333333327	-1.198888921026186e-08
      1.05966666666666	-1.198888921026186e-08
     1.059999999999993	-1.198888921026186e-08
     1.060333333333327	-1.198888921026186e-08
      1.06066666666666	-1.198888921026186e-08
     1.060999999999993	-1.198888921026186e-08
     1.061333333333327	-1.198888921026186e-08
      1.06166666666666	-1.198888921026186e-08
     1.061999999999993	-1.198888921026186e-08
     1.062333333333326	-1.198888921026186e-08
      1.06266666666666	-1.198888921026186e-08
     1.062999999999993	-1.198888921026186e-08
     1.063333333333326	-1.198888921026186e-08
      1.06366666666666	-1.198888921026186e-08
     1.063999999999993	-1.198888921026186e-08
     1.064333333333326	-1.198888921026186e-08
      1.06466666666666	-1.198888921026186e-08
     1.064999999999993	-1.198888921026186e-08
     1.065333333333326	-1.198888921026186e-08
     1.065666666666659	-1.198888921026186e-08
     1.065999999999993	-1.198888921026186e-08
     1.066333333333326	-1.198888921026186e-08
     1.066666666666659	-1.198888921026186e-08
     1.066999999999993	-1.198888921026186e-08
     1.067333333333326	-1.198888921026186e-08
     1.067666666666659	-1.198888921026186e-08
     1.067999999999993	-1.198888921026186e-08
     1.068333333333326	-1.198888921026186e-08
     1.068666666666659	-1.198888921026186e-08
     1.068999999999992	-1.198888921026186e-08
     1.069333333333326	-1.198888921026186e-08
     1.069666666666659	-1.198888921026186e-08
     1.069999999999992	-1.198888921026186e-08
     1.070333333333326	-1.198888921026186e-08
     1.070666666666659	-1.198888921026186e-08
     1.070999999999992	-1.198888921026186e-08
     1.071333333333325	-1.198888921026186e-08
     1.071666666666659	-1.198888921026186e-08
     1.071999999999992	-1.198888921026186e-08
     1.072333333333325	-1.198888921026186e-08
     1.072666666666659	-1.198888921026186e-08
     1.072999999999992	-1.198888921026186e-08
     1.073333333333325	-1.198888921026186e-08
     1.073666666666659	-1.198888921026186e-08
     1.073999999999992	-1.198888921026186e-08
     1.074333333333325	-1.198888921026186e-08
     1.074666666666658	-1.198888921026186e-08
     1.074999999999992	-1.198888921026186e-08
     1.075333333333325	-1.198888921026186e-08
     1.075666666666658	-1.198888921026186e-08
     1.075999999999992	-1.198888921026186e-08
     1.076333333333325	-1.198888921026186e-08
     1.076666666666658	-1.198888921026186e-08
     1.076999999999992	-1.198888921026186e-08
     1.077333333333325	-1.198888921026186e-08
     1.077666666666658	-1.198888921026186e-08
     1.077999999999991	-1.198888921026186e-08
     1.078333333333325	-1.198888921026186e-08
     1.078666666666658	-1.198888921026186e-08
     1.078999999999991	-1.198888921026186e-08
     1.079333333333325	-1.198888921026186e-08
     1.079666666666658	-1.198888921026186e-08
     1.079999999999991	-1.198888921026186e-08
     1.080333333333324	-1.198888921026186e-08
     1.080666666666658	-1.198888921026186e-08
     1.080999999999991	-1.198888921026186e-08
     1.081333333333324	-1.198888921026186e-08
     1.081666666666658	-1.198888921026186e-08
     1.081999999999991	-1.198888921026186e-08
     1.082333333333324	-1.198888921026186e-08
     1.082666666666658	-1.198888921026186e-08
     1.082999999999991	-1.198888921026186e-08
     1.083333333333324	-1.198888921026186e-08
     1.083666666666657	-1.198888921026186e-08
     1.083999999999991	-1.198888921026186e-08
     1.084333333333324	-1.198888921026186e-08
     1.084666666666657	-1.198888921026186e-08
     1.084999999999991	-1.198888921026186e-08
     1.085333333333324	-1.198888921026186e-08
     1.085666666666657	-1.198888921026186e-08
     1.085999999999991	-1.198888921026186e-08
     1.086333333333324	-1.198888921026186e-08
     1.086666666666657	-1.198888921026186e-08
      1.08699999999999	-1.198888921026186e-08
     1.087333333333324	-1.198888921026186e-08
     1.087666666666657	-1.198888921026186e-08
      1.08799999999999	-1.198888921026186e-08
     1.088333333333324	-1.198888921026186e-08
     1.088666666666657	-1.198888921026186e-08
      1.08899999999999	-1.198888921026186e-08
     1.089333333333323	-1.198888921026186e-08
     1.089666666666657	-1.198888921026186e-08
      1.08999999999999	-1.198888921026186e-08
     1.090333333333323	-1.198888921026186e-08
     1.090666666666657	-1.198888921026186e-08
      1.09099999999999	-1.198888921026186e-08
     1.091333333333323	-1.198888921026186e-08
     1.091666666666657	-1.198888921026186e-08
      1.09199999999999	-1.198888921026186e-08
     1.092333333333323	-1.198888921026186e-08
     1.092666666666656	-1.198888921026186e-08
      1.09299999999999	-1.198888921026186e-08
     1.093333333333323	-1.198888921026186e-08
     1.093666666666656	-1.198888921026186e-08
      1.09399999999999	-1.198888921026186e-08
     1.094333333333323	-1.198888921026186e-08
     1.094666666666656	-1.198888921026186e-08
      1.09499999999999	-1.198888921026186e-08
     1.095333333333323	-1.198888921026186e-08
     1.095666666666656	-1.198888921026186e-08
     1.095999999999989	-1.198888921026186e-08
     1.096333333333323	-1.198888921026186e-08
     1.096666666666656	-1.198888921026186e-08
     1.096999999999989	-1.198888921026186e-08
     1.097333333333323	-1.198888921026186e-08
     1.097666666666656	-1.198888921026186e-08
     1.097999999999989	-1.198888921026186e-08
     1.098333333333323	-1.198888921026186e-08
     1.098666666666656	-1.198888921026186e-08
     1.098999999999989	-1.198888921026186e-08
     1.099333333333322	-1.198888921026186e-08
     1.099666666666656	-1.198888921026186e-08
     1.099999999999989	-1.198888921026186e-08
     1.100333333333322	-1.198888921026186e-08
     1.100666666666656	-1.198888921026186e-08
     1.100999999999989	-1.198888921026186e-08
     1.101333333333322	-1.198888921026186e-08
     1.101666666666655	-1.198888921026186e-08
     1.101999999999989	-1.198888921026186e-08
     1.102333333333322	-1.198888921026186e-08
     1.102666666666655	-1.198888921026186e-08
     1.102999999999989	-1.198888921026186e-08
     1.103333333333322	-1.198888921026186e-08
     1.103666666666655	-1.198888921026186e-08
     1.103999999999989	-1.198888921026186e-08
     1.104333333333322	-1.198888921026186e-08
     1.104666666666655	-1.198888921026186e-08
     1.104999999999988	-1.198888921026186e-08
     1.105333333333322	-1.198888921026186e-08
     1.105666666666655	-1.198888921026186e-08
     1.105999999999988	-1.198888921026186e-08
     1.106333333333322	-1.198888921026186e-08
     1.106666666666655	-1.198888921026186e-08
     1.106999999999988	-1.198888921026186e-08
     1.107333333333322	-1.198888921026186e-08
     1.107666666666655	-1.198888921026186e-08
     1.107999999999988	-1.198888921026186e-08
     1.108333333333321	-1.198888921026186e-08
     1.108666666666655	-1.198888921026186e-08
     1.108999999999988	-1.198888921026186e-08
     1.109333333333321	-1.198888921026186e-08
     1.109666666666655	-1.198888921026186e-08
     1.109999999999988	-1.198888921026186e-08
     1.110333333333321	-1.198888921026186e-08
     1.110666666666654	-1.198888921026186e-08
     1.110999999999988	-1.198888921026186e-08
     1.111333333333321	-1.198888921026186e-08
     1.111666666666654	-1.198888921026186e-08
     1.111999999999988	-1.198888921026186e-08
     1.112333333333321	-1.198888921026186e-08
     1.112666666666654	-1.198888921026186e-08
     1.112999999999988	-1.198888921026186e-08
     1.113333333333321	-1.198888921026186e-08
     1.113666666666654	-1.198888921026186e-08
     1.113999999999987	-1.198888921026186e-08
     1.114333333333321	-1.198888921026186e-08
     1.114666666666654	-1.198888921026186e-08
     1.114999999999987	-1.198888921026186e-08
     1.115333333333321	-1.198888921026186e-08
     1.115666666666654	-1.198888921026186e-08
     1.115999999999987	-1.198888921026186e-08
     1.116333333333321	-1.198888921026186e-08
     1.116666666666654	-1.198888921026186e-08
     1.116999999999987	-1.198888921026186e-08
      1.11733333333332	-1.198888921026186e-08
     1.117666666666654	-1.198888921026186e-08
     1.117999999999987	-1.198888921026186e-08
      1.11833333333332	-1.198888921026186e-08
     1.118666666666654	-1.198888921026186e-08
     1.118999999999987	-1.198888921026186e-08
      1.11933333333332	-1.198888921026186e-08
     1.119666666666653	-1.198888921026186e-08
     1.119999999999987	-1.198888921026186e-08
      1.12033333333332	-1.198888921026186e-08
     1.120666666666653	-1.198888921026186e-08
     1.120999999999987	-1.198888921026186e-08
      1.12133333333332	-1.198888921026186e-08
     1.121666666666653	-1.198888921026186e-08
     1.121999999999987	-1.198888921026186e-08
      1.12233333333332	-1.198888921026186e-08
     1.122666666666653	-1.198888921026186e-08
     1.122999999999986	-1.198888921026186e-08
      1.12333333333332	-1.198888921026186e-08
     1.123666666666653	-1.198888921026186e-08
     1.123999999999986	-1.198888921026186e-08
      1.12433333333332	-1.198888921026186e-08
     1.124666666666653	-1.198888921026186e-08
     1.124999999999986	-1.198888921026186e-08
      1.12533333333332	-1.198888921026186e-08
     1.125666666666653	-1.198888921026186e-08
     1.125999999999986	-1.198888921026186e-08
     1.126333333333319	-1.198888921026186e-08
     1.126666666666653	-1.198888921026186e-08
     1.126999999999986	-1.198888921026186e-08
     1.127333333333319	-1.198888921026186e-08
     1.127666666666653	-1.198888921026186e-08
     1.127999999999986	-1.198888921026186e-08
     1.128333333333319	-1.198888921026186e-08
     1.128666666666652	-1.198888921026186e-08
     1.128999999999986	-1.198888921026186e-08
     1.129333333333319	-1.198888921026186e-08
     1.129666666666652	-1.198888921026186e-08
     1.129999999999986	-1.198888921026186e-08
     1.130333333333319	-1.198888921026186e-08
     1.130666666666652	-1.198888921026186e-08
     1.130999999999986	-1.198888921026186e-08
     1.131333333333319	-1.198888921026186e-08
     1.131666666666652	-1.198888921026186e-08
     1.131999999999985	-1.198888921026186e-08
     1.132333333333319	-1.198888921026186e-08
     1.132666666666652	-1.198888921026186e-08
     1.132999999999985	-1.198888921026186e-08
     1.133333333333319	-1.198888921026186e-08
     1.133666666666652	-1.198888921026186e-08
     1.133999999999985	-1.198888921026186e-08
     1.134333333333319	-1.198888921026186e-08
     1.134666666666652	-1.198888921026186e-08
     1.134999999999985	-1.198888921026186e-08
     1.135333333333318	-1.198888921026186e-08
     1.135666666666652	-1.198888921026186e-08
     1.135999999999985	-1.198888921026186e-08
     1.136333333333318	-1.198888921026186e-08
     1.136666666666652	-1.198888921026186e-08
     1.136999999999985	-1.198888921026186e-08
     1.137333333333318	-1.198888921026186e-08
     1.137666666666652	-1.198888921026186e-08
     1.137999999999985	-1.198888921026186e-08
     1.138333333333318	-1.198888921026186e-08
     1.138666666666651	-1.198888921026186e-08
     1.138999999999985	-1.198888921026186e-08
     1.139333333333318	-1.198888921026186e-08
     1.139666666666651	-1.198888921026186e-08
     1.139999999999985	-1.198888921026186e-08
     1.140333333333318	-1.198888921026186e-08
     1.140666666666651	-1.198888921026186e-08
     1.140999999999984	-1.198888921026186e-08
     1.141333333333318	-1.198888921026186e-08
     1.141666666666651	-1.198888921026186e-08
     1.141999999999984	-1.198888921026186e-08
     1.142333333333318	-1.198888921026186e-08
     1.142666666666651	-1.198888921026186e-08
     1.142999999999984	-1.198888921026186e-08
     1.143333333333318	-1.198888921026186e-08
     1.143666666666651	-1.198888921026186e-08
     1.143999999999984	-1.198888921026186e-08
     1.144333333333317	-1.198888921026186e-08
     1.144666666666651	-1.198888921026186e-08
     1.144999999999984	-1.198888921026186e-08
     1.145333333333317	-1.198888921026186e-08
     1.145666666666651	-1.198888921026186e-08
     1.145999999999984	-1.198888921026186e-08
     1.146333333333317	-1.198888921026186e-08
     1.146666666666651	-1.198888921026186e-08
     1.146999999999984	-1.198888921026186e-08
     1.147333333333317	-1.198888921026186e-08
      1.14766666666665	-1.198888921026186e-08
     1.147999999999984	-1.198888921026186e-08
     1.148333333333317	-1.198888921026186e-08
      1.14866666666665	-1.198888921026186e-08
     1.148999999999984	-1.198888921026186e-08
     1.149333333333317	-1.198888921026186e-08
      1.14966666666665	-1.198888921026186e-08
     1.149999999999983	-1.198888921026186e-08
     1.150333333333317	-1.198888921026186e-08
      1.15066666666665	-1.198888921026186e-08
     1.150999999999983	-1.198888921026186e-08
     1.151333333333317	-1.198888921026186e-08
      1.15166666666665	-1.198888921026186e-08
     1.151999999999983	-1.198888921026186e-08
     1.152333333333317	-1.198888921026186e-08
      1.15266666666665	-1.198888921026186e-08
     1.152999999999983	-1.198888921026186e-08
     1.153333333333316	-1.198888921026186e-08
      1.15366666666665	-1.198888921026186e-08
     1.153999999999983	-1.198888921026186e-08
     1.154333333333316	-1.198888921026186e-08
      1.15466666666665	-1.198888921026186e-08
     1.154999999999983	-1.198888921026186e-08
     1.155333333333316	-1.198888921026186e-08
      1.15566666666665	-1.198888921026186e-08
     1.155999999999983	-1.198888921026186e-08
     1.156333333333316	-1.198888921026186e-08
     1.156666666666649	-1.198888921026186e-08
     1.156999999999983	-1.198888921026186e-08
     1.157333333333316	-1.198888921026186e-08
     1.157666666666649	-1.198888921026186e-08
     1.157999999999983	-1.198888921026186e-08
     1.158333333333316	-1.198888921026186e-08
     1.158666666666649	-1.198888921026186e-08
     1.158999999999982	-1.198888921026186e-08
     1.159333333333316	-1.198888921026186e-08
     1.159666666666649	-1.198888921026186e-08
     1.159999999999982	-1.198888921026186e-08
     1.160333333333316	-1.198888921026186e-08
     1.160666666666649	-1.198888921026186e-08
     1.160999999999982	-1.198888921026186e-08
     1.161333333333316	-1.198888921026186e-08
     1.161666666666649	-1.198888921026186e-08
     1.161999999999982	-1.198888921026186e-08
     1.162333333333315	-1.198888921026186e-08
     1.162666666666649	-1.198888921026186e-08
     1.162999999999982	-1.198888921026186e-08
     1.163333333333315	-1.198888921026186e-08
     1.163666666666649	-1.198888921026186e-08
     1.163999999999982	-1.198888921026186e-08
     1.164333333333315	-1.198888921026186e-08
     1.164666666666649	-1.198888921026186e-08
     1.164999999999982	-1.198888921026186e-08
     1.165333333333315	-1.198888921026186e-08
     1.165666666666648	-1.198888921026186e-08
     1.165999999999982	-1.198888921026186e-08
     1.166333333333315	-1.198888921026186e-08
     1.166666666666648	-1.198888921026186e-08
     1.166999999999982	-1.198888921026186e-08
     1.167333333333315	-1.198888921026186e-08
     1.167666666666648	-1.198888921026186e-08
     1.167999999999981	-1.198888921026186e-08
     1.168333333333315	-1.198888921026186e-08
     1.168666666666648	-1.198888921026186e-08
     1.168999999999981	-1.198888921026186e-08
     1.169333333333315	-1.198888921026186e-08
     1.169666666666648	-1.198888921026186e-08
     1.169999999999981	-1.198888921026186e-08
     1.170333333333315	-1.198888921026186e-08
     1.170666666666648	-1.198888921026186e-08
     1.170999999999981	-1.198888921026186e-08
     1.171333333333314	-1.198888921026186e-08
     1.171666666666648	-1.198888921026186e-08
     1.171999999999981	-1.198888921026186e-08
     1.172333333333314	-1.198888921026186e-08
     1.172666666666648	-1.198888921026186e-08
     1.172999999999981	-1.198888921026186e-08
     1.173333333333314	-1.198888921026186e-08
     1.173666666666648	-1.198888921026186e-08
     1.173999999999981	-1.198888921026186e-08
     1.174333333333314	-1.198888921026186e-08
     1.174666666666647	-1.198888921026186e-08
     1.174999999999981	-1.198888921026186e-08
     1.175333333333314	-1.198888921026186e-08
     1.175666666666647	-1.198888921026186e-08
     1.175999999999981	-1.198888921026186e-08
     1.176333333333314	-1.198888921026186e-08
     1.176666666666647	-1.198888921026186e-08
     1.176999999999981	-1.198888921026186e-08
     1.177333333333314	-1.198888921026186e-08
     1.177666666666647	-1.198888921026186e-08
      1.17799999999998	-1.198888921026186e-08
     1.178333333333314	-1.198888921026186e-08
     1.178666666666647	-1.198888921026186e-08
      1.17899999999998	-1.198888921026186e-08
     1.179333333333314	-1.198888921026186e-08
     1.179666666666647	-1.198888921026186e-08
      1.17999999999998	-1.198888921026186e-08
     1.180333333333313	-1.198888921026186e-08
     1.180666666666647	-1.198888921026186e-08
      1.18099999999998	-1.198888921026186e-08
     1.181333333333313	-1.198888921026186e-08
     1.181666666666647	-1.198888921026186e-08
      1.18199999999998	-1.198888921026186e-08
     1.182333333333313	-1.198888921026186e-08
     1.182666666666647	-1.198888921026186e-08
      1.18299999999998	-1.198888921026186e-08
     1.183333333333313	-1.198888921026186e-08
     1.183666666666646	-1.198888921026186e-08
      1.18399999999998	-1.198888921026186e-08
     1.184333333333313	-1.198888921026186e-08
     1.184666666666646	-1.198888921026186e-08
      1.18499999999998	-1.198888921026186e-08
     1.185333333333313	-1.198888921026186e-08
     1.185666666666646	-1.198888921026186e-08
      1.18599999999998	-1.198888921026186e-08
     1.186333333333313	-1.198888921026186e-08
     1.186666666666646	-1.198888921026186e-08
     1.186999999999979	-1.198888921026186e-08
     1.187333333333313	-1.198888921026186e-08
     1.187666666666646	-1.198888921026186e-08
     1.187999999999979	-1.198888921026186e-08
     1.188333333333313	-1.198888921026186e-08
     1.188666666666646	-1.198888921026186e-08
     1.188999999999979	-1.198888921026186e-08
     1.189333333333312	-1.198888921026186e-08
     1.189666666666646	-1.198888921026186e-08
     1.189999999999979	-1.198888921026186e-08
     1.190333333333312	-1.198888921026186e-08
     1.190666666666646	-1.198888921026186e-08
     1.190999999999979	-1.198888921026186e-08
     1.191333333333312	-1.198888921026186e-08
     1.191666666666646	-1.198888921026186e-08
     1.191999999999979	-1.198888921026186e-08
     1.192333333333312	-1.198888921026186e-08
     1.192666666666645	-1.198888921026186e-08
     1.192999999999979	-1.198888921026186e-08
     1.193333333333312	-1.198888921026186e-08
     1.193666666666645	-1.198888921026186e-08
     1.193999999999979	-1.198888921026186e-08
     1.194333333333312	-1.198888921026186e-08
     1.194666666666645	-1.198888921026186e-08
     1.194999999999979	-1.198888921026186e-08
     1.195333333333312	-1.198888921026186e-08
     1.195666666666645	-1.198888921026186e-08
     1.195999999999978	-1.198888921026186e-08
     1.196333333333312	-1.198888921026186e-08
     1.196666666666645	-1.198888921026186e-08
     1.196999999999978	-1.198888921026186e-08
     1.197333333333312	-1.198888921026186e-08
     1.197666666666645	-1.198888921026186e-08
     1.197999999999978	-1.198888921026186e-08
     1.198333333333311	-1.198888921026186e-08
     1.198666666666645	-1.198888921026186e-08
     1.198999999999978	-1.198888921026186e-08
     1.199333333333311	-1.198888921026186e-08
     1.199666666666645	-1.198888921026186e-08
     1.199999999999978	-1.198888921026186e-08
     1.200333333333311	-1.198888921026186e-08
     1.200666666666645	-1.198888921026186e-08
     1.200999999999978	-1.198888921026186e-08
     1.201333333333311	-1.198888921026186e-08
     1.201666666666644	-1.198888921026186e-08
     1.201999999999978	-1.198888921026186e-08
     1.202333333333311	-1.198888921026186e-08
     1.202666666666644	-1.198888921026186e-08
     1.202999999999978	-1.198888921026186e-08
     1.203333333333311	-1.198888921026186e-08
     1.203666666666644	-1.198888921026186e-08
     1.203999999999978	-1.198888921026186e-08
     1.204333333333311	-1.198888921026186e-08
     1.204666666666644	-1.198888921026186e-08
     1.204999999999977	-1.198888921026186e-08
     1.205333333333311	-1.198888921026186e-08
     1.205666666666644	-1.198888921026186e-08
     1.205999999999977	-1.198888921026186e-08
     1.206333333333311	-1.198888921026186e-08
     1.206666666666644	-1.198888921026186e-08
     1.206999999999977	-1.198888921026186e-08
      1.20733333333331	-1.198888921026186e-08
     1.207666666666644	-1.198888921026186e-08
     1.207999999999977	-1.198888921026186e-08
      1.20833333333331	-1.198888921026186e-08
     1.208666666666644	-1.198888921026186e-08
     1.208999999999977	-1.198888921026186e-08
      1.20933333333331	-1.198888921026186e-08
     1.209666666666644	-1.198888921026186e-08
     1.209999999999977	-1.198888921026186e-08
      1.21033333333331	-1.198888921026186e-08
     1.210666666666643	-1.198888921026186e-08
     1.210999999999977	-1.198888921026186e-08
      1.21133333333331	-1.198888921026186e-08
     1.211666666666643	-1.198888921026186e-08
     1.211999999999977	-1.198888921026186e-08
      1.21233333333331	-1.198888921026186e-08
     1.212666666666643	-1.198888921026186e-08
     1.212999999999977	-1.198888921026186e-08
      1.21333333333331	-1.198888921026186e-08
     1.213666666666643	-1.198888921026186e-08
     1.213999999999976	-1.198888921026186e-08
      1.21433333333331	-1.198888921026186e-08
     1.214666666666643	-1.198888921026186e-08
     1.214999999999976	-1.198888921026186e-08
      1.21533333333331	-1.198888921026186e-08
     1.215666666666643	-1.198888921026186e-08
     1.215999999999976	-1.198888921026186e-08
      1.21633333333331	-1.198888921026186e-08
     1.216666666666643	-1.198888921026186e-08
     1.216999999999976	-1.198888921026186e-08
     1.217333333333309	-1.198888921026186e-08
     1.217666666666643	-1.198888921026186e-08
     1.217999999999976	-1.198888921026186e-08
     1.218333333333309	-1.198888921026186e-08
     1.218666666666643	-1.198888921026186e-08
     1.218999999999976	-1.198888921026186e-08
     1.219333333333309	-1.198888921026186e-08
     1.219666666666642	-1.198888921026186e-08
     1.219999999999976	-1.198888921026186e-08
     1.220333333333309	-1.198888921026186e-08
     1.220666666666642	-1.198888921026186e-08
     1.220999999999976	-1.198888921026186e-08
     1.221333333333309	-1.198888921026186e-08
     1.221666666666642	-1.198888921026186e-08
     1.221999999999976	-1.198888921026186e-08
     1.222333333333309	-1.198888921026186e-08
     1.222666666666642	-1.198888921026186e-08
     1.222999999999975	-1.198888921026186e-08
     1.223333333333309	-1.198888921026186e-08
     1.223666666666642	-1.198888921026186e-08
     1.223999999999975	-1.198888921026186e-08
     1.224333333333309	-1.198888921026186e-08
     1.224666666666642	-1.198888921026186e-08
     1.224999999999975	-1.198888921026186e-08
     1.225333333333309	-1.198888921026186e-08
     1.225666666666642	-1.198888921026186e-08
     1.225999999999975	-1.198888921026186e-08
     1.226333333333308	-1.198888921026186e-08
     1.226666666666642	-1.198888921026186e-08
     1.226999999999975	-1.198888921026186e-08
     1.227333333333308	-1.198888921026186e-08
     1.227666666666642	-1.198888921026186e-08
     1.227999999999975	-1.198888921026186e-08
     1.228333333333308	-1.198888921026186e-08
     1.228666666666641	-1.198888921026186e-08
     1.228999999999975	-1.198888921026186e-08
     1.229333333333308	-1.198888921026186e-08
     1.229666666666641	-1.198888921026186e-08
     1.229999999999975	-1.198888921026186e-08
     1.230333333333308	-1.198888921026186e-08
     1.230666666666641	-1.198888921026186e-08
     1.230999999999975	-1.198888921026186e-08
     1.231333333333308	-1.198888921026186e-08
     1.231666666666641	-1.198888921026186e-08
     1.231999999999974	-1.198888921026186e-08
     1.232333333333308	-1.198888921026186e-08
     1.232666666666641	-1.198888921026186e-08
     1.232999999999974	-1.198888921026186e-08
     1.233333333333308	-1.198888921026186e-08
     1.233666666666641	-1.198888921026186e-08
     1.233999999999974	-1.198888921026186e-08
     1.234333333333308	-1.198888921026186e-08
     1.234666666666641	-1.198888921026186e-08
     1.234999999999974	-1.198888921026186e-08
     1.235333333333307	-1.198888921026186e-08
     1.235666666666641	-1.198888921026186e-08
     1.235999999999974	-1.198888921026186e-08
     1.236333333333307	-1.198888921026186e-08
     1.236666666666641	-1.198888921026186e-08
     1.236999999999974	-1.198888921026186e-08
     1.237333333333307	-1.198888921026186e-08
      1.23766666666664	-1.198888921026186e-08
     1.237999999999974	-1.198888921026186e-08
     1.238333333333307	-1.198888921026186e-08
      1.23866666666664	-1.198888921026186e-08
     1.238999999999974	-1.198888921026186e-08
     1.239333333333307	-1.198888921026186e-08
      1.23966666666664	-1.198888921026186e-08
     1.239999999999974	-1.198888921026186e-08
     1.240333333333307	-1.198888921026186e-08
      1.24066666666664	-1.198888921026186e-08
     1.240999999999973	-1.198888921026186e-08
     1.241333333333307	-1.198888921026186e-08
      1.24166666666664	-1.198888921026186e-08
     1.241999999999973	-1.198888921026186e-08
     1.242333333333307	-1.198888921026186e-08
      1.24266666666664	-1.198888921026186e-08
     1.242999999999973	-1.198888921026186e-08
     1.243333333333307	-1.198888921026186e-08
      1.24366666666664	-1.198888921026186e-08
     1.243999999999973	-1.198888921026186e-08
     1.244333333333306	-1.198888921026186e-08
      1.24466666666664	-1.198888921026186e-08
     1.244999999999973	-1.198888921026186e-08
     1.245333333333306	-1.198888921026186e-08
      1.24566666666664	-1.198888921026186e-08
     1.245999999999973	-1.198888921026186e-08
     1.246333333333306	-1.198888921026186e-08
      1.24666666666664	-1.198888921026186e-08
     1.246999999999973	-1.198888921026186e-08
     1.247333333333306	-1.198888921026186e-08
     1.247666666666639	-1.198888921026186e-08
     1.247999999999973	-1.198888921026186e-08
     1.248333333333306	-1.198888921026186e-08
     1.248666666666639	-1.198888921026186e-08
     1.248999999999973	-1.198888921026186e-08
     1.249333333333306	-1.198888921026186e-08
     1.249666666666639	-1.198888921026186e-08
     1.249999999999972	-1.198888921026186e-08
     1.250333333333306	-1.198888921026186e-08
     1.250666666666639	-1.198888921026186e-08
     1.250999999999972	-1.198888921026186e-08
     1.251333333333306	-1.198888921026186e-08
     1.251666666666639	-1.198888921026186e-08
     1.251999999999972	-1.198888921026186e-08
     1.252333333333306	-1.198888921026186e-08
     1.252666666666639	-1.198888921026186e-08
     1.252999999999972	-1.198888921026186e-08
     1.253333333333305	-1.198888921026186e-08
     1.253666666666639	-1.198888921026186e-08
     1.253999999999972	-1.198888921026186e-08
     1.254333333333305	-1.198888921026186e-08
     1.254666666666639	-1.198888921026186e-08
     1.254999999999972	-1.198888921026186e-08
     1.255333333333305	-1.198888921026186e-08
     1.255666666666639	-1.198888921026186e-08
     1.255999999999972	-1.198888921026186e-08
     1.256333333333305	-1.198888921026186e-08
     1.256666666666638	-1.198888921026186e-08
     1.256999999999972	-1.198888921026186e-08
     1.257333333333305	-1.198888921026186e-08
     1.257666666666638	-1.198888921026186e-08
     1.257999999999972	-1.198888921026186e-08
     1.258333333333305	-1.198888921026186e-08
     1.258666666666638	-1.198888921026186e-08
     1.258999999999971	-1.198888921026186e-08
     1.259333333333305	-1.198888921026186e-08
     1.259666666666638	-1.198888921026186e-08
     1.259999999999971	-1.198888921026186e-08
     1.260333333333305	-1.198888921026186e-08
     1.260666666666638	-1.198888921026186e-08
     1.260999999999971	-1.198888921026186e-08
     1.261333333333305	-1.198888921026186e-08
     1.261666666666638	-1.198888921026186e-08
     1.261999999999971	-1.198888921026186e-08
     1.262333333333304	-1.198888921026186e-08
     1.262666666666638	-1.198888921026186e-08
     1.262999999999971	-1.198888921026186e-08
     1.263333333333304	-1.198888921026186e-08
     1.263666666666638	-1.198888921026186e-08
     1.263999999999971	-1.198888921026186e-08
     1.264333333333304	-1.198888921026186e-08
     1.264666666666638	-1.198888921026186e-08
     1.264999999999971	-1.198888921026186e-08
     1.265333333333304	-1.198888921026186e-08
     1.265666666666637	-1.198888921026186e-08
     1.265999999999971	-1.198888921026186e-08
     1.266333333333304	-1.198888921026186e-08
     1.266666666666637	-1.198888921026186e-08
     1.266999999999971	-1.198888921026186e-08
     1.267333333333304	-1.198888921026186e-08
     1.267666666666637	-1.198888921026186e-08
      1.26799999999997	-1.198888921026186e-08
     1.268333333333304	-1.198888921026186e-08
     1.268666666666637	-1.198888921026186e-08
      1.26899999999997	-1.198888921026186e-08
     1.269333333333304	-1.198888921026186e-08
     1.269666666666637	-1.198888921026186e-08
      1.26999999999997	-1.198888921026186e-08
     1.270333333333304	-1.198888921026186e-08
     1.270666666666637	-1.198888921026186e-08
      1.27099999999997	-1.198888921026186e-08
     1.271333333333303	-1.198888921026186e-08
     1.271666666666637	-1.198888921026186e-08
      1.27199999999997	-1.198888921026186e-08
     1.272333333333303	-1.198888921026186e-08
     1.272666666666637	-1.198888921026186e-08
      1.27299999999997	-1.198888921026186e-08
     1.273333333333303	-1.198888921026186e-08
     1.273666666666637	-1.198888921026186e-08
      1.27399999999997	-1.198888921026186e-08
     1.274333333333303	-1.198888921026186e-08
     1.274666666666636	-1.198888921026186e-08
      1.27499999999997	-1.198888921026186e-08
     1.275333333333303	-1.198888921026186e-08
     1.275666666666636	-1.198888921026186e-08
      1.27599999999997	-1.198888921026186e-08
     1.276333333333303	-1.198888921026186e-08
     1.276666666666636	-1.198888921026186e-08
     1.276999999999969	-1.198888921026186e-08
     1.277333333333303	-1.198888921026186e-08
     1.277666666666636	-1.198888921026186e-08
     1.277999999999969	-1.198888921026186e-08
     1.278333333333303	-1.198888921026186e-08
     1.278666666666636	-1.198888921026186e-08
     1.278999999999969	-1.198888921026186e-08
     1.279333333333303	-1.198888921026186e-08
     1.279666666666636	-1.198888921026186e-08
     1.279999999999969	-1.198888921026186e-08
     1.280333333333302	-1.198888921026186e-08
     1.280666666666636	-1.198888921026186e-08
     1.280999999999969	-1.198888921026186e-08
     1.281333333333302	-1.198888921026186e-08
     1.281666666666636	-1.198888921026186e-08
     1.281999999999969	-1.198888921026186e-08
     1.282333333333302	-1.198888921026186e-08
     1.282666666666636	-1.198888921026186e-08
     1.282999999999969	-1.198888921026186e-08
     1.283333333333302	-1.198888921026186e-08
     1.283666666666635	-1.198888921026186e-08
     1.283999999999969	-1.198888921026186e-08
     1.284333333333302	-1.198888921026186e-08
     1.284666666666635	-1.198888921026186e-08
     1.284999999999969	-1.198888921026186e-08
     1.285333333333302	-1.198888921026186e-08
     1.285666666666635	-1.198888921026186e-08
     1.285999999999969	-1.198888921026186e-08
     1.286333333333302	-1.198888921026186e-08
     1.286666666666635	-1.198888921026186e-08
     1.286999999999968	-1.198888921026186e-08
     1.287333333333302	-1.198888921026186e-08
     1.287666666666635	-1.198888921026186e-08
     1.287999999999968	-1.198888921026186e-08
     1.288333333333302	-1.198888921026186e-08
     1.288666666666635	-1.198888921026186e-08
     1.288999999999968	-1.198888921026186e-08
     1.289333333333301	-1.198888921026186e-08
     1.289666666666635	-1.198888921026186e-08
     1.289999999999968	-1.198888921026186e-08
     1.290333333333301	-1.198888921026186e-08
     1.290666666666635	-1.198888921026186e-08
     1.290999999999968	-1.198888921026186e-08
     1.291333333333301	-1.198888921026186e-08
     1.291666666666635	-1.198888921026186e-08
     1.291999999999968	-1.198888921026186e-08
     1.292333333333301	-1.198888921026186e-08
     1.292666666666634	-1.198888921026186e-08
     1.292999999999968	-1.198888921026186e-08
     1.293333333333301	-1.198888921026186e-08
     1.293666666666634	-1.198888921026186e-08
     1.293999999999968	-1.198888921026186e-08
     1.294333333333301	-1.198888921026186e-08
     1.294666666666634	-1.198888921026186e-08
     1.294999999999968	-1.198888921026186e-08
     1.295333333333301	-1.198888921026186e-08
     1.295666666666634	-1.198888921026186e-08
     1.295999999999967	-1.198888921026186e-08
     1.296333333333301	-1.198888921026186e-08
     1.296666666666634	-1.198888921026186e-08
     1.296999999999967	-1.198888921026186e-08
     1.297333333333301	-1.198888921026186e-08
     1.297666666666634	-1.198888921026186e-08
     1.297999999999967	-1.198888921026186e-08
       1.2983333333333	-1.198888921026186e-08
     1.298666666666634	-1.198888921026186e-08
     1.298999999999967	-1.198888921026186e-08
       1.2993333333333	-1.198888921026186e-08
     1.299666666666634	-1.198888921026186e-08
     1.299999999999967	-1.198888921026186e-08
       1.3003333333333	-1.198888921026186e-08
     1.300666666666634	-1.198888921026186e-08
     1.300999999999967	-1.198888921026186e-08
       1.3013333333333	-1.198888921026186e-08
     1.301666666666633	-1.198888921026186e-08
     1.301999999999967	-1.198888921026186e-08
       1.3023333333333	-1.198888921026186e-08
     1.302666666666633	-1.198888921026186e-08
     1.302999999999967	-1.198888921026186e-08
       1.3033333333333	-1.198888921026186e-08
     1.303666666666633	-1.198888921026186e-08
     1.303999999999967	-1.198888921026186e-08
       1.3043333333333	-1.198888921026186e-08
     1.304666666666633	-1.198888921026186e-08
     1.304999999999966	-1.198888921026186e-08
       1.3053333333333	-1.198888921026186e-08
     1.305666666666633	-1.198888921026186e-08
     1.305999999999966	-1.198888921026186e-08
       1.3063333333333	-1.198888921026186e-08
     1.306666666666633	-1.198888921026186e-08
     1.306999999999966	-1.198888921026186e-08
     1.307333333333299	-1.198888921026186e-08
     1.307666666666633	-1.198888921026186e-08
     1.307999999999966	-1.198888921026186e-08
     1.308333333333299	-1.198888921026186e-08
     1.308666666666633	-1.198888921026186e-08
     1.308999999999966	-1.198888921026186e-08
     1.309333333333299	-1.198888921026186e-08
     1.309666666666633	-1.198888921026186e-08
     1.309999999999966	-1.198888921026186e-08
     1.310333333333299	-1.198888921026186e-08
     1.310666666666632	-1.198888921026186e-08
     1.310999999999966	-1.198888921026186e-08
     1.311333333333299	-1.198888921026186e-08
     1.311666666666632	-1.198888921026186e-08
     1.311999999999966	-1.198888921026186e-08
     1.312333333333299	-1.198888921026186e-08
     1.312666666666632	-1.198888921026186e-08
     1.312999999999966	-1.198888921026186e-08
     1.313333333333299	-1.198888921026186e-08
     1.313666666666632	-1.198888921026186e-08
     1.313999999999965	-1.198888921026186e-08
     1.314333333333299	-1.198888921026186e-08
     1.314666666666632	-1.198888921026186e-08
     1.314999999999965	-1.198888921026186e-08
     1.315333333333299	-1.198888921026186e-08
     1.315666666666632	-1.198888921026186e-08
     1.315999999999965	-1.198888921026186e-08
     1.316333333333298	-1.198888921026186e-08
     1.316666666666632	-1.198888921026186e-08
     1.316999999999965	-1.198888921026186e-08
     1.317333333333298	-1.198888921026186e-08
     1.317666666666632	-1.198888921026186e-08
     1.317999999999965	-1.198888921026186e-08
     1.318333333333298	-1.198888921026186e-08
     1.318666666666632	-1.198888921026186e-08
     1.318999999999965	-1.198888921026186e-08
     1.319333333333298	-1.198888921026186e-08
     1.319666666666631	-1.198888921026186e-08
     1.319999999999965	-1.198888921026186e-08
     1.320333333333298	-1.198888921026186e-08
     1.320666666666631	-1.198888921026186e-08
     1.320999999999965	-1.198888921026186e-08
     1.321333333333298	-1.198888921026186e-08
     1.321666666666631	-1.198888921026186e-08
     1.321999999999965	-1.198888921026186e-08
     1.322333333333298	-1.198888921026186e-08
     1.322666666666631	-1.198888921026186e-08
     1.322999999999964	-1.198888921026186e-08
     1.323333333333298	-1.198888921026186e-08
     1.323666666666631	-1.198888921026186e-08
     1.323999999999964	-1.198888921026186e-08
     1.324333333333298	-1.198888921026186e-08
     1.324666666666631	-1.198888921026186e-08
     1.324999999999964	-1.198888921026186e-08
     1.325333333333298	-1.198888921026186e-08
     1.325666666666631	-1.198888921026186e-08
     1.325999999999964	-1.198888921026186e-08
     1.326333333333297	-1.198888921026186e-08
     1.326666666666631	-1.198888921026186e-08
     1.326999999999964	-1.198888921026186e-08
     1.327333333333297	-1.198888921026186e-08
     1.327666666666631	-1.198888921026186e-08
     1.327999999999964	-1.198888921026186e-08
     1.328333333333297	-1.198888921026186e-08
      1.32866666666663	-1.198888921026186e-08
     1.328999999999964	-1.198888921026186e-08
     1.329333333333297	-1.198888921026186e-08
      1.32966666666663	-1.198888921026186e-08
     1.329999999999964	-1.198888921026186e-08
     1.330333333333297	-1.198888921026186e-08
      1.33066666666663	-1.198888921026186e-08
     1.330999999999964	-1.198888921026186e-08
     1.331333333333297	-1.198888921026186e-08
      1.33166666666663	-1.198888921026186e-08
     1.331999999999963	-1.198888921026186e-08
     1.332333333333297	-1.198888921026186e-08
      1.33266666666663	-1.198888921026186e-08
     1.332999999999963	-1.198888921026186e-08
     1.333333333333297	-1.198888921026186e-08
      1.33366666666663	-1.198888921026186e-08
     1.333999999999963	-1.198888921026186e-08
     1.334333333333297	-1.198888921026186e-08
      1.33466666666663	-1.198888921026186e-08
     1.334999999999963	-1.198888921026186e-08
     1.335333333333296	-1.198888921026186e-08
      1.33566666666663	-1.198888921026186e-08
     1.335999999999963	-1.198888921026186e-08
     1.336333333333296	-1.198888921026186e-08
      1.33666666666663	-1.198888921026186e-08
     1.336999999999963	-1.198888921026186e-08
     1.337333333333296	-1.198888921026186e-08
     1.337666666666629	-1.198888921026186e-08
     1.337999999999963	-1.198888921026186e-08
     1.338333333333296	-1.198888921026186e-08
     1.338666666666629	-1.198888921026186e-08
     1.338999999999963	-1.198888921026186e-08
     1.339333333333296	-1.198888921026186e-08
     1.339666666666629	-1.198888921026186e-08
     1.339999999999963	-1.198888921026186e-08
     1.340333333333296	-1.198888921026186e-08
     1.340666666666629	-1.198888921026186e-08
     1.340999999999962	-1.198888921026186e-08
     1.341333333333296	-1.198888921026186e-08
     1.341666666666629	-1.198888921026186e-08
     1.341999999999962	-1.198888921026186e-08
     1.342333333333296	-1.198888921026186e-08
     1.342666666666629	-1.198888921026186e-08
     1.342999999999962	-1.198888921026186e-08
     1.343333333333296	-1.198888921026186e-08
     1.343666666666629	-1.198888921026186e-08
     1.343999999999962	-1.198888921026186e-08
     1.344333333333295	-1.198888921026186e-08
     1.344666666666629	-1.198888921026186e-08
     1.344999999999962	-1.198888921026186e-08
     1.345333333333295	-1.198888921026186e-08
     1.345666666666629	-1.198888921026186e-08
     1.345999999999962	-1.198888921026186e-08
     1.346333333333295	-1.198888921026186e-08
     1.346666666666628	-1.198888921026186e-08
     1.346999999999962	-1.198888921026186e-08
     1.347333333333295	-1.198888921026186e-08
     1.347666666666628	-1.198888921026186e-08
     1.347999999999962	-1.198888921026186e-08
     1.348333333333295	-1.198888921026186e-08
     1.348666666666628	-1.198888921026186e-08
     1.348999999999962	-1.198888921026186e-08
     1.349333333333295	-1.198888921026186e-08
     1.349666666666628	-1.198888921026186e-08
     1.349999999999961	-1.198888921026186e-08
     1.350333333333295	-1.198888921026186e-08
     1.350666666666628	-1.198888921026186e-08
     1.350999999999961	-1.198888921026186e-08
     1.351333333333295	-1.198888921026186e-08
     1.351666666666628	-1.198888921026186e-08
     1.351999999999961	-1.198888921026186e-08
     1.352333333333295	-1.198888921026186e-08
     1.352666666666628	-1.198888921026186e-08
     1.352999999999961	-1.198888921026186e-08
     1.353333333333294	-1.198888921026186e-08
     1.353666666666628	-1.198888921026186e-08
     1.353999999999961	-1.198888921026186e-08
     1.354333333333294	-1.198888921026186e-08
     1.354666666666628	-1.198888921026186e-08
     1.354999999999961	-1.198888921026186e-08
     1.355333333333294	-1.198888921026186e-08
     1.355666666666627	-1.198888921026186e-08
     1.355999999999961	-1.198888921026186e-08
     1.356333333333294	-1.198888921026186e-08
     1.356666666666627	-1.198888921026186e-08
     1.356999999999961	-1.198888921026186e-08
     1.357333333333294	-1.198888921026186e-08
     1.357666666666627	-1.198888921026186e-08
     1.357999999999961	-1.198888921026186e-08
     1.358333333333294	-1.198888921026186e-08
     1.358666666666627	-1.198888921026186e-08
      1.35899999999996	-1.198888921026186e-08
     1.359333333333294	-1.198888921026186e-08
     1.359666666666627	-1.198888921026186e-08
      1.35999999999996	-1.198888921026186e-08
     1.360333333333294	-1.198888921026186e-08
     1.360666666666627	-1.198888921026186e-08
      1.36099999999996	-1.198888921026186e-08
     1.361333333333294	-1.198888921026186e-08
     1.361666666666627	-1.198888921026186e-08
      1.36199999999996	-1.198888921026186e-08
     1.362333333333293	-1.198888921026186e-08
     1.362666666666627	-1.198888921026186e-08
      1.36299999999996	-1.198888921026186e-08
     1.363333333333293	-1.198888921026186e-08
     1.363666666666627	-1.198888921026186e-08
      1.36399999999996	-1.198888921026186e-08
     1.364333333333293	-1.198888921026186e-08
     1.364666666666627	-1.198888921026186e-08
      1.36499999999996	-1.198888921026186e-08
     1.365333333333293	-1.198888921026186e-08
     1.365666666666626	-1.198888921026186e-08
      1.36599999999996	-1.198888921026186e-08
     1.366333333333293	-1.198888921026186e-08
     1.366666666666626	-1.198888921026186e-08
      1.36699999999996	-1.198888921026186e-08
     1.367333333333293	-1.198888921026186e-08
     1.367666666666626	-1.198888921026186e-08
     1.367999999999959	-1.198888921026186e-08
     1.368333333333293	-1.198888921026186e-08
     1.368666666666626	-1.198888921026186e-08
     1.368999999999959	-1.198888921026186e-08
     1.369333333333293	-1.198888921026186e-08
     1.369666666666626	-1.198888921026186e-08
     1.369999999999959	-1.198888921026186e-08
     1.370333333333293	-1.198888921026186e-08
     1.370666666666626	-1.198888921026186e-08
     1.370999999999959	-1.198888921026186e-08
     1.371333333333292	-1.198888921026186e-08
     1.371666666666626	-1.198888921026186e-08
     1.371999999999959	-1.198888921026186e-08
     1.372333333333292	-1.198888921026186e-08
     1.372666666666626	-1.198888921026186e-08
     1.372999999999959	-1.198888921026186e-08
     1.373333333333292	-1.198888921026186e-08
     1.373666666666626	-1.198888921026186e-08
     1.373999999999959	-1.198888921026186e-08
     1.374333333333292	-1.198888921026186e-08
     1.374666666666625	-1.198888921026186e-08
     1.374999999999959	-1.198888921026186e-08
     1.375333333333292	-1.198888921026186e-08
     1.375666666666625	-1.198888921026186e-08
     1.375999999999959	-1.198888921026186e-08
     1.376333333333292	-1.198888921026186e-08
     1.376666666666625	-1.198888921026186e-08
     1.376999999999958	-1.198888921026186e-08
     1.377333333333292	-1.198888921026186e-08
     1.377666666666625	-1.198888921026186e-08
     1.377999999999958	-1.198888921026186e-08
     1.378333333333292	-1.198888921026186e-08
     1.378666666666625	-1.198888921026186e-08
     1.378999999999958	-1.198888921026186e-08
     1.379333333333292	-1.198888921026186e-08
     1.379666666666625	-1.198888921026186e-08
     1.379999999999958	-1.198888921026186e-08
     1.380333333333291	-1.198888921026186e-08
     1.380666666666625	-1.198888921026186e-08
     1.380999999999958	-1.198888921026186e-08
     1.381333333333291	-1.198888921026186e-08
     1.381666666666625	-1.198888921026186e-08
     1.381999999999958	-1.198888921026186e-08
     1.382333333333291	-1.198888921026186e-08
     1.382666666666625	-1.198888921026186e-08
     1.382999999999958	-1.198888921026186e-08
     1.383333333333291	-1.198888921026186e-08
     1.383666666666624	-1.198888921026186e-08
     1.383999999999958	-1.198888921026186e-08
     1.384333333333291	-1.198888921026186e-08
     1.384666666666624	-1.198888921026186e-08
     1.384999999999958	-1.198888921026186e-08
     1.385333333333291	-1.198888921026186e-08
     1.385666666666624	-1.198888921026186e-08
     1.385999999999957	-1.198888921026186e-08
     1.386333333333291	-1.198888921026186e-08
     1.386666666666624	-1.198888921026186e-08
     1.386999999999957	-1.198888921026186e-08
     1.387333333333291	-1.198888921026186e-08
     1.387666666666624	-1.198888921026186e-08
     1.387999999999957	-1.198888921026186e-08
     1.388333333333291	-1.198888921026186e-08
     1.388666666666624	-1.198888921026186e-08
     1.388999999999957	-1.198888921026186e-08
      1.38933333333329	-1.198888921026186e-08
     1.389666666666624	-1.198888921026186e-08
     1.389999999999957	-1.198888921026186e-08
      1.39033333333329	-1.198888921026186e-08
     1.390666666666624	-1.198888921026186e-08
     1.390999999999957	-1.198888921026186e-08
      1.39133333333329	-1.198888921026186e-08
     1.391666666666624	-1.198888921026186e-08
     1.391999999999957	-1.198888921026186e-08
      1.39233333333329	-1.198888921026186e-08
     1.392666666666623	-1.198888921026186e-08
     1.392999999999957	-1.198888921026186e-08
      1.39333333333329	-1.198888921026186e-08
     1.393666666666623	-1.198888921026186e-08
     1.393999999999957	-1.198888921026186e-08
      1.39433333333329	-1.198888921026186e-08
     1.394666666666623	-1.198888921026186e-08
     1.394999999999956	-1.198888921026186e-08
      1.39533333333329	-1.198888921026186e-08
     1.395666666666623	-1.198888921026186e-08
     1.395999999999956	-1.198888921026186e-08
      1.39633333333329	-1.198888921026186e-08
     1.396666666666623	-1.198888921026186e-08
     1.396999999999956	-1.198888921026186e-08
      1.39733333333329	-1.198888921026186e-08
     1.397666666666623	-1.198888921026186e-08
     1.397999999999956	-1.198888921026186e-08
     1.398333333333289	-1.198888921026186e-08
     1.398666666666623	-1.198888921026186e-08
     1.398999999999956	-1.198888921026186e-08
     1.399333333333289	-1.198888921026186e-08
     1.399666666666623	-1.198888921026186e-08
     1.399999999999956	-1.198888921026186e-08
     1.400333333333289	-1.198888921026186e-08
     1.400666666666623	-1.198888921026186e-08
     1.400999999999956	-1.198888921026186e-08
     1.401333333333289	-1.198888921026186e-08
     1.401666666666622	-1.198888921026186e-08
     1.401999999999956	-1.198888921026186e-08
     1.402333333333289	-1.198888921026186e-08
     1.402666666666622	-1.198888921026186e-08
     1.402999999999956	-1.198888921026186e-08
     1.403333333333289	-1.198888921026186e-08
     1.403666666666622	-1.198888921026186e-08
     1.403999999999956	-1.198888921026186e-08
     1.404333333333289	-1.198888921026186e-08
     1.404666666666622	-1.198888921026186e-08
     1.404999999999955	-1.198888921026186e-08
     1.405333333333289	-1.198888921026186e-08
     1.405666666666622	-1.198888921026186e-08
     1.405999999999955	-1.198888921026186e-08
     1.406333333333289	-1.198888921026186e-08
     1.406666666666622	-1.198888921026186e-08
     1.406999999999955	-1.198888921026186e-08
     1.407333333333288	-1.198888921026186e-08
     1.407666666666622	-1.198888921026186e-08
     1.407999999999955	-1.198888921026186e-08
     1.408333333333288	-1.198888921026186e-08
     1.408666666666622	-1.198888921026186e-08
     1.408999999999955	-1.198888921026186e-08
     1.409333333333288	-1.198888921026186e-08
     1.409666666666622	-1.198888921026186e-08
     1.409999999999955	-1.198888921026186e-08
     1.410333333333288	-1.198888921026186e-08
     1.410666666666621	-1.198888921026186e-08
     1.410999999999955	-1.198888921026186e-08
     1.411333333333288	-1.198888921026186e-08
     1.411666666666621	-1.198888921026186e-08
     1.411999999999955	-1.198888921026186e-08
     1.412333333333288	-1.198888921026186e-08
     1.412666666666621	-1.198888921026186e-08
     1.412999999999955	-1.198888921026186e-08
     1.413333333333288	-1.198888921026186e-08
     1.413666666666621	-1.198888921026186e-08
     1.413999999999954	-1.198888921026186e-08
     1.414333333333288	-1.198888921026186e-08
     1.414666666666621	-1.198888921026186e-08
     1.414999999999954	-1.198888921026186e-08
     1.415333333333288	-1.198888921026186e-08
     1.415666666666621	-1.198888921026186e-08
     1.415999999999954	-1.198888921026186e-08
     1.416333333333287	-1.198888921026186e-08
     1.416666666666621	-1.198888921026186e-08
     1.416999999999954	-1.198888921026186e-08
     1.417333333333287	-1.198888921026186e-08
     1.417666666666621	-1.198888921026186e-08
     1.417999999999954	-1.198888921026186e-08
     1.418333333333287	-1.198888921026186e-08
     1.418666666666621	-1.198888921026186e-08
     1.418999999999954	-1.198888921026186e-08
     1.419333333333287	-1.198888921026186e-08
      1.41966666666662	-1.198888921026186e-08
     1.419999999999954	-1.198888921026186e-08
     1.420333333333287	-1.198888921026186e-08
      1.42066666666662	-1.198888921026186e-08
     1.420999999999954	-1.198888921026186e-08
     1.421333333333287	-1.198888921026186e-08
      1.42166666666662	-1.198888921026186e-08
     1.421999999999954	-1.198888921026186e-08
     1.422333333333287	-1.198888921026186e-08
      1.42266666666662	-1.198888921026186e-08
     1.422999999999953	-1.198888921026186e-08
     1.423333333333287	-1.198888921026186e-08
      1.42366666666662	-1.198888921026186e-08
     1.423999999999953	-1.198888921026186e-08
     1.424333333333287	-1.198888921026186e-08
      1.42466666666662	-1.198888921026186e-08
     1.424999999999953	-1.198888921026186e-08
     1.425333333333286	-1.198888921026186e-08
      1.42566666666662	-1.198888921026186e-08
     1.425999999999953	-1.198888921026186e-08
     1.426333333333286	-1.198888921026186e-08
      1.42666666666662	-1.198888921026186e-08
     1.426999999999953	-1.198888921026186e-08
     1.427333333333286	-1.198888921026186e-08
      1.42766666666662	-1.198888921026186e-08
     1.427999999999953	-1.198888921026186e-08
     1.428333333333286	-1.198888921026186e-08
     1.428666666666619	-1.198888921026186e-08
     1.428999999999953	-1.198888921026186e-08
     1.429333333333286	-1.198888921026186e-08
     1.429666666666619	-1.198888921026186e-08
     1.429999999999953	-1.198888921026186e-08
     1.430333333333286	-1.198888921026186e-08
     1.430666666666619	-1.198888921026186e-08
     1.430999999999953	-1.198888921026186e-08
     1.431333333333286	-1.198888921026186e-08
     1.431666666666619	-1.198888921026186e-08
     1.431999999999952	-1.198888921026186e-08
     1.432333333333286	-1.198888921026186e-08
     1.432666666666619	-1.198888921026186e-08
     1.432999999999952	-1.198888921026186e-08
     1.433333333333286	-1.198888921026186e-08
     1.433666666666619	-1.198888921026186e-08
     1.433999999999952	-1.198888921026186e-08
     1.434333333333285	-1.198888921026186e-08
     1.434666666666619	-1.198888921026186e-08
     1.434999999999952	-1.198888921026186e-08
     1.435333333333285	-1.198888921026186e-08
     1.435666666666619	-1.198888921026186e-08
     1.435999999999952	-1.198888921026186e-08
     1.436333333333285	-1.198888921026186e-08
     1.436666666666619	-1.198888921026186e-08
     1.436999999999952	-1.198888921026186e-08
     1.437333333333285	-1.198888921026186e-08
     1.437666666666618	-1.198888921026186e-08
     1.437999999999952	-1.198888921026186e-08
     1.438333333333285	-1.198888921026186e-08
     1.438666666666618	-1.198888921026186e-08
     1.438999999999952	-1.198888921026186e-08
     1.439333333333285	-1.198888921026186e-08
     1.439666666666618	-1.198888921026186e-08
     1.439999999999952	-1.198888921026186e-08
     1.440333333333285	-1.198888921026186e-08
     1.440666666666618	-1.198888921026186e-08
     1.440999999999951	-1.198888921026186e-08
     1.441333333333285	-1.198888921026186e-08
     1.441666666666618	-1.198888921026186e-08
     1.441999999999951	-1.198888921026186e-08
     1.442333333333285	-1.198888921026186e-08
     1.442666666666618	-1.198888921026186e-08
     1.442999999999951	-1.198888921026186e-08
     1.443333333333285	-1.198888921026186e-08
     1.443666666666618	-1.198888921026186e-08
     1.443999999999951	-1.198888921026186e-08
     1.444333333333284	-1.198888921026186e-08
     1.444666666666618	-1.198888921026186e-08
     1.444999999999951	-1.198888921026186e-08
     1.445333333333284	-1.198888921026186e-08
     1.445666666666618	-1.198888921026186e-08
     1.445999999999951	-1.198888921026186e-08
     1.446333333333284	-1.198888921026186e-08
     1.446666666666617	-1.198888921026186e-08
     1.446999999999951	-1.198888921026186e-08
     1.447333333333284	-1.198888921026186e-08
     1.447666666666617	-1.198888921026186e-08
     1.447999999999951	-1.198888921026186e-08
     1.448333333333284	-1.198888921026186e-08
     1.448666666666617	-1.198888921026186e-08
     1.448999999999951	-1.198888921026186e-08
     1.449333333333284	-1.198888921026186e-08
     1.449666666666617	-1.198888921026186e-08
      1.44999999999995	-1.198888921026186e-08
     1.450333333333284	-1.198888921026186e-08
     1.450666666666617	-1.198888921026186e-08
      1.45099999999995	-1.198888921026186e-08
     1.451333333333284	-1.198888921026186e-08
     1.451666666666617	-1.198888921026186e-08
      1.45199999999995	-1.198888921026186e-08
     1.452333333333284	-1.198888921026186e-08
     1.452666666666617	-1.198888921026186e-08
      1.45299999999995	-1.198888921026186e-08
     1.453333333333283	-1.198888921026186e-08
     1.453666666666617	-1.198888921026186e-08
      1.45399999999995	-1.198888921026186e-08
     1.454333333333283	-1.198888921026186e-08
     1.454666666666617	-1.198888921026186e-08
      1.45499999999995	-1.198888921026186e-08
     1.455333333333283	-1.198888921026186e-08
     1.455666666666616	-1.198888921026186e-08
      1.45599999999995	-1.198888921026186e-08
     1.456333333333283	-1.198888921026186e-08
     1.456666666666616	-1.198888921026186e-08
      1.45699999999995	-1.198888921026186e-08
     1.457333333333283	-1.198888921026186e-08
     1.457666666666616	-1.198888921026186e-08
      1.45799999999995	-1.198888921026186e-08
     1.458333333333283	-1.198888921026186e-08
     1.458666666666616	-1.198888921026186e-08
     1.458999999999949	-1.198888921026186e-08
     1.459333333333283	-1.198888921026186e-08
     1.459666666666616	-1.198888921026186e-08
     1.459999999999949	-1.198888921026186e-08
     1.460333333333283	-1.198888921026186e-08
     1.460666666666616	-1.198888921026186e-08
     1.460999999999949	-1.198888921026186e-08
     1.461333333333283	-1.198888921026186e-08
     1.461666666666616	-1.198888921026186e-08
     1.461999999999949	-1.198888921026186e-08
     1.462333333333282	-1.198888921026186e-08
     1.462666666666616	-1.198888921026186e-08
     1.462999999999949	-1.198888921026186e-08
     1.463333333333282	-1.198888921026186e-08
     1.463666666666616	-1.198888921026186e-08
     1.463999999999949	-1.198888921026186e-08
     1.464333333333282	-1.198888921026186e-08
     1.464666666666615	-1.198888921026186e-08
     1.464999999999949	-1.198888921026186e-08
     1.465333333333282	-1.198888921026186e-08
     1.465666666666615	-1.198888921026186e-08
     1.465999999999949	-1.198888921026186e-08
     1.466333333333282	-1.198888921026186e-08
     1.466666666666615	-1.198888921026186e-08
     1.466999999999949	-1.198888921026186e-08
     1.467333333333282	-1.198888921026186e-08
     1.467666666666615	-1.198888921026186e-08
     1.467999999999948	-1.198888921026186e-08
     1.468333333333282	-1.198888921026186e-08
     1.468666666666615	-1.198888921026186e-08
     1.468999999999948	-1.198888921026186e-08
     1.469333333333282	-1.198888921026186e-08
     1.469666666666615	-1.198888921026186e-08
     1.469999999999948	-1.198888921026186e-08
     1.470333333333282	-1.198888921026186e-08
     1.470666666666615	-1.198888921026186e-08
     1.470999999999948	-1.198888921026186e-08
     1.471333333333281	-1.198888921026186e-08
     1.471666666666615	-1.198888921026186e-08
     1.471999999999948	-1.198888921026186e-08
     1.472333333333281	-1.198888921026186e-08
     1.472666666666615	-1.198888921026186e-08
     1.472999999999948	-1.198888921026186e-08
     1.473333333333281	-1.198888921026186e-08
     1.473666666666614	-1.198888921026186e-08
     1.473999999999948	-1.198888921026186e-08
     1.474333333333281	-1.198888921026186e-08
     1.474666666666614	-1.198888921026186e-08
     1.474999999999948	-1.198888921026186e-08
     1.475333333333281	-1.198888921026186e-08
     1.475666666666614	-1.198888921026186e-08
     1.475999999999948	-1.198888921026186e-08
     1.476333333333281	-1.198888921026186e-08
     1.476666666666614	-1.198888921026186e-08
     1.476999999999947	-1.198888921026186e-08
     1.477333333333281	-1.198888921026186e-08
     1.477666666666614	-1.198888921026186e-08
     1.477999999999947	-1.198888921026186e-08
     1.478333333333281	-1.198888921026186e-08
     1.478666666666614	-1.198888921026186e-08
     1.478999999999947	-1.198888921026186e-08
     1.479333333333281	-1.198888921026186e-08
     1.479666666666614	-1.198888921026186e-08
     1.479999999999947	-1.198888921026186e-08
      1.48033333333328	-1.198888921026186e-08
     1.480666666666614	-1.198888921026186e-08
     1.480999999999947	-1.198888921026186e-08
      1.48133333333328	-1.198888921026186e-08
     1.481666666666614	-1.198888921026186e-08
     1.481999999999947	-1.198888921026186e-08
      1.48233333333328	-1.198888921026186e-08
     1.482666666666614	-1.198888921026186e-08
     1.482999999999947	-1.198888921026186e-08
      1.48333333333328	-1.198888921026186e-08
     1.483666666666613	-1.198888921026186e-08
     1.483999999999947	-1.198888921026186e-08
      1.48433333333328	-1.198888921026186e-08
     1.484666666666613	-1.198888921026186e-08
     1.484999999999947	-1.198888921026186e-08
      1.48533333333328	-1.198888921026186e-08
     1.485666666666613	-1.198888921026186e-08
     1.485999999999946	-1.198888921026186e-08
      1.48633333333328	-1.198888921026186e-08
     1.486666666666613	-1.198888921026186e-08
     1.486999999999946	-1.198888921026186e-08
      1.48733333333328	-1.198888921026186e-08
     1.487666666666613	-1.198888921026186e-08
     1.487999999999946	-1.198888921026186e-08
      1.48833333333328	-1.198888921026186e-08
     1.488666666666613	-1.198888921026186e-08
     1.488999999999946	-1.198888921026186e-08
     1.489333333333279	-1.198888921026186e-08
     1.489666666666613	-1.198888921026186e-08
     1.489999999999946	-1.198888921026186e-08
     1.490333333333279	-1.198888921026186e-08
     1.490666666666613	-1.198888921026186e-08
     1.490999999999946	-1.198888921026186e-08
     1.491333333333279	-1.198888921026186e-08
     1.491666666666613	-1.198888921026186e-08
     1.491999999999946	-1.198888921026186e-08
     1.492333333333279	-1.198888921026186e-08
     1.492666666666612	-1.198888921026186e-08
     1.492999999999946	-1.198888921026186e-08
     1.493333333333279	-1.198888921026186e-08
     1.493666666666612	-1.198888921026186e-08
     1.493999999999946	-1.198888921026186e-08
     1.494333333333279	-1.198888921026186e-08
     1.494666666666612	-1.198888921026186e-08
     1.494999999999945	-1.198888921026186e-08
     1.495333333333279	-1.198888921026186e-08
     1.495666666666612	-1.198888921026186e-08
     1.495999999999945	-1.198888921026186e-08
     1.496333333333279	-1.198888921026186e-08
     1.496666666666612	-1.198888921026186e-08
     1.496999999999945	-1.198888921026186e-08
     1.497333333333279	-1.198888921026186e-08
     1.497666666666612	-1.198888921026186e-08
     1.497999999999945	-1.198888921026186e-08
     1.498333333333278	-1.198888921026186e-08
     1.498666666666612	-1.198888921026186e-08
     1.498999999999945	-1.198888921026186e-08
     1.499333333333278	-1.198888921026186e-08
     1.499666666666612	-1.198888921026186e-08
     1.499999999999945	-1.198888921026186e-08
     1.500333333333278	-1.198888921026186e-08
     1.500666666666612	-1.198888921026186e-08
     1.500999999999945	-1.198888921026186e-08
     1.501333333333278	-1.198888921026186e-08
     1.501666666666611	-1.198888921026186e-08
     1.501999999999945	-1.198888921026186e-08
     1.502333333333278	-1.198888921026186e-08
     1.502666666666611	-1.198888921026186e-08
     1.502999999999945	-1.198888921026186e-08
     1.503333333333278	-1.198888921026186e-08
     1.503666666666611	-1.198888921026186e-08
     1.503999999999944	-1.198888921026186e-08
     1.504333333333278	-1.198888921026186e-08
     1.504666666666611	-1.198888921026186e-08
     1.504999999999944	-1.198888921026186e-08
     1.505333333333278	-1.198888921026186e-08
     1.505666666666611	-1.198888921026186e-08
     1.505999999999944	-1.198888921026186e-08
     1.506333333333278	-1.198888921026186e-08
     1.506666666666611	-1.198888921026186e-08
     1.506999999999944	-1.198888921026186e-08
     1.507333333333277	-1.198888921026186e-08
     1.507666666666611	-1.198888921026186e-08
     1.507999999999944	-1.198888921026186e-08
     1.508333333333277	-1.198888921026186e-08
     1.508666666666611	-1.198888921026186e-08
     1.508999999999944	-1.198888921026186e-08
     1.509333333333277	-1.198888921026186e-08
     1.509666666666611	-1.198888921026186e-08
     1.509999999999944	-1.198888921026186e-08
     1.510333333333277	-1.198888921026186e-08
      1.51066666666661	-1.198888921026186e-08
     1.510999999999944	-1.198888921026186e-08
     1.511333333333277	-1.198888921026186e-08
      1.51166666666661	-1.198888921026186e-08

     2.000333333333333	-1.643128480451017e-08
     2.000666666666667	-1.643128480451017e-08
                 2.001	-1.643128480451017e-08
     2.001333333333333	-1.643128480451017e-08
     2.001666666666666	-1.643128480451017e-08
                 2.002	-1.643128480451017e-08
     2.002333333333333	-1.643128480451017e-08
     2.002666666666666	-1.643128480451017e-08
                 2.003	-1.643128480451017e-08
     2.003333333333333	-1.643128480451017e-08
     2.003666666666666	-1.643128480451017e-08
                 2.004	-1.643128480451017e-08
     2.004333333333333	-1.643128480451017e-08
     2.004666666666666	-1.643128480451017e-08
     2.004999999999999	-1.643128480451017e-08
     2.005333333333333	-1.643128480451017e-08
     2.005666666666666	-1.643128480451017e-08
     2.005999999999999	-1.643128480451017e-08
     2.006333333333333	-1.643128480451017e-08
     2.006666666666666	-1.643128480451017e-08
     2.006999999999999	-1.643128480451017e-08
     2.007333333333333	-1.643128480451017e-08
     2.007666666666666	-1.643128480451017e-08
     2.007999999999999	-1.643128480451017e-08
     2.008333333333332	-1.643128480451017e-08
     2.008666666666666	-1.643128480451017e-08
     2.008999999999999	-1.643128480451017e-08
     2.009333333333332	-1.643128480451017e-08
     2.009666666666666	-1.643128480451017e-08
     2.009999999999999	-1.643128480451017e-08
     2.010333333333332	-1.643128480451017e-08
     2.010666666666665	-1.643128480451017e-08
     2.010999999999999	-1.643128480451017e-08
     2.011333333333332	-1.643128480451017e-08
     2.011666666666665	-1.643128480451017e-08
     2.011999999999999	-1.643128480451017e-08
     2.012333333333332	-1.643128480451017e-08
     2.012666666666665	-1.643128480451017e-08
     2.012999999999999	-1.643128480451017e-08
     2.013333333333332	-1.643128480451017e-08
     2.013666666666665	-1.643128480451017e-08
     2.013999999999998	-1.643128480451017e-08
     2.014333333333332	-1.643128480451017e-08
     2.014666666666665	-1.643128480451017e-08
     2.014999999999998	-1.643128480451017e-08
     2.015333333333332	-1.643128480451017e-08
     2.015666666666665	-1.643128480451017e-08
     2.015999999999998	-1.643128480451017e-08
     2.016333333333332	-1.643128480451017e-08
     2.016666666666665	-1.643128480451017e-08
     2.016999999999998	-1.643128480451017e-08
     2.017333333333331	-1.643128480451017e-08
     2.017666666666665	-1.643128480451017e-08
     2.017999999999998	-1.643128480451017e-08
     2.018333333333331	-1.643128480451017e-08
     2.018666666666665	-1.643128480451017e-08
     2.018999999999998	-1.643128480451017e-08
     2.019333333333331	-1.643128480451017e-08
     2.019666666666665	-1.643128480451017e-08
     2.019999999999998	-1.643128480451017e-08
     2.020333333333331	-1.643128480451017e-08
     2.020666666666664	-1.643128480451017e-08
     2.020999999999998	-1.643128480451017e-08
     2.021333333333331	-1.643128480451017e-08
     2.021666666666664	-1.643128480451017e-08
     2.021999999999998	-1.643128480451017e-08
     2.022333333333331	-1.643128480451017e-08
     2.022666666666664	-1.643128480451017e-08
     2.022999999999997	-1.643128480451017e-08
     2.023333333333331	-1.643128480451017e-08
     2.023666666666664	-1.643128480451017e-08
     2.023999999999997	-1.643128480451017e-08
     2.024333333333331	-1.643128480451017e-08
     2.024666666666664	-1.643128480451017e-08
     2.024999999999997	-1.643128480451017e-08
     2.025333333333331	-1.643128480451017e-08
     2.025666666666664	-1.643128480451017e-08
     2.025999999999997	-1.643128480451017e-08
      2.02633333333333	-1.643128480451017e-08
     2.026666666666664	-1.643128480451017e-08
     2.026999999999997	-1.643128480451017e-08
      2.02733333333333	-1.643128480451017e-08
     2.027666666666664	-1.643128480451017e-08
     2.027999999999997	-1.643128480451017e-08
      2.02833333333333	-1.643128480451017e-08
     2.028666666666664	-1.643128480451017e-08
     2.028999999999997	-1.643128480451017e-08
      2.02933333333333	-1.643128480451017e-08
     2.029666666666663	-1.643128480451017e-08
     2.029999999999997	-1.643128480451017e-08
      2.03033333333333	-1.643128480451017e-08
     2.030666666666663	-1.643128480451017e-08
     2.030999999999997	-1.643128480451017e-08
      2.03133333333333	-1.643128480451017e-08
     2.031666666666663	-1.643128480451017e-08
     2.031999999999996	-1.643128480451017e-08
      2.03233333333333	-1.643128480451017e-08
     2.032666666666663	-1.643128480451017e-08
     2.032999999999996	-1.643128480451017e-08
      2.03333333333333	-1.643128480451017e-08
     2.033666666666663	-1.643128480451017e-08
     2.033999999999996	-1.643128480451017e-08
      2.03433333333333	-1.643128480451017e-08
     2.034666666666663	-1.643128480451017e-08
     2.034999999999996	-1.643128480451017e-08
     2.035333333333329	-1.643128480451017e-08
     2.035666666666663	-1.643128480451017e-08
     2.035999999999996	-1.643128480451017e-08
     2.036333333333329	-1.643128480451017e-08
     2.036666666666663	-1.643128480451017e-08
     2.036999999999996	-1.643128480451017e-08
     2.037333333333329	-1.643128480451017e-08
     2.037666666666663	-1.643128480451017e-08
     2.037999999999996	-1.643128480451017e-08
     2.038333333333329	-1.643128480451017e-08
     2.038666666666662	-1.643128480451017e-08
     2.038999999999996	-1.643128480451017e-08
     2.039333333333329	-1.643128480451017e-08
     2.039666666666662	-1.643128480451017e-08
     2.039999999999996	-1.643128480451017e-08
     2.040333333333329	-1.643128480451017e-08
     2.040666666666662	-1.643128480451017e-08
     2.040999999999995	-1.643128480451017e-08
     2.041333333333329	-1.643128480451017e-08
     2.041666666666662	-1.643128480451017e-08
     2.041999999999995	-1.643128480451017e-08
     2.042333333333329	-1.643128480451017e-08
     2.042666666666662	-1.643128480451017e-08
     2.042999999999995	-1.643128480451017e-08
     2.043333333333329	-1.643128480451017e-08
     2.043666666666662	-1.643128480451017e-08
     2.043999999999995	-1.643128480451017e-08
     2.044333333333328	-1.643128480451017e-08
     2.044666666666662	-1.643128480451017e-08
     2.044999999999995	-1.643128480451017e-08
     2.045333333333328	-1.643128480451017e-08
     2.045666666666662	-1.643128480451017e-08
     2.045999999999995	-1.643128480451017e-08
     2.046333333333328	-1.643128480451017e-08
     2.046666666666662	-1.643128480451017e-08
     2.046999999999995	-1.643128480451017e-08
     2.047333333333328	-1.643128480451017e-08
     2.047666666666661	-1.643128480451017e-08
     2.047999999999995	-1.643128480451017e-08
     2.048333333333328	-1.643128480451017e-08
     2.048666666666661	-1.643128480451017e-08
     2.048999999999995	-1.643128480451017e-08
     2.049333333333328	-1.643128480451017e-08
     2.049666666666661	-1.643128480451017e-08
     2.049999999999994	-1.643128480451017e-08
     2.050333333333328	-1.643128480451017e-08
     2.050666666666661	-1.643128480451017e-08
     2.050999999999994	-1.643128480451017e-08
     2.051333333333328	-1.643128480451017e-08
     2.051666666666661	-1.643128480451017e-08
     2.051999999999994	-1.643128480451017e-08
     2.052333333333328	-1.643128480451017e-08
     2.052666666666661	-1.643128480451017e-08
     2.052999999999994	-1.643128480451017e-08
     2.053333333333327	-1.643128480451017e-08
     2.053666666666661	-1.643128480451017e-08
     2.053999999999994	-1.643128480451017e-08
     2.054333333333327	-1.643128480451017e-08
     2.054666666666661	-1.643128480451017e-08
     2.054999999999994	-1.643128480451017e-08
     2.055333333333327	-1.643128480451017e-08
     2.055666666666661	-1.643128480451017e-08
     2.055999999999994	-1.643128480451017e-08
     2.056333333333327	-1.643128480451017e-08
      2.05666666666666	-1.643128480451017e-08
     2.056999999999994	-1.643128480451017e-08
     2.057333333333327	-1.643128480451017e-08
      2.05766666666666	-1.643128480451017e-08
     2.057999999999994	-1.643128480451017e-08
     2.058333333333327	-1.643128480451017e-08
      2.05866666666666	-1.643128480451017e-08
     2.058999999999994	-1.643128480451017e-08
     2.059333333333327	-1.643128480451017e-08
      2.05966666666666	-1.643128480451017e-08
     2.059999999999993	-1.643128480451017e-08
     2.060333333333327	-1.643128480451017e-08
      2.06066666666666	-1.643128480451017e-08
     2.060999999999993	-1.643128480451017e-08
     2.061333333333327	-1.643128480451017e-08
      2.06166666666666	-1.643128480451017e-08
     2.061999999999993	-1.643128480451017e-08
     2.062333333333326	-1.643128480451017e-08
      2.06266666666666	-1.643128480451017e-08
     2.062999999999993	-1.643128480451017e-08
     2.063333333333326	-1.643128480451017e-08
      2.06366666666666	-1.643128480451017e-08
     2.063999999999993	-1.643128480451017e-08
     2.064333333333326	-1.643128480451017e-08
      2.06466666666666	-1.643128480451017e-08
     2.064999999999993	-1.643128480451017e-08
     2.065333333333326	-1.643128480451017e-08
     2.065666666666659	-1.643128480451017e-08
     2.065999999999993	-1.643128480451017e-08
     2.066333333333326	-1.643128480451017e-08
     2.066666666666659	-1.643128480451017e-08
     2.066999999999993	-1.643128480451017e-08
     2.067333333333326	-1.643128480451017e-08
     2.067666666666659	-1.643128480451017e-08
     2.067999999999993	-1.643128480451017e-08
     2.068333333333326	-1.643128480451017e-08
     2.068666666666659	-1.643128480451017e-08
     2.068999999999992	-1.643128480451017e-08
     2.069333333333326	-1.643128480451017e-08
     2.069666666666659	-1.643128480451017e-08
     2.069999999999992	-1.643128480451017e-08
     2.070333333333326	-1.643128480451017e-08
     2.070666666666659	-1.643128480451017e-08
     2.070999999999992	-1.643128480451017e-08
     2.071333333333325	-1.643128480451017e-08
     2.071666666666659	-1.643128480451017e-08
     2.071999999999992	-1.643128480451017e-08
     2.072333333333325	-1.643128480451017e-08
     2.072666666666659	-1.643128480451017e-08
     2.072999999999992	-1.643128480451017e-08
     2.073333333333325	-1.643128480451017e-08
     2.073666666666659	-1.643128480451017e-08
     2.073999999999992	-1.643128480451017e-08
     2.074333333333325	-1.643128480451017e-08
     2.074666666666658	-1.643128480451017e-08
     2.074999999999992	-1.643128480451017e-08
     2.075333333333325	-1.643128480451017e-08
     2.075666666666658	-1.643128480451017e-08
     2.075999999999992	-1.643128480451017e-08
     2.076333333333325	-1.643128480451017e-08
     2.076666666666658	-1.643128480451017e-08
     2.076999999999992	-1.643128480451017e-08
     2.077333333333325	-1.643128480451017e-08
     2.077666666666658	-1.643128480451017e-08
     2.077999999999991	-1.643128480451017e-08
     2.078333333333325	-1.643128480451017e-08
     2.078666666666658	-1.643128480451017e-08
     2.078999999999991	-1.643128480451017e-08
     2.079333333333325	-1.643128480451017e-08
     2.079666666666658	-1.643128480451017e-08
     2.079999999999991	-1.643128480451017e-08
     2.080333333333324	-1.643128480451017e-08
     2.080666666666658	-1.643128480451017e-08
     2.080999999999991	-1.643128480451017e-08
     2.081333333333324	-1.643128480451017e-08
     2.081666666666658	-1.643128480451017e-08
     2.081999999999991	-1.643128480451017e-08
     2.082333333333324	-1.643128480451017e-08
     2.082666666666658	-1.643128480451017e-08
     2.082999999999991	-1.643128480451017e-08
     2.083333333333324	-1.643128480451017e-08
     2.083666666666657	-1.643128480451017e-08
     2.083999999999991	-1.643128480451017e-08
     2.084333333333324	-1.643128480451017e-08
     2.084666666666657	-1.643128480451017e-08
     2.084999999999991	-1.643128480451017e-08
     2.085333333333324	-1.643128480451017e-08
     2.085666666666657	-1.643128480451017e-08
     2.085999999999991	-1.643128480451017e-08
     2.086333333333324	-1.643128480451017e-08
     2.086666666666657	-1.643128480451017e-08
      2.08699999999999	-1.643128480451017e-08
     2.087333333333324	-1.643128480451017e-08
     2.087666666666657	-1.643128480451017e-08
      2.08799999999999	-1.643128480451017e-08
     2.088333333333324	-1.643128480451017e-08
     2.088666666666657	-1.643128480451017e-08
      2.08899999999999	-1.643128480451017e-08
     2.089333333333323	-1.643128480451017e-08
     2.089666666666657	-1.643128480451017e-08
      2.08999999999999	-1.643128480451017e-08
     2.090333333333323	-1.643128480451017e-08
     2.090666666666657	-1.643128480451017e-08
      2.09099999999999	-1.643128480451017e-08
     2.091333333333323	-1.643128480451017e-08
     2.091666666666657	-1.643128480451017e-08
      2.09199999999999	-1.643128480451017e-08
     2.092333333333323	-1.643128480451017e-08
     2.092666666666656	-1.643128480451017e-08
      2.09299999999999	-1.643128480451017e-08
     2.093333333333323	-1.643128480451017e-08
     2.093666666666656	-1.643128480451017e-08
      2.09399999999999	-1.643128480451017e-08
     2.094333333333323	-1.643128480451017e-08
     2.094666666666656	-1.643128480451017e-08
      2.09499999999999	-1.643128480451017e-08
     2.095333333333323	-1.643128480451017e-08
     2.095666666666656	-1.643128480451017e-08
     2.095999999999989	-1.643128480451017e-08
     2.096333333333323	-1.643128480451017e-08
     2.096666666666656	-1.643128480451017e-08
     2.096999999999989	-1.643128480451017e-08
     2.097333333333323	-1.643128480451017e-08
     2.097666666666656	-1.643128480451017e-08
     2.097999999999989	-1.643128480451017e-08
     2.098333333333323	-1.643128480451017e-08
     2.098666666666656	-1.643128480451017e-08
     2.098999999999989	-1.643128480451017e-08
     2.099333333333322	-1.643128480451017e-08
     2.099666666666656	-1.643128480451017e-08
     2.099999999999989	-1.643128480451017e-08
     2.100333333333322	-1.643128480451017e-08
     2.100666666666656	-1.643128480451017e-08
     2.100999999999989	-1.643128480451017e-08
     2.101333333333322	-1.643128480451017e-08
     2.101666666666655	-1.643128480451017e-08
     2.101999999999989	-1.643128480451017e-08
     2.102333333333322	-1.643128480451017e-08
     2.102666666666655	-1.643128480451017e-08
     2.102999999999989	-1.643128480451017e-08
     2.103333333333322	-1.643128480451017e-08
     2.103666666666655	-1.643128480451017e-08
     2.103999999999989	-1.643128480451017e-08
     2.104333333333322	-1.643128480451017e-08
     2.104666666666655	-1.643128480451017e-08
     2.104999999999988	-1.643128480451017e-08
     2.105333333333322	-1.643128480451017e-08
     2.105666666666655	-1.643128480451017e-08
     2.105999999999988	-1.643128480451017e-08
     2.106333333333322	-1.643128480451017e-08
     2.106666666666655	-1.643128480451017e-08
     2.106999999999988	-1.643128480451017e-08
     2.107333333333322	-1.643128480451017e-08
     2.107666666666655	-1.643128480451017e-08
     2.107999999999988	-1.643128480451017e-08
     2.108333333333321	-1.643128480451017e-08
     2.108666666666655	-1.643128480451017e-08
     2.108999999999988	-1.643128480451017e-08
     2.109333333333321	-1.643128480451017e-08
     2.109666666666655	-1.643128480451017e-08
     2.109999999999988	-1.643128480451017e-08
     2.110333333333321	-1.643128480451017e-08
     2.110666666666654	-1.643128480451017e-08
     2.110999999999988	-1.643128480451017e-08
     2.111333333333321	-1.643128480451017e-08
     2.111666666666654	-1.643128480451017e-08
     2.111999999999988	-1.643128480451017e-08
     2.112333333333321	-1.643128480451017e-08
     2.112666666666654	-1.643128480451017e-08
     2.112999999999988	-1.643128480451017e-08
     2.113333333333321	-1.643128480451017e-08
     2.113666666666654	-1.643128480451017e-08
     2.113999999999987	-1.643128480451017e-08
     2.114333333333321	-1.643128480451017e-08
     2.114666666666654	-1.643128480451017e-08
     2.114999999999987	-1.643128480451017e-08
     2.115333333333321	-1.643128480451017e-08
     2.115666666666654	-1.643128480451017e-08
     2.115999999999987	-1.643128480451017e-08
     2.116333333333321	-1.643128480451017e-08
     2.116666666666654	-1.643128480451017e-08
     2.116999999999987	-1.643128480451017e-08
      2.11733333333332	-1.643128480451017e-08
     2.117666666666654	-1.643128480451017e-08
     2.117999999999987	-1.643128480451017e-08
      2.11833333333332	-1.643128480451017e-08
     2.118666666666654	-1.643128480451017e-08
     2.118999999999987	-1.643128480451017e-08
      2.11933333333332	-1.643128480451017e-08
     2.119666666666653	-1.643128480451017e-08
     2.119999999999987	-1.643128480451017e-08
      2.12033333333332	-1.643128480451017e-08
     2.120666666666653	-1.643128480451017e-08
     2.120999999999987	-1.643128480451017e-08
      2.12133333333332	-1.643128480451017e-08
     2.121666666666653	-1.643128480451017e-08
     2.121999999999987	-1.643128480451017e-08
      2.12233333333332	-1.643128480451017e-08
     2.122666666666653	-1.643128480451017e-08
     2.122999999999986	-1.643128480451017e-08
      2.12333333333332	-1.643128480451017e-08
     2.123666666666653	-1.643128480451017e-08
     2.123999999999986	-1.643128480451017e-08
      2.12433333333332	-1.643128480451017e-08
     2.124666666666653	-1.643128480451017e-08
     2.124999999999986	-1.643128480451017e-08
      2.12533333333332	-1.643128480451017e-08
     2.125666666666653	-1.643128480451017e-08
     2.125999999999986	-1.643128480451017e-08
     2.126333333333319	-1.643128480451017e-08
     2.126666666666653	-1.643128480451017e-08
     2.126999999999986	-1.643128480451017e-08
     2.127333333333319	-1.643128480451017e-08
     2.127666666666653	-1.643128480451017e-08
     2.127999999999986	-1.643128480451017e-08
     2.128333333333319	-1.643128480451017e-08
     2.128666666666652	-1.643128480451017e-08
     2.128999999999986	-1.643128480451017e-08
     2.129333333333319	-1.643128480451017e-08
     2.129666666666652	-1.643128480451017e-08
     2.129999999999986	-1.643128480451017e-08
     2.130333333333319	-1.643128480451017e-08
     2.130666666666652	-1.643128480451017e-08
     2.130999999999986	-1.643128480451017e-08
     2.131333333333319	-1.643128480451017e-08
     2.131666666666652	-1.643128480451017e-08
     2.131999999999985	-1.643128480451017e-08
     2.132333333333319	-1.643128480451017e-08
     2.132666666666652	-1.643128480451017e-08
     2.132999999999985	-1.643128480451017e-08
     2.133333333333319	-1.643128480451017e-08
     2.133666666666652	-1.643128480451017e-08
     2.133999999999985	-1.643128480451017e-08
     2.134333333333319	-1.643128480451017e-08
     2.134666666666652	-1.643128480451017e-08
     2.134999999999985	-1.643128480451017e-08
     2.135333333333318	-1.643128480451017e-08
     2.135666666666652	-1.643128480451017e-08
     2.135999999999985	-1.643128480451017e-08
     2.136333333333318	-1.643128480451017e-08
     2.136666666666652	-1.643128480451017e-08
     2.136999999999985	-1.643128480451017e-08
     2.137333333333318	-1.643128480451017e-08
     2.137666666666652	-1.643128480451017e-08
     2.137999999999985	-1.643128480451017e-08
     2.138333333333318	-1.643128480451017e-08
     2.138666666666651	-1.643128480451017e-08
     2.138999999999985	-1.643128480451017e-08
     2.139333333333318	-1.643128480451017e-08
     2.139666666666651	-1.643128480451017e-08
     2.139999999999985	-1.643128480451017e-08
     2.140333333333318	-1.643128480451017e-08
     2.140666666666651	-1.643128480451017e-08
     2.140999999999984	-1.643128480451017e-08
     2.141333333333318	-1.643128480451017e-08
     2.141666666666651	-1.643128480451017e-08
     2.141999999999984	-1.643128480451017e-08
     2.142333333333318	-1.643128480451017e-08
     2.142666666666651	-1.643128480451017e-08
     2.142999999999984	-1.643128480451017e-08
     2.143333333333318	-1.643128480451017e-08
     2.143666666666651	-1.643128480451017e-08
     2.143999999999984	-1.643128480451017e-08
     2.144333333333317	-1.643128480451017e-08
     2.144666666666651	-1.643128480451017e-08
     2.144999999999984	-1.643128480451017e-08
     2.145333333333317	-1.643128480451017e-08
     2.145666666666651	-1.643128480451017e-08
     2.145999999999984	-1.643128480451017e-08
     2.146333333333317	-1.643128480451017e-08
     2.146666666666651	-1.643128480451017e-08
     2.146999999999984	-1.643128480451017e-08
     2.147333333333317	-1.643128480451017e-08
      2.14766666666665	-1.643128480451017e-08
     2.147999999999984	-1.643128480451017e-08
     2.148333333333317	-1.643128480451017e-08
      2.14866666666665	-1.643128480451017e-08
     2.148999999999984	-1.643128480451017e-08
     2.149333333333317	-1.643128480451017e-08
      2.14966666666665	-1.643128480451017e-08
     2.149999999999983	-1.643128480451017e-08
     2.150333333333317	-1.643128480451017e-08
      2.15066666666665	-1.643128480451017e-08
     2.150999999999983	-1.643128480451017e-08
     2.151333333333317	-1.643128480451017e-08
      2.15166666666665	-1.643128480451017e-08
     2.151999999999983	-1.643128480451017e-08
     2.152333333333317	-1.643128480451017e-08
      2.15266666666665	-1.643128480451017e-08
     2.152999999999983	-1.643128480451017e-08
     2.153333333333316	-1.643128480451017e-08
      2.15366666666665	-1.643128480451017e-08
     2.153999999999983	-1.643128480451017e-08
     2.154333333333316	-1.643128480451017e-08
      2.15466666666665	-1.643128480451017e-08
     2.154999999999983	-1.643128480451017e-08
     2.155333333333316	-1.643128480451017e-08
      2.15566666666665	-1.643128480451017e-08
     2.155999999999983	-1.643128480451017e-08
     2.156333333333316	-1.643128480451017e-08
     2.156666666666649	-1.643128480451017e-08
     2.156999999999983	-1.643128480451017e-08
     2.157333333333316	-1.643128480451017e-08
     2.157666666666649	-1.643128480451017e-08
     2.157999999999983	-1.643128480451017e-08
     2.158333333333316	-1.643128480451017e-08
     2.158666666666649	-1.643128480451017e-08
     2.158999999999982	-1.643128480451017e-08
     2.159333333333316	-1.643128480451017e-08
     2.159666666666649	-1.643128480451017e-08
     2.159999999999982	-1.643128480451017e-08
     2.160333333333316	-1.643128480451017e-08
     2.160666666666649	-1.643128480451017e-08
     2.160999999999982	-1.643128480451017e-08
     2.161333333333316	-1.643128480451017e-08
     2.161666666666649	-1.643128480451017e-08
     2.161999999999982	-1.643128480451017e-08
     2.162333333333315	-1.643128480451017e-08
     2.162666666666649	-1.643128480451017e-08
     2.162999999999982	-1.643128480451017e-08
     2.163333333333315	-1.643128480451017e-08
     2.163666666666649	-1.643128480451017e-08
     2.163999999999982	-1.643128480451017e-08
     2.164333333333315	-1.643128480451017e-08
     2.164666666666649	-1.643128480451017e-08
     2.164999999999982	-1.643128480451017e-08
     2.165333333333315	-1.643128480451017e-08
     2.165666666666648	-1.643128480451017e-08
     2.165999999999982	-1.643128480451017e-08
     2.166333333333315	-1.643128480451017e-08
     2.166666666666648	-1.643128480451017e-08
     2.166999999999982	-1.643128480451017e-08
     2.167333333333315	-1.643128480451017e-08
     2.167666666666648	-1.643128480451017e-08
     2.167999999999981	-1.643128480451017e-08
     2.168333333333315	-1.643128480451017e-08
     2.168666666666648	-1.643128480451017e-08
     2.168999999999981	-1.643128480451017e-08
     2.169333333333315	-1.643128480451017e-08
     2.169666666666648	-1.643128480451017e-08
     2.169999999999981	-1.643128480451017e-08
     2.170333333333315	-1.643128480451017e-08
     2.170666666666648	-1.643128480451017e-08
     2.170999999999981	-1.643128480451017e-08
     2.171333333333314	-1.643128480451017e-08
     2.171666666666648	-1.643128480451017e-08
     2.171999999999981	-1.643128480451017e-08
     2.172333333333314	-1.643128480451017e-08
     2.172666666666648	-1.643128480451017e-08
     2.172999999999981	-1.643128480451017e-08
     2.173333333333314	-1.643128480451017e-08
     2.173666666666648	-1.643128480451017e-08
     2.173999999999981	-1.643128480451017e-08
     2.174333333333314	-1.643128480451017e-08
     2.174666666666647	-1.643128480451017e-08
     2.174999999999981	-1.643128480451017e-08
     2.175333333333314	-1.643128480451017e-08
     2.175666666666647	-1.643128480451017e-08
     2.175999999999981	-1.643128480451017e-08
     2.176333333333314	-1.643128480451017e-08
     2.176666666666647	-1.643128480451017e-08
     2.176999999999981	-1.643128480451017e-08
     2.177333333333314	-1.643128480451017e-08
     2.177666666666647	-1.643128480451017e-08
      2.17799999999998	-1.643128480451017e-08
     2.178333333333314	-1.643128480451017e-08
     2.178666666666647	-1.643128480451017e-08
      2.17899999999998	-1.643128480451017e-08
     2.179333333333314	-1.643128480451017e-08
     2.179666666666647	-1.643128480451017e-08
      2.17999999999998	-1.643128480451017e-08
     2.180333333333313	-1.643128480451017e-08
     2.180666666666647	-1.643128480451017e-08
      2.18099999999998	-1.643128480451017e-08
     2.181333333333313	-1.643128480451017e-08
     2.181666666666647	-1.643128480451017e-08
      2.18199999999998	-1.643128480451017e-08
     2.182333333333313	-1.643128480451017e-08
     2.182666666666647	-1.643128480451017e-08
      2.18299999999998	-1.643128480451017e-08
     2.183333333333313	-1.643128480451017e-08
     2.183666666666646	-1.643128480451017e-08
      2.18399999999998	-1.643128480451017e-08
     2.184333333333313	-1.643128480451017e-08
     2.184666666666646	-1.643128480451017e-08
      2.18499999999998	-1.643128480451017e-08
     2.185333333333313	-1.643128480451017e-08
     2.185666666666646	-1.643128480451017e-08
      2.18599999999998	-1.643128480451017e-08
     2.186333333333313	-1.643128480451017e-08
     2.186666666666646	-1.643128480451017e-08
     2.186999999999979	-1.643128480451017e-08
     2.187333333333313	-1.643128480451017e-08
     2.187666666666646	-1.643128480451017e-08
     2.187999999999979	-1.643128480451017e-08
     2.188333333333313	-1.643128480451017e-08
     2.188666666666646	-1.643128480451017e-08
     2.188999999999979	-1.643128480451017e-08
     2.189333333333312	-1.643128480451017e-08
     2.189666666666646	-1.643128480451017e-08
     2.189999999999979	-1.643128480451017e-08
     2.190333333333312	-1.643128480451017e-08
     2.190666666666646	-1.643128480451017e-08
     2.190999999999979	-1.643128480451017e-08
     2.191333333333312	-1.643128480451017e-08
     2.191666666666646	-1.643128480451017e-08
     2.191999999999979	-1.643128480451017e-08
     2.192333333333312	-1.643128480451017e-08
     2.192666666666645	-1.643128480451017e-08
     2.192999999999979	-1.643128480451017e-08
     2.193333333333312	-1.643128480451017e-08
     2.193666666666645	-1.643128480451017e-08
     2.193999999999979	-1.643128480451017e-08
     2.194333333333312	-1.643128480451017e-08
     2.194666666666645	-1.643128480451017e-08
     2.194999999999979	-1.643128480451017e-08
     2.195333333333312	-1.643128480451017e-08
     2.195666666666645	-1.643128480451017e-08
     2.195999999999978	-1.643128480451017e-08
     2.196333333333312	-1.643128480451017e-08
     2.196666666666645	-1.643128480451017e-08
     2.196999999999978	-1.643128480451017e-08
     2.197333333333312	-1.643128480451017e-08
     2.197666666666645	-1.643128480451017e-08
     2.197999999999978	-1.643128480451017e-08
     2.198333333333311	-1.643128480451017e-08
     2.198666666666645	-1.643128480451017e-08
     2.198999999999978	-1.643128480451017e-08
     2.199333333333311	-1.643128480451017e-08
     2.199666666666645	-1.643128480451017e-08
     2.199999999999978	-1.643128480451017e-08
     2.200333333333311	-1.643128480451017e-08
     2.200666666666645	-1.643128480451017e-08
     2.200999999999978	-1.643128480451017e-08
     2.201333333333311	-1.643128480451017e-08
     2.201666666666644	-1.643128480451017e-08
     2.201999999999978	-1.643128480451017e-08
     2.202333333333311	-1.643128480451017e-08
     2.202666666666644	-1.643128480451017e-08
     2.202999999999978	-1.643128480451017e-08
     2.203333333333311	-1.643128480451017e-08
     2.203666666666644	-1.643128480451017e-08
     2.203999999999978	-1.643128480451017e-08
     2.204333333333311	-1.643128480451017e-08
     2.204666666666644	-1.643128480451017e-08
     2.204999999999977	-1.643128480451017e-08
     2.205333333333311	-1.643128480451017e-08
     2.205666666666644	-1.643128480451017e-08
     2.205999999999977	-1.643128480451017e-08
     2.206333333333311	-1.643128480451017e-08
     2.206666666666644	-1.643128480451017e-08
     2.206999999999977	-1.643128480451017e-08
      2.20733333333331	-1.643128480451017e-08
     2.207666666666644	-1.643128480451017e-08
     2.207999999999977	-1.643128480451017e-08
      2.20833333333331	-1.643128480451017e-08
     2.208666666666644	-1.643128480451017e-08
     2.208999999999977	-1.643128480451017e-08
      2.20933333333331	-1.643128480451017e-08
     2.209666666666644	-1.643128480451017e-08
     2.209999999999977	-1.643128480451017e-08
      2.21033333333331	-1.643128480451017e-08
     2.210666666666643	-1.643128480451017e-08
     2.210999999999977	-1.643128480451017e-08
      2.21133333333331	-1.643128480451017e-08
     2.211666666666643	-1.643128480451017e-08
     2.211999999999977	-1.643128480451017e-08
      2.21233333333331	-1.643128480451017e-08
     2.212666666666643	-1.643128480451017e-08
     2.212999999999977	-1.643128480451017e-08
      2.21333333333331	-1.643128480451017e-08
     2.213666666666643	-1.643128480451017e-08
     2.213999999999976	-1.643128480451017e-08
      2.21433333333331	-1.643128480451017e-08
     2.214666666666643	-1.643128480451017e-08
     2.214999999999976	-1.643128480451017e-08
      2.21533333333331	-1.643128480451017e-08
     2.215666666666643	-1.643128480451017e-08
     2.215999999999976	-1.643128480451017e-08
      2.21633333333331	-1.643128480451017e-08
     2.216666666666643	-1.643128480451017e-08
     2.216999999999976	-1.643128480451017e-08
     2.217333333333309	-1.643128480451017e-08
     2.217666666666643	-1.643128480451017e-08
     2.217999999999976	-1.643128480451017e-08
     2.218333333333309	-1.643128480451017e-08
     2.218666666666643	-1.643128480451017e-08
     2.218999999999976	-1.643128480451017e-08
     2.219333333333309	-1.643128480451017e-08
     2.219666666666642	-1.643128480451017e-08
     2.219999999999976	-1.643128480451017e-08
     2.220333333333309	-1.643128480451017e-08
     2.220666666666642	-1.643128480451017e-08
     2.220999999999976	-1.643128480451017e-08
     2.221333333333309	-1.643128480451017e-08
     2.221666666666642	-1.643128480451017e-08
     2.221999999999976	-1.643128480451017e-08
     2.222333333333309	-1.643128480451017e-08
     2.222666666666642	-1.643128480451017e-08
     2.222999999999975	-1.643128480451017e-08
     2.223333333333309	-1.643128480451017e-08
     2.223666666666642	-1.643128480451017e-08
     2.223999999999975	-1.643128480451017e-08
     2.224333333333309	-1.643128480451017e-08
     2.224666666666642	-1.643128480451017e-08
     2.224999999999975	-1.643128480451017e-08
     2.225333333333309	-1.643128480451017e-08
     2.225666666666642	-1.643128480451017e-08
     2.225999999999975	-1.643128480451017e-08
     2.226333333333308	-1.643128480451017e-08
     2.226666666666642	-1.643128480451017e-08
     2.226999999999975	-1.643128480451017e-08
     2.227333333333308	-1.643128480451017e-08
     2.227666666666642	-1.643128480451017e-08
     2.227999999999975	-1.643128480451017e-08
     2.228333333333308	-1.643128480451017e-08
     2.228666666666641	-1.643128480451017e-08
     2.228999999999975	-1.643128480451017e-08
     2.229333333333308	-1.643128480451017e-08
     2.229666666666641	-1.643128480451017e-08
     2.229999999999975	-1.643128480451017e-08
     2.230333333333308	-1.643128480451017e-08
     2.230666666666641	-1.643128480451017e-08
     2.230999999999975	-1.643128480451017e-08
     2.231333333333308	-1.643128480451017e-08
     2.231666666666641	-1.643128480451017e-08
     2.231999999999974	-1.643128480451017e-08
     2.232333333333308	-1.643128480451017e-08
     2.232666666666641	-1.643128480451017e-08
     2.232999999999974	-1.643128480451017e-08
     2.233333333333308	-1.643128480451017e-08
     2.233666666666641	-1.643128480451017e-08
     2.233999999999974	-1.643128480451017e-08
     2.234333333333308	-1.643128480451017e-08
     2.234666666666641	-1.643128480451017e-08
     2.234999999999974	-1.643128480451017e-08
     2.235333333333307	-1.643128480451017e-08
     2.235666666666641	-1.643128480451017e-08
     2.235999999999974	-1.643128480451017e-08
     2.236333333333307	-1.643128480451017e-08
     2.236666666666641	-1.643128480451017e-08
     2.236999999999974	-1.643128480451017e-08
     2.237333333333307	-1.643128480451017e-08
      2.23766666666664	-1.643128480451017e-08
     2.237999999999974	-1.643128480451017e-08
     2.238333333333307	-1.643128480451017e-08
      2.23866666666664	-1.643128480451017e-08
     2.238999999999974	-1.643128480451017e-08
     2.239333333333307	-1.643128480451017e-08
      2.23966666666664	-1.643128480451017e-08
     2.239999999999974	-1.643128480451017e-08
     2.240333333333307	-1.643128480451017e-08
      2.24066666666664	-1.643128480451017e-08
     2.240999999999973	-1.643128480451017e-08
     2.241333333333307	-1.643128480451017e-08
      2.24166666666664	-1.643128480451017e-08
     2.241999999999973	-1.643128480451017e-08
     2.242333333333307	-1.643128480451017e-08
      2.24266666666664	-1.643128480451017e-08
     2.242999999999973	-1.643128480451017e-08
     2.243333333333307	-1.643128480451017e-08
      2.24366666666664	-1.643128480451017e-08
     2.243999999999973	-1.643128480451017e-08
     2.244333333333306	-1.643128480451017e-08
      2.24466666666664	-1.643128480451017e-08
     2.244999999999973	-1.643128480451017e-08
     2.245333333333306	-1.643128480451017e-08
      2.24566666666664	-1.643128480451017e-08
     2.245999999999973	-1.643128480451017e-08
     2.246333333333306	-1.643128480451017e-08
      2.24666666666664	-1.643128480451017e-08
     2.246999999999973	-1.643128480451017e-08
     2.247333333333306	-1.643128480451017e-08
     2.247666666666639	-1.643128480451017e-08
     2.247999999999973	-1.643128480451017e-08
     2.248333333333306	-1.643128480451017e-08
     2.248666666666639	-1.643128480451017e-08
     2.248999999999973	-1.643128480451017e-08
     2.249333333333306	-1.643128480451017e-08
     2.249666666666639	-1.643128480451017e-08
     2.249999999999972	-1.643128480451017e-08
     2.250333333333306	-1.643128480451017e-08
     2.250666666666639	-1.643128480451017e-08
     2.250999999999972	-1.643128480451017e-08
     2.251333333333306	-1.643128480451017e-08
     2.251666666666639	-1.643128480451017e-08
     2.251999999999972	-1.643128480451017e-08
     2.252333333333306	-1.643128480451017e-08
     2.252666666666639	-1.643128480451017e-08
     2.252999999999972	-1.643128480451017e-08
     2.253333333333305	-1.643128480451017e-08
     2.253666666666639	-1.643128480451017e-08
     2.253999999999972	-1.643128480451017e-08
     2.254333333333305	-1.643128480451017e-08
     2.254666666666639	-1.643128480451017e-08
     2.254999999999972	-1.643128480451017e-08
     2.255333333333305	-1.643128480451017e-08
     2.255666666666639	-1.643128480451017e-08
     2.255999999999972	-1.643128480451017e-08
     2.256333333333305	-1.643128480451017e-08
     2.256666666666638	-1.643128480451017e-08
     2.256999999999972	-1.643128480451017e-08
     2.257333333333305	-1.643128480451017e-08
     2.257666666666638	-1.643128480451017e-08
     2.257999999999972	-1.643128480451017e-08
     2.258333333333305	-1.643128480451017e-08
     2.258666666666638	-1.643128480451017e-08
     2.258999999999971	-1.643128480451017e-08
     2.259333333333305	-1.643128480451017e-08
     2.259666666666638	-1.643128480451017e-08
     2.259999999999971	-1.643128480451017e-08
     2.260333333333305	-1.643128480451017e-08
     2.260666666666638	-1.643128480451017e-08
     2.260999999999971	-1.643128480451017e-08
     2.261333333333305	-1.643128480451017e-08
     2.261666666666638	-1.643128480451017e-08
     2.261999999999971	-1.643128480451017e-08
     2.262333333333304	-1.643128480451017e-08
     2.262666666666638	-1.643128480451017e-08
     2.262999999999971	-1.643128480451017e-08
     2.263333333333304	-1.643128480451017e-08
     2.263666666666638	-1.643128480451017e-08
     2.263999999999971	-1.643128480451017e-08
     2.264333333333304	-1.643128480451017e-08
     2.264666666666638	-1.643128480451017e-08
     2.264999999999971	-1.643128480451017e-08
     2.265333333333304	-1.643128480451017e-08
     2.265666666666637	-1.643128480451017e-08
     2.265999999999971	-1.643128480451017e-08
     2.266333333333304	-1.643128480451017e-08
     2.266666666666637	-1.643128480451017e-08
     2.266999999999971	-1.643128480451017e-08
     2.267333333333304	-1.643128480451017e-08
     2.267666666666637	-1.643128480451017e-08
      2.26799999999997	-1.643128480451017e-08
     2.268333333333304	-1.643128480451017e-08
     2.268666666666637	-1.643128480451017e-08
      2.26899999999997	-1.643128480451017e-08
     2.269333333333304	-1.643128480451017e-08
     2.269666666666637	-1.643128480451017e-08
      2.26999999999997	-1.643128480451017e-08
     2.270333333333304	-1.643128480451017e-08
     2.270666666666637	-1.643128480451017e-08
      2.27099999999997	-1.643128480451017e-08
     2.271333333333303	-1.643128480451017e-08
     2.271666666666637	-1.643128480451017e-08
      2.27199999999997	-1.643128480451017e-08
     2.272333333333303	-1.643128480451017e-08
     2.272666666666637	-1.643128480451017e-08
      2.27299999999997	-1.643128480451017e-08
     2.273333333333303	-1.643128480451017e-08
     2.273666666666637	-1.643128480451017e-08
      2.27399999999997	-1.643128480451017e-08
     2.274333333333303	-1.643128480451017e-08
     2.274666666666636	-1.643128480451017e-08
      2.27499999999997	-1.643128480451017e-08
     2.275333333333303	-1.643128480451017e-08
     2.275666666666636	-1.643128480451017e-08
      2.27599999999997	-1.643128480451017e-08
     2.276333333333303	-1.643128480451017e-08
     2.276666666666636	-1.643128480451017e-08
     2.276999999999969	-1.643128480451017e-08
     2.277333333333303	-1.643128480451017e-08
     2.277666666666636	-1.643128480451017e-08
     2.277999999999969	-1.643128480451017e-08
     2.278333333333303	-1.643128480451017e-08
     2.278666666666636	-1.643128480451017e-08
     2.278999999999969	-1.643128480451017e-08
     2.279333333333303	-1.643128480451017e-08
     2.279666666666636	-1.643128480451017e-08
     2.279999999999969	-1.643128480451017e-08
     2.280333333333302	-1.643128480451017e-08
     2.280666666666636	-1.643128480451017e-08
     2.280999999999969	-1.643128480451017e-08
     2.281333333333302	-1.643128480451017e-08
     2.281666666666636	-1.643128480451017e-08
     2.281999999999969	-1.643128480451017e-08
     2.282333333333302	-1.643128480451017e-08
     2.282666666666636	-1.643128480451017e-08
     2.282999999999969	-1.643128480451017e-08
     2.283333333333302	-1.643128480451017e-08
     2.283666666666635	-1.643128480451017e-08
     2.283999999999969	-1.643128480451017e-08
     2.284333333333302	-1.643128480451017e-08
     2.284666666666635	-1.643128480451017e-08
     2.284999999999969	-1.643128480451017e-08
     2.285333333333302	-1.643128480451017e-08
     2.285666666666635	-1.643128480451017e-08
     2.285999999999969	-1.643128480451017e-08
     2.286333333333302	-1.643128480451017e-08
     2.286666666666635	-1.643128480451017e-08
     2.286999999999968	-1.643128480451017e-08
     2.287333333333302	-1.643128480451017e-08
     2.287666666666635	-1.643128480451017e-08
     2.287999999999968	-1.643128480451017e-08
     2.288333333333302	-1.643128480451017e-08
     2.288666666666635	-1.643128480451017e-08
     2.288999999999968	-1.643128480451017e-08
     2.289333333333301	-1.643128480451017e-08
     2.289666666666635	-1.643128480451017e-08
     2.289999999999968	-1.643128480451017e-08
     2.290333333333301	-1.643128480451017e-08
     2.290666666666635	-1.643128480451017e-08
     2.290999999999968	-1.643128480451017e-08
     2.291333333333301	-1.643128480451017e-08
     2.291666666666635	-1.643128480451017e-08
     2.291999999999968	-1.643128480451017e-08
     2.292333333333301	-1.643128480451017e-08
     2.292666666666634	-1.643128480451017e-08
     2.292999999999968	-1.643128480451017e-08
     2.293333333333301	-1.643128480451017e-08
     2.293666666666634	-1.643128480451017e-08
     2.293999999999968	-1.643128480451017e-08
     2.294333333333301	-1.643128480451017e-08
     2.294666666666634	-1.643128480451017e-08
     2.294999999999968	-1.643128480451017e-08
     2.295333333333301	-1.643128480451017e-08
     2.295666666666634	-1.643128480451017e-08
     2.295999999999967	-1.643128480451017e-08
     2.296333333333301	-1.643128480451017e-08
     2.296666666666634	-1.643128480451017e-08
     2.296999999999967	-1.643128480451017e-08
     2.297333333333301	-1.643128480451017e-08
     2.297666666666634	-1.643128480451017e-08
     2.297999999999967	-1.643128480451017e-08
       2.2983333333333	-1.643128480451017e-08
     2.298666666666634	-1.643128480451017e-08
     2.298999999999967	-1.643128480451017e-08
       2.2993333333333	-1.643128480451017e-08
     2.299666666666634	-1.643128480451017e-08
     2.299999999999967	-1.643128480451017e-08
       2.3003333333333	-1.643128480451017e-08
     2.300666666666634	-1.643128480451017e-08
     2.300999999999967	-1.643128480451017e-08
       2.3013333333333	-1.643128480451017e-08
     2.301666666666633	-1.643128480451017e-08
     2.301999999999967	-1.643128480451017e-08
       2.3023333333333	-1.643128480451017e-08
     2.302666666666633	-1.643128480451017e-08
     2.302999999999967	-1.643128480451017e-08
       2.3033333333333	-1.643128480451017e-08
     2.303666666666633	-1.643128480451017e-08
     2.303999999999967	-1.643128480451017e-08
       2.3043333333333	-1.643128480451017e-08
     2.304666666666633	-1.643128480451017e-08
     2.304999999999966	-1.643128480451017e-08
       2.3053333333333	-1.643128480451017e-08
     2.305666666666633	-1.643128480451017e-08
     2.305999999999966	-1.643128480451017e-08
       2.3063333333333	-1.643128480451017e-08
     2.306666666666633	-1.643128480451017e-08
     2.306999999999966	-1.643128480451017e-08
     2.307333333333299	-1.643128480451017e-08
     2.307666666666633	-1.643128480451017e-08
     2.307999999999966	-1.643128480451017e-08
     2.308333333333299	-1.643128480451017e-08
     2.308666666666633	-1.643128480451017e-08
     2.308999999999966	-1.643128480451017e-08
     2.309333333333299	-1.643128480451017e-08
     2.309666666666633	-1.643128480451017e-08
     2.309999999999966	-1.643128480451017e-08
     2.310333333333299	-1.643128480451017e-08
     2.310666666666632	-1.643128480451017e-08
     2.310999999999966	-1.643128480451017e-08
     2.311333333333299	-1.643128480451017e-08
     2.311666666666632	-1.643128480451017e-08
     2.311999999999966	-1.643128480451017e-08
     2.312333333333299	-1.643128480451017e-08
     2.312666666666632	-1.643128480451017e-08
     2.312999999999966	-1.643128480451017e-08
     2.313333333333299	-1.643128480451017e-08
     2.313666666666632	-1.643128480451017e-08
     2.313999999999965	-1.643128480451017e-08
     2.314333333333299	-1.643128480451017e-08
     2.314666666666632	-1.643128480451017e-08
     2.314999999999965	-1.643128480451017e-08
     2.315333333333299	-1.643128480451017e-08
     2.315666666666632	-1.643128480451017e-08
     2.315999999999965	-1.643128480451017e-08
     2.316333333333298	-1.643128480451017e-08
     2.316666666666632	-1.643128480451017e-08
     2.316999999999965	-1.643128480451017e-08
     2.317333333333298	-1.643128480451017e-08
     2.317666666666632	-1.643128480451017e-08
     2.317999999999965	-1.643128480451017e-08
     2.318333333333298	-1.643128480451017e-08
     2.318666666666632	-1.643128480451017e-08
     2.318999999999965	-1.643128480451017e-08
     2.319333333333298	-1.643128480451017e-08
     2.319666666666631	-1.643128480451017e-08
     2.319999999999965	-1.643128480451017e-08
     2.320333333333298	-1.643128480451017e-08
     2.320666666666631	-1.643128480451017e-08
     2.320999999999965	-1.643128480451017e-08
     2.321333333333298	-1.643128480451017e-08
     2.321666666666631	-1.643128480451017e-08
     2.321999999999965	-1.643128480451017e-08
     2.322333333333298	-1.643128480451017e-08
     2.322666666666631	-1.643128480451017e-08
     2.322999999999964	-1.643128480451017e-08
     2.323333333333298	-1.643128480451017e-08
     2.323666666666631	-1.643128480451017e-08
     2.323999999999964	-1.643128480451017e-08
     2.324333333333298	-1.643128480451017e-08
     2.324666666666631	-1.643128480451017e-08
     2.324999999999964	-1.643128480451017e-08
     2.325333333333298	-1.643128480451017e-08
     2.325666666666631	-1.643128480451017e-08
     2.325999999999964	-1.643128480451017e-08
     2.326333333333297	-1.643128480451017e-08
     2.326666666666631	-1.643128480451017e-08
     2.326999999999964	-1.643128480451017e-08
     2.327333333333297	-1.643128480451017e-08
     2.327666666666631	-1.643128480451017e-08
     2.327999999999964	-1.643128480451017e-08
     2.328333333333297	-1.643128480451017e-08
      2.32866666666663	-1.643128480451017e-08
     2.328999999999964	-1.643128480451017e-08
     2.329333333333297	-1.643128480451017e-08
      2.32966666666663	-1.643128480451017e-08
     2.329999999999964	-1.643128480451017e-08
     2.330333333333297	-1.643128480451017e-08
      2.33066666666663	-1.643128480451017e-08
     2.330999999999964	-1.643128480451017e-08
     2.331333333333297	-1.643128480451017e-08
      2.33166666666663	-1.643128480451017e-08
     2.331999999999963	-1.643128480451017e-08
     2.332333333333297	-1.643128480451017e-08
      2.33266666666663	-1.643128480451017e-08
     2.332999999999963	-1.643128480451017e-08
     2.333333333333297	-1.643128480451017e-08
      2.33366666666663	-1.643128480451017e-08
     2.333999999999963	-1.643128480451017e-08
     2.334333333333297	-1.643128480451017e-08
      2.33466666666663	-1.643128480451017e-08
     2.334999999999963	-1.643128480451017e-08
     2.335333333333296	-1.643128480451017e-08
      2.33566666666663	-1.643128480451017e-08
     2.335999999999963	-1.643128480451017e-08
     2.336333333333296	-1.643128480451017e-08
      2.33666666666663	-1.643128480451017e-08
     2.336999999999963	-1.643128480451017e-08
     2.337333333333296	-1.643128480451017e-08
     2.337666666666629	-1.643128480451017e-08
     2.337999999999963	-1.643128480451017e-08
     2.338333333333296	-1.643128480451017e-08
     2.338666666666629	-1.643128480451017e-08
     2.338999999999963	-1.643128480451017e-08
     2.339333333333296	-1.643128480451017e-08
     2.339666666666629	-1.643128480451017e-08
     2.339999999999963	-1.643128480451017e-08
     2.340333333333296	-1.643128480451017e-08
     2.340666666666629	-1.643128480451017e-08
     2.340999999999962	-1.643128480451017e-08
     2.341333333333296	-1.643128480451017e-08
     2.341666666666629	-1.643128480451017e-08
     2.341999999999962	-1.643128480451017e-08
     2.342333333333296	-1.643128480451017e-08
     2.342666666666629	-1.643128480451017e-08
     2.342999999999962	-1.643128480451017e-08
     2.343333333333296	-1.643128480451017e-08
     2.343666666666629	-1.643128480451017e-08
     2.343999999999962	-1.643128480451017e-08
     2.344333333333295	-1.643128480451017e-08
     2.344666666666629	-1.643128480451017e-08
     2.344999999999962	-1.643128480451017e-08
     2.345333333333295	-1.643128480451017e-08
     2.345666666666629	-1.643128480451017e-08
     2.345999999999962	-1.643128480451017e-08
     2.346333333333295	-1.643128480451017e-08
     2.346666666666628	-1.643128480451017e-08
     2.346999999999962	-1.643128480451017e-08
     2.347333333333295	-1.643128480451017e-08
     2.347666666666628	-1.643128480451017e-08
     2.347999999999962	-1.643128480451017e-08
     2.348333333333295	-1.643128480451017e-08
     2.348666666666628	-1.643128480451017e-08
     2.348999999999962	-1.643128480451017e-08
     2.349333333333295	-1.643128480451017e-08
     2.349666666666628	-1.643128480451017e-08
     2.349999999999961	-1.643128480451017e-08
     2.350333333333295	-1.643128480451017e-08
     2.350666666666628	-1.643128480451017e-08
     2.350999999999961	-1.643128480451017e-08
     2.351333333333295	-1.643128480451017e-08
     2.351666666666628	-1.643128480451017e-08
     2.351999999999961	-1.643128480451017e-08
     2.352333333333295	-1.643128480451017e-08
     2.352666666666628	-1.643128480451017e-08
     2.352999999999961	-1.643128480451017e-08
     2.353333333333294	-1.643128480451017e-08
     2.353666666666628	-1.643128480451017e-08
     2.353999999999961	-1.643128480451017e-08
     2.354333333333294	-1.643128480451017e-08
     2.354666666666628	-1.643128480451017e-08
     2.354999999999961	-1.643128480451017e-08
     2.355333333333294	-1.643128480451017e-08
     2.355666666666627	-1.643128480451017e-08
     2.355999999999961	-1.643128480451017e-08
     2.356333333333294	-1.643128480451017e-08
     2.356666666666627	-1.643128480451017e-08
     2.356999999999961	-1.643128480451017e-08
     2.357333333333294	-1.643128480451017e-08
     2.357666666666627	-1.643128480451017e-08
     2.357999999999961	-1.643128480451017e-08
     2.358333333333294	-1.643128480451017e-08
     2.358666666666627	-1.643128480451017e-08
      2.35899999999996	-1.643128480451017e-08
     2.359333333333294	-1.643128480451017e-08
     2.359666666666627	-1.643128480451017e-08
      2.35999999999996	-1.643128480451017e-08
     2.360333333333294	-1.643128480451017e-08
     2.360666666666627	-1.643128480451017e-08
      2.36099999999996	-1.643128480451017e-08
     2.361333333333294	-1.643128480451017e-08
     2.361666666666627	-1.643128480451017e-08
      2.36199999999996	-1.643128480451017e-08
     2.362333333333293	-1.643128480451017e-08
     2.362666666666627	-1.643128480451017e-08
      2.36299999999996	-1.643128480451017e-08
     2.363333333333293	-1.643128480451017e-08
     2.363666666666627	-1.643128480451017e-08
      2.36399999999996	-1.643128480451017e-08
     2.364333333333293	-1.643128480451017e-08
     2.364666666666627	-1.643128480451017e-08
      2.36499999999996	-1.643128480451017e-08
     2.365333333333293	-1.643128480451017e-08
     2.365666666666626	-1.643128480451017e-08
      2.36599999999996	-1.643128480451017e-08
     2.366333333333293	-1.643128480451017e-08
     2.366666666666626	-1.643128480451017e-08
      2.36699999999996	-1.643128480451017e-08
     2.367333333333293	-1.643128480451017e-08
     2.367666666666626	-1.643128480451017e-08
     2.367999999999959	-1.643128480451017e-08
     2.368333333333293	-1.643128480451017e-08
     2.368666666666626	-1.643128480451017e-08
     2.368999999999959	-1.643128480451017e-08
     2.369333333333293	-1.643128480451017e-08
     2.369666666666626	-1.643128480451017e-08
     2.369999999999959	-1.643128480451017e-08
     2.370333333333293	-1.643128480451017e-08
     2.370666666666626	-1.643128480451017e-08
     2.370999999999959	-1.643128480451017e-08
     2.371333333333292	-1.643128480451017e-08
     2.371666666666626	-1.643128480451017e-08
     2.371999999999959	-1.643128480451017e-08
     2.372333333333292	-1.643128480451017e-08
     2.372666666666626	-1.643128480451017e-08
     2.372999999999959	-1.643128480451017e-08
     2.373333333333292	-1.643128480451017e-08
     2.373666666666626	-1.643128480451017e-08
     2.373999999999959	-1.643128480451017e-08
     2.374333333333292	-1.643128480451017e-08
     2.374666666666625	-1.643128480451017e-08
     2.374999999999959	-1.643128480451017e-08
     2.375333333333292	-1.643128480451017e-08
     2.375666666666625	-1.643128480451017e-08
     2.375999999999959	-1.643128480451017e-08
     2.376333333333292	-1.643128480451017e-08
     2.376666666666625	-1.643128480451017e-08
     2.376999999999958	-1.643128480451017e-08
     2.377333333333292	-1.643128480451017e-08
     2.377666666666625	-1.643128480451017e-08
     2.377999999999958	-1.643128480451017e-08
     2.378333333333292	-1.643128480451017e-08
     2.378666666666625	-1.643128480451017e-08
     2.378999999999958	-1.643128480451017e-08
     2.379333333333292	-1.643128480451017e-08
     2.379666666666625	-1.643128480451017e-08
     2.379999999999958	-1.643128480451017e-08
     2.380333333333291	-1.643128480451017e-08
     2.380666666666625	-1.643128480451017e-08
     2.380999999999958	-1.643128480451017e-08
     2.381333333333291	-1.643128480451017e-08
     2.381666666666625	-1.643128480451017e-08
     2.381999999999958	-1.643128480451017e-08
     2.382333333333291	-1.643128480451017e-08
     2.382666666666625	-1.643128480451017e-08
     2.382999999999958	-1.643128480451017e-08
     2.383333333333291	-1.643128480451017e-08
     2.383666666666624	-1.643128480451017e-08
     2.383999999999958	-1.643128480451017e-08
     2.384333333333291	-1.643128480451017e-08
     2.384666666666624	-1.643128480451017e-08
     2.384999999999958	-1.643128480451017e-08
     2.385333333333291	-1.643128480451017e-08
     2.385666666666624	-1.643128480451017e-08
     2.385999999999957	-1.643128480451017e-08
     2.386333333333291	-1.643128480451017e-08
     2.386666666666624	-1.643128480451017e-08
     2.386999999999957	-1.643128480451017e-08
     2.387333333333291	-1.643128480451017e-08
     2.387666666666624	-1.643128480451017e-08
     2.387999999999957	-1.643128480451017e-08
     2.388333333333291	-1.643128480451017e-08
     2.388666666666624	-1.643128480451017e-08
     2.388999999999957	-1.643128480451017e-08
      2.38933333333329	-1.643128480451017e-08
     2.389666666666624	-1.643128480451017e-08
     2.389999999999957	-1.643128480451017e-08
      2.39033333333329	-1.643128480451017e-08
     2.390666666666624	-1.643128480451017e-08
     2.390999999999957	-1.643128480451017e-08
      2.39133333333329	-1.643128480451017e-08
     2.391666666666624	-1.643128480451017e-08
     2.391999999999957	-1.643128480451017e-08
      2.39233333333329	-1.643128480451017e-08
     2.392666666666623	-1.643128480451017e-08
     2.392999999999957	-1.643128480451017e-08
      2.39333333333329	-1.643128480451017e-08
     2.393666666666623	-1.643128480451017e-08
     2.393999999999957	-1.643128480451017e-08
      2.39433333333329	-1.643128480451017e-08
     2.394666666666623	-1.643128480451017e-08
     2.394999999999956	-1.643128480451017e-08
      2.39533333333329	-1.643128480451017e-08
     2.395666666666623	-1.643128480451017e-08
     2.395999999999956	-1.643128480451017e-08
      2.39633333333329	-1.643128480451017e-08
     2.396666666666623	-1.643128480451017e-08
     2.396999999999956	-1.643128480451017e-08
      2.39733333333329	-1.643128480451017e-08
     2.397666666666623	-1.643128480451017e-08
     2.397999999999956	-1.643128480451017e-08
     2.398333333333289	-1.643128480451017e-08
     2.398666666666623	-1.643128480451017e-08
     2.398999999999956	-1.643128480451017e-08
     2.399333333333289	-1.643128480451017e-08
     2.399666666666623	-1.643128480451017e-08
     2.399999999999956	-1.643128480451017e-08
     2.400333333333289	-1.643128480451017e-08
     2.400666666666623	-1.643128480451017e-08
     2.400999999999956	-1.643128480451017e-08
     2.401333333333289	-1.643128480451017e-08
     2.401666666666622	-1.643128480451017e-08
     2.401999999999956	-1.643128480451017e-08
     2.402333333333289	-1.643128480451017e-08
     2.402666666666622	-1.643128480451017e-08
     2.402999999999956	-1.643128480451017e-08
     2.403333333333289	-1.643128480451017e-08
     2.403666666666622	-1.643128480451017e-08
     2.403999999999956	-1.643128480451017e-08
     2.404333333333289	-1.643128480451017e-08
     2.404666666666622	-1.643128480451017e-08
     2.404999999999955	-1.643128480451017e-08
     2.405333333333289	-1.643128480451017e-08
     2.405666666666622	-1.643128480451017e-08
     2.405999999999955	-1.643128480451017e-08
     2.406333333333289	-1.643128480451017e-08
     2.406666666666622	-1.643128480451017e-08
     2.406999999999955	-1.643128480451017e-08
     2.407333333333288	-1.643128480451017e-08
     2.407666666666622	-1.643128480451017e-08
     2.407999999999955	-1.643128480451017e-08
     2.408333333333288	-1.643128480451017e-08
     2.408666666666622	-1.643128480451017e-08
     2.408999999999955	-1.643128480451017e-08
     2.409333333333288	-1.643128480451017e-08
     2.409666666666622	-1.643128480451017e-08
     2.409999999999955	-1.643128480451017e-08
     2.410333333333288	-1.643128480451017e-08
     2.410666666666621	-1.643128480451017e-08
     2.410999999999955	-1.643128480451017e-08
     2.411333333333288	-1.643128480451017e-08
     2.411666666666621	-1.643128480451017e-08
     2.411999999999955	-1.643128480451017e-08
     2.412333333333288	-1.643128480451017e-08
     2.412666666666621	-1.643128480451017e-08
     2.412999999999955	-1.643128480451017e-08
     2.413333333333288	-1.643128480451017e-08
     2.413666666666621	-1.643128480451017e-08
     2.413999999999954	-1.643128480451017e-08
     2.414333333333288	-1.643128480451017e-08
     2.414666666666621	-1.643128480451017e-08
     2.414999999999954	-1.643128480451017e-08
     2.415333333333288	-1.643128480451017e-08
     2.415666666666621	-1.643128480451017e-08
     2.415999999999954	-1.643128480451017e-08
     2.416333333333287	-1.643128480451017e-08
     2.416666666666621	-1.643128480451017e-08
     2.416999999999954	-1.643128480451017e-08
     2.417333333333287	-1.643128480451017e-08
     2.417666666666621	-1.643128480451017e-08
     2.417999999999954	-1.643128480451017e-08
     2.418333333333287	-1.643128480451017e-08
     2.418666666666621	-1.643128480451017e-08
     2.418999999999954	-1.643128480451017e-08
     2.419333333333287	-1.643128480451017e-08
      2.41966666666662	-1.643128480451017e-08
     2.419999999999954	-1.643128480451017e-08
     2.420333333333287	-1.643128480451017e-08
      2.42066666666662	-1.643128480451017e-08
     2.420999999999954	-1.643128480451017e-08
     2.421333333333287	-1.643128480451017e-08
      2.42166666666662	-1.643128480451017e-08
     2.421999999999954	-1.643128480451017e-08
     2.422333333333287	-1.643128480451017e-08
      2.42266666666662	-1.643128480451017e-08
     2.422999999999953	-1.643128480451017e-08
     2.423333333333287	-1.643128480451017e-08
      2.42366666666662	-1.643128480451017e-08
     2.423999999999953	-1.643128480451017e-08
     2.424333333333287	-1.643128480451017e-08
      2.42466666666662	-1.643128480451017e-08
     2.424999999999953	-1.643128480451017e-08
     2.425333333333286	-1.643128480451017e-08
      2.42566666666662	-1.643128480451017e-08
     2.425999999999953	-1.643128480451017e-08
     2.426333333333286	-1.643128480451017e-08
      2.42666666666662	-1.643128480451017e-08
     2.426999999999953	-1.643128480451017e-08
     2.427333333333286	-1.643128480451017e-08
      2.42766666666662	-1.643128480451017e-08
     2.427999999999953	-1.643128480451017e-08
     2.428333333333286	-1.643128480451017e-08
     2.428666666666619	-1.643128480451017e-08
     2.428999999999953	-1.643128480451017e-08
     2.429333333333286	-1.643128480451017e-08
     2.429666666666619	-1.643128480451017e-08
     2.429999999999953	-1.643128480451017e-08
     2.430333333333286	-1.643128480451017e-08
     2.430666666666619	-1.643128480451017e-08
     2.430999999999953	-1.643128480451017e-08
     2.431333333333286	-1.643128480451017e-08
     2.431666666666619	-1.643128480451017e-08
     2.431999999999952	-1.643128480451017e-08
     2.432333333333286	-1.643128480451017e-08
     2.432666666666619	-1.643128480451017e-08
     2.432999999999952	-1.643128480451017e-08
     2.433333333333286	-1.643128480451017e-08
     2.433666666666619	-1.643128480451017e-08
     2.433999999999952	-1.643128480451017e-08
     2.434333333333285	-1.643128480451017e-08
     2.434666666666619	-1.643128480451017e-08
     2.434999999999952	-1.643128480451017e-08
     2.435333333333285	-1.643128480451017e-08
     2.435666666666619	-1.643128480451017e-08
     2.435999999999952	-1.643128480451017e-08
     2.436333333333285	-1.643128480451017e-08
     2.436666666666619	-1.643128480451017e-08
     2.436999999999952	-1.643128480451017e-08
     2.437333333333285	-1.643128480451017e-08
     2.437666666666618	-1.643128480451017e-08
     2.437999999999952	-1.643128480451017e-08
     2.438333333333285	-1.643128480451017e-08
     2.438666666666618	-1.643128480451017e-08
     2.438999999999952	-1.643128480451017e-08
     2.439333333333285	-1.643128480451017e-08
     2.439666666666618	-1.643128480451017e-08
     2.439999999999952	-1.643128480451017e-08
     2.440333333333285	-1.643128480451017e-08
     2.440666666666618	-1.643128480451017e-08
     2.440999999999951	-1.643128480451017e-08
     2.441333333333285	-1.643128480451017e-08
     2.441666666666618	-1.643128480451017e-08
     2.441999999999951	-1.643128480451017e-08
     2.442333333333285	-1.643128480451017e-08
     2.442666666666618	-1.643128480451017e-08
     2.442999999999951	-1.643128480451017e-08
     2.443333333333285	-1.643128480451017e-08
     2.443666666666618	-1.643128480451017e-08
     2.443999999999951	-1.643128480451017e-08
     2.444333333333284	-1.643128480451017e-08
     2.444666666666618	-1.643128480451017e-08
     2.444999999999951	-1.643128480451017e-08
     2.445333333333284	-1.643128480451017e-08
     2.445666666666618	-1.643128480451017e-08
     2.445999999999951	-1.643128480451017e-08
     2.446333333333284	-1.643128480451017e-08
     2.446666666666617	-1.643128480451017e-08
     2.446999999999951	-1.643128480451017e-08
     2.447333333333284	-1.643128480451017e-08
     2.447666666666617	-1.643128480451017e-08
     2.447999999999951	-1.643128480451017e-08
     2.448333333333284	-1.643128480451017e-08
     2.448666666666617	-1.643128480451017e-08
     2.448999999999951	-1.643128480451017e-08
     2.449333333333284	-1.643128480451017e-08
     2.449666666666617	-1.643128480451017e-08
      2.44999999999995	-1.643128480451017e-08
     2.450333333333284	-1.643128480451017e-08
     2.450666666666617	-1.643128480451017e-08
      2.45099999999995	-1.643128480451017e-08
     2.451333333333284	-1.643128480451017e-08
     2.451666666666617	-1.643128480451017e-08
      2.45199999999995	-1.643128480451017e-08
     2.452333333333284	-1.643128480451017e-08
     2.452666666666617	-1.643128480451017e-08
      2.45299999999995	-1.643128480451017e-08
     2.453333333333283	-1.643128480451017e-08
     2.453666666666617	-1.643128480451017e-08
      2.45399999999995	-1.643128480451017e-08
     2.454333333333283	-1.643128480451017e-08
     2.454666666666617	-1.643128480451017e-08
      2.45499999999995	-1.643128480451017e-08
     2.455333333333283	-1.643128480451017e-08
     2.455666666666616	-1.643128480451017e-08
      2.45599999999995	-1.643128480451017e-08
     2.456333333333283	-1.643128480451017e-08
     2.456666666666616	-1.643128480451017e-08
      2.45699999999995	-1.643128480451017e-08
     2.457333333333283	-1.643128480451017e-08
     2.457666666666616	-1.643128480451017e-08
      2.45799999999995	-1.643128480451017e-08
     2.458333333333283	-1.643128480451017e-08
     2.458666666666616	-1.643128480451017e-08
     2.458999999999949	-1.643128480451017e-08
     2.459333333333283	-1.643128480451017e-08
     2.459666666666616	-1.643128480451017e-08
     2.459999999999949	-1.643128480451017e-08
     2.460333333333283	-1.643128480451017e-08
     2.460666666666616	-1.643128480451017e-08
     2.460999999999949	-1.643128480451017e-08
     2.461333333333283	-1.643128480451017e-08
     2.461666666666616	-1.643128480451017e-08
     2.461999999999949	-1.643128480451017e-08
     2.462333333333282	-1.643128480451017e-08
     2.462666666666616	-1.643128480451017e-08
     2.462999999999949	-1.643128480451017e-08
     2.463333333333282	-1.643128480451017e-08
     2.463666666666616	-1.643128480451017e-08
     2.463999999999949	-1.643128480451017e-08
     2.464333333333282	-1.643128480451017e-08
     2.464666666666615	-1.643128480451017e-08
     2.464999999999949	-1.643128480451017e-08
     2.465333333333282	-1.643128480451017e-08
     2.465666666666615	-1.643128480451017e-08
     2.465999999999949	-1.643128480451017e-08
     2.466333333333282	-1.643128480451017e-08
     2.466666666666615	-1.643128480451017e-08
     2.466999999999949	-1.643128480451017e-08
     2.467333333333282	-1.643128480451017e-08
     2.467666666666615	-1.643128480451017e-08
     2.467999999999948	-1.643128480451017e-08
     2.468333333333282	-1.643128480451017e-08
     2.468666666666615	-1.643128480451017e-08
     2.468999999999948	-1.643128480451017e-08
     2.469333333333282	-1.643128480451017e-08
     2.469666666666615	-1.643128480451017e-08
     2.469999999999948	-1.643128480451017e-08
     2.470333333333282	-1.643128480451017e-08
     2.470666666666615	-1.643128480451017e-08
     2.470999999999948	-1.643128480451017e-08
     2.471333333333281	-1.643128480451017e-08
     2.471666666666615	-1.643128480451017e-08
     2.471999999999948	-1.643128480451017e-08
     2.472333333333281	-1.643128480451017e-08
     2.472666666666615	-1.643128480451017e-08
     2.472999999999948	-1.643128480451017e-08
     2.473333333333281	-1.643128480451017e-08
     2.473666666666614	-1.643128480451017e-08
     2.473999999999948	-1.643128480451017e-08
     2.474333333333281	-1.643128480451017e-08
     2.474666666666614	-1.643128480451017e-08
     2.474999999999948	-1.643128480451017e-08
     2.475333333333281	-1.643128480451017e-08
     2.475666666666614	-1.643128480451017e-08
     2.475999999999948	-1.643128480451017e-08
     2.476333333333281	-1.643128480451017e-08
     2.476666666666614	-1.643128480451017e-08
     2.476999999999947	-1.643128480451017e-08
     2.477333333333281	-1.643128480451017e-08
     2.477666666666614	-1.643128480451017e-08
     2.477999999999947	-1.643128480451017e-08
     2.478333333333281	-1.643128480451017e-08
     2.478666666666614	-1.643128480451017e-08
     2.478999999999947	-1.643128480451017e-08
     2.479333333333281	-1.643128480451017e-08
     2.479666666666614	-1.643128480451017e-08
     2.479999999999947	-1.643128480451017e-08
      2.48033333333328	-1.643128480451017e-08
     2.480666666666614	-1.643128480451017e-08
     2.480999999999947	-1.643128480451017e-08
      2.48133333333328	-1.643128480451017e-08
     2.481666666666614	-1.643128480451017e-08
     2.481999999999947	-1.643128480451017e-08
      2.48233333333328	-1.643128480451017e-08
     2.482666666666614	-1.643128480451017e-08
     2.482999999999947	-1.643128480451017e-08
      2.48333333333328	-1.643128480451017e-08
     2.483666666666613	-1.643128480451017e-08
     2.483999999999947	-1.643128480451017e-08
      2.48433333333328	-1.643128480451017e-08
     2.484666666666613	-1.643128480451017e-08
     2.484999999999947	-1.643128480451017e-08
      2.48533333333328	-1.643128480451017e-08
     2.485666666666613	-1.643128480451017e-08
     2.485999999999946	-1.643128480451017e-08
      2.48633333333328	-1.643128480451017e-08
     2.486666666666613	-1.643128480451017e-08
     2.486999999999946	-1.643128480451017e-08
      2.48733333333328	-1.643128480451017e-08
     2.487666666666613	-1.643128480451017e-08
     2.487999999999946	-1.643128480451017e-08
      2.48833333333328	-1.643128480451017e-08
     2.488666666666613	-1.643128480451017e-08
     2.488999999999946	-1.643128480451017e-08
     2.489333333333279	-1.643128480451017e-08
     2.489666666666613	-1.643128480451017e-08
     2.489999999999946	-1.643128480451017e-08
     2.490333333333279	-1.643128480451017e-08
     2.490666666666613	-1.643128480451017e-08
     2.490999999999946	-1.643128480451017e-08
     2.491333333333279	-1.643128480451017e-08
     2.491666666666613	-1.643128480451017e-08
     2.491999999999946	-1.643128480451017e-08
     2.492333333333279	-1.643128480451017e-08
     2.492666666666612	-1.643128480451017e-08
     2.492999999999946	-1.643128480451017e-08
     2.493333333333279	-1.643128480451017e-08
     2.493666666666612	-1.643128480451017e-08
     2.493999999999946	-1.643128480451017e-08
     2.494333333333279	-1.643128480451017e-08
     2.494666666666612	-1.643128480451017e-08

     3.000333333333333	-2.086774407798028e-08
     3.000666666666667	-2.086774407798028e-08
                 3.001	-2.086774407798028e-08
     3.001333333333333	-2.086774407798028e-08
     3.001666666666666	-2.086774407798028e-08
                 3.002	-2.086774407798028e-08
     3.002333333333333	-2.086774407798028e-08
     3.002666666666666	-2.086774407798028e-08
                 3.003	-2.086774407798028e-08
     3.003333333333333	-2.086774407798028e-08
     3.003666666666666	-2.086774407798028e-08
                 3.004	-2.086774407798028e-08
     3.004333333333333	-2.086774407798028e-08
     3.004666666666666	-2.086774407798028e-08
     3.004999999999999	-2.086774407798028e-08
     3.005333333333333	-2.086774407798028e-08
     3.005666666666666	-2.086774407798028e-08
     3.005999999999999	-2.086774407798028e-08
     3.006333333333333	-2.086774407798028e-08
     3.006666666666666	-2.086774407798028e-08
     3.006999999999999	-2.086774407798028e-08
     3.007333333333333	-2.086774407798028e-08
     3.007666666666666	-2.086774407798028e-08
     3.007999999999999	-2.086774407798028e-08
     3.008333333333332	-2.086774407798028e-08
     3.008666666666666	-2.086774407798028e-08
     3.008999999999999	-2.086774407798028e-08
     3.009333333333332	-2.086774407798028e-08
     3.009666666666666	-2.086774407798028e-08
     3.009999999999999	-2.086774407798028e-08
     3.010333333333332	-2.086774407798028e-08
     3.010666666666665	-2.086774407798028e-08
     3.010999999999999	-2.086774407798028e-08
     3.011333333333332	-2.086774407798028e-08
     3.011666666666665	-2.086774407798028e-08
     3.011999999999999	-2.086774407798028e-08
     3.012333333333332	-2.086774407798028e-08
     3.012666666666665	-2.086774407798028e-08
     3.012999999999999	-2.086774407798028e-08
     3.013333333333332	-2.086774407798028e-08
     3.013666666666665	-2.086774407798028e-08
     3.013999999999998	-2.086774407798028e-08
     3.014333333333332	-2.086774407798028e-08
     3.014666666666665	-2.086774407798028e-08
     3.014999999999998	-2.086774407798028e-08
     3.015333333333332	-2.086774407798028e-08
     3.015666666666665	-2.086774407798028e-08
     3.015999999999998	-2.086774407798028e-08
     3.016333333333332	-2.086774407798028e-08
     3.016666666666665	-2.086774407798028e-08
     3.016999999999998	-2.086774407798028e-08
     3.017333333333331	-2.086774407798028e-08
     3.017666666666665	-2.086774407798028e-08
     3.017999999999998	-2.086774407798028e-08
     3.018333333333331	-2.086774407798028e-08
     3.018666666666665	-2.086774407798028e-08
     3.018999999999998	-2.086774407798028e-08
     3.019333333333331	-2.086774407798028e-08
     3.019666666666665	-2.086774407798028e-08
     3.019999999999998	-2.086774407798028e-08
     3.020333333333331	-2.086774407798028e-08
     3.020666666666664	-2.086774407798028e-08
     3.020999999999998	-2.086774407798028e-08
     3.021333333333331	-2.086774407798028e-08
     3.021666666666664	-2.086774407798028e-08
     3.021999999999998	-2.086774407798028e-08
     3.022333333333331	-2.086774407798028e-08
     3.022666666666664	-2.086774407798028e-08
     3.022999999999997	-2.086774407798028e-08
     3.023333333333331	-2.086774407798028e-08
     3.023666666666664	-2.086774407798028e-08
     3.023999999999997	-2.086774407798028e-08
     3.024333333333331	-2.086774407798028e-08
     3.024666666666664	-2.086774407798028e-08
     3.024999999999997	-2.086774407798028e-08
     3.025333333333331	-2.086774407798028e-08
     3.025666666666664	-2.086774407798028e-08
     3.025999999999997	-2.086774407798028e-08
      3.02633333333333	-2.086774407798028e-08
     3.026666666666664	-2.086774407798028e-08
     3.026999999999997	-2.086774407798028e-08
      3.02733333333333	-2.086774407798028e-08
     3.027666666666664	-2.086774407798028e-08
     3.027999999999997	-2.086774407798028e-08
      3.02833333333333	-2.086774407798028e-08
     3.028666666666664	-2.086774407798028e-08
     3.028999999999997	-2.086774407798028e-08
      3.02933333333333	-2.086774407798028e-08
     3.029666666666663	-2.086774407798028e-08
     3.029999999999997	-2.086774407798028e-08
      3.03033333333333	-2.086774407798028e-08
     3.030666666666663	-2.086774407798028e-08
     3.030999999999997	-2.086774407798028e-08
      3.03133333333333	-2.086774407798028e-08
     3.031666666666663	-2.086774407798028e-08
     3.031999999999996	-2.086774407798028e-08
      3.03233333333333	-2.086774407798028e-08
     3.032666666666663	-2.086774407798028e-08
     3.032999999999996	-2.086774407798028e-08
      3.03333333333333	-2.086774407798028e-08
     3.033666666666663	-2.086774407798028e-08
     3.033999999999996	-2.086774407798028e-08
      3.03433333333333	-2.086774407798028e-08
     3.034666666666663	-2.086774407798028e-08
     3.034999999999996	-2.086774407798028e-08
     3.035333333333329	-2.086774407798028e-08
     3.035666666666663	-2.086774407798028e-08
     3.035999999999996	-2.086774407798028e-08
     3.036333333333329	-2.086774407798028e-08
     3.036666666666663	-2.086774407798028e-08
     3.036999999999996	-2.086774407798028e-08
     3.037333333333329	-2.086774407798028e-08
     3.037666666666663	-2.086774407798028e-08
     3.037999999999996	-2.086774407798028e-08
     3.038333333333329	-2.086774407798028e-08
     3.038666666666662	-2.086774407798028e-08
     3.038999999999996	-2.086774407798028e-08
     3.039333333333329	-2.086774407798028e-08
     3.039666666666662	-2.086774407798028e-08
     3.039999999999996	-2.086774407798028e-08
     3.040333333333329	-2.086774407798028e-08
     3.040666666666662	-2.086774407798028e-08
     3.040999999999995	-2.086774407798028e-08
     3.041333333333329	-2.086774407798028e-08
     3.041666666666662	-2.086774407798028e-08
     3.041999999999995	-2.086774407798028e-08
     3.042333333333329	-2.086774407798028e-08
     3.042666666666662	-2.086774407798028e-08
     3.042999999999995	-2.086774407798028e-08
     3.043333333333329	-2.086774407798028e-08
     3.043666666666662	-2.086774407798028e-08
     3.043999999999995	-2.086774407798028e-08
     3.044333333333328	-2.086774407798028e-08
     3.044666666666662	-2.086774407798028e-08
     3.044999999999995	-2.086774407798028e-08
     3.045333333333328	-2.086774407798028e-08
     3.045666666666662	-2.086774407798028e-08
     3.045999999999995	-2.086774407798028e-08
     3.046333333333328	-2.086774407798028e-08
     3.046666666666662	-2.086774407798028e-08
     3.046999999999995	-2.086774407798028e-08
     3.047333333333328	-2.086774407798028e-08
     3.047666666666661	-2.086774407798028e-08
     3.047999999999995	-2.086774407798028e-08
     3.048333333333328	-2.086774407798028e-08
     3.048666666666661	-2.086774407798028e-08
     3.048999999999995	-2.086774407798028e-08
     3.049333333333328	-2.086774407798028e-08
     3.049666666666661	-2.086774407798028e-08
     3.049999999999994	-2.086774407798028e-08
     3.050333333333328	-2.086774407798028e-08
     3.050666666666661	-2.086774407798028e-08
     3.050999999999994	-2.086774407798028e-08
     3.051333333333328	-2.086774407798028e-08
     3.051666666666661	-2.086774407798028e-08
     3.051999999999994	-2.086774407798028e-08
     3.052333333333328	-2.086774407798028e-08
     3.052666666666661	-2.086774407798028e-08
     3.052999999999994	-2.086774407798028e-08
     3.053333333333327	-2.086774407798028e-08
     3.053666666666661	-2.086774407798028e-08
     3.053999999999994	-2.086774407798028e-08
     3.054333333333327	-2.086774407798028e-08
     3.054666666666661	-2.086774407798028e-08
     3.054999999999994	-2.086774407798028e-08
     3.055333333333327	-2.086774407798028e-08
     3.055666666666661	-2.086774407798028e-08
     3.055999999999994	-2.086774407798028e-08
     3.056333333333327	-2.086774407798028e-08
      3.05666666666666	-2.086774407798028e-08
     3.056999999999994	-2.086774407798028e-08
     3.057333333333327	-2.086774407798028e-08
      3.05766666666666	-2.086774407798028e-08
     3.057999999999994	-2.086774407798028e-08
     3.058333333333327	-2.086774407798028e-08
      3.05866666666666	-2.086774407798028e-08
     3.058999999999994	-2.086774407798028e-08
     3.059333333333327	-2.086774407798028e-08
      3.05966666666666	-2.086774407798028e-08
     3.059999999999993	-2.086774407798028e-08
     3.060333333333327	-2.086774407798028e-08
      3.06066666666666	-2.086774407798028e-08
     3.060999999999993	-2.086774407798028e-08
     3.061333333333327	-2.086774407798028e-08
      3.06166666666666	-2.086774407798028e-08
     3.061999999999993	-2.086774407798028e-08
     3.062333333333326	-2.086774407798028e-08
      3.06266666666666	-2.086774407798028e-08
     3.062999999999993	-2.086774407798028e-08
     3.063333333333326	-2.086774407798028e-08
      3.06366666666666	-2.086774407798028e-08
     3.063999999999993	-2.086774407798028e-08
     3.064333333333326	-2.086774407798028e-08
      3.06466666666666	-2.086774407798028e-08
     3.064999999999993	-2.086774407798028e-08
     3.065333333333326	-2.086774407798028e-08
     3.065666666666659	-2.086774407798028e-08
     3.065999999999993	-2.086774407798028e-08
     3.066333333333326	-2.086774407798028e-08
     3.066666666666659	-2.086774407798028e-08
     3.066999999999993	-2.086774407798028e-08
     3.067333333333326	-2.086774407798028e-08
     3.067666666666659	-2.086774407798028e-08
     3.067999999999993	-2.086774407798028e-08
     3.068333333333326	-2.086774407798028e-08
     3.068666666666659	-2.086774407798028e-08
     3.068999999999992	-2.086774407798028e-08
     3.069333333333326	-2.086774407798028e-08
     3.069666666666659	-2.086774407798028e-08
     3.069999999999992	-2.086774407798028e-08
     3.070333333333326	-2.086774407798028e-08
     3.070666666666659	-2.086774407798028e-08
     3.070999999999992	-2.086774407798028e-08
     3.071333333333325	-2.086774407798028e-08
     3.071666666666659	-2.086774407798028e-08
     3.071999999999992	-2.086774407798028e-08
     3.072333333333325	-2.086774407798028e-08
     3.072666666666659	-2.086774407798028e-08
     3.072999999999992	-2.086774407798028e-08
     3.073333333333325	-2.086774407798028e-08
     3.073666666666659	-2.086774407798028e-08
     3.073999999999992	-2.086774407798028e-08
     3.074333333333325	-2.086774407798028e-08
     3.074666666666658	-2.086774407798028e-08
     3.074999999999992	-2.086774407798028e-08
     3.075333333333325	-2.086774407798028e-08
     3.075666666666658	-2.086774407798028e-08
     3.075999999999992	-2.086774407798028e-08
     3.076333333333325	-2.086774407798028e-08
     3.076666666666658	-2.086774407798028e-08
     3.076999999999992	-2.086774407798028e-08
     3.077333333333325	-2.086774407798028e-08
     3.077666666666658	-2.086774407798028e-08
     3.077999999999991	-2.086774407798028e-08
     3.078333333333325	-2.086774407798028e-08
     3.078666666666658	-2.086774407798028e-08
     3.078999999999991	-2.086774407798028e-08
     3.079333333333325	-2.086774407798028e-08
     3.079666666666658	-2.086774407798028e-08
     3.079999999999991	-2.086774407798028e-08
     3.080333333333324	-2.086774407798028e-08
     3.080666666666658	-2.086774407798028e-08
     3.080999999999991	-2.086774407798028e-08
     3.081333333333324	-2.086774407798028e-08
     3.081666666666658	-2.086774407798028e-08
     3.081999999999991	-2.086774407798028e-08
     3.082333333333324	-2.086774407798028e-08
     3.082666666666658	-2.086774407798028e-08
     3.082999999999991	-2.086774407798028e-08
     3.083333333333324	-2.086774407798028e-08
     3.083666666666657	-2.086774407798028e-08
     3.083999999999991	-2.086774407798028e-08
     3.084333333333324	-2.086774407798028e-08
     3.084666666666657	-2.086774407798028e-08
     3.084999999999991	-2.086774407798028e-08
     3.085333333333324	-2.086774407798028e-08
     3.085666666666657	-2.086774407798028e-08
     3.085999999999991	-2.086774407798028e-08
     3.086333333333324	-2.086774407798028e-08
     3.086666666666657	-2.086774407798028e-08
      3.08699999999999	-2.086774407798028e-08
     3.087333333333324	-2.086774407798028e-08
     3.087666666666657	-2.086774407798028e-08
      3.08799999999999	-2.086774407798028e-08
     3.088333333333324	-2.086774407798028e-08
     3.088666666666657	-2.086774407798028e-08
      3.08899999999999	-2.086774407798028e-08
     3.089333333333323	-2.086774407798028e-08
     3.089666666666657	-2.086774407798028e-08
      3.08999999999999	-2.086774407798028e-08
     3.090333333333323	-2.086774407798028e-08
     3.090666666666657	-2.086774407798028e-08
      3.09099999999999	-2.086774407798028e-08
     3.091333333333323	-2.086774407798028e-08
     3.091666666666657	-2.086774407798028e-08
      3.09199999999999	-2.086774407798028e-08
     3.092333333333323	-2.086774407798028e-08
     3.092666666666656	-2.086774407798028e-08
      3.09299999999999	-2.086774407798028e-08
     3.093333333333323	-2.086774407798028e-08
     3.093666666666656	-2.086774407798028e-08
      3.09399999999999	-2.086774407798028e-08
     3.094333333333323	-2.086774407798028e-08
     3.094666666666656	-2.086774407798028e-08
      3.09499999999999	-2.086774407798028e-08
     3.095333333333323	-2.086774407798028e-08
     3.095666666666656	-2.086774407798028e-08
     3.095999999999989	-2.086774407798028e-08
     3.096333333333323	-2.086774407798028e-08
     3.096666666666656	-2.086774407798028e-08
     3.096999999999989	-2.086774407798028e-08
     3.097333333333323	-2.086774407798028e-08
     3.097666666666656	-2.086774407798028e-08
     3.097999999999989	-2.086774407798028e-08
     3.098333333333323	-2.086774407798028e-08
     3.098666666666656	-2.086774407798028e-08
     3.098999999999989	-2.086774407798028e-08
     3.099333333333322	-2.086774407798028e-08
     3.099666666666656	-2.086774407798028e-08
     3.099999999999989	-2.086774407798028e-08
     3.100333333333322	-2.086774407798028e-08
     3.100666666666656	-2.086774407798028e-08
     3.100999999999989	-2.086774407798028e-08
     3.101333333333322	-2.086774407798028e-08
     3.101666666666655	-2.086774407798028e-08
     3.101999999999989	-2.086774407798028e-08
     3.102333333333322	-2.086774407798028e-08
     3.102666666666655	-2.086774407798028e-08
     3.102999999999989	-2.086774407798028e-08
     3.103333333333322	-2.086774407798028e-08
     3.103666666666655	-2.086774407798028e-08
     3.103999999999989	-2.086774407798028e-08
     3.104333333333322	-2.086774407798028e-08
     3.104666666666655	-2.086774407798028e-08
     3.104999999999988	-2.086774407798028e-08
     3.105333333333322	-2.086774407798028e-08
     3.105666666666655	-2.086774407798028e-08
     3.105999999999988	-2.086774407798028e-08
     3.106333333333322	-2.086774407798028e-08
     3.106666666666655	-2.086774407798028e-08
     3.106999999999988	-2.086774407798028e-08
     3.107333333333322	-2.086774407798028e-08
     3.107666666666655	-2.086774407798028e-08
     3.107999999999988	-2.086774407798028e-08
     3.108333333333321	-2.086774407798028e-08
     3.108666666666655	-2.086774407798028e-08
     3.108999999999988	-2.086774407798028e-08
     3.109333333333321	-2.086774407798028e-08
     3.109666666666655	-2.086774407798028e-08
     3.109999999999988	-2.086774407798028e-08
     3.110333333333321	-2.086774407798028e-08
     3.110666666666654	-2.086774407798028e-08
     3.110999999999988	-2.086774407798028e-08
     3.111333333333321	-2.086774407798028e-08
     3.111666666666654	-2.086774407798028e-08
     3.111999999999988	-2.086774407798028e-08
     3.112333333333321	-2.086774407798028e-08
     3.112666666666654	-2.086774407798028e-08
     3.112999999999988	-2.086774407798028e-08
     3.113333333333321	-2.086774407798028e-08
     3.113666666666654	-2.086774407798028e-08
     3.113999999999987	-2.086774407798028e-08
     3.114333333333321	-2.086774407798028e-08
     3.114666666666654	-2.086774407798028e-08
     3.114999999999987	-2.086774407798028e-08
     3.115333333333321	-2.086774407798028e-08
     3.115666666666654	-2.086774407798028e-08
     3.115999999999987	-2.086774407798028e-08
     3.116333333333321	-2.086774407798028e-08
     3.116666666666654	-2.086774407798028e-08
     3.116999999999987	-2.086774407798028e-08
      3.11733333333332	-2.086774407798028e-08
     3.117666666666654	-2.086774407798028e-08
     3.117999999999987	-2.086774407798028e-08
      3.11833333333332	-2.086774407798028e-08
     3.118666666666654	-2.086774407798028e-08
     3.118999999999987	-2.086774407798028e-08
      3.11933333333332	-2.086774407798028e-08
     3.119666666666653	-2.086774407798028e-08
     3.119999999999987	-2.086774407798028e-08
      3.12033333333332	-2.086774407798028e-08
     3.120666666666653	-2.086774407798028e-08
     3.120999999999987	-2.086774407798028e-08
      3.12133333333332	-2.086774407798028e-08
     3.121666666666653	-2.086774407798028e-08
     3.121999999999987	-2.086774407798028e-08
      3.12233333333332	-2.086774407798028e-08
     3.122666666666653	-2.086774407798028e-08
     3.122999999999986	-2.086774407798028e-08
      3.12333333333332	-2.086774407798028e-08
     3.123666666666653	-2.086774407798028e-08
     3.123999999999986	-2.086774407798028e-08
      3.12433333333332	-2.086774407798028e-08
     3.124666666666653	-2.086774407798028e-08
     3.124999999999986	-2.086774407798028e-08
      3.12533333333332	-2.086774407798028e-08
     3.125666666666653	-2.086774407798028e-08
     3.125999999999986	-2.086774407798028e-08
     3.126333333333319	-2.086774407798028e-08
     3.126666666666653	-2.086774407798028e-08
     3.126999999999986	-2.086774407798028e-08
     3.127333333333319	-2.086774407798028e-08
     3.127666666666653	-2.086774407798028e-08
     3.127999999999986	-2.086774407798028e-08
     3.128333333333319	-2.086774407798028e-08
     3.128666666666652	-2.086774407798028e-08
     3.128999999999986	-2.086774407798028e-08
     3.129333333333319	-2.086774407798028e-08
     3.129666666666652	-2.086774407798028e-08
     3.129999999999986	-2.086774407798028e-08
     3.130333333333319	-2.086774407798028e-08
     3.130666666666652	-2.086774407798028e-08
     3.130999999999986	-2.086774407798028e-08
     3.131333333333319	-2.086774407798028e-08
     3.131666666666652	-2.086774407798028e-08
     3.131999999999985	-2.086774407798028e-08
     3.132333333333319	-2.086774407798028e-08
     3.132666666666652	-2.086774407798028e-08
     3.132999999999985	-2.086774407798028e-08
     3.133333333333319	-2.086774407798028e-08
     3.133666666666652	-2.086774407798028e-08
     3.133999999999985	-2.086774407798028e-08
     3.134333333333319	-2.086774407798028e-08
     3.134666666666652	-2.086774407798028e-08
     3.134999999999985	-2.086774407798028e-08
     3.135333333333318	-2.086774407798028e-08
     3.135666666666652	-2.086774407798028e-08
     3.135999999999985	-2.086774407798028e-08
     3.136333333333318	-2.086774407798028e-08
     3.136666666666652	-2.086774407798028e-08
     3.136999999999985	-2.086774407798028e-08
     3.137333333333318	-2.086774407798028e-08
     3.137666666666652	-2.086774407798028e-08
     3.137999999999985	-2.086774407798028e-08
     3.138333333333318	-2.086774407798028e-08
     3.138666666666651	-2.086774407798028e-08
     3.138999999999985	-2.086774407798028e-08
     3.139333333333318	-2.086774407798028e-08
     3.139666666666651	-2.086774407798028e-08
     3.139999999999985	-2.086774407798028e-08
     3.140333333333318	-2.086774407798028e-08
     3.140666666666651	-2.086774407798028e-08
     3.140999999999984	-2.086774407798028e-08
     3.141333333333318	-2.086774407798028e-08
     3.141666666666651	-2.086774407798028e-08
     3.141999999999984	-2.086774407798028e-08
     3.142333333333318	-2.086774407798028e-08
     3.142666666666651	-2.086774407798028e-08
     3.142999999999984	-2.086774407798028e-08
     3.143333333333318	-2.086774407798028e-08
     3.143666666666651	-2.086774407798028e-08
     3.143999999999984	-2.086774407798028e-08
     3.144333333333317	-2.086774407798028e-08
     3.144666666666651	-2.086774407798028e-08
     3.144999999999984	-2.086774407798028e-08
     3.145333333333317	-2.086774407798028e-08
     3.145666666666651	-2.086774407798028e-08
     3.145999999999984	-2.086774407798028e-08
     3.146333333333317	-2.086774407798028e-08
     3.146666666666651	-2.086774407798028e-08
     3.146999999999984	-2.086774407798028e-08
     3.147333333333317	-2.086774407798028e-08
      3.14766666666665	-2.086774407798028e-08
     3.147999999999984	-2.086774407798028e-08
     3.148333333333317	-2.086774407798028e-08
      3.14866666666665	-2.086774407798028e-08
     3.148999999999984	-2.086774407798028e-08
     3.149333333333317	-2.086774407798028e-08
      3.14966666666665	-2.086774407798028e-08
     3.149999999999983	-2.086774407798028e-08
     3.150333333333317	-2.086774407798028e-08
      3.15066666666665	-2.086774407798028e-08
     3.150999999999983	-2.086774407798028e-08
     3.151333333333317	-2.086774407798028e-08
      3.15166666666665	-2.086774407798028e-08
     3.151999999999983	-2.086774407798028e-08
     3.152333333333317	-2.086774407798028e-08
      3.15266666666665	-2.086774407798028e-08
     3.152999999999983	-2.086774407798028e-08
     3.153333333333316	-2.086774407798028e-08
      3.15366666666665	-2.086774407798028e-08
     3.153999999999983	-2.086774407798028e-08
     3.154333333333316	-2.086774407798028e-08
      3.15466666666665	-2.086774407798028e-08
     3.154999999999983	-2.086774407798028e-08
     3.155333333333316	-2.086774407798028e-08
      3.15566666666665	-2.086774407798028e-08
     3.155999999999983	-2.086774407798028e-08
     3.156333333333316	-2.086774407798028e-08
     3.156666666666649	-2.086774407798028e-08
     3.156999999999983	-2.086774407798028e-08
     3.157333333333316	-2.086774407798028e-08
     3.157666666666649	-2.086774407798028e-08
     3.157999999999983	-2.086774407798028e-08
     3.158333333333316	-2.086774407798028e-08
     3.158666666666649	-2.086774407798028e-08
     3.158999999999982	-2.086774407798028e-08
     3.159333333333316	-2.086774407798028e-08
     3.159666666666649	-2.086774407798028e-08
     3.159999999999982	-2.086774407798028e-08
     3.160333333333316	-2.086774407798028e-08
     3.160666666666649	-2.086774407798028e-08
     3.160999999999982	-2.086774407798028e-08
     3.161333333333316	-2.086774407798028e-08
     3.161666666666649	-2.086774407798028e-08
     3.161999999999982	-2.086774407798028e-08
     3.162333333333315	-2.086774407798028e-08
     3.162666666666649	-2.086774407798028e-08
     3.162999999999982	-2.086774407798028e-08
     3.163333333333315	-2.086774407798028e-08
     3.163666666666649	-2.086774407798028e-08
     3.163999999999982	-2.086774407798028e-08
     3.164333333333315	-2.086774407798028e-08
     3.164666666666649	-2.086774407798028e-08
     3.164999999999982	-2.086774407798028e-08
     3.165333333333315	-2.086774407798028e-08
     3.165666666666648	-2.086774407798028e-08
     3.165999999999982	-2.086774407798028e-08
     3.166333333333315	-2.086774407798028e-08
     3.166666666666648	-2.086774407798028e-08
     3.166999999999982	-2.086774407798028e-08
     3.167333333333315	-2.086774407798028e-08
     3.167666666666648	-2.086774407798028e-08
     3.167999999999981	-2.086774407798028e-08
     3.168333333333315	-2.086774407798028e-08
     3.168666666666648	-2.086774407798028e-08
     3.168999999999981	-2.086774407798028e-08
     3.169333333333315	-2.086774407798028e-08
     3.169666666666648	-2.086774407798028e-08
     3.169999999999981	-2.086774407798028e-08
     3.170333333333315	-2.086774407798028e-08
     3.170666666666648	-2.086774407798028e-08
     3.170999999999981	-2.086774407798028e-08
     3.171333333333314	-2.086774407798028e-08
     3.171666666666648	-2.086774407798028e-08
     3.171999999999981	-2.086774407798028e-08
     3.172333333333314	-2.086774407798028e-08
     3.172666666666648	-2.086774407798028e-08
     3.172999999999981	-2.086774407798028e-08
     3.173333333333314	-2.086774407798028e-08
     3.173666666666648	-2.086774407798028e-08
     3.173999999999981	-2.086774407798028e-08
     3.174333333333314	-2.086774407798028e-08
     3.174666666666647	-2.086774407798028e-08
     3.174999999999981	-2.086774407798028e-08
     3.175333333333314	-2.086774407798028e-08
     3.175666666666647	-2.086774407798028e-08
     3.175999999999981	-2.086774407798028e-08
     3.176333333333314	-2.086774407798028e-08
     3.176666666666647	-2.086774407798028e-08
     3.176999999999981	-2.086774407798028e-08
     3.177333333333314	-2.086774407798028e-08
     3.177666666666647	-2.086774407798028e-08
      3.17799999999998	-2.086774407798028e-08
     3.178333333333314	-2.086774407798028e-08
     3.178666666666647	-2.086774407798028e-08
      3.17899999999998	-2.086774407798028e-08
     3.179333333333314	-2.086774407798028e-08
     3.179666666666647	-2.086774407798028e-08
      3.17999999999998	-2.086774407798028e-08
     3.180333333333313	-2.086774407798028e-08
     3.180666666666647	-2.086774407798028e-08
      3.18099999999998	-2.086774407798028e-08
     3.181333333333313	-2.086774407798028e-08
     3.181666666666647	-2.086774407798028e-08
      3.18199999999998	-2.086774407798028e-08
     3.182333333333313	-2.086774407798028e-08
     3.182666666666647	-2.086774407798028e-08
      3.18299999999998	-2.086774407798028e-08
     3.183333333333313	-2.086774407798028e-08
     3.183666666666646	-2.086774407798028e-08
      3.18399999999998	-2.086774407798028e-08
     3.184333333333313	-2.086774407798028e-08
     3.184666666666646	-2.086774407798028e-08
      3.18499999999998	-2.086774407798028e-08
     3.185333333333313	-2.086774407798028e-08
     3.185666666666646	-2.086774407798028e-08
      3.18599999999998	-2.086774407798028e-08
     3.186333333333313	-2.086774407798028e-08
     3.186666666666646	-2.086774407798028e-08
     3.186999999999979	-2.086774407798028e-08
     3.187333333333313	-2.086774407798028e-08
     3.187666666666646	-2.086774407798028e-08
     3.187999999999979	-2.086774407798028e-08
     3.188333333333313	-2.086774407798028e-08
     3.188666666666646	-2.086774407798028e-08
     3.188999999999979	-2.086774407798028e-08
     3.189333333333312	-2.086774407798028e-08
     3.189666666666646	-2.086774407798028e-08
     3.189999999999979	-2.086774407798028e-08
     3.190333333333312	-2.086774407798028e-08
     3.190666666666646	-2.086774407798028e-08
     3.190999999999979	-2.086774407798028e-08
     3.191333333333312	-2.086774407798028e-08
     3.191666666666646	-2.086774407798028e-08
     3.191999999999979	-2.086774407798028e-08
     3.192333333333312	-2.086774407798028e-08
     3.192666666666645	-2.086774407798028e-08
     3.192999999999979	-2.086774407798028e-08
     3.193333333333312	-2.086774407798028e-08
     3.193666666666645	-2.086774407798028e-08
     3.193999999999979	-2.086774407798028e-08
     3.194333333333312	-2.086774407798028e-08
     3.194666666666645	-2.086774407798028e-08
     3.194999999999979	-2.086774407798028e-08
     3.195333333333312	-2.086774407798028e-08
     3.195666666666645	-2.086774407798028e-08
     3.195999999999978	-2.086774407798028e-08
     3.196333333333312	-2.086774407798028e-08
     3.196666666666645	-2.086774407798028e-08
     3.196999999999978	-2.086774407798028e-08
     3.197333333333312	-2.086774407798028e-08
     3.197666666666645	-2.086774407798028e-08
     3.197999999999978	-2.086774407798028e-08
     3.198333333333311	-2.086774407798028e-08
     3.198666666666645	-2.086774407798028e-08
     3.198999999999978	-2.086774407798028e-08
     3.199333333333311	-2.086774407798028e-08
     3.199666666666645	-2.086774407798028e-08
     3.199999999999978	-2.086774407798028e-08
     3.200333333333311	-2.086774407798028e-08
     3.200666666666645	-2.086774407798028e-08
     3.200999999999978	-2.086774407798028e-08
     3.201333333333311	-2.086774407798028e-08
     3.201666666666644	-2.086774407798028e-08
     3.201999999999978	-2.086774407798028e-08
     3.202333333333311	-2.086774407798028e-08
     3.202666666666644	-2.086774407798028e-08
     3.202999999999978	-2.086774407798028e-08
     3.203333333333311	-2.086774407798028e-08
     3.203666666666644	-2.086774407798028e-08
     3.203999999999978	-2.086774407798028e-08
     3.204333333333311	-2.086774407798028e-08
     3.204666666666644	-2.086774407798028e-08
     3.204999999999977	-2.086774407798028e-08
     3.205333333333311	-2.086774407798028e-08
     3.205666666666644	-2.086774407798028e-08
     3.205999999999977	-2.086774407798028e-08
     3.206333333333311	-2.086774407798028e-08
     3.206666666666644	-2.086774407798028e-08
     3.206999999999977	-2.086774407798028e-08
      3.20733333333331	-2.086774407798028e-08
     3.207666666666644	-2.086774407798028e-08
     3.207999999999977	-2.086774407798028e-08
      3.20833333333331	-2.086774407798028e-08
     3.208666666666644	-2.086774407798028e-08
     3.208999999999977	-2.086774407798028e-08
      3.20933333333331	-2.086774407798028e-08
     3.209666666666644	-2.086774407798028e-08
     3.209999999999977	-2.086774407798028e-08
      3.21033333333331	-2.086774407798028e-08
     3.210666666666643	-2.086774407798028e-08
     3.210999999999977	-2.086774407798028e-08
      3.21133333333331	-2.086774407798028e-08
     3.211666666666643	-2.086774407798028e-08
     3.211999999999977	-2.086774407798028e-08
      3.21233333333331	-2.086774407798028e-08
     3.212666666666643	-2.086774407798028e-08
     3.212999999999977	-2.086774407798028e-08
      3.21333333333331	-2.086774407798028e-08
     3.213666666666643	-2.086774407798028e-08
     3.213999999999976	-2.086774407798028e-08
      3.21433333333331	-2.086774407798028e-08
     3.214666666666643	-2.086774407798028e-08
     3.214999999999976	-2.086774407798028e-08
      3.21533333333331	-2.086774407798028e-08
     3.215666666666643	-2.086774407798028e-08
     3.215999999999976	-2.086774407798028e-08
      3.21633333333331	-2.086774407798028e-08
     3.216666666666643	-2.086774407798028e-08
     3.216999999999976	-2.086774407798028e-08
     3.217333333333309	-2.086774407798028e-08
     3.217666666666643	-2.086774407798028e-08
     3.217999999999976	-2.086774407798028e-08
     3.218333333333309	-2.086774407798028e-08
     3.218666666666643	-2.086774407798028e-08
     3.218999999999976	-2.086774407798028e-08
     3.219333333333309	-2.086774407798028e-08
     3.219666666666642	-2.086774407798028e-08
     3.219999999999976	-2.086774407798028e-08
     3.220333333333309	-2.086774407798028e-08
     3.220666666666642	-2.086774407798028e-08
     3.220999999999976	-2.086774407798028e-08
     3.221333333333309	-2.086774407798028e-08
     3.221666666666642	-2.086774407798028e-08
     3.221999999999976	-2.086774407798028e-08
     3.222333333333309	-2.086774407798028e-08
     3.222666666666642	-2.086774407798028e-08
     3.222999999999975	-2.086774407798028e-08
     3.223333333333309	-2.086774407798028e-08
     3.223666666666642	-2.086774407798028e-08
     3.223999999999975	-2.086774407798028e-08
     3.224333333333309	-2.086774407798028e-08
     3.224666666666642	-2.086774407798028e-08
     3.224999999999975	-2.086774407798028e-08
     3.225333333333309	-2.086774407798028e-08
     3.225666666666642	-2.086774407798028e-08
     3.225999999999975	-2.086774407798028e-08
     3.226333333333308	-2.086774407798028e-08
     3.226666666666642	-2.086774407798028e-08
     3.226999999999975	-2.086774407798028e-08
     3.227333333333308	-2.086774407798028e-08
     3.227666666666642	-2.086774407798028e-08
     3.227999999999975	-2.086774407798028e-08
     3.228333333333308	-2.086774407798028e-08
     3.228666666666641	-2.086774407798028e-08
     3.228999999999975	-2.086774407798028e-08
     3.229333333333308	-2.086774407798028e-08
     3.229666666666641	-2.086774407798028e-08
     3.229999999999975	-2.086774407798028e-08
     3.230333333333308	-2.086774407798028e-08
     3.230666666666641	-2.086774407798028e-08
     3.230999999999975	-2.086774407798028e-08
     3.231333333333308	-2.086774407798028e-08
     3.231666666666641	-2.086774407798028e-08
     3.231999999999974	-2.086774407798028e-08
     3.232333333333308	-2.086774407798028e-08
     3.232666666666641	-2.086774407798028e-08
     3.232999999999974	-2.086774407798028e-08
     3.233333333333308	-2.086774407798028e-08
     3.233666666666641	-2.086774407798028e-08
     3.233999999999974	-2.086774407798028e-08
     3.234333333333308	-2.086774407798028e-08
     3.234666666666641	-2.086774407798028e-08
     3.234999999999974	-2.086774407798028e-08
     3.235333333333307	-2.086774407798028e-08
     3.235666666666641	-2.086774407798028e-08
     3.235999999999974	-2.086774407798028e-08
     3.236333333333307	-2.086774407798028e-08
     3.236666666666641	-2.086774407798028e-08
     3.236999999999974	-2.086774407798028e-08
     3.237333333333307	-2.086774407798028e-08
      3.23766666666664	-2.086774407798028e-08
     3.237999999999974	-2.086774407798028e-08
     3.238333333333307	-2.086774407798028e-08
      3.23866666666664	-2.086774407798028e-08
     3.238999999999974	-2.086774407798028e-08
     3.239333333333307	-2.086774407798028e-08
      3.23966666666664	-2.086774407798028e-08
     3.239999999999974	-2.086774407798028e-08
     3.240333333333307	-2.086774407798028e-08
      3.24066666666664	-2.086774407798028e-08
     3.240999999999973	-2.086774407798028e-08
     3.241333333333307	-2.086774407798028e-08
      3.24166666666664	-2.086774407798028e-08
     3.241999999999973	-2.086774407798028e-08
     3.242333333333307	-2.086774407798028e-08
      3.24266666666664	-2.086774407798028e-08
     3.242999999999973	-2.086774407798028e-08
     3.243333333333307	-2.086774407798028e-08
      3.24366666666664	-2.086774407798028e-08
     3.243999999999973	-2.086774407798028e-08
     3.244333333333306	-2.086774407798028e-08
      3.24466666666664	-2.086774407798028e-08
     3.244999999999973	-2.086774407798028e-08
     3.245333333333306	-2.086774407798028e-08
      3.24566666666664	-2.086774407798028e-08
     3.245999999999973	-2.086774407798028e-08
     3.246333333333306	-2.086774407798028e-08
      3.24666666666664	-2.086774407798028e-08
     3.246999999999973	-2.086774407798028e-08
     3.247333333333306	-2.086774407798028e-08
     3.247666666666639	-2.086774407798028e-08
     3.247999999999973	-2.086774407798028e-08
     3.248333333333306	-2.086774407798028e-08
     3.248666666666639	-2.086774407798028e-08
     3.248999999999973	-2.086774407798028e-08
     3.249333333333306	-2.086774407798028e-08
     3.249666666666639	-2.086774407798028e-08
     3.249999999999972	-2.086774407798028e-08
     3.250333333333306	-2.086774407798028e-08
     3.250666666666639	-2.086774407798028e-08
     3.250999999999972	-2.086774407798028e-08
     3.251333333333306	-2.086774407798028e-08
     3.251666666666639	-2.086774407798028e-08
     3.251999999999972	-2.086774407798028e-08
     3.252333333333306	-2.086774407798028e-08
     3.252666666666639	-2.086774407798028e-08
     3.252999999999972	-2.086774407798028e-08
     3.253333333333305	-2.086774407798028e-08
     3.253666666666639	-2.086774407798028e-08
     3.253999999999972	-2.086774407798028e-08
     3.254333333333305	-2.086774407798028e-08
     3.254666666666639	-2.086774407798028e-08
     3.254999999999972	-2.086774407798028e-08
     3.255333333333305	-2.086774407798028e-08
     3.255666666666639	-2.086774407798028e-08
     3.255999999999972	-2.086774407798028e-08
     3.256333333333305	-2.086774407798028e-08
     3.256666666666638	-2.086774407798028e-08
     3.256999999999972	-2.086774407798028e-08
     3.257333333333305	-2.086774407798028e-08
     3.257666666666638	-2.086774407798028e-08
     3.257999999999972	-2.086774407798028e-08
     3.258333333333305	-2.086774407798028e-08
     3.258666666666638	-2.086774407798028e-08
     3.258999999999971	-2.086774407798028e-08
     3.259333333333305	-2.086774407798028e-08
     3.259666666666638	-2.086774407798028e-08
     3.259999999999971	-2.086774407798028e-08
     3.260333333333305	-2.086774407798028e-08
     3.260666666666638	-2.086774407798028e-08
     3.260999999999971	-2.086774407798028e-08
     3.261333333333305	-2.086774407798028e-08
     3.261666666666638	-2.086774407798028e-08
     3.261999999999971	-2.086774407798028e-08
     3.262333333333304	-2.086774407798028e-08
     3.262666666666638	-2.086774407798028e-08
     3.262999999999971	-2.086774407798028e-08
     3.263333333333304	-2.086774407798028e-08
     3.263666666666638	-2.086774407798028e-08
     3.263999999999971	-2.086774407798028e-08
     3.264333333333304	-2.086774407798028e-08
     3.264666666666638	-2.086774407798028e-08
     3.264999999999971	-2.086774407798028e-08
     3.265333333333304	-2.086774407798028e-08
     3.265666666666637	-2.086774407798028e-08
     3.265999999999971	-2.086774407798028e-08
     3.266333333333304	-2.086774407798028e-08
     3.266666666666637	-2.086774407798028e-08
     3.266999999999971	-2.086774407798028e-08
     3.267333333333304	-2.086774407798028e-08
     3.267666666666637	-2.086774407798028e-08
      3.26799999999997	-2.086774407798028e-08
     3.268333333333304	-2.086774407798028e-08
     3.268666666666637	-2.086774407798028e-08
      3.26899999999997	-2.086774407798028e-08
     3.269333333333304	-2.086774407798028e-08
     3.269666666666637	-2.086774407798028e-08
      3.26999999999997	-2.086774407798028e-08
     3.270333333333304	-2.086774407798028e-08
     3.270666666666637	-2.086774407798028e-08
      3.27099999999997	-2.086774407798028e-08
     3.271333333333303	-2.086774407798028e-08
     3.271666666666637	-2.086774407798028e-08
      3.27199999999997	-2.086774407798028e-08
     3.272333333333303	-2.086774407798028e-08
     3.272666666666637	-2.086774407798028e-08
      3.27299999999997	-2.086774407798028e-08
     3.273333333333303	-2.086774407798028e-08
     3.273666666666637	-2.086774407798028e-08
      3.27399999999997	-2.086774407798028e-08
     3.274333333333303	-2.086774407798028e-08
     3.274666666666636	-2.086774407798028e-08
      3.27499999999997	-2.086774407798028e-08
     3.275333333333303	-2.086774407798028e-08
     3.275666666666636	-2.086774407798028e-08
      3.27599999999997	-2.086774407798028e-08
     3.276333333333303	-2.086774407798028e-08
     3.276666666666636	-2.086774407798028e-08
     3.276999999999969	-2.086774407798028e-08
     3.277333333333303	-2.086774407798028e-08
     3.277666666666636	-2.086774407798028e-08
     3.277999999999969	-2.086774407798028e-08
     3.278333333333303	-2.086774407798028e-08
     3.278666666666636	-2.086774407798028e-08
     3.278999999999969	-2.086774407798028e-08
     3.279333333333303	-2.086774407798028e-08
     3.279666666666636	-2.086774407798028e-08
     3.279999999999969	-2.086774407798028e-08
     3.280333333333302	-2.086774407798028e-08
     3.280666666666636	-2.086774407798028e-08
     3.280999999999969	-2.086774407798028e-08
     3.281333333333302	-2.086774407798028e-08
     3.281666666666636	-2.086774407798028e-08
     3.281999999999969	-2.086774407798028e-08
     3.282333333333302	-2.086774407798028e-08
     3.282666666666636	-2.086774407798028e-08
     3.282999999999969	-2.086774407798028e-08
     3.283333333333302	-2.086774407798028e-08
     3.283666666666635	-2.086774407798028e-08
     3.283999999999969	-2.086774407798028e-08
     3.284333333333302	-2.086774407798028e-08
     3.284666666666635	-2.086774407798028e-08
     3.284999999999969	-2.086774407798028e-08
     3.285333333333302	-2.086774407798028e-08
     3.285666666666635	-2.086774407798028e-08
     3.285999999999969	-2.086774407798028e-08
     3.286333333333302	-2.086774407798028e-08
     3.286666666666635	-2.086774407798028e-08
     3.286999999999968	-2.086774407798028e-08
     3.287333333333302	-2.086774407798028e-08
     3.287666666666635	-2.086774407798028e-08
     3.287999999999968	-2.086774407798028e-08
     3.288333333333302	-2.086774407798028e-08
     3.288666666666635	-2.086774407798028e-08
     3.288999999999968	-2.086774407798028e-08
     3.289333333333301	-2.086774407798028e-08
     3.289666666666635	-2.086774407798028e-08
     3.289999999999968	-2.086774407798028e-08
     3.290333333333301	-2.086774407798028e-08
     3.290666666666635	-2.086774407798028e-08
     3.290999999999968	-2.086774407798028e-08
     3.291333333333301	-2.086774407798028e-08
     3.291666666666635	-2.086774407798028e-08
     3.291999999999968	-2.086774407798028e-08
     3.292333333333301	-2.086774407798028e-08
     3.292666666666634	-2.086774407798028e-08
     3.292999999999968	-2.086774407798028e-08
     3.293333333333301	-2.086774407798028e-08
     3.293666666666634	-2.086774407798028e-08
     3.293999999999968	-2.086774407798028e-08
     3.294333333333301	-2.086774407798028e-08
     3.294666666666634	-2.086774407798028e-08
     3.294999999999968	-2.086774407798028e-08
     3.295333333333301	-2.086774407798028e-08
     3.295666666666634	-2.086774407798028e-08
     3.295999999999967	-2.086774407798028e-08
     3.296333333333301	-2.086774407798028e-08
     3.296666666666634	-2.086774407798028e-08
     3.296999999999967	-2.086774407798028e-08
     3.297333333333301	-2.086774407798028e-08
     3.297666666666634	-2.086774407798028e-08
     3.297999999999967	-2.086774407798028e-08
       3.2983333333333	-2.086774407798028e-08
     3.298666666666634	-2.086774407798028e-08
     3.298999999999967	-2.086774407798028e-08
       3.2993333333333	-2.086774407798028e-08
     3.299666666666634	-2.086774407798028e-08
     3.299999999999967	-2.086774407798028e-08
       3.3003333333333	-2.086774407798028e-08
     3.300666666666634	-2.086774407798028e-08
     3.300999999999967	-2.086774407798028e-08
       3.3013333333333	-2.086774407798028e-08
     3.301666666666633	-2.086774407798028e-08
     3.301999999999967	-2.086774407798028e-08
       3.3023333333333	-2.086774407798028e-08
     3.302666666666633	-2.086774407798028e-08
     3.302999999999967	-2.086774407798028e-08
       3.3033333333333	-2.086774407798028e-08
     3.303666666666633	-2.086774407798028e-08
     3.303999999999967	-2.086774407798028e-08
       3.3043333333333	-2.086774407798028e-08
     3.304666666666633	-2.086774407798028e-08
     3.304999999999966	-2.086774407798028e-08
       3.3053333333333	-2.086774407798028e-08
     3.305666666666633	-2.086774407798028e-08
     3.305999999999966	-2.086774407798028e-08
       3.3063333333333	-2.086774407798028e-08
     3.306666666666633	-2.086774407798028e-08
     3.306999999999966	-2.086774407798028e-08
     3.307333333333299	-2.086774407798028e-08
     3.307666666666633	-2.086774407798028e-08
     3.307999999999966	-2.086774407798028e-08
     3.308333333333299	-2.086774407798028e-08
     3.308666666666633	-2.086774407798028e-08
     3.308999999999966	-2.086774407798028e-08
     3.309333333333299	-2.086774407798028e-08
     3.309666666666633	-2.086774407798028e-08
     3.309999999999966	-2.086774407798028e-08
     3.310333333333299	-2.086774407798028e-08
     3.310666666666632	-2.086774407798028e-08
     3.310999999999966	-2.086774407798028e-08
     3.311333333333299	-2.086774407798028e-08
     3.311666666666632	-2.086774407798028e-08
     3.311999999999966	-2.086774407798028e-08
     3.312333333333299	-2.086774407798028e-08
     3.312666666666632	-2.086774407798028e-08
     3.312999999999966	-2.086774407798028e-08
     3.313333333333299	-2.086774407798028e-08
     3.313666666666632	-2.086774407798028e-08
     3.313999999999965	-2.086774407798028e-08
     3.314333333333299	-2.086774407798028e-08
     3.314666666666632	-2.086774407798028e-08
     3.314999999999965	-2.086774407798028e-08
     3.315333333333299	-2.086774407798028e-08
     3.315666666666632	-2.086774407798028e-08
     3.315999999999965	-2.086774407798028e-08
     3.316333333333298	-2.086774407798028e-08
     3.316666666666632	-2.086774407798028e-08
     3.316999999999965	-2.086774407798028e-08
     3.317333333333298	-2.086774407798028e-08
     3.317666666666632	-2.086774407798028e-08
     3.317999999999965	-2.086774407798028e-08
     3.318333333333298	-2.086774407798028e-08
     3.318666666666632	-2.086774407798028e-08
     3.318999999999965	-2.086774407798028e-08
     3.319333333333298	-2.086774407798028e-08
     3.319666666666631	-2.086774407798028e-08
     3.319999999999965	-2.086774407798028e-08
     3.320333333333298	-2.086774407798028e-08
     3.320666666666631	-2.086774407798028e-08
     3.320999999999965	-2.086774407798028e-08
     3.321333333333298	-2.086774407798028e-08
     3.321666666666631	-2.086774407798028e-08
     3.321999999999965	-2.086774407798028e-08
     3.322333333333298	-2.086774407798028e-08
     3.322666666666631	-2.086774407798028e-08
     3.322999999999964	-2.086774407798028e-08
     3.323333333333298	-2.086774407798028e-08
     3.323666666666631	-2.086774407798028e-08
     3.323999999999964	-2.086774407798028e-08
     3.324333333333298	-2.086774407798028e-08
     3.324666666666631	-2.086774407798028e-08
     3.324999999999964	-2.086774407798028e-08
     3.325333333333298	-2.086774407798028e-08
     3.325666666666631	-2.086774407798028e-08
     3.325999999999964	-2.086774407798028e-08
     3.326333333333297	-2.086774407798028e-08
     3.326666666666631	-2.086774407798028e-08
     3.326999999999964	-2.086774407798028e-08
     3.327333333333297	-2.086774407798028e-08
     3.327666666666631	-2.086774407798028e-08
     3.327999999999964	-2.086774407798028e-08
     3.328333333333297	-2.086774407798028e-08
      3.32866666666663	-2.086774407798028e-08
     3.328999999999964	-2.086774407798028e-08
     3.329333333333297	-2.086774407798028e-08
      3.32966666666663	-2.086774407798028e-08
     3.329999999999964	-2.086774407798028e-08
     3.330333333333297	-2.086774407798028e-08
      3.33066666666663	-2.086774407798028e-08
     3.330999999999964	-2.086774407798028e-08
     3.331333333333297	-2.086774407798028e-08
      3.33166666666663	-2.086774407798028e-08
     3.331999999999963	-2.086774407798028e-08
     3.332333333333297	-2.086774407798028e-08
      3.33266666666663	-2.086774407798028e-08
     3.332999999999963	-2.086774407798028e-08
     3.333333333333297	-2.086774407798028e-08
      3.33366666666663	-2.086774407798028e-08
     3.333999999999963	-2.086774407798028e-08
     3.334333333333297	-2.086774407798028e-08
      3.33466666666663	-2.086774407798028e-08
     3.334999999999963	-2.086774407798028e-08
     3.335333333333296	-2.086774407798028e-08
      3.33566666666663	-2.086774407798028e-08
     3.335999999999963	-2.086774407798028e-08
     3.336333333333296	-2.086774407798028e-08
      3.33666666666663	-2.086774407798028e-08
     3.336999999999963	-2.086774407798028e-08
     3.337333333333296	-2.086774407798028e-08
     3.337666666666629	-2.086774407798028e-08
     3.337999999999963	-2.086774407798028e-08
     3.338333333333296	-2.086774407798028e-08
     3.338666666666629	-2.086774407798028e-08
     3.338999999999963	-2.086774407798028e-08
     3.339333333333296	-2.086774407798028e-08
     3.339666666666629	-2.086774407798028e-08
     3.339999999999963	-2.086774407798028e-08
     3.340333333333296	-2.086774407798028e-08
     3.340666666666629	-2.086774407798028e-08
     3.340999999999962	-2.086774407798028e-08
     3.341333333333296	-2.086774407798028e-08
     3.341666666666629	-2.086774407798028e-08
     3.341999999999962	-2.086774407798028e-08
     3.342333333333296	-2.086774407798028e-08
     3.342666666666629	-2.086774407798028e-08
     3.342999999999962	-2.086774407798028e-08
     3.343333333333296	-2.086774407798028e-08
     3.343666666666629	-2.086774407798028e-08
     3.343999999999962	-2.086774407798028e-08
     3.344333333333295	-2.086774407798028e-08
     3.344666666666629	-2.086774407798028e-08
     3.344999999999962	-2.086774407798028e-08
     3.345333333333295	-2.086774407798028e-08
     3.345666666666629	-2.086774407798028e-08
     3.345999999999962	-2.086774407798028e-08
     3.346333333333295	-2.086774407798028e-08
     3.346666666666628	-2.086774407798028e-08
     3.346999999999962	-2.086774407798028e-08
     3.347333333333295	-2.086774407798028e-08
     3.347666666666628	-2.086774407798028e-08
     3.347999999999962	-2.086774407798028e-08
     3.348333333333295	-2.086774407798028e-08
     3.348666666666628	-2.086774407798028e-08
     3.348999999999962	-2.086774407798028e-08
     3.349333333333295	-2.086774407798028e-08
     3.349666666666628	-2.086774407798028e-08
     3.349999999999961	-2.086774407798028e-08
     3.350333333333295	-2.086774407798028e-08
     3.350666666666628	-2.086774407798028e-08
     3.350999999999961	-2.086774407798028e-08
     3.351333333333295	-2.086774407798028e-08
     3.351666666666628	-2.086774407798028e-08
     3.351999999999961	-2.086774407798028e-08
     3.352333333333295	-2.086774407798028e-08
     3.352666666666628	-2.086774407798028e-08
     3.352999999999961	-2.086774407798028e-08
     3.353333333333294	-2.086774407798028e-08
     3.353666666666628	-2.086774407798028e-08
     3.353999999999961	-2.086774407798028e-08
     3.354333333333294	-2.086774407798028e-08
     3.354666666666628	-2.086774407798028e-08
     3.354999999999961	-2.086774407798028e-08
     3.355333333333294	-2.086774407798028e-08
     3.355666666666627	-2.086774407798028e-08
     3.355999999999961	-2.086774407798028e-08
     3.356333333333294	-2.086774407798028e-08
     3.356666666666627	-2.086774407798028e-08
     3.356999999999961	-2.086774407798028e-08
     3.357333333333294	-2.086774407798028e-08
     3.357666666666627	-2.086774407798028e-08
     3.357999999999961	-2.086774407798028e-08
     3.358333333333294	-2.086774407798028e-08
     3.358666666666627	-2.086774407798028e-08
      3.35899999999996	-2.086774407798028e-08
     3.359333333333294	-2.086774407798028e-08
     3.359666666666627	-2.086774407798028e-08
      3.35999999999996	-2.086774407798028e-08
     3.360333333333294	-2.086774407798028e-08
     3.360666666666627	-2.086774407798028e-08
      3.36099999999996	-2.086774407798028e-08
     3.361333333333294	-2.086774407798028e-08
     3.361666666666627	-2.086774407798028e-08
      3.36199999999996	-2.086774407798028e-08
     3.362333333333293	-2.086774407798028e-08
     3.362666666666627	-2.086774407798028e-08
      3.36299999999996	-2.086774407798028e-08
     3.363333333333293	-2.086774407798028e-08
     3.363666666666627	-2.086774407798028e-08
      3.36399999999996	-2.086774407798028e-08
     3.364333333333293	-2.086774407798028e-08
     3.364666666666627	-2.086774407798028e-08
      3.36499999999996	-2.086774407798028e-08
     3.365333333333293	-2.086774407798028e-08
     3.365666666666626	-2.086774407798028e-08
      3.36599999999996	-2.086774407798028e-08
     3.366333333333293	-2.086774407798028e-08
     3.366666666666626	-2.086774407798028e-08
      3.36699999999996	-2.086774407798028e-08
     3.367333333333293	-2.086774407798028e-08
     3.367666666666626	-2.086774407798028e-08
     3.367999999999959	-2.086774407798028e-08
     3.368333333333293	-2.086774407798028e-08
     3.368666666666626	-2.086774407798028e-08
     3.368999999999959	-2.086774407798028e-08
     3.369333333333293	-2.086774407798028e-08
     3.369666666666626	-2.086774407798028e-08
     3.369999999999959	-2.086774407798028e-08
     3.370333333333293	-2.086774407798028e-08
     3.370666666666626	-2.086774407798028e-08
     3.370999999999959	-2.086774407798028e-08
     3.371333333333292	-2.086774407798028e-08
     3.371666666666626	-2.086774407798028e-08
     3.371999999999959	-2.086774407798028e-08
     3.372333333333292	-2.086774407798028e-08
     3.372666666666626	-2.086774407798028e-08
     3.372999999999959	-2.086774407798028e-08
     3.373333333333292	-2.086774407798028e-08
     3.373666666666626	-2.086774407798028e-08
     3.373999999999959	-2.086774407798028e-08
     3.374333333333292	-2.086774407798028e-08
     3.374666666666625	-2.086774407798028e-08
     3.374999999999959	-2.086774407798028e-08
     3.375333333333292	-2.086774407798028e-08
     3.375666666666625	-2.086774407798028e-08
     3.375999999999959	-2.086774407798028e-08
     3.376333333333292	-2.086774407798028e-08
     3.376666666666625	-2.086774407798028e-08
     3.376999999999958	-2.086774407798028e-08
     3.377333333333292	-2.086774407798028e-08
     3.377666666666625	-2.086774407798028e-08
     3.377999999999958	-2.086774407798028e-08
     3.378333333333292	-2.086774407798028e-08
     3.378666666666625	-2.086774407798028e-08
     3.378999999999958	-2.086774407798028e-08
     3.379333333333292	-2.086774407798028e-08
     3.379666666666625	-2.086774407798028e-08
     3.379999999999958	-2.086774407798028e-08
     3.380333333333291	-2.086774407798028e-08
     3.380666666666625	-2.086774407798028e-08
     3.380999999999958	-2.086774407798028e-08
     3.381333333333291	-2.086774407798028e-08
     3.381666666666625	-2.086774407798028e-08
     3.381999999999958	-2.086774407798028e-08
     3.382333333333291	-2.086774407798028e-08
     3.382666666666625	-2.086774407798028e-08
     3.382999999999958	-2.086774407798028e-08
     3.383333333333291	-2.086774407798028e-08
     3.383666666666624	-2.086774407798028e-08
     3.383999999999958	-2.086774407798028e-08
     3.384333333333291	-2.086774407798028e-08
     3.384666666666624	-2.086774407798028e-08
     3.384999999999958	-2.086774407798028e-08
     3.385333333333291	-2.086774407798028e-08
     3.385666666666624	-2.086774407798028e-08
     3.385999999999957	-2.086774407798028e-08
     3.386333333333291	-2.086774407798028e-08
     3.386666666666624	-2.086774407798028e-08
     3.386999999999957	-2.086774407798028e-08
     3.387333333333291	-2.086774407798028e-08
     3.387666666666624	-2.086774407798028e-08
     3.387999999999957	-2.086774407798028e-08
     3.388333333333291	-2.086774407798028e-08
     3.388666666666624	-2.086774407798028e-08
     3.388999999999957	-2.086774407798028e-08
      3.38933333333329	-2.086774407798028e-08
     3.389666666666624	-2.086774407798028e-08
     3.389999999999957	-2.086774407798028e-08
      3.39033333333329	-2.086774407798028e-08
     3.390666666666624	-2.086774407798028e-08
     3.390999999999957	-2.086774407798028e-08
      3.39133333333329	-2.086774407798028e-08
     3.391666666666624	-2.086774407798028e-08
     3.391999999999957	-2.086774407798028e-08
      3.39233333333329	-2.086774407798028e-08
     3.392666666666623	-2.086774407798028e-08
     3.392999999999957	-2.086774407798028e-08
      3.39333333333329	-2.086774407798028e-08
     3.393666666666623	-2.086774407798028e-08
     3.393999999999957	-2.086774407798028e-08
      3.39433333333329	-2.086774407798028e-08
     3.394666666666623	-2.086774407798028e-08
     3.394999999999956	-2.086774407798028e-08
      3.39533333333329	-2.086774407798028e-08
     3.395666666666623	-2.086774407798028e-08
     3.395999999999956	-2.086774407798028e-08
      3.39633333333329	-2.086774407798028e-08
     3.396666666666623	-2.086774407798028e-08
     3.396999999999956	-2.086774407798028e-08
      3.39733333333329	-2.086774407798028e-08
     3.397666666666623	-2.086774407798028e-08
     3.397999999999956	-2.086774407798028e-08
     3.398333333333289	-2.086774407798028e-08
     3.398666666666623	-2.086774407798028e-08
     3.398999999999956	-2.086774407798028e-08
     3.399333333333289	-2.086774407798028e-08
     3.399666666666623	-2.086774407798028e-08
     3.399999999999956	-2.086774407798028e-08
     3.400333333333289	-2.086774407798028e-08
     3.400666666666623	-2.086774407798028e-08
     3.400999999999956	-2.086774407798028e-08
     3.401333333333289	-2.086774407798028e-08
     3.401666666666622	-2.086774407798028e-08
     3.401999999999956	-2.086774407798028e-08
     3.402333333333289	-2.086774407798028e-08
     3.402666666666622	-2.086774407798028e-08
     3.402999999999956	-2.086774407798028e-08
     3.403333333333289	-2.086774407798028e-08
     3.403666666666622	-2.086774407798028e-08
     3.403999999999956	-2.086774407798028e-08
     3.404333333333289	-2.086774407798028e-08
     3.404666666666622	-2.086774407798028e-08
     3.404999999999955	-2.086774407798028e-08
     3.405333333333289	-2.086774407798028e-08
     3.405666666666622	-2.086774407798028e-08
     3.405999999999955	-2.086774407798028e-08
     3.406333333333289	-2.086774407798028e-08
     3.406666666666622	-2.086774407798028e-08
     3.406999999999955	-2.086774407798028e-08
     3.407333333333288	-2.086774407798028e-08
     3.407666666666622	-2.086774407798028e-08
     3.407999999999955	-2.086774407798028e-08
     3.408333333333288	-2.086774407798028e-08
     3.408666666666622	-2.086774407798028e-08
     3.408999999999955	-2.086774407798028e-08
     3.409333333333288	-2.086774407798028e-08
     3.409666666666622	-2.086774407798028e-08
     3.409999999999955	-2.086774407798028e-08
     3.410333333333288	-2.086774407798028e-08
     3.410666666666621	-2.086774407798028e-08
     3.410999999999955	-2.086774407798028e-08
     3.411333333333288	-2.086774407798028e-08
     3.411666666666621	-2.086774407798028e-08
     3.411999999999955	-2.086774407798028e-08
     3.412333333333288	-2.086774407798028e-08
     3.412666666666621	-2.086774407798028e-08
     3.412999999999955	-2.086774407798028e-08
     3.413333333333288	-2.086774407798028e-08
     3.413666666666621	-2.086774407798028e-08
     3.413999999999954	-2.086774407798028e-08
     3.414333333333288	-2.086774407798028e-08
     3.414666666666621	-2.086774407798028e-08
     3.414999999999954	-2.086774407798028e-08
     3.415333333333288	-2.086774407798028e-08
     3.415666666666621	-2.086774407798028e-08
     3.415999999999954	-2.086774407798028e-08
     3.416333333333287	-2.086774407798028e-08
     3.416666666666621	-2.086774407798028e-08
     3.416999999999954	-2.086774407798028e-08
     3.417333333333287	-2.086774407798028e-08
     3.417666666666621	-2.086774407798028e-08
     3.417999999999954	-2.086774407798028e-08
     3.418333333333287	-2.086774407798028e-08
     3.418666666666621	-2.086774407798028e-08
     3.418999999999954	-2.086774407798028e-08
     3.419333333333287	-2.086774407798028e-08
      3.41966666666662	-2.086774407798028e-08
     3.419999999999954	-2.086774407798028e-08
     3.420333333333287	-2.086774407798028e-08
      3.42066666666662	-2.086774407798028e-08
     3.420999999999954	-2.086774407798028e-08
     3.421333333333287	-2.086774407798028e-08
      3.42166666666662	-2.086774407798028e-08
     3.421999999999954	-2.086774407798028e-08
     3.422333333333287	-2.086774407798028e-08
      3.42266666666662	-2.086774407798028e-08
     3.422999999999953	-2.086774407798028e-08
     3.423333333333287	-2.086774407798028e-08
      3.42366666666662	-2.086774407798028e-08
     3.423999999999953	-2.086774407798028e-08
     3.424333333333287	-2.086774407798028e-08
      3.42466666666662	-2.086774407798028e-08
     3.424999999999953	-2.086774407798028e-08
     3.425333333333286	-2.086774407798028e-08
      3.42566666666662	-2.086774407798028e-08
     3.425999999999953	-2.086774407798028e-08
     3.426333333333286	-2.086774407798028e-08
      3.42666666666662	-2.086774407798028e-08
     3.426999999999953	-2.086774407798028e-08
     3.427333333333286	-2.086774407798028e-08
      3.42766666666662	-2.086774407798028e-08
     3.427999999999953	-2.086774407798028e-08
     3.428333333333286	-2.086774407798028e-08
     3.428666666666619	-2.086774407798028e-08
     3.428999999999953	-2.086774407798028e-08
     3.429333333333286	-2.086774407798028e-08
     3.429666666666619	-2.086774407798028e-08
     3.429999999999953	-2.086774407798028e-08
     3.430333333333286	-2.086774407798028e-08
     3.430666666666619	-2.086774407798028e-08
     3.430999999999953	-2.086774407798028e-08
     3.431333333333286	-2.086774407798028e-08
     3.431666666666619	-2.086774407798028e-08
     3.431999999999952	-2.086774407798028e-08
     3.432333333333286	-2.086774407798028e-08
     3.432666666666619	-2.086774407798028e-08
     3.432999999999952	-2.086774407798028e-08
     3.433333333333286	-2.086774407798028e-08
     3.433666666666619	-2.086774407798028e-08
     3.433999999999952	-2.086774407798028e-08
     3.434333333333285	-2.086774407798028e-08
     3.434666666666619	-2.086774407798028e-08
     3.434999999999952	-2.086774407798028e-08
     3.435333333333285	-2.086774407798028e-08
     3.435666666666619	-2.086774407798028e-08
     3.435999999999952	-2.086774407798028e-08
     3.436333333333285	-2.086774407798028e-08
     3.436666666666619	-2.086774407798028e-08
     3.436999999999952	-2.086774407798028e-08
     3.437333333333285	-2.086774407798028e-08
     3.437666666666618	-2.086774407798028e-08
     3.437999999999952	-2.086774407798028e-08
     3.438333333333285	-2.086774407798028e-08
     3.438666666666618	-2.086774407798028e-08
     3.438999999999952	-2.086774407798028e-08
     3.439333333333285	-2.086774407798028e-08
     3.439666666666618	-2.086774407798028e-08
     3.439999999999952	-2.086774407798028e-08
     3.440333333333285	-2.086774407798028e-08
     3.440666666666618	-2.086774407798028e-08
     3.440999999999951	-2.086774407798028e-08
     3.441333333333285	-2.086774407798028e-08
     3.441666666666618	-2.086774407798028e-08
     3.441999999999951	-2.086774407798028e-08
     3.442333333333285	-2.086774407798028e-08
     3.442666666666618	-2.086774407798028e-08
     3.442999999999951	-2.086774407798028e-08
     3.443333333333285	-2.086774407798028e-08
     3.443666666666618	-2.086774407798028e-08
     3.443999999999951	-2.086774407798028e-08
     3.444333333333284	-2.086774407798028e-08
     3.444666666666618	-2.086774407798028e-08
     3.444999999999951	-2.086774407798028e-08
     3.445333333333284	-2.086774407798028e-08
     3.445666666666618	-2.086774407798028e-08
     3.445999999999951	-2.086774407798028e-08
     3.446333333333284	-2.086774407798028e-08
     3.446666666666617	-2.086774407798028e-08
     3.446999999999951	-2.086774407798028e-08
     3.447333333333284	-2.086774407798028e-08
     3.447666666666617	-2.086774407798028e-08
     3.447999999999951	-2.086774407798028e-08
     3.448333333333284	-2.086774407798028e-08
     3.448666666666617	-2.086774407798028e-08
     3.448999999999951	-2.086774407798028e-08
     3.449333333333284	-2.086774407798028e-08
     3.449666666666617	-2.086774407798028e-08
      3.44999999999995	-2.086774407798028e-08
     3.450333333333284	-2.086774407798028e-08
     3.450666666666617	-2.086774407798028e-08
      3.45099999999995	-2.086774407798028e-08
     3.451333333333284	-2.086774407798028e-08
     3.451666666666617	-2.086774407798028e-08
      3.45199999999995	-2.086774407798028e-08
     3.452333333333284	-2.086774407798028e-08
     3.452666666666617	-2.086774407798028e-08
      3.45299999999995	-2.086774407798028e-08
     3.453333333333283	-2.086774407798028e-08
     3.453666666666617	-2.086774407798028e-08
      3.45399999999995	-2.086774407798028e-08
     3.454333333333283	-2.086774407798028e-08
     3.454666666666617	-2.086774407798028e-08
      3.45499999999995	-2.086774407798028e-08
     3.455333333333283	-2.086774407798028e-08
     3.455666666666616	-2.086774407798028e-08
      3.45599999999995	-2.086774407798028e-08
     3.456333333333283	-2.086774407798028e-08
     3.456666666666616	-2.086774407798028e-08
      3.45699999999995	-2.086774407798028e-08
     3.457333333333283	-2.086774407798028e-08
     3.457666666666616	-2.086774407798028e-08
      3.45799999999995	-2.086774407798028e-08
     3.458333333333283	-2.086774407798028e-08
     3.458666666666616	-2.086774407798028e-08
     3.458999999999949	-2.086774407798028e-08
     3.459333333333283	-2.086774407798028e-08
     3.459666666666616	-2.086774407798028e-08
     3.459999999999949	-2.086774407798028e-08
     3.460333333333283	-2.086774407798028e-08
     3.460666666666616	-2.086774407798028e-08
     3.460999999999949	-2.086774407798028e-08
     3.461333333333283	-2.086774407798028e-08
     3.461666666666616	-2.086774407798028e-08
     3.461999999999949	-2.086774407798028e-08
     3.462333333333282	-2.086774407798028e-08
     3.462666666666616	-2.086774407798028e-08
     3.462999999999949	-2.086774407798028e-08
     3.463333333333282	-2.086774407798028e-08
     3.463666666666616	-2.086774407798028e-08
     3.463999999999949	-2.086774407798028e-08
     3.464333333333282	-2.086774407798028e-08
     3.464666666666615	-2.086774407798028e-08
     3.464999999999949	-2.086774407798028e-08
     3.465333333333282	-2.086774407798028e-08
     3.465666666666615	-2.086774407798028e-08
     3.465999999999949	-2.086774407798028e-08
     3.466333333333282	-2.086774407798028e-08
     3.466666666666615	-2.086774407798028e-08
     3.466999999999949	-2.086774407798028e-08
     3.467333333333282	-2.086774407798028e-08
     3.467666666666615	-2.086774407798028e-08
     3.467999999999948	-2.086774407798028e-08
     3.468333333333282	-2.086774407798028e-08
     3.468666666666615	-2.086774407798028e-08
     3.468999999999948	-2.086774407798028e-08
     3.469333333333282	-2.086774407798028e-08
     3.469666666666615	-2.086774407798028e-08
     3.469999999999948	-2.086774407798028e-08
     3.470333333333282	-2.086774407798028e-08
     3.470666666666615	-2.086774407798028e-08
     3.470999999999948	-2.086774407798028e-08
     3.471333333333281	-2.086774407798028e-08
     3.471666666666615	-2.086774407798028e-08
     3.471999999999948	-2.086774407798028e-08
     3.472333333333281	-2.086774407798028e-08
     3.472666666666615	-2.086774407798028e-08
     3.472999999999948	-2.086774407798028e-08
     3.473333333333281	-2.086774407798028e-08
     3.473666666666614	-2.086774407798028e-08
     3.473999999999948	-2.086774407798028e-08
     3.474333333333281	-2.086774407798028e-08
     3.474666666666614	-2.086774407798028e-08
     3.474999999999948	-2.086774407798028e-08
     3.475333333333281	-2.086774407798028e-08
     3.475666666666614	-2.086774407798028e-08
     3.475999999999948	-2.086774407798028e-08
     3.476333333333281	-2.086774407798028e-08

     4.000333333333334	-2.369512217199625e-08
     4.000666666666667	-2.369512217199625e-08
     4.001000000000001	-2.369512217199625e-08
     4.001333333333335	-2.369512217199625e-08
     4.001666666666669	-2.369512217199625e-08
     4.002000000000002	-2.369512217199625e-08
     4.002333333333336	-2.369512217199625e-08
      4.00266666666667	-2.369512217199625e-08
     4.003000000000004	-2.369512217199625e-08
     4.003333333333337	-2.369512217199625e-08
     4.003666666666671	-2.369512217199625e-08
     4.004000000000005	-2.369512217199625e-08
     4.004333333333339	-2.369512217199625e-08
     4.004666666666672	-2.369512217199625e-08
     4.005000000000006	-2.369512217199625e-08
      4.00533333333334	-2.369512217199625e-08
     4.005666666666674	-2.369512217199625e-08
     4.006000000000007	-2.369512217199625e-08
     4.006333333333341	-2.369512217199625e-08
     4.006666666666675	-2.369512217199625e-08
     4.007000000000009	-2.369512217199625e-08
     4.007333333333342	-2.369512217199625e-08
     4.007666666666676	-2.369512217199625e-08
      4.00800000000001	-2.369512217199625e-08
     4.008333333333344	-2.369512217199625e-08
     4.008666666666677	-2.369512217199625e-08
     4.009000000000011	-2.369512217199625e-08
     4.009333333333345	-2.369512217199625e-08
     4.009666666666678	-2.369512217199625e-08
     4.010000000000012	-2.369512217199625e-08
     4.010333333333346	-2.369512217199625e-08
      4.01066666666668	-2.369512217199625e-08
     4.011000000000013	-2.369512217199625e-08
     4.011333333333347	-2.369512217199625e-08
     4.011666666666681	-2.369512217199625e-08
     4.012000000000015	-2.369512217199625e-08
     4.012333333333348	-2.369512217199625e-08
     4.012666666666682	-2.369512217199625e-08
     4.013000000000016	-2.369512217199625e-08
      4.01333333333335	-2.369512217199625e-08
     4.013666666666683	-2.369512217199625e-08
     4.014000000000017	-2.369512217199625e-08
     4.014333333333351	-2.369512217199625e-08
     4.014666666666685	-2.369512217199625e-08
     4.015000000000018	-2.369512217199625e-08
     4.015333333333352	-2.369512217199625e-08
     4.015666666666686	-2.369512217199625e-08
      4.01600000000002	-2.369512217199625e-08
     4.016333333333353	-2.369512217199625e-08
     4.016666666666687	-2.369512217199625e-08
     4.017000000000021	-2.369512217199625e-08
     4.017333333333355	-2.369512217199625e-08
     4.017666666666688	-2.369512217199625e-08
     4.018000000000022	-2.369512217199625e-08
     4.018333333333356	-2.369512217199625e-08
     4.018666666666689	-2.369512217199625e-08
     4.019000000000023	-2.369512217199625e-08
     4.019333333333357	-2.369512217199625e-08
     4.019666666666691	-2.369512217199625e-08
     4.020000000000024	-2.369512217199625e-08
     4.020333333333358	-2.369512217199625e-08
     4.020666666666692	-2.369512217199625e-08
     4.021000000000026	-2.369512217199625e-08
     4.021333333333359	-2.369512217199625e-08
     4.021666666666693	-2.369512217199625e-08
     4.022000000000027	-2.369512217199625e-08
     4.022333333333361	-2.369512217199625e-08
     4.022666666666694	-2.369512217199625e-08
     4.023000000000028	-2.369512217199625e-08
     4.023333333333362	-2.369512217199625e-08
     4.023666666666696	-2.369512217199625e-08
     4.024000000000029	-2.369512217199625e-08
     4.024333333333363	-2.369512217199625e-08
     4.024666666666697	-2.369512217199625e-08
     4.025000000000031	-2.369512217199625e-08
     4.025333333333364	-2.369512217199625e-08
     4.025666666666698	-2.369512217199625e-08
     4.026000000000032	-2.369512217199625e-08
     4.026333333333366	-2.369512217199625e-08
     4.026666666666699	-2.369512217199625e-08
     4.027000000000033	-2.369512217199625e-08
     4.027333333333367	-2.369512217199625e-08
       4.0276666666667	-2.369512217199625e-08
     4.028000000000034	-2.369512217199625e-08
     4.028333333333368	-2.369512217199625e-08
     4.028666666666702	-2.369512217199625e-08
     4.029000000000035	-2.369512217199625e-08
     4.029333333333369	-2.369512217199625e-08
     4.029666666666703	-2.369512217199625e-08
     4.030000000000037	-2.369512217199625e-08
      4.03033333333337	-2.369512217199625e-08
     4.030666666666704	-2.369512217199625e-08
     4.031000000000038	-2.369512217199625e-08
     4.031333333333372	-2.369512217199625e-08
     4.031666666666705	-2.369512217199625e-08
     4.032000000000039	-2.369512217199625e-08
     4.032333333333373	-2.369512217199625e-08
     4.032666666666707	-2.369512217199625e-08
      4.03300000000004	-2.369512217199625e-08
     4.033333333333374	-2.369512217199625e-08
     4.033666666666708	-2.369512217199625e-08
     4.034000000000042	-2.369512217199625e-08
     4.034333333333375	-2.369512217199625e-08
     4.034666666666709	-2.369512217199625e-08
     4.035000000000043	-2.369512217199625e-08
     4.035333333333377	-2.369512217199625e-08
      4.03566666666671	-2.369512217199625e-08
     4.036000000000044	-2.369512217199625e-08
     4.036333333333378	-2.369512217199625e-08
     4.036666666666711	-2.369512217199625e-08
     4.037000000000045	-2.369512217199625e-08
     4.037333333333379	-2.369512217199625e-08
     4.037666666666713	-2.369512217199625e-08
     4.038000000000046	-2.369512217199625e-08
      4.03833333333338	-2.369512217199625e-08
     4.038666666666714	-2.369512217199625e-08
     4.039000000000048	-2.369512217199625e-08
     4.039333333333381	-2.369512217199625e-08
     4.039666666666715	-2.369512217199625e-08
     4.040000000000049	-2.369512217199625e-08
     4.040333333333383	-2.369512217199625e-08
     4.040666666666716	-2.369512217199625e-08
      4.04100000000005	-2.369512217199625e-08
     4.041333333333384	-2.369512217199625e-08
     4.041666666666718	-2.369512217199625e-08
     4.042000000000051	-2.369512217199625e-08
     4.042333333333385	-2.369512217199625e-08
     4.042666666666719	-2.369512217199625e-08
     4.043000000000053	-2.369512217199625e-08
     4.043333333333386	-2.369512217199625e-08
      4.04366666666672	-2.369512217199625e-08
     4.044000000000054	-2.369512217199625e-08
     4.044333333333388	-2.369512217199625e-08
     4.044666666666721	-2.369512217199625e-08
     4.045000000000055	-2.369512217199625e-08
     4.045333333333389	-2.369512217199625e-08
     4.045666666666722	-2.369512217199625e-08
     4.046000000000056	-2.369512217199625e-08
      4.04633333333339	-2.369512217199625e-08
     4.046666666666724	-2.369512217199625e-08
     4.047000000000057	-2.369512217199625e-08
     4.047333333333391	-2.369512217199625e-08
     4.047666666666725	-2.369512217199625e-08
     4.048000000000059	-2.369512217199625e-08
     4.048333333333392	-2.369512217199625e-08
     4.048666666666726	-2.369512217199625e-08
      4.04900000000006	-2.369512217199625e-08
     4.049333333333394	-2.369512217199625e-08
     4.049666666666727	-2.369512217199625e-08
     4.050000000000061	-2.369512217199625e-08
     4.050333333333395	-2.369512217199625e-08
     4.050666666666729	-2.369512217199625e-08
     4.051000000000062	-2.369512217199625e-08
     4.051333333333396	-2.369512217199625e-08
      4.05166666666673	-2.369512217199625e-08
     4.052000000000064	-2.369512217199625e-08
     4.052333333333397	-2.369512217199625e-08
     4.052666666666731	-2.369512217199625e-08
     4.053000000000065	-2.369512217199625e-08
     4.053333333333399	-2.369512217199625e-08
     4.053666666666732	-2.369512217199625e-08
     4.054000000000066	-2.369512217199625e-08
       4.0543333333334	-2.369512217199625e-08
     4.054666666666733	-2.369512217199625e-08
     4.055000000000067	-2.369512217199625e-08
     4.055333333333401	-2.369512217199625e-08
     4.055666666666735	-2.369512217199625e-08
     4.056000000000068	-2.369512217199625e-08
     4.056333333333402	-2.369512217199625e-08
     4.056666666666736	-2.369512217199625e-08
      4.05700000000007	-2.369512217199625e-08
     4.057333333333403	-2.369512217199625e-08
     4.057666666666737	-2.369512217199625e-08
     4.058000000000071	-2.369512217199625e-08
     4.058333333333405	-2.369512217199625e-08
     4.058666666666738	-2.369512217199625e-08
     4.059000000000072	-2.369512217199625e-08
     4.059333333333406	-2.369512217199625e-08
      4.05966666666674	-2.369512217199625e-08
     4.060000000000073	-2.369512217199625e-08
     4.060333333333407	-2.369512217199625e-08
     4.060666666666741	-2.369512217199625e-08
     4.061000000000075	-2.369512217199625e-08
     4.061333333333408	-2.369512217199625e-08
     4.061666666666742	-2.369512217199625e-08
     4.062000000000076	-2.369512217199625e-08
      4.06233333333341	-2.369512217199625e-08
     4.062666666666743	-2.369512217199625e-08
     4.063000000000077	-2.369512217199625e-08
     4.063333333333411	-2.369512217199625e-08
     4.063666666666744	-2.369512217199625e-08
     4.064000000000078	-2.369512217199625e-08
     4.064333333333412	-2.369512217199625e-08
     4.064666666666746	-2.369512217199625e-08
     4.065000000000079	-2.369512217199625e-08
     4.065333333333413	-2.369512217199625e-08
     4.065666666666747	-2.369512217199625e-08
     4.066000000000081	-2.369512217199625e-08
     4.066333333333414	-2.369512217199625e-08
     4.066666666666748	-2.369512217199625e-08
     4.067000000000082	-2.369512217199625e-08
     4.067333333333416	-2.369512217199625e-08
     4.067666666666749	-2.369512217199625e-08
     4.068000000000083	-2.369512217199625e-08
     4.068333333333417	-2.369512217199625e-08
     4.068666666666751	-2.369512217199625e-08
     4.069000000000084	-2.369512217199625e-08
     4.069333333333418	-2.369512217199625e-08
     4.069666666666752	-2.369512217199625e-08
     4.070000000000086	-2.369512217199625e-08
     4.070333333333419	-2.369512217199625e-08
     4.070666666666753	-2.369512217199625e-08
     4.071000000000087	-2.369512217199625e-08
     4.071333333333421	-2.369512217199625e-08
     4.071666666666754	-2.369512217199625e-08
     4.072000000000088	-2.369512217199625e-08
     4.072333333333422	-2.369512217199625e-08
     4.072666666666755	-2.369512217199625e-08
     4.073000000000089	-2.369512217199625e-08
     4.073333333333423	-2.369512217199625e-08
     4.073666666666757	-2.369512217199625e-08
      4.07400000000009	-2.369512217199625e-08
     4.074333333333424	-2.369512217199625e-08
     4.074666666666758	-2.369512217199625e-08
     4.075000000000092	-2.369512217199625e-08
     4.075333333333425	-2.369512217199625e-08
     4.075666666666759	-2.369512217199625e-08
     4.076000000000093	-2.369512217199625e-08
     4.076333333333427	-2.369512217199625e-08
      4.07666666666676	-2.369512217199625e-08
     4.077000000000094	-2.369512217199625e-08
     4.077333333333428	-2.369512217199625e-08
     4.077666666666762	-2.369512217199625e-08
     4.078000000000095	-2.369512217199625e-08
     4.078333333333429	-2.369512217199625e-08
     4.078666666666763	-2.369512217199625e-08
     4.079000000000097	-2.369512217199625e-08
      4.07933333333343	-2.369512217199625e-08
     4.079666666666764	-2.369512217199625e-08
     4.080000000000098	-2.369512217199625e-08
     4.080333333333432	-2.369512217199625e-08
     4.080666666666765	-2.369512217199625e-08
     4.081000000000099	-2.369512217199625e-08
     4.081333333333433	-2.369512217199625e-08
     4.081666666666766	-2.369512217199625e-08
       4.0820000000001	-2.369512217199625e-08
     4.082333333333434	-2.369512217199625e-08
     4.082666666666768	-2.369512217199625e-08
     4.083000000000101	-2.369512217199625e-08
     4.083333333333435	-2.369512217199625e-08
     4.083666666666769	-2.369512217199625e-08
     4.084000000000103	-2.369512217199625e-08
     4.084333333333436	-2.369512217199625e-08
      4.08466666666677	-2.369512217199625e-08
     4.085000000000104	-2.369512217199625e-08
     4.085333333333438	-2.369512217199625e-08
     4.085666666666771	-2.369512217199625e-08
     4.086000000000105	-2.369512217199625e-08
     4.086333333333439	-2.369512217199625e-08
     4.086666666666773	-2.369512217199625e-08
     4.087000000000106	-2.369512217199625e-08
      4.08733333333344	-2.369512217199625e-08
     4.087666666666774	-2.369512217199625e-08
     4.088000000000108	-2.369512217199625e-08
     4.088333333333441	-2.369512217199625e-08
     4.088666666666775	-2.369512217199625e-08
     4.089000000000109	-2.369512217199625e-08
     4.089333333333443	-2.369512217199625e-08
     4.089666666666776	-2.369512217199625e-08
      4.09000000000011	-2.369512217199625e-08
     4.090333333333444	-2.369512217199625e-08
     4.090666666666777	-2.369512217199625e-08
     4.091000000000111	-2.369512217199625e-08
     4.091333333333445	-2.369512217199625e-08
     4.091666666666779	-2.369512217199625e-08
     4.092000000000112	-2.369512217199625e-08
     4.092333333333446	-2.369512217199625e-08
      4.09266666666678	-2.369512217199625e-08
     4.093000000000114	-2.369512217199625e-08
     4.093333333333447	-2.369512217199625e-08
     4.093666666666781	-2.369512217199625e-08
     4.094000000000115	-2.369512217199625e-08
     4.094333333333449	-2.369512217199625e-08
     4.094666666666782	-2.369512217199625e-08
     4.095000000000116	-2.369512217199625e-08
      4.09533333333345	-2.369512217199625e-08
     4.095666666666784	-2.369512217199625e-08
     4.096000000000117	-2.369512217199625e-08
     4.096333333333451	-2.369512217199625e-08
     4.096666666666785	-2.369512217199625e-08
     4.097000000000119	-2.369512217199625e-08
     4.097333333333452	-2.369512217199625e-08
     4.097666666666786	-2.369512217199625e-08
      4.09800000000012	-2.369512217199625e-08
     4.098333333333454	-2.369512217199625e-08
     4.098666666666787	-2.369512217199625e-08
     4.099000000000121	-2.369512217199625e-08
     4.099333333333455	-2.369512217199625e-08
     4.099666666666788	-2.369512217199625e-08
     4.100000000000122	-2.369512217199625e-08
     4.100333333333456	-2.369512217199625e-08
      4.10066666666679	-2.369512217199625e-08
     4.101000000000123	-2.369512217199625e-08
     4.101333333333457	-2.369512217199625e-08
     4.101666666666791	-2.369512217199625e-08
     4.102000000000125	-2.369512217199625e-08
     4.102333333333458	-2.369512217199625e-08
     4.102666666666792	-2.369512217199625e-08
     4.103000000000126	-2.369512217199625e-08
      4.10333333333346	-2.369512217199625e-08
     4.103666666666793	-2.369512217199625e-08
     4.104000000000127	-2.369512217199625e-08
     4.104333333333461	-2.369512217199625e-08
     4.104666666666795	-2.369512217199625e-08
     4.105000000000128	-2.369512217199625e-08
     4.105333333333462	-2.369512217199625e-08
     4.105666666666796	-2.369512217199625e-08
      4.10600000000013	-2.369512217199625e-08
     4.106333333333463	-2.369512217199625e-08
     4.106666666666797	-2.369512217199625e-08
     4.107000000000131	-2.369512217199625e-08
     4.107333333333465	-2.369512217199625e-08
     4.107666666666798	-2.369512217199625e-08
     4.108000000000132	-2.369512217199625e-08
     4.108333333333466	-2.369512217199625e-08
     4.108666666666799	-2.369512217199625e-08
     4.109000000000133	-2.369512217199625e-08
     4.109333333333467	-2.369512217199625e-08
     4.109666666666801	-2.369512217199625e-08
     4.110000000000134	-2.369512217199625e-08
     4.110333333333468	-2.369512217199625e-08
     4.110666666666802	-2.369512217199625e-08
     4.111000000000136	-2.369512217199625e-08
     4.111333333333469	-2.369512217199625e-08
     4.111666666666803	-2.369512217199625e-08
     4.112000000000137	-2.369512217199625e-08
     4.112333333333471	-2.369512217199625e-08
     4.112666666666804	-2.369512217199625e-08
     4.113000000000138	-2.369512217199625e-08
     4.113333333333472	-2.369512217199625e-08
     4.113666666666806	-2.369512217199625e-08
     4.114000000000139	-2.369512217199625e-08
     4.114333333333473	-2.369512217199625e-08
     4.114666666666807	-2.369512217199625e-08
     4.115000000000141	-2.369512217199625e-08
     4.115333333333474	-2.369512217199625e-08
     4.115666666666808	-2.369512217199625e-08
     4.116000000000142	-2.369512217199625e-08
     4.116333333333476	-2.369512217199625e-08
     4.116666666666809	-2.369512217199625e-08
     4.117000000000143	-2.369512217199625e-08
     4.117333333333477	-2.369512217199625e-08
      4.11766666666681	-2.369512217199625e-08
     4.118000000000144	-2.369512217199625e-08
     4.118333333333478	-2.369512217199625e-08
     4.118666666666812	-2.369512217199625e-08
     4.119000000000145	-2.369512217199625e-08
     4.119333333333479	-2.369512217199625e-08
     4.119666666666813	-2.369512217199625e-08
     4.120000000000147	-2.369512217199625e-08
      4.12033333333348	-2.369512217199625e-08
     4.120666666666814	-2.369512217199625e-08
     4.121000000000148	-2.369512217199625e-08
     4.121333333333482	-2.369512217199625e-08
     4.121666666666815	-2.369512217199625e-08
     4.122000000000149	-2.369512217199625e-08
     4.122333333333483	-2.369512217199625e-08
     4.122666666666817	-2.369512217199625e-08
      4.12300000000015	-2.369512217199625e-08
     4.123333333333484	-2.369512217199625e-08
     4.123666666666818	-2.369512217199625e-08
     4.124000000000152	-2.369512217199625e-08
     4.124333333333485	-2.369512217199625e-08
     4.124666666666819	-2.369512217199625e-08
     4.125000000000153	-2.369512217199625e-08
     4.125333333333487	-2.369512217199625e-08
      4.12566666666682	-2.369512217199625e-08
     4.126000000000154	-2.369512217199625e-08
     4.126333333333488	-2.369512217199625e-08
     4.126666666666821	-2.369512217199625e-08
     4.127000000000155	-2.369512217199625e-08
     4.127333333333489	-2.369512217199625e-08
     4.127666666666823	-2.369512217199625e-08
     4.128000000000156	-2.369512217199625e-08
      4.12833333333349	-2.369512217199625e-08
     4.128666666666824	-2.369512217199625e-08
     4.129000000000158	-2.369512217199625e-08
     4.129333333333491	-2.369512217199625e-08
     4.129666666666825	-2.369512217199625e-08
     4.130000000000159	-2.369512217199625e-08
     4.130333333333493	-2.369512217199625e-08
     4.130666666666826	-2.369512217199625e-08
      4.13100000000016	-2.369512217199625e-08
     4.131333333333494	-2.369512217199625e-08
     4.131666666666828	-2.369512217199625e-08
     4.132000000000161	-2.369512217199625e-08
     4.132333333333495	-2.369512217199625e-08
     4.132666666666829	-2.369512217199625e-08
     4.133000000000163	-2.369512217199625e-08
     4.133333333333496	-2.369512217199625e-08
      4.13366666666683	-2.369512217199625e-08
     4.134000000000164	-2.369512217199625e-08
     4.134333333333498	-2.369512217199625e-08
     4.134666666666831	-2.369512217199625e-08
     4.135000000000165	-2.369512217199625e-08
     4.135333333333499	-2.369512217199625e-08
     4.135666666666832	-2.369512217199625e-08
     4.136000000000166	-2.369512217199625e-08
       4.1363333333335	-2.369512217199625e-08
     4.136666666666834	-2.369512217199625e-08
     4.137000000000167	-2.369512217199625e-08
     4.137333333333501	-2.369512217199625e-08
     4.137666666666835	-2.369512217199625e-08
     4.138000000000169	-2.369512217199625e-08
     4.138333333333502	-2.369512217199625e-08
     4.138666666666836	-2.369512217199625e-08
      4.13900000000017	-2.369512217199625e-08
     4.139333333333504	-2.369512217199625e-08
     4.139666666666837	-2.369512217199625e-08
     4.140000000000171	-2.369512217199625e-08
     4.140333333333505	-2.369512217199625e-08
     4.140666666666839	-2.369512217199625e-08
     4.141000000000172	-2.369512217199625e-08
     4.141333333333506	-2.369512217199625e-08
      4.14166666666684	-2.369512217199625e-08
     4.142000000000174	-2.369512217199625e-08
     4.142333333333507	-2.369512217199625e-08
     4.142666666666841	-2.369512217199625e-08
     4.143000000000175	-2.369512217199625e-08
     4.143333333333509	-2.369512217199625e-08
     4.143666666666842	-2.369512217199625e-08
     4.144000000000176	-2.369512217199625e-08
      4.14433333333351	-2.369512217199625e-08
     4.144666666666843	-2.369512217199625e-08
     4.145000000000177	-2.369512217199625e-08
     4.145333333333511	-2.369512217199625e-08
     4.145666666666845	-2.369512217199625e-08
     4.146000000000178	-2.369512217199625e-08
     4.146333333333512	-2.369512217199625e-08
     4.146666666666846	-2.369512217199625e-08
      4.14700000000018	-2.369512217199625e-08
     4.147333333333513	-2.369512217199625e-08
     4.147666666666847	-2.369512217199625e-08
     4.148000000000181	-2.369512217199625e-08
     4.148333333333515	-2.369512217199625e-08
     4.148666666666848	-2.369512217199625e-08
     4.149000000000182	-2.369512217199625e-08
     4.149333333333516	-2.369512217199625e-08
      4.14966666666685	-2.369512217199625e-08
     4.150000000000183	-2.369512217199625e-08
     4.150333333333517	-2.369512217199625e-08
     4.150666666666851	-2.369512217199625e-08
     4.151000000000185	-2.369512217199625e-08
     4.151333333333518	-2.369512217199625e-08
     4.151666666666852	-2.369512217199625e-08
     4.152000000000186	-2.369512217199625e-08
      4.15233333333352	-2.369512217199625e-08
     4.152666666666853	-2.369512217199625e-08
     4.153000000000187	-2.369512217199625e-08
     4.153333333333521	-2.369512217199625e-08
     4.153666666666854	-2.369512217199625e-08
     4.154000000000188	-2.369512217199625e-08
     4.154333333333522	-2.369512217199625e-08
     4.154666666666856	-2.369512217199625e-08
     4.155000000000189	-2.369512217199625e-08
     4.155333333333523	-2.369512217199625e-08
     4.155666666666857	-2.369512217199625e-08
     4.156000000000191	-2.369512217199625e-08
     4.156333333333524	-2.369512217199625e-08
     4.156666666666858	-2.369512217199625e-08
     4.157000000000192	-2.369512217199625e-08
     4.157333333333526	-2.369512217199625e-08
     4.157666666666859	-2.369512217199625e-08
     4.158000000000193	-2.369512217199625e-08
     4.158333333333527	-2.369512217199625e-08
     4.158666666666861	-2.369512217199625e-08
     4.159000000000194	-2.369512217199625e-08
     4.159333333333528	-2.369512217199625e-08
     4.159666666666862	-2.369512217199625e-08
     4.160000000000196	-2.369512217199625e-08
     4.160333333333529	-2.369512217199625e-08
     4.160666666666863	-2.369512217199625e-08
     4.161000000000197	-2.369512217199625e-08
     4.161333333333531	-2.369512217199625e-08
     4.161666666666864	-2.369512217199625e-08
     4.162000000000198	-2.369512217199625e-08
     4.162333333333532	-2.369512217199625e-08
     4.162666666666865	-2.369512217199625e-08
     4.163000000000199	-2.369512217199625e-08
     4.163333333333533	-2.369512217199625e-08
     4.163666666666867	-2.369512217199625e-08
       4.1640000000002	-2.369512217199625e-08
     4.164333333333534	-2.369512217199625e-08
     4.164666666666868	-2.369512217199625e-08
     4.165000000000202	-2.369512217199625e-08
     4.165333333333535	-2.369512217199625e-08
     4.165666666666869	-2.369512217199625e-08
     4.166000000000203	-2.369512217199625e-08
     4.166333333333537	-2.369512217199625e-08
      4.16666666666687	-2.369512217199625e-08
     4.167000000000204	-2.369512217199625e-08
     4.167333333333538	-2.369512217199625e-08
     4.167666666666872	-2.369512217199625e-08
     4.168000000000205	-2.369512217199625e-08
     4.168333333333539	-2.369512217199625e-08
     4.168666666666873	-2.369512217199625e-08
     4.169000000000207	-2.369512217199625e-08
      4.16933333333354	-2.369512217199625e-08
     4.169666666666874	-2.369512217199625e-08
     4.170000000000208	-2.369512217199625e-08
     4.170333333333542	-2.369512217199625e-08
     4.170666666666875	-2.369512217199625e-08
     4.171000000000209	-2.369512217199625e-08
     4.171333333333543	-2.369512217199625e-08
     4.171666666666876	-2.369512217199625e-08
      4.17200000000021	-2.369512217199625e-08
     4.172333333333544	-2.369512217199625e-08
     4.172666666666878	-2.369512217199625e-08
     4.173000000000211	-2.369512217199625e-08
     4.173333333333545	-2.369512217199625e-08
     4.173666666666879	-2.369512217199625e-08
     4.174000000000213	-2.369512217199625e-08
     4.174333333333546	-2.369512217199625e-08
      4.17466666666688	-2.369512217199625e-08
     4.175000000000214	-2.369512217199625e-08
     4.175333333333548	-2.369512217199625e-08
     4.175666666666881	-2.369512217199625e-08
     4.176000000000215	-2.369512217199625e-08
     4.176333333333549	-2.369512217199625e-08
     4.176666666666883	-2.369512217199625e-08
     4.177000000000216	-2.369512217199625e-08
      4.17733333333355	-2.369512217199625e-08
     4.177666666666884	-2.369512217199625e-08
     4.178000000000218	-2.369512217199625e-08
     4.178333333333551	-2.369512217199625e-08
     4.178666666666885	-2.369512217199625e-08
     4.179000000000219	-2.369512217199625e-08
     4.179333333333553	-2.369512217199625e-08
     4.179666666666886	-2.369512217199625e-08
      4.18000000000022	-2.369512217199625e-08
     4.180333333333554	-2.369512217199625e-08
     4.180666666666887	-2.369512217199625e-08
     4.181000000000221	-2.369512217199625e-08
     4.181333333333555	-2.369512217199625e-08
     4.181666666666889	-2.369512217199625e-08
     4.182000000000222	-2.369512217199625e-08
     4.182333333333556	-2.369512217199625e-08
      4.18266666666689	-2.369512217199625e-08
     4.183000000000224	-2.369512217199625e-08
     4.183333333333557	-2.369512217199625e-08
     4.183666666666891	-2.369512217199625e-08
     4.184000000000225	-2.369512217199625e-08
     4.184333333333559	-2.369512217199625e-08
     4.184666666666892	-2.369512217199625e-08
     4.185000000000226	-2.369512217199625e-08
      4.18533333333356	-2.369512217199625e-08
     4.185666666666894	-2.369512217199625e-08
     4.186000000000227	-2.369512217199625e-08
     4.186333333333561	-2.369512217199625e-08
     4.186666666666895	-2.369512217199625e-08
     4.187000000000229	-2.369512217199625e-08
     4.187333333333562	-2.369512217199625e-08
     4.187666666666896	-2.369512217199625e-08
      4.18800000000023	-2.369512217199625e-08
     4.188333333333564	-2.369512217199625e-08
     4.188666666666897	-2.369512217199625e-08
     4.189000000000231	-2.369512217199625e-08
     4.189333333333565	-2.369512217199625e-08
     4.189666666666898	-2.369512217199625e-08
     4.190000000000232	-2.369512217199625e-08
     4.190333333333566	-2.369512217199625e-08
       4.1906666666669	-2.369512217199625e-08
     4.191000000000233	-2.369512217199625e-08
     4.191333333333567	-2.369512217199625e-08
     4.191666666666901	-2.369512217199625e-08
     4.192000000000235	-2.369512217199625e-08
     4.192333333333568	-2.369512217199625e-08
     4.192666666666902	-2.369512217199625e-08
     4.193000000000236	-2.369512217199625e-08
      4.19333333333357	-2.369512217199625e-08
     4.193666666666903	-2.369512217199625e-08
     4.194000000000237	-2.369512217199625e-08
     4.194333333333571	-2.369512217199625e-08
     4.194666666666905	-2.369512217199625e-08
     4.195000000000238	-2.369512217199625e-08
     4.195333333333572	-2.369512217199625e-08
     4.195666666666906	-2.369512217199625e-08
      4.19600000000024	-2.369512217199625e-08
     4.196333333333573	-2.369512217199625e-08
     4.196666666666907	-2.369512217199625e-08
     4.197000000000241	-2.369512217199625e-08
     4.197333333333575	-2.369512217199625e-08
     4.197666666666908	-2.369512217199625e-08
     4.198000000000242	-2.369512217199625e-08
     4.198333333333576	-2.369512217199625e-08
     4.198666666666909	-2.369512217199625e-08
     4.199000000000243	-2.369512217199625e-08
     4.199333333333577	-2.369512217199625e-08
     4.199666666666911	-2.369512217199625e-08
     4.200000000000244	-2.369512217199625e-08
     4.200333333333578	-2.369512217199625e-08
     4.200666666666912	-2.369512217199625e-08
     4.201000000000246	-2.369512217199625e-08
     4.201333333333579	-2.369512217199625e-08
     4.201666666666913	-2.369512217199625e-08
     4.202000000000247	-2.369512217199625e-08
     4.202333333333581	-2.369512217199625e-08
     4.202666666666914	-2.369512217199625e-08
     4.203000000000248	-2.369512217199625e-08
     4.203333333333582	-2.369512217199625e-08
     4.203666666666916	-2.369512217199625e-08
     4.204000000000249	-2.369512217199625e-08
     4.204333333333583	-2.369512217199625e-08
     4.204666666666917	-2.369512217199625e-08
     4.205000000000251	-2.369512217199625e-08
     4.205333333333584	-2.369512217199625e-08
     4.205666666666918	-2.369512217199625e-08
     4.206000000000252	-2.369512217199625e-08
     4.206333333333586	-2.369512217199625e-08
     4.206666666666919	-2.369512217199625e-08
     4.207000000000253	-2.369512217199625e-08
     4.207333333333587	-2.369512217199625e-08
      4.20766666666692	-2.369512217199625e-08
     4.208000000000254	-2.369512217199625e-08
     4.208333333333588	-2.369512217199625e-08
     4.208666666666922	-2.369512217199625e-08
     4.209000000000255	-2.369512217199625e-08
     4.209333333333589	-2.369512217199625e-08
     4.209666666666923	-2.369512217199625e-08
     4.210000000000257	-2.369512217199625e-08
      4.21033333333359	-2.369512217199625e-08
     4.210666666666924	-2.369512217199625e-08
     4.211000000000258	-2.369512217199625e-08
     4.211333333333592	-2.369512217199625e-08
     4.211666666666925	-2.369512217199625e-08
     4.212000000000259	-2.369512217199625e-08
     4.212333333333593	-2.369512217199625e-08
     4.212666666666927	-2.369512217199625e-08
      4.21300000000026	-2.369512217199625e-08
     4.213333333333594	-2.369512217199625e-08
     4.213666666666928	-2.369512217199625e-08
     4.214000000000262	-2.369512217199625e-08
     4.214333333333595	-2.369512217199625e-08
     4.214666666666929	-2.369512217199625e-08
     4.215000000000263	-2.369512217199625e-08
     4.215333333333596	-2.369512217199625e-08
      4.21566666666693	-2.369512217199625e-08
     4.216000000000264	-2.369512217199625e-08
     4.216333333333598	-2.369512217199625e-08
     4.216666666666931	-2.369512217199625e-08
     4.217000000000265	-2.369512217199625e-08
     4.217333333333599	-2.369512217199625e-08
     4.217666666666933	-2.369512217199625e-08
     4.218000000000266	-2.369512217199625e-08
       4.2183333333336	-2.369512217199625e-08
     4.218666666666934	-2.369512217199625e-08
     4.219000000000268	-2.369512217199625e-08
     4.219333333333601	-2.369512217199625e-08
     4.219666666666935	-2.369512217199625e-08
     4.220000000000269	-2.369512217199625e-08
     4.220333333333603	-2.369512217199625e-08
     4.220666666666936	-2.369512217199625e-08
      4.22100000000027	-2.369512217199625e-08
     4.221333333333604	-2.369512217199625e-08
     4.221666666666938	-2.369512217199625e-08
     4.222000000000271	-2.369512217199625e-08
     4.222333333333605	-2.369512217199625e-08
     4.222666666666939	-2.369512217199625e-08
     4.223000000000273	-2.369512217199625e-08
     4.223333333333606	-2.369512217199625e-08
      4.22366666666694	-2.369512217199625e-08
     4.224000000000274	-2.369512217199625e-08
     4.224333333333607	-2.369512217199625e-08
     4.224666666666941	-2.369512217199625e-08
     4.225000000000275	-2.369512217199625e-08
     4.225333333333609	-2.369512217199625e-08
     4.225666666666942	-2.369512217199625e-08
     4.226000000000276	-2.369512217199625e-08
      4.22633333333361	-2.369512217199625e-08
     4.226666666666944	-2.369512217199625e-08
     4.227000000000277	-2.369512217199625e-08
     4.227333333333611	-2.369512217199625e-08
     4.227666666666945	-2.369512217199625e-08
     4.228000000000279	-2.369512217199625e-08
     4.228333333333612	-2.369512217199625e-08
     4.228666666666946	-2.369512217199625e-08
      4.22900000000028	-2.369512217199625e-08
     4.229333333333614	-2.369512217199625e-08
     4.229666666666947	-2.369512217199625e-08
     4.230000000000281	-2.369512217199625e-08
     4.230333333333615	-2.369512217199625e-08
     4.230666666666949	-2.369512217199625e-08
     4.231000000000282	-2.369512217199625e-08
     4.231333333333616	-2.369512217199625e-08
      4.23166666666695	-2.369512217199625e-08
     4.232000000000284	-2.369512217199625e-08
     4.232333333333617	-2.369512217199625e-08
     4.232666666666951	-2.369512217199625e-08
     4.233000000000285	-2.369512217199625e-08
     4.233333333333618	-2.369512217199625e-08
     4.233666666666952	-2.369512217199625e-08
     4.234000000000286	-2.369512217199625e-08
      4.23433333333362	-2.369512217199625e-08
     4.234666666666953	-2.369512217199625e-08
     4.235000000000287	-2.369512217199625e-08
     4.235333333333621	-2.369512217199625e-08
     4.235666666666955	-2.369512217199625e-08
     4.236000000000288	-2.369512217199625e-08
     4.236333333333622	-2.369512217199625e-08
     4.236666666666956	-2.369512217199625e-08
      4.23700000000029	-2.369512217199625e-08
     4.237333333333623	-2.369512217199625e-08
     4.237666666666957	-2.369512217199625e-08
     4.238000000000291	-2.369512217199625e-08
     4.238333333333625	-2.369512217199625e-08
     4.238666666666958	-2.369512217199625e-08
     4.239000000000292	-2.369512217199625e-08
     4.239333333333626	-2.369512217199625e-08
      4.23966666666696	-2.369512217199625e-08
     4.240000000000293	-2.369512217199625e-08
     4.240333333333627	-2.369512217199625e-08
     4.240666666666961	-2.369512217199625e-08
     4.241000000000295	-2.369512217199625e-08
     4.241333333333628	-2.369512217199625e-08
     4.241666666666962	-2.369512217199625e-08
     4.242000000000296	-2.369512217199625e-08
     4.242333333333629	-2.369512217199625e-08
     4.242666666666963	-2.369512217199625e-08
     4.243000000000297	-2.369512217199625e-08
     4.243333333333631	-2.369512217199625e-08
     4.243666666666964	-2.369512217199625e-08
     4.244000000000298	-2.369512217199625e-08
     4.244333333333632	-2.369512217199625e-08
     4.244666666666966	-2.369512217199625e-08
     4.245000000000299	-2.369512217199625e-08
     4.245333333333633	-2.369512217199625e-08
     4.245666666666967	-2.369512217199625e-08
     4.246000000000301	-2.369512217199625e-08
     4.246333333333634	-2.369512217199625e-08
     4.246666666666968	-2.369512217199625e-08
     4.247000000000302	-2.369512217199625e-08
     4.247333333333636	-2.369512217199625e-08
     4.247666666666969	-2.369512217199625e-08
     4.248000000000303	-2.369512217199625e-08
     4.248333333333637	-2.369512217199625e-08
     4.248666666666971	-2.369512217199625e-08
     4.249000000000304	-2.369512217199625e-08
     4.249333333333638	-2.369512217199625e-08
     4.249666666666972	-2.369512217199625e-08
     4.250000000000306	-2.369512217199625e-08
     4.250333333333639	-2.369512217199625e-08
     4.250666666666973	-2.369512217199625e-08
     4.251000000000307	-2.369512217199625e-08
      4.25133333333364	-2.369512217199625e-08
     4.251666666666974	-2.369512217199625e-08
     4.252000000000308	-2.369512217199625e-08
     4.252333333333642	-2.369512217199625e-08
     4.252666666666975	-2.369512217199625e-08
     4.253000000000309	-2.369512217199625e-08
     4.253333333333643	-2.369512217199625e-08
     4.253666666666977	-2.369512217199625e-08
      4.25400000000031	-2.369512217199625e-08
     4.254333333333644	-2.369512217199625e-08
     4.254666666666978	-2.369512217199625e-08
     4.255000000000312	-2.369512217199625e-08
     4.255333333333645	-2.369512217199625e-08
     4.255666666666979	-2.369512217199625e-08
     4.256000000000313	-2.369512217199625e-08
     4.256333333333647	-2.369512217199625e-08
      4.25666666666698	-2.369512217199625e-08
     4.257000000000314	-2.369512217199625e-08
     4.257333333333648	-2.369512217199625e-08
     4.257666666666982	-2.369512217199625e-08
     4.258000000000315	-2.369512217199625e-08
     4.258333333333649	-2.369512217199625e-08
     4.258666666666983	-2.369512217199625e-08
     4.259000000000317	-2.369512217199625e-08
      4.25933333333365	-2.369512217199625e-08
     4.259666666666984	-2.369512217199625e-08
     4.260000000000318	-2.369512217199625e-08
     4.260333333333651	-2.369512217199625e-08
     4.260666666666985	-2.369512217199625e-08
     4.261000000000319	-2.369512217199625e-08
     4.261333333333653	-2.369512217199625e-08
     4.261666666666986	-2.369512217199625e-08
      4.26200000000032	-2.369512217199625e-08
     4.262333333333654	-2.369512217199625e-08
     4.262666666666988	-2.369512217199625e-08
     4.263000000000321	-2.369512217199625e-08
     4.263333333333655	-2.369512217199625e-08
     4.263666666666989	-2.369512217199625e-08
     4.264000000000323	-2.369512217199625e-08
     4.264333333333656	-2.369512217199625e-08
      4.26466666666699	-2.369512217199625e-08
     4.265000000000324	-2.369512217199625e-08
     4.265333333333658	-2.369512217199625e-08
     4.265666666666991	-2.369512217199625e-08
     4.266000000000325	-2.369512217199625e-08
     4.266333333333659	-2.369512217199625e-08
     4.266666666666993	-2.369512217199625e-08
     4.267000000000326	-2.369512217199625e-08
      4.26733333333366	-2.369512217199625e-08
     4.267666666666994	-2.369512217199625e-08
     4.268000000000328	-2.369512217199625e-08
     4.268333333333661	-2.369512217199625e-08
     4.268666666666995	-2.369512217199625e-08
     4.269000000000329	-2.369512217199625e-08
     4.269333333333662	-2.369512217199625e-08
     4.269666666666996	-2.369512217199625e-08
      4.27000000000033	-2.369512217199625e-08
     4.270333333333664	-2.369512217199625e-08
     4.270666666666997	-2.369512217199625e-08
     4.271000000000331	-2.369512217199625e-08
     4.271333333333665	-2.369512217199625e-08
     4.271666666666999	-2.369512217199625e-08
     4.272000000000332	-2.369512217199625e-08
     4.272333333333666	-2.369512217199625e-08
        4.272666666667	-2.369512217199625e-08
     4.273000000000334	-2.369512217199625e-08
     4.273333333333667	-2.369512217199625e-08
     4.273666666667001	-2.369512217199625e-08
     4.274000000000335	-2.369512217199625e-08
     4.274333333333669	-2.369512217199625e-08
     4.274666666667002	-2.369512217199625e-08
     4.275000000000336	-2.369512217199625e-08
      4.27533333333367	-2.369512217199625e-08
     4.275666666667004	-2.369512217199625e-08
     4.276000000000337	-2.369512217199625e-08
     4.276333333333671	-2.369512217199625e-08
     4.276666666667005	-2.369512217199625e-08
     4.277000000000339	-2.369512217199625e-08
     4.277333333333672	-2.369512217199625e-08
     4.277666666667006	-2.369512217199625e-08
      4.27800000000034	-2.369512217199625e-08
     4.278333333333673	-2.369512217199625e-08
     4.278666666667007	-2.369512217199625e-08
     4.279000000000341	-2.369512217199625e-08
     4.279333333333675	-2.369512217199625e-08
     4.279666666667008	-2.369512217199625e-08
     4.280000000000342	-2.369512217199625e-08
     4.280333333333676	-2.369512217199625e-08
      4.28066666666701	-2.369512217199625e-08
     4.281000000000343	-2.369512217199625e-08
     4.281333333333677	-2.369512217199625e-08
     4.281666666667011	-2.369512217199625e-08
     4.282000000000345	-2.369512217199625e-08
     4.282333333333678	-2.369512217199625e-08
     4.282666666667012	-2.369512217199625e-08
     4.283000000000346	-2.369512217199625e-08
      4.28333333333368	-2.369512217199625e-08
     4.283666666667013	-2.369512217199625e-08
     4.284000000000347	-2.369512217199625e-08
     4.284333333333681	-2.369512217199625e-08
     4.284666666667015	-2.369512217199625e-08
     4.285000000000348	-2.369512217199625e-08
     4.285333333333682	-2.369512217199625e-08
     4.285666666667016	-2.369512217199625e-08
      4.28600000000035	-2.369512217199625e-08
     4.286333333333683	-2.369512217199625e-08
     4.286666666667017	-2.369512217199625e-08
     4.287000000000351	-2.369512217199625e-08
     4.287333333333684	-2.369512217199625e-08
     4.287666666667018	-2.369512217199625e-08
     4.288000000000352	-2.369512217199625e-08
     4.288333333333686	-2.369512217199625e-08
     4.288666666667019	-2.369512217199625e-08
     4.289000000000353	-2.369512217199625e-08
     4.289333333333687	-2.369512217199625e-08
     4.289666666667021	-2.369512217199625e-08
     4.290000000000354	-2.369512217199625e-08
     4.290333333333688	-2.369512217199625e-08
     4.290666666667022	-2.369512217199625e-08
     4.291000000000356	-2.369512217199625e-08
     4.291333333333689	-2.369512217199625e-08
     4.291666666667023	-2.369512217199625e-08
     4.292000000000357	-2.369512217199625e-08
     4.292333333333691	-2.369512217199625e-08
     4.292666666667024	-2.369512217199625e-08
     4.293000000000358	-2.369512217199625e-08
     4.293333333333692	-2.369512217199625e-08
     4.293666666667026	-2.369512217199625e-08
     4.294000000000359	-2.369512217199625e-08
     4.294333333333693	-2.369512217199625e-08
     4.294666666667027	-2.369512217199625e-08
     4.295000000000361	-2.369512217199625e-08
     4.295333333333694	-2.369512217199625e-08
     4.295666666667028	-2.369512217199625e-08
     4.296000000000362	-2.369512217199625e-08
     4.296333333333695	-2.369512217199625e-08
     4.296666666667029	-2.369512217199625e-08
     4.297000000000363	-2.369512217199625e-08
     4.297333333333697	-2.369512217199625e-08
      4.29766666666703	-2.369512217199625e-08
     4.298000000000364	-2.369512217199625e-08
     4.298333333333698	-2.369512217199625e-08
     4.298666666667032	-2.369512217199625e-08
     4.299000000000365	-2.369512217199625e-08
     4.299333333333699	-2.369512217199625e-08
     4.299666666667033	-2.369512217199625e-08
     4.300000000000367	-2.369512217199625e-08
       4.3003333333337	-2.369512217199625e-08
     4.300666666667034	-2.369512217199625e-08
     4.301000000000368	-2.369512217199625e-08
     4.301333333333702	-2.369512217199625e-08
     4.301666666667035	-2.369512217199625e-08
     4.302000000000369	-2.369512217199625e-08
     4.302333333333703	-2.369512217199625e-08
     4.302666666667037	-2.369512217199625e-08
      4.30300000000037	-2.369512217199625e-08
     4.303333333333704	-2.369512217199625e-08
     4.303666666667038	-2.369512217199625e-08
     4.304000000000372	-2.369512217199625e-08
     4.304333333333705	-2.369512217199625e-08
     4.304666666667039	-2.369512217199625e-08
     4.305000000000373	-2.369512217199625e-08
     4.305333333333706	-2.369512217199625e-08
      4.30566666666704	-2.369512217199625e-08
     4.306000000000374	-2.369512217199625e-08
     4.306333333333708	-2.369512217199625e-08
     4.306666666667041	-2.369512217199625e-08
     4.307000000000375	-2.369512217199625e-08
     4.307333333333709	-2.369512217199625e-08
     4.307666666667043	-2.369512217199625e-08
     4.308000000000376	-2.369512217199625e-08
      4.30833333333371	-2.369512217199625e-08
     4.308666666667044	-2.369512217199625e-08
     4.309000000000378	-2.369512217199625e-08
     4.309333333333711	-2.369512217199625e-08
     4.309666666667045	-2.369512217199625e-08
     4.310000000000379	-2.369512217199625e-08
     4.310333333333713	-2.369512217199625e-08
     4.310666666667046	-2.369512217199625e-08
      4.31100000000038	-2.369512217199625e-08
     4.311333333333714	-2.369512217199625e-08
     4.311666666667048	-2.369512217199625e-08
     4.312000000000381	-2.369512217199625e-08
     4.312333333333715	-2.369512217199625e-08
     4.312666666667049	-2.369512217199625e-08
     4.313000000000383	-2.369512217199625e-08
     4.313333333333716	-2.369512217199625e-08
      4.31366666666705	-2.369512217199625e-08
     4.314000000000384	-2.369512217199625e-08
     4.314333333333717	-2.369512217199625e-08
     4.314666666667051	-2.369512217199625e-08
     4.315000000000385	-2.369512217199625e-08
     4.315333333333719	-2.369512217199625e-08
     4.315666666667052	-2.369512217199625e-08
     4.316000000000386	-2.369512217199625e-08
      4.31633333333372	-2.369512217199625e-08
     4.316666666667054	-2.369512217199625e-08
     4.317000000000387	-2.369512217199625e-08
     4.317333333333721	-2.369512217199625e-08
     4.317666666667055	-2.369512217199625e-08
     4.318000000000389	-2.369512217199625e-08
     4.318333333333722	-2.369512217199625e-08
     4.318666666667056	-2.369512217199625e-08
      4.31900000000039	-2.369512217199625e-08
     4.319333333333724	-2.369512217199625e-08
     4.319666666667057	-2.369512217199625e-08
     4.320000000000391	-2.369512217199625e-08
     4.320333333333725	-2.369512217199625e-08
     4.320666666667059	-2.369512217199625e-08
     4.321000000000392	-2.369512217199625e-08
     4.321333333333726	-2.369512217199625e-08
      4.32166666666706	-2.369512217199625e-08
     4.322000000000394	-2.369512217199625e-08
     4.322333333333727	-2.369512217199625e-08
     4.322666666667061	-2.369512217199625e-08
     4.323000000000395	-2.369512217199625e-08
     4.323333333333728	-2.369512217199625e-08
     4.323666666667062	-2.369512217199625e-08
     4.324000000000396	-2.369512217199625e-08
      4.32433333333373	-2.369512217199625e-08
     4.324666666667063	-2.369512217199625e-08
     4.325000000000397	-2.369512217199625e-08
     4.325333333333731	-2.369512217199625e-08
     4.325666666667065	-2.369512217199625e-08
     4.326000000000398	-2.369512217199625e-08
     4.326333333333732	-2.369512217199625e-08
     4.326666666667066	-2.369512217199625e-08
       4.3270000000004	-2.369512217199625e-08
     4.327333333333733	-2.369512217199625e-08
     4.327666666667067	-2.369512217199625e-08
     4.328000000000401	-2.369512217199625e-08
     4.328333333333735	-2.369512217199625e-08
     4.328666666667068	-2.369512217199625e-08
     4.329000000000402	-2.369512217199625e-08
     4.329333333333736	-2.369512217199625e-08
      4.32966666666707	-2.369512217199625e-08
     4.330000000000403	-2.369512217199625e-08
     4.330333333333737	-2.369512217199625e-08
     4.330666666667071	-2.369512217199625e-08
     4.331000000000405	-2.369512217199625e-08
     4.331333333333738	-2.369512217199625e-08
     4.331666666667072	-2.369512217199625e-08
     4.332000000000406	-2.369512217199625e-08
     4.332333333333739	-2.369512217199625e-08
     4.332666666667073	-2.369512217199625e-08
     4.333000000000407	-2.369512217199625e-08
     4.333333333333741	-2.369512217199625e-08
     4.333666666667074	-2.369512217199625e-08
     4.334000000000408	-2.369512217199625e-08
     4.334333333333742	-2.369512217199625e-08
     4.334666666667076	-2.369512217199625e-08
     4.335000000000409	-2.369512217199625e-08
     4.335333333333743	-2.369512217199625e-08
     4.335666666667077	-2.369512217199625e-08
     4.336000000000411	-2.369512217199625e-08
     4.336333333333744	-2.369512217199625e-08
     4.336666666667078	-2.369512217199625e-08
     4.337000000000412	-2.369512217199625e-08
     4.337333333333746	-2.369512217199625e-08
     4.337666666667079	-2.369512217199625e-08
     4.338000000000413	-2.369512217199625e-08
     4.338333333333747	-2.369512217199625e-08
     4.338666666667081	-2.369512217199625e-08
     4.339000000000414	-2.369512217199625e-08
     4.339333333333748	-2.369512217199625e-08
     4.339666666667082	-2.369512217199625e-08
     4.340000000000416	-2.369512217199625e-08
     4.340333333333749	-2.369512217199625e-08
     4.340666666667083	-2.369512217199625e-08
     4.341000000000417	-2.369512217199625e-08
      4.34133333333375	-2.369512217199625e-08
     4.341666666667084	-2.369512217199625e-08
     4.342000000000418	-2.369512217199625e-08
     4.342333333333752	-2.369512217199625e-08
     4.342666666667085	-2.369512217199625e-08
     4.343000000000419	-2.369512217199625e-08
     4.343333333333753	-2.369512217199625e-08
     4.343666666667087	-2.369512217199625e-08
      4.34400000000042	-2.369512217199625e-08
     4.344333333333754	-2.369512217199625e-08
     4.344666666667088	-2.369512217199625e-08
     4.345000000000422	-2.369512217199625e-08
     4.345333333333755	-2.369512217199625e-08
     4.345666666667089	-2.369512217199625e-08
     4.346000000000423	-2.369512217199625e-08
     4.346333333333757	-2.369512217199625e-08
      4.34666666666709	-2.369512217199625e-08
     4.347000000000424	-2.369512217199625e-08
     4.347333333333758	-2.369512217199625e-08
     4.347666666667092	-2.369512217199625e-08
     4.348000000000425	-2.369512217199625e-08
     4.348333333333759	-2.369512217199625e-08
     4.348666666667093	-2.369512217199625e-08
     4.349000000000427	-2.369512217199625e-08
      4.34933333333376	-2.369512217199625e-08
     4.349666666667094	-2.369512217199625e-08
     4.350000000000428	-2.369512217199625e-08
     4.350333333333761	-2.369512217199625e-08
     4.350666666667095	-2.369512217199625e-08
     4.351000000000429	-2.369512217199625e-08
     4.351333333333763	-2.369512217199625e-08
     4.351666666667096	-2.369512217199625e-08
      4.35200000000043	-2.369512217199625e-08
     4.352333333333764	-2.369512217199625e-08
     4.352666666667098	-2.369512217199625e-08
     4.353000000000431	-2.369512217199625e-08
     4.353333333333765	-2.369512217199625e-08
     4.353666666667099	-2.369512217199625e-08
     4.354000000000433	-2.369512217199625e-08
     4.354333333333766	-2.369512217199625e-08
       4.3546666666671	-2.369512217199625e-08
     4.355000000000434	-2.369512217199625e-08
     4.355333333333768	-2.369512217199625e-08
     4.355666666667101	-2.369512217199625e-08
     4.356000000000435	-2.369512217199625e-08
     4.356333333333769	-2.369512217199625e-08
     4.356666666667103	-2.369512217199625e-08
     4.357000000000436	-2.369512217199625e-08
      4.35733333333377	-2.369512217199625e-08
     4.357666666667104	-2.369512217199625e-08
     4.358000000000438	-2.369512217199625e-08
     4.358333333333771	-2.369512217199625e-08
     4.358666666667105	-2.369512217199625e-08
     4.359000000000439	-2.369512217199625e-08
     4.359333333333772	-2.369512217199625e-08
     4.359666666667106	-2.369512217199625e-08
      4.36000000000044	-2.369512217199625e-08
     4.360333333333774	-2.369512217199625e-08
     4.360666666667107	-2.369512217199625e-08
     4.361000000000441	-2.369512217199625e-08
     4.361333333333775	-2.369512217199625e-08
     4.361666666667109	-2.369512217199625e-08
     4.362000000000442	-2.369512217199625e-08
     4.362333333333776	-2.369512217199625e-08
      4.36266666666711	-2.369512217199625e-08
     4.363000000000444	-2.369512217199625e-08
     4.363333333333777	-2.369512217199625e-08
     4.363666666667111	-2.369512217199625e-08
     4.364000000000445	-2.369512217199625e-08
     4.364333333333779	-2.369512217199625e-08
     4.364666666667112	-2.369512217199625e-08
     4.365000000000446	-2.369512217199625e-08
      4.36533333333378	-2.369512217199625e-08
     4.365666666667114	-2.369512217199625e-08
     4.366000000000447	-2.369512217199625e-08
     4.366333333333781	-2.369512217199625e-08
     4.366666666667115	-2.369512217199625e-08
     4.367000000000449	-2.369512217199625e-08
     4.367333333333782	-2.369512217199625e-08
     4.367666666667116	-2.369512217199625e-08
      4.36800000000045	-2.369512217199625e-08
     4.368333333333783	-2.369512217199625e-08
     4.368666666667117	-2.369512217199625e-08
     4.369000000000451	-2.369512217199625e-08
     4.369333333333785	-2.369512217199625e-08
     4.369666666667118	-2.369512217199625e-08
     4.370000000000452	-2.369512217199625e-08
     4.370333333333786	-2.369512217199625e-08
      4.37066666666712	-2.369512217199625e-08
     4.371000000000453	-2.369512217199625e-08
     4.371333333333787	-2.369512217199625e-08
     4.371666666667121	-2.369512217199625e-08
     4.372000000000455	-2.369512217199625e-08
     4.372333333333788	-2.369512217199625e-08
     4.372666666667122	-2.369512217199625e-08
     4.373000000000456	-2.369512217199625e-08
      4.37333333333379	-2.369512217199625e-08
     4.373666666667123	-2.369512217199625e-08
     4.374000000000457	-2.369512217199625e-08
     4.374333333333791	-2.369512217199625e-08
     4.374666666667125	-2.369512217199625e-08
     4.375000000000458	-2.369512217199625e-08
     4.375333333333792	-2.369512217199625e-08
     4.375666666667126	-2.369512217199625e-08
      4.37600000000046	-2.369512217199625e-08
     4.376333333333793	-2.369512217199625e-08
     4.376666666667127	-2.369512217199625e-08
     4.377000000000461	-2.369512217199625e-08
     4.377333333333794	-2.369512217199625e-08
     4.377666666667128	-2.369512217199625e-08
     4.378000000000462	-2.369512217199625e-08
     4.378333333333796	-2.369512217199625e-08
     4.378666666667129	-2.369512217199625e-08
     4.379000000000463	-2.369512217199625e-08
     4.379333333333797	-2.369512217199625e-08
     4.379666666667131	-2.369512217199625e-08
     4.380000000000464	-2.369512217199625e-08
     4.380333333333798	-2.369512217199625e-08
     4.380666666667132	-2.369512217199625e-08
     4.381000000000466	-2.369512217199625e-08
     4.381333333333799	-2.369512217199625e-08
     4.381666666667133	-2.369512217199625e-08
     4.382000000000467	-2.369512217199625e-08
     4.382333333333801	-2.369512217199625e-08
     4.382666666667134	-2.369512217199625e-08
     4.383000000000468	-2.369512217199625e-08
     4.383333333333802	-2.369512217199625e-08
     4.383666666667136	-2.369512217199625e-08
     4.384000000000469	-2.369512217199625e-08
     4.384333333333803	-2.369512217199625e-08
     4.384666666667137	-2.369512217199625e-08
     4.385000000000471	-2.369512217199625e-08
     4.385333333333804	-2.369512217199625e-08
     4.385666666667138	-2.369512217199625e-08
     4.386000000000472	-2.369512217199625e-08
     4.386333333333805	-2.369512217199625e-08
     4.386666666667139	-2.369512217199625e-08
     4.387000000000473	-2.369512217199625e-08
     4.387333333333807	-2.369512217199625e-08
      4.38766666666714	-2.369512217199625e-08
     4.388000000000474	-2.369512217199625e-08
     4.388333333333808	-2.369512217199625e-08
     4.388666666667142	-2.369512217199625e-08
     4.389000000000475	-2.369512217199625e-08
     4.389333333333809	-2.369512217199625e-08
     4.389666666667143	-2.369512217199625e-08
     4.390000000000477	-2.369512217199625e-08
      4.39033333333381	-2.369512217199625e-08
     4.390666666667144	-2.369512217199625e-08
     4.391000000000478	-2.369512217199625e-08
     4.391333333333812	-2.369512217199625e-08
     4.391666666667145	-2.369512217199625e-08
     4.392000000000479	-2.369512217199625e-08
     4.392333333333813	-2.369512217199625e-08
     4.392666666667147	-2.369512217199625e-08
      4.39300000000048	-2.369512217199625e-08
     4.393333333333814	-2.369512217199625e-08
     4.393666666667148	-2.369512217199625e-08
     4.394000000000482	-2.369512217199625e-08
     4.394333333333815	-2.369512217199625e-08
     4.394666666667149	-2.369512217199625e-08
     4.395000000000483	-2.369512217199625e-08
     4.395333333333816	-2.369512217199625e-08
      4.39566666666715	-2.369512217199625e-08
     4.396000000000484	-2.369512217199625e-08
     4.396333333333818	-2.369512217199625e-08
     4.396666666667151	-2.369512217199625e-08
     4.397000000000485	-2.369512217199625e-08
     4.397333333333819	-2.369512217199625e-08
     4.397666666667153	-2.369512217199625e-08
     4.398000000000486	-2.369512217199625e-08
      4.39833333333382	-2.369512217199625e-08
     4.398666666667154	-2.369512217199625e-08
     4.399000000000488	-2.369512217199625e-08
     4.399333333333821	-2.369512217199625e-08
     4.399666666667155	-2.369512217199625e-08
     4.400000000000489	-2.369512217199625e-08
     4.400333333333823	-2.369512217199625e-08
     4.400666666667156	-2.369512217199625e-08
      4.40100000000049	-2.369512217199625e-08
     4.401333333333824	-2.369512217199625e-08
     4.401666666667158	-2.369512217199625e-08
     4.402000000000491	-2.369512217199625e-08
     4.402333333333825	-2.369512217199625e-08
     4.402666666667159	-2.369512217199625e-08
     4.403000000000493	-2.369512217199625e-08
     4.403333333333826	-2.369512217199625e-08
      4.40366666666716	-2.369512217199625e-08
     4.404000000000494	-2.369512217199625e-08
     4.404333333333827	-2.369512217199625e-08
     4.404666666667161	-2.369512217199625e-08
     4.405000000000495	-2.369512217199625e-08
     4.405333333333829	-2.369512217199625e-08
     4.405666666667162	-2.369512217199625e-08
     4.406000000000496	-2.369512217199625e-08
      4.40633333333383	-2.369512217199625e-08
     4.406666666667164	-2.369512217199625e-08
     4.407000000000497	-2.369512217199625e-08
     4.407333333333831	-2.369512217199625e-08
     4.407666666667165	-2.369512217199625e-08
     4.408000000000499	-2.369512217199625e-08
     4.408333333333832	-2.369512217199625e-08
     4.408666666667166	-2.369512217199625e-08
       4.4090000000005	-2.369512217199625e-08
     4.409333333333834	-2.369512217199625e-08
     4.409666666667167	-2.369512217199625e-08
     4.410000000000501	-2.369512217199625e-08
     4.410333333333835	-2.369512217199625e-08
     4.410666666667169	-2.369512217199625e-08
     4.411000000000502	-2.369512217199625e-08
     4.411333333333836	-2.369512217199625e-08
      4.41166666666717	-2.369512217199625e-08
     4.412000000000504	-2.369512217199625e-08
     4.412333333333837	-2.369512217199625e-08
     4.412666666667171	-2.369512217199625e-08
     4.413000000000505	-2.369512217199625e-08
     4.413333333333838	-2.369512217199625e-08
     4.413666666667172	-2.369512217199625e-08
     4.414000000000506	-2.369512217199625e-08
      4.41433333333384	-2.369512217199625e-08
     4.414666666667173	-2.369512217199625e-08
     4.415000000000507	-2.369512217199625e-08
     4.415333333333841	-2.369512217199625e-08
     4.415666666667175	-2.369512217199625e-08
     4.416000000000508	-2.369512217199625e-08
     4.416333333333842	-2.369512217199625e-08
     4.416666666667176	-2.369512217199625e-08
      4.41700000000051	-2.369512217199625e-08
     4.417333333333843	-2.369512217199625e-08
     4.417666666667177	-2.369512217199625e-08
     4.418000000000511	-2.369512217199625e-08
     4.418333333333845	-2.369512217199625e-08
     4.418666666667178	-2.369512217199625e-08
     4.419000000000512	-2.369512217199625e-08
     4.419333333333846	-2.369512217199625e-08
      4.41966666666718	-2.369512217199625e-08
     4.420000000000513	-2.369512217199625e-08
     4.420333333333847	-2.369512217199625e-08
     4.420666666667181	-2.369512217199625e-08
     4.421000000000515	-2.369512217199625e-08
     4.421333333333848	-2.369512217199625e-08
     4.421666666667182	-2.369512217199625e-08
     4.422000000000516	-2.369512217199625e-08
     4.422333333333849	-2.369512217199625e-08
     4.422666666667183	-2.369512217199625e-08
     4.423000000000517	-2.369512217199625e-08
     4.423333333333851	-2.369512217199625e-08
     4.423666666667184	-2.369512217199625e-08
     4.424000000000518	-2.369512217199625e-08
     4.424333333333852	-2.369512217199625e-08
     4.424666666667186	-2.369512217199625e-08
     4.425000000000519	-2.369512217199625e-08
     4.425333333333853	-2.369512217199625e-08
     4.425666666667187	-2.369512217199625e-08
     4.426000000000521	-2.369512217199625e-08
     4.426333333333854	-2.369512217199625e-08
     4.426666666667188	-2.369512217199625e-08
     4.427000000000522	-2.369512217199625e-08
     4.427333333333856	-2.369512217199625e-08
     4.427666666667189	-2.369512217199625e-08
     4.428000000000523	-2.369512217199625e-08
     4.428333333333857	-2.369512217199625e-08
     4.428666666667191	-2.369512217199625e-08
     4.429000000000524	-2.369512217199625e-08
     4.429333333333858	-2.369512217199625e-08
     4.429666666667192	-2.369512217199625e-08
     4.430000000000526	-2.369512217199625e-08
     4.430333333333859	-2.369512217199625e-08
     4.430666666667193	-2.369512217199625e-08
     4.431000000000527	-2.369512217199625e-08
      4.43133333333386	-2.369512217199625e-08
     4.431666666667194	-2.369512217199625e-08
     4.432000000000528	-2.369512217199625e-08
     4.432333333333862	-2.369512217199625e-08
     4.432666666667195	-2.369512217199625e-08
     4.433000000000529	-2.369512217199625e-08
     4.433333333333863	-2.369512217199625e-08
     4.433666666667197	-2.369512217199625e-08
      4.43400000000053	-2.369512217199625e-08
     4.434333333333864	-2.369512217199625e-08
     4.434666666667198	-2.369512217199625e-08
     4.435000000000532	-2.369512217199625e-08
     4.435333333333865	-2.369512217199625e-08
     4.435666666667199	-2.369512217199625e-08
     4.436000000000533	-2.369512217199625e-08
     4.436333333333867	-2.369512217199625e-08
       4.4366666666672	-2.369512217199625e-08
     4.437000000000534	-2.369512217199625e-08
     4.437333333333868	-2.369512217199625e-08
     4.437666666667202	-2.369512217199625e-08
     4.438000000000535	-2.369512217199625e-08
     4.438333333333869	-2.369512217199625e-08
     4.438666666667203	-2.369512217199625e-08
     4.439000000000537	-2.369512217199625e-08
      4.43933333333387	-2.369512217199625e-08
     4.439666666667204	-2.369512217199625e-08
     4.440000000000538	-2.369512217199625e-08
     4.440333333333871	-2.369512217199625e-08
     4.440666666667205	-2.369512217199625e-08
     4.441000000000539	-2.369512217199625e-08
     4.441333333333873	-2.369512217199625e-08
     4.441666666667206	-2.369512217199625e-08
      4.44200000000054	-2.369512217199625e-08
     4.442333333333874	-2.369512217199625e-08
     4.442666666667208	-2.369512217199625e-08
     4.443000000000541	-2.369512217199625e-08
     4.443333333333875	-2.369512217199625e-08
     4.443666666667209	-2.369512217199625e-08
     4.444000000000543	-2.369512217199625e-08
     4.444333333333876	-2.369512217199625e-08
      4.44466666666721	-2.369512217199625e-08
     4.445000000000544	-2.369512217199625e-08
     4.445333333333878	-2.369512217199625e-08
     4.445666666667211	-2.369512217199625e-08
     4.446000000000545	-2.369512217199625e-08
     4.446333333333879	-2.369512217199625e-08
     4.446666666667213	-2.369512217199625e-08
     4.447000000000546	-2.369512217199625e-08
      4.44733333333388	-2.369512217199625e-08
     4.447666666667214	-2.369512217199625e-08
     4.448000000000548	-2.369512217199625e-08
     4.448333333333881	-2.369512217199625e-08
     4.448666666667215	-2.369512217199625e-08
     4.449000000000549	-2.369512217199625e-08
     4.449333333333882	-2.369512217199625e-08
     4.449666666667216	-2.369512217199625e-08
      4.45000000000055	-2.369512217199625e-08
     4.450333333333884	-2.369512217199625e-08
     4.450666666667217	-2.369512217199625e-08
     4.451000000000551	-2.369512217199625e-08
     4.451333333333885	-2.369512217199625e-08
     4.451666666667219	-2.369512217199625e-08
     4.452000000000552	-2.369512217199625e-08
     4.452333333333886	-2.369512217199625e-08
      4.45266666666722	-2.369512217199625e-08
     4.453000000000554	-2.369512217199625e-08
     4.453333333333887	-2.369512217199625e-08
     4.453666666667221	-2.369512217199625e-08
     4.454000000000555	-2.369512217199625e-08
     4.454333333333889	-2.369512217199625e-08
     4.454666666667222	-2.369512217199625e-08
     4.455000000000556	-2.369512217199625e-08
      4.45533333333389	-2.369512217199625e-08
     4.455666666667224	-2.369512217199625e-08
     4.456000000000557	-2.369512217199625e-08
     4.456333333333891	-2.369512217199625e-08
     4.456666666667225	-2.369512217199625e-08
     4.457000000000559	-2.369512217199625e-08
     4.457333333333892	-2.369512217199625e-08
     4.457666666667226	-2.369512217199625e-08
      4.45800000000056	-2.369512217199625e-08
     4.458333333333893	-2.369512217199625e-08
     4.458666666667227	-2.369512217199625e-08
     4.459000000000561	-2.369512217199625e-08
     4.459333333333895	-2.369512217199625e-08
     4.459666666667228	-2.369512217199625e-08
     4.460000000000562	-2.369512217199625e-08
     4.460333333333896	-2.369512217199625e-08
      4.46066666666723	-2.369512217199625e-08

     5.000333333333334	-2.465685880652596e-08
     5.000666666666667	-2.465685880652596e-08
     5.001000000000001	-2.465685880652596e-08
     5.001333333333335	-2.465685880652596e-08
     5.001666666666669	-2.465685880652596e-08
     5.002000000000002	-2.465685880652596e-08
     5.002333333333336	-2.465685880652596e-08
      5.00266666666667	-2.465685880652596e-08
     5.003000000000004	-2.465685880652596e-08
     5.003333333333337	-2.465685880652596e-08
     5.003666666666671	-2.465685880652596e-08
     5.004000000000005	-2.465685880652596e-08
     5.004333333333339	-2.465685880652596e-08
     5.004666666666672	-2.465685880652596e-08
     5.005000000000006	-2.465685880652596e-08
      5.00533333333334	-2.465685880652596e-08
     5.005666666666674	-2.465685880652596e-08
     5.006000000000007	-2.465685880652596e-08
     5.006333333333341	-2.465685880652596e-08
     5.006666666666675	-2.465685880652596e-08
     5.007000000000009	-2.465685880652596e-08
     5.007333333333342	-2.465685880652596e-08
     5.007666666666676	-2.465685880652596e-08
      5.00800000000001	-2.465685880652596e-08
     5.008333333333344	-2.465685880652596e-08
     5.008666666666677	-2.465685880652596e-08
     5.009000000000011	-2.465685880652596e-08
     5.009333333333345	-2.465685880652596e-08
     5.009666666666678	-2.465685880652596e-08
     5.010000000000012	-2.465685880652596e-08
     5.010333333333346	-2.465685880652596e-08
      5.01066666666668	-2.465685880652596e-08
     5.011000000000013	-2.465685880652596e-08
     5.011333333333347	-2.465685880652596e-08
     5.011666666666681	-2.465685880652596e-08
     5.012000000000015	-2.465685880652596e-08
     5.012333333333348	-2.465685880652596e-08
     5.012666666666682	-2.465685880652596e-08
     5.013000000000016	-2.465685880652596e-08
      5.01333333333335	-2.465685880652596e-08
     5.013666666666683	-2.465685880652596e-08
     5.014000000000017	-2.465685880652596e-08
     5.014333333333351	-2.465685880652596e-08
     5.014666666666685	-2.465685880652596e-08
     5.015000000000018	-2.465685880652596e-08
     5.015333333333352	-2.465685880652596e-08
     5.015666666666686	-2.465685880652596e-08
      5.01600000000002	-2.465685880652596e-08
     5.016333333333353	-2.465685880652596e-08
     5.016666666666687	-2.465685880652596e-08
     5.017000000000021	-2.465685880652596e-08
     5.017333333333355	-2.465685880652596e-08
     5.017666666666688	-2.465685880652596e-08
     5.018000000000022	-2.465685880652596e-08
     5.018333333333356	-2.465685880652596e-08
     5.018666666666689	-2.465685880652596e-08
     5.019000000000023	-2.465685880652596e-08
     5.019333333333357	-2.465685880652596e-08
     5.019666666666691	-2.465685880652596e-08
     5.020000000000024	-2.465685880652596e-08
     5.020333333333358	-2.465685880652596e-08
     5.020666666666692	-2.465685880652596e-08
     5.021000000000026	-2.465685880652596e-08
     5.021333333333359	-2.465685880652596e-08
     5.021666666666693	-2.465685880652596e-08
     5.022000000000027	-2.465685880652596e-08
     5.022333333333361	-2.465685880652596e-08
     5.022666666666694	-2.465685880652596e-08
     5.023000000000028	-2.465685880652596e-08
     5.023333333333362	-2.465685880652596e-08
     5.023666666666696	-2.465685880652596e-08
     5.024000000000029	-2.465685880652596e-08
     5.024333333333363	-2.465685880652596e-08
     5.024666666666697	-2.465685880652596e-08
     5.025000000000031	-2.465685880652596e-08
     5.025333333333364	-2.465685880652596e-08
     5.025666666666698	-2.465685880652596e-08
     5.026000000000032	-2.465685880652596e-08
     5.026333333333366	-2.465685880652596e-08
     5.026666666666699	-2.465685880652596e-08
     5.027000000000033	-2.465685880652596e-08
     5.027333333333367	-2.465685880652596e-08
       5.0276666666667	-2.465685880652596e-08
     5.028000000000034	-2.465685880652596e-08
     5.028333333333368	-2.465685880652596e-08
     5.028666666666702	-2.465685880652596e-08
     5.029000000000035	-2.465685880652596e-08
     5.029333333333369	-2.465685880652596e-08
     5.029666666666703	-2.465685880652596e-08
     5.030000000000037	-2.465685880652596e-08
      5.03033333333337	-2.465685880652596e-08
     5.030666666666704	-2.465685880652596e-08
     5.031000000000038	-2.465685880652596e-08
     5.031333333333372	-2.465685880652596e-08
     5.031666666666705	-2.465685880652596e-08
     5.032000000000039	-2.465685880652596e-08
     5.032333333333373	-2.465685880652596e-08
     5.032666666666707	-2.465685880652596e-08
      5.03300000000004	-2.465685880652596e-08
     5.033333333333374	-2.465685880652596e-08
     5.033666666666708	-2.465685880652596e-08
     5.034000000000042	-2.465685880652596e-08
     5.034333333333375	-2.465685880652596e-08
     5.034666666666709	-2.465685880652596e-08
     5.035000000000043	-2.465685880652596e-08
     5.035333333333377	-2.465685880652596e-08
      5.03566666666671	-2.465685880652596e-08
     5.036000000000044	-2.465685880652596e-08
     5.036333333333378	-2.465685880652596e-08
     5.036666666666711	-2.465685880652596e-08
     5.037000000000045	-2.465685880652596e-08
     5.037333333333379	-2.465685880652596e-08
     5.037666666666713	-2.465685880652596e-08
     5.038000000000046	-2.465685880652596e-08
      5.03833333333338	-2.465685880652596e-08
     5.038666666666714	-2.465685880652596e-08
     5.039000000000048	-2.465685880652596e-08
     5.039333333333381	-2.465685880652596e-08
     5.039666666666715	-2.465685880652596e-08
     5.040000000000049	-2.465685880652596e-08
     5.040333333333383	-2.465685880652596e-08
     5.040666666666716	-2.465685880652596e-08
      5.04100000000005	-2.465685880652596e-08
     5.041333333333384	-2.465685880652596e-08
     5.041666666666718	-2.465685880652596e-08
     5.042000000000051	-2.465685880652596e-08
     5.042333333333385	-2.465685880652596e-08
     5.042666666666719	-2.465685880652596e-08
     5.043000000000053	-2.465685880652596e-08
     5.043333333333386	-2.465685880652596e-08
      5.04366666666672	-2.465685880652596e-08
     5.044000000000054	-2.465685880652596e-08
     5.044333333333388	-2.465685880652596e-08
     5.044666666666721	-2.465685880652596e-08
     5.045000000000055	-2.465685880652596e-08
     5.045333333333389	-2.465685880652596e-08
     5.045666666666722	-2.465685880652596e-08
     5.046000000000056	-2.465685880652596e-08
      5.04633333333339	-2.465685880652596e-08
     5.046666666666724	-2.465685880652596e-08
     5.047000000000057	-2.465685880652596e-08
     5.047333333333391	-2.465685880652596e-08
     5.047666666666725	-2.465685880652596e-08
     5.048000000000059	-2.465685880652596e-08
     5.048333333333392	-2.465685880652596e-08
     5.048666666666726	-2.465685880652596e-08
      5.04900000000006	-2.465685880652596e-08
     5.049333333333394	-2.465685880652596e-08
     5.049666666666727	-2.465685880652596e-08
     5.050000000000061	-2.465685880652596e-08
     5.050333333333395	-2.465685880652596e-08
     5.050666666666729	-2.465685880652596e-08
     5.051000000000062	-2.465685880652596e-08
     5.051333333333396	-2.465685880652596e-08
      5.05166666666673	-2.465685880652596e-08
     5.052000000000064	-2.465685880652596e-08
     5.052333333333397	-2.465685880652596e-08
     5.052666666666731	-2.465685880652596e-08
     5.053000000000065	-2.465685880652596e-08
     5.053333333333399	-2.465685880652596e-08
     5.053666666666732	-2.465685880652596e-08
     5.054000000000066	-2.465685880652596e-08
       5.0543333333334	-2.465685880652596e-08
     5.054666666666733	-2.465685880652596e-08
     5.055000000000067	-2.465685880652596e-08
     5.055333333333401	-2.465685880652596e-08
     5.055666666666735	-2.465685880652596e-08
     5.056000000000068	-2.465685880652596e-08
     5.056333333333402	-2.465685880652596e-08
     5.056666666666736	-2.465685880652596e-08
      5.05700000000007	-2.465685880652596e-08
     5.057333333333403	-2.465685880652596e-08
     5.057666666666737	-2.465685880652596e-08
     5.058000000000071	-2.465685880652596e-08
     5.058333333333405	-2.465685880652596e-08
     5.058666666666738	-2.465685880652596e-08
     5.059000000000072	-2.465685880652596e-08
     5.059333333333406	-2.465685880652596e-08
      5.05966666666674	-2.465685880652596e-08
     5.060000000000073	-2.465685880652596e-08
     5.060333333333407	-2.465685880652596e-08
     5.060666666666741	-2.465685880652596e-08
     5.061000000000075	-2.465685880652596e-08
     5.061333333333408	-2.465685880652596e-08
     5.061666666666742	-2.465685880652596e-08
     5.062000000000076	-2.465685880652596e-08
      5.06233333333341	-2.465685880652596e-08
     5.062666666666743	-2.465685880652596e-08
     5.063000000000077	-2.465685880652596e-08
     5.063333333333411	-2.465685880652596e-08
     5.063666666666744	-2.465685880652596e-08
     5.064000000000078	-2.465685880652596e-08
     5.064333333333412	-2.465685880652596e-08
     5.064666666666746	-2.465685880652596e-08
     5.065000000000079	-2.465685880652596e-08
     5.065333333333413	-2.465685880652596e-08
     5.065666666666747	-2.465685880652596e-08
     5.066000000000081	-2.465685880652596e-08
     5.066333333333414	-2.465685880652596e-08
     5.066666666666748	-2.465685880652596e-08
     5.067000000000082	-2.465685880652596e-08
     5.067333333333416	-2.465685880652596e-08
     5.067666666666749	-2.465685880652596e-08
     5.068000000000083	-2.465685880652596e-08
     5.068333333333417	-2.465685880652596e-08
     5.068666666666751	-2.465685880652596e-08
     5.069000000000084	-2.465685880652596e-08
     5.069333333333418	-2.465685880652596e-08
     5.069666666666752	-2.465685880652596e-08
     5.070000000000086	-2.465685880652596e-08
     5.070333333333419	-2.465685880652596e-08
     5.070666666666753	-2.465685880652596e-08
     5.071000000000087	-2.465685880652596e-08
     5.071333333333421	-2.465685880652596e-08
     5.071666666666754	-2.465685880652596e-08
     5.072000000000088	-2.465685880652596e-08
     5.072333333333422	-2.465685880652596e-08
     5.072666666666755	-2.465685880652596e-08
     5.073000000000089	-2.465685880652596e-08
     5.073333333333423	-2.465685880652596e-08
     5.073666666666757	-2.465685880652596e-08
      5.07400000000009	-2.465685880652596e-08
     5.074333333333424	-2.465685880652596e-08
     5.074666666666758	-2.465685880652596e-08
     5.075000000000092	-2.465685880652596e-08
     5.075333333333425	-2.465685880652596e-08
     5.075666666666759	-2.465685880652596e-08
     5.076000000000093	-2.465685880652596e-08
     5.076333333333427	-2.465685880652596e-08
      5.07666666666676	-2.465685880652596e-08
     5.077000000000094	-2.465685880652596e-08
     5.077333333333428	-2.465685880652596e-08
     5.077666666666762	-2.465685880652596e-08
     5.078000000000095	-2.465685880652596e-08
     5.078333333333429	-2.465685880652596e-08
     5.078666666666763	-2.465685880652596e-08
     5.079000000000097	-2.465685880652596e-08
      5.07933333333343	-2.465685880652596e-08
     5.079666666666764	-2.465685880652596e-08
     5.080000000000098	-2.465685880652596e-08
     5.080333333333432	-2.465685880652596e-08
     5.080666666666765	-2.465685880652596e-08
     5.081000000000099	-2.465685880652596e-08
     5.081333333333433	-2.465685880652596e-08
     5.081666666666766	-2.465685880652596e-08
       5.0820000000001	-2.465685880652596e-08
     5.082333333333434	-2.465685880652596e-08
     5.082666666666768	-2.465685880652596e-08
     5.083000000000101	-2.465685880652596e-08
     5.083333333333435	-2.465685880652596e-08
     5.083666666666769	-2.465685880652596e-08
     5.084000000000103	-2.465685880652596e-08
     5.084333333333436	-2.465685880652596e-08
      5.08466666666677	-2.465685880652596e-08
     5.085000000000104	-2.465685880652596e-08
     5.085333333333438	-2.465685880652596e-08
     5.085666666666771	-2.465685880652596e-08
     5.086000000000105	-2.465685880652596e-08
     5.086333333333439	-2.465685880652596e-08
     5.086666666666773	-2.465685880652596e-08
     5.087000000000106	-2.465685880652596e-08
      5.08733333333344	-2.465685880652596e-08
     5.087666666666774	-2.465685880652596e-08
     5.088000000000108	-2.465685880652596e-08
     5.088333333333441	-2.465685880652596e-08
     5.088666666666775	-2.465685880652596e-08
     5.089000000000109	-2.465685880652596e-08
     5.089333333333443	-2.465685880652596e-08
     5.089666666666776	-2.465685880652596e-08
      5.09000000000011	-2.465685880652596e-08
     5.090333333333444	-2.465685880652596e-08
     5.090666666666777	-2.465685880652596e-08
     5.091000000000111	-2.465685880652596e-08
     5.091333333333445	-2.465685880652596e-08
     5.091666666666779	-2.465685880652596e-08
     5.092000000000112	-2.465685880652596e-08
     5.092333333333446	-2.465685880652596e-08
      5.09266666666678	-2.465685880652596e-08
     5.093000000000114	-2.465685880652596e-08
     5.093333333333447	-2.465685880652596e-08
     5.093666666666781	-2.465685880652596e-08
     5.094000000000115	-2.465685880652596e-08
     5.094333333333449	-2.465685880652596e-08
     5.094666666666782	-2.465685880652596e-08
     5.095000000000116	-2.465685880652596e-08
      5.09533333333345	-2.465685880652596e-08
     5.095666666666784	-2.465685880652596e-08
     5.096000000000117	-2.465685880652596e-08
     5.096333333333451	-2.465685880652596e-08
     5.096666666666785	-2.465685880652596e-08
     5.097000000000119	-2.465685880652596e-08
     5.097333333333452	-2.465685880652596e-08
     5.097666666666786	-2.465685880652596e-08
      5.09800000000012	-2.465685880652596e-08
     5.098333333333454	-2.465685880652596e-08
     5.098666666666787	-2.465685880652596e-08
     5.099000000000121	-2.465685880652596e-08
     5.099333333333455	-2.465685880652596e-08
     5.099666666666788	-2.465685880652596e-08
     5.100000000000122	-2.465685880652596e-08
     5.100333333333456	-2.465685880652596e-08
      5.10066666666679	-2.465685880652596e-08
     5.101000000000123	-2.465685880652596e-08
     5.101333333333457	-2.465685880652596e-08
     5.101666666666791	-2.465685880652596e-08
     5.102000000000125	-2.465685880652596e-08
     5.102333333333458	-2.465685880652596e-08
     5.102666666666792	-2.465685880652596e-08
     5.103000000000126	-2.465685880652596e-08
      5.10333333333346	-2.465685880652596e-08
     5.103666666666793	-2.465685880652596e-08
     5.104000000000127	-2.465685880652596e-08
     5.104333333333461	-2.465685880652596e-08
     5.104666666666795	-2.465685880652596e-08
     5.105000000000128	-2.465685880652596e-08
     5.105333333333462	-2.465685880652596e-08
     5.105666666666796	-2.465685880652596e-08
      5.10600000000013	-2.465685880652596e-08
     5.106333333333463	-2.465685880652596e-08
     5.106666666666797	-2.465685880652596e-08
     5.107000000000131	-2.465685880652596e-08
     5.107333333333465	-2.465685880652596e-08
     5.107666666666798	-2.465685880652596e-08
     5.108000000000132	-2.465685880652596e-08
     5.108333333333466	-2.465685880652596e-08
     5.108666666666799	-2.465685880652596e-08
     5.109000000000133	-2.465685880652596e-08
     5.109333333333467	-2.465685880652596e-08
     5.109666666666801	-2.465685880652596e-08
     5.110000000000134	-2.465685880652596e-08
     5.110333333333468	-2.465685880652596e-08
     5.110666666666802	-2.465685880652596e-08
     5.111000000000136	-2.465685880652596e-08
     5.111333333333469	-2.465685880652596e-08
     5.111666666666803	-2.465685880652596e-08
     5.112000000000137	-2.465685880652596e-08
     5.112333333333471	-2.465685880652596e-08
     5.112666666666804	-2.465685880652596e-08
     5.113000000000138	-2.465685880652596e-08
     5.113333333333472	-2.465685880652596e-08
     5.113666666666806	-2.465685880652596e-08
     5.114000000000139	-2.465685880652596e-08
     5.114333333333473	-2.465685880652596e-08
     5.114666666666807	-2.465685880652596e-08
     5.115000000000141	-2.465685880652596e-08
     5.115333333333474	-2.465685880652596e-08
     5.115666666666808	-2.465685880652596e-08
     5.116000000000142	-2.465685880652596e-08
     5.116333333333476	-2.465685880652596e-08
     5.116666666666809	-2.465685880652596e-08
     5.117000000000143	-2.465685880652596e-08
     5.117333333333477	-2.465685880652596e-08
      5.11766666666681	-2.465685880652596e-08
     5.118000000000144	-2.465685880652596e-08
     5.118333333333478	-2.465685880652596e-08
     5.118666666666812	-2.465685880652596e-08
     5.119000000000145	-2.465685880652596e-08
     5.119333333333479	-2.465685880652596e-08
     5.119666666666813	-2.465685880652596e-08
     5.120000000000147	-2.465685880652596e-08
      5.12033333333348	-2.465685880652596e-08
     5.120666666666814	-2.465685880652596e-08
     5.121000000000148	-2.465685880652596e-08
     5.121333333333482	-2.465685880652596e-08
     5.121666666666815	-2.465685880652596e-08
     5.122000000000149	-2.465685880652596e-08
     5.122333333333483	-2.465685880652596e-08
     5.122666666666817	-2.465685880652596e-08
      5.12300000000015	-2.465685880652596e-08
     5.123333333333484	-2.465685880652596e-08
     5.123666666666818	-2.465685880652596e-08
     5.124000000000152	-2.465685880652596e-08
     5.124333333333485	-2.465685880652596e-08
     5.124666666666819	-2.465685880652596e-08
     5.125000000000153	-2.465685880652596e-08
     5.125333333333487	-2.465685880652596e-08
      5.12566666666682	-2.465685880652596e-08
     5.126000000000154	-2.465685880652596e-08
     5.126333333333488	-2.465685880652596e-08
     5.126666666666821	-2.465685880652596e-08
     5.127000000000155	-2.465685880652596e-08
     5.127333333333489	-2.465685880652596e-08
     5.127666666666823	-2.465685880652596e-08
     5.128000000000156	-2.465685880652596e-08
      5.12833333333349	-2.465685880652596e-08
     5.128666666666824	-2.465685880652596e-08
     5.129000000000158	-2.465685880652596e-08
     5.129333333333491	-2.465685880652596e-08
     5.129666666666825	-2.465685880652596e-08
     5.130000000000159	-2.465685880652596e-08
     5.130333333333493	-2.465685880652596e-08
     5.130666666666826	-2.465685880652596e-08
      5.13100000000016	-2.465685880652596e-08
     5.131333333333494	-2.465685880652596e-08
     5.131666666666828	-2.465685880652596e-08
     5.132000000000161	-2.465685880652596e-08
     5.132333333333495	-2.465685880652596e-08
     5.132666666666829	-2.465685880652596e-08
     5.133000000000163	-2.465685880652596e-08
     5.133333333333496	-2.465685880652596e-08
      5.13366666666683	-2.465685880652596e-08
     5.134000000000164	-2.465685880652596e-08
     5.134333333333498	-2.465685880652596e-08
     5.134666666666831	-2.465685880652596e-08
     5.135000000000165	-2.465685880652596e-08
     5.135333333333499	-2.465685880652596e-08
     5.135666666666832	-2.465685880652596e-08
     5.136000000000166	-2.465685880652596e-08
       5.1363333333335	-2.465685880652596e-08
     5.136666666666834	-2.465685880652596e-08
     5.137000000000167	-2.465685880652596e-08
     5.137333333333501	-2.465685880652596e-08
     5.137666666666835	-2.465685880652596e-08
     5.138000000000169	-2.465685880652596e-08
     5.138333333333502	-2.465685880652596e-08
     5.138666666666836	-2.465685880652596e-08
      5.13900000000017	-2.465685880652596e-08
     5.139333333333504	-2.465685880652596e-08
     5.139666666666837	-2.465685880652596e-08
     5.140000000000171	-2.465685880652596e-08
     5.140333333333505	-2.465685880652596e-08
     5.140666666666839	-2.465685880652596e-08
     5.141000000000172	-2.465685880652596e-08
     5.141333333333506	-2.465685880652596e-08
      5.14166666666684	-2.465685880652596e-08
     5.142000000000174	-2.465685880652596e-08
     5.142333333333507	-2.465685880652596e-08
     5.142666666666841	-2.465685880652596e-08
     5.143000000000175	-2.465685880652596e-08
     5.143333333333509	-2.465685880652596e-08
     5.143666666666842	-2.465685880652596e-08
     5.144000000000176	-2.465685880652596e-08
      5.14433333333351	-2.465685880652596e-08
     5.144666666666843	-2.465685880652596e-08
     5.145000000000177	-2.465685880652596e-08
     5.145333333333511	-2.465685880652596e-08
     5.145666666666845	-2.465685880652596e-08
     5.146000000000178	-2.465685880652596e-08
     5.146333333333512	-2.465685880652596e-08
     5.146666666666846	-2.465685880652596e-08
      5.14700000000018	-2.465685880652596e-08
     5.147333333333513	-2.465685880652596e-08
     5.147666666666847	-2.465685880652596e-08
     5.148000000000181	-2.465685880652596e-08
     5.148333333333515	-2.465685880652596e-08
     5.148666666666848	-2.465685880652596e-08
     5.149000000000182	-2.465685880652596e-08
     5.149333333333516	-2.465685880652596e-08
      5.14966666666685	-2.465685880652596e-08
     5.150000000000183	-2.465685880652596e-08
     5.150333333333517	-2.465685880652596e-08
     5.150666666666851	-2.465685880652596e-08
     5.151000000000185	-2.465685880652596e-08
     5.151333333333518	-2.465685880652596e-08
     5.151666666666852	-2.465685880652596e-08
     5.152000000000186	-2.465685880652596e-08
      5.15233333333352	-2.465685880652596e-08
     5.152666666666853	-2.465685880652596e-08
     5.153000000000187	-2.465685880652596e-08
     5.153333333333521	-2.465685880652596e-08
     5.153666666666854	-2.465685880652596e-08
     5.154000000000188	-2.465685880652596e-08
     5.154333333333522	-2.465685880652596e-08
     5.154666666666856	-2.465685880652596e-08
     5.155000000000189	-2.465685880652596e-08
     5.155333333333523	-2.465685880652596e-08
     5.155666666666857	-2.465685880652596e-08
     5.156000000000191	-2.465685880652596e-08
     5.156333333333524	-2.465685880652596e-08
     5.156666666666858	-2.465685880652596e-08
     5.157000000000192	-2.465685880652596e-08
     5.157333333333526	-2.465685880652596e-08
     5.157666666666859	-2.465685880652596e-08
     5.158000000000193	-2.465685880652596e-08
     5.158333333333527	-2.465685880652596e-08
     5.158666666666861	-2.465685880652596e-08
     5.159000000000194	-2.465685880652596e-08
     5.159333333333528	-2.465685880652596e-08
     5.159666666666862	-2.465685880652596e-08
     5.160000000000196	-2.465685880652596e-08
     5.160333333333529	-2.465685880652596e-08
     5.160666666666863	-2.465685880652596e-08
     5.161000000000197	-2.465685880652596e-08
     5.161333333333531	-2.465685880652596e-08
     5.161666666666864	-2.465685880652596e-08
     5.162000000000198	-2.465685880652596e-08
     5.162333333333532	-2.465685880652596e-08
     5.162666666666865	-2.465685880652596e-08
     5.163000000000199	-2.465685880652596e-08
     5.163333333333533	-2.465685880652596e-08
     5.163666666666867	-2.465685880652596e-08
       5.1640000000002	-2.465685880652596e-08
     5.164333333333534	-2.465685880652596e-08
     5.164666666666868	-2.465685880652596e-08
     5.165000000000202	-2.465685880652596e-08
     5.165333333333535	-2.465685880652596e-08
     5.165666666666869	-2.465685880652596e-08
     5.166000000000203	-2.465685880652596e-08
     5.166333333333537	-2.465685880652596e-08
      5.16666666666687	-2.465685880652596e-08
     5.167000000000204	-2.465685880652596e-08
     5.167333333333538	-2.465685880652596e-08
     5.167666666666872	-2.465685880652596e-08
     5.168000000000205	-2.465685880652596e-08
     5.168333333333539	-2.465685880652596e-08
     5.168666666666873	-2.465685880652596e-08
     5.169000000000207	-2.465685880652596e-08
      5.16933333333354	-2.465685880652596e-08
     5.169666666666874	-2.465685880652596e-08
     5.170000000000208	-2.465685880652596e-08
     5.170333333333542	-2.465685880652596e-08
     5.170666666666875	-2.465685880652596e-08
     5.171000000000209	-2.465685880652596e-08
     5.171333333333543	-2.465685880652596e-08
     5.171666666666876	-2.465685880652596e-08
      5.17200000000021	-2.465685880652596e-08
     5.172333333333544	-2.465685880652596e-08
     5.172666666666878	-2.465685880652596e-08
     5.173000000000211	-2.465685880652596e-08
     5.173333333333545	-2.465685880652596e-08
     5.173666666666879	-2.465685880652596e-08
     5.174000000000213	-2.465685880652596e-08
     5.174333333333546	-2.465685880652596e-08
      5.17466666666688	-2.465685880652596e-08
     5.175000000000214	-2.465685880652596e-08
     5.175333333333548	-2.465685880652596e-08
     5.175666666666881	-2.465685880652596e-08
     5.176000000000215	-2.465685880652596e-08
     5.176333333333549	-2.465685880652596e-08
     5.176666666666883	-2.465685880652596e-08
     5.177000000000216	-2.465685880652596e-08
      5.17733333333355	-2.465685880652596e-08
     5.177666666666884	-2.465685880652596e-08
     5.178000000000218	-2.465685880652596e-08
     5.178333333333551	-2.465685880652596e-08
     5.178666666666885	-2.465685880652596e-08
     5.179000000000219	-2.465685880652596e-08
     5.179333333333553	-2.465685880652596e-08
     5.179666666666886	-2.465685880652596e-08
      5.18000000000022	-2.465685880652596e-08
     5.180333333333554	-2.465685880652596e-08
     5.180666666666887	-2.465685880652596e-08
     5.181000000000221	-2.465685880652596e-08
     5.181333333333555	-2.465685880652596e-08
     5.181666666666889	-2.465685880652596e-08
     5.182000000000222	-2.465685880652596e-08
     5.182333333333556	-2.465685880652596e-08
      5.18266666666689	-2.465685880652596e-08
     5.183000000000224	-2.465685880652596e-08
     5.183333333333557	-2.465685880652596e-08
     5.183666666666891	-2.465685880652596e-08
     5.184000000000225	-2.465685880652596e-08
     5.184333333333559	-2.465685880652596e-08
     5.184666666666892	-2.465685880652596e-08
     5.185000000000226	-2.465685880652596e-08
      5.18533333333356	-2.465685880652596e-08
     5.185666666666894	-2.465685880652596e-08
     5.186000000000227	-2.465685880652596e-08
     5.186333333333561	-2.465685880652596e-08
     5.186666666666895	-2.465685880652596e-08
     5.187000000000229	-2.465685880652596e-08
     5.187333333333562	-2.465685880652596e-08
     5.187666666666896	-2.465685880652596e-08
      5.18800000000023	-2.465685880652596e-08
     5.188333333333564	-2.465685880652596e-08
     5.188666666666897	-2.465685880652596e-08
     5.189000000000231	-2.465685880652596e-08
     5.189333333333565	-2.465685880652596e-08
     5.189666666666898	-2.465685880652596e-08
     5.190000000000232	-2.465685880652596e-08
     5.190333333333566	-2.465685880652596e-08
       5.1906666666669	-2.465685880652596e-08
     5.191000000000233	-2.465685880652596e-08
     5.191333333333567	-2.465685880652596e-08
     5.191666666666901	-2.465685880652596e-08
     5.192000000000235	-2.465685880652596e-08
     5.192333333333568	-2.465685880652596e-08
     5.192666666666902	-2.465685880652596e-08
     5.193000000000236	-2.465685880652596e-08
      5.19333333333357	-2.465685880652596e-08
     5.193666666666903	-2.465685880652596e-08
     5.194000000000237	-2.465685880652596e-08
     5.194333333333571	-2.465685880652596e-08
     5.194666666666905	-2.465685880652596e-08
     5.195000000000238	-2.465685880652596e-08
     5.195333333333572	-2.465685880652596e-08
     5.195666666666906	-2.465685880652596e-08
      5.19600000000024	-2.465685880652596e-08
     5.196333333333573	-2.465685880652596e-08
     5.196666666666907	-2.465685880652596e-08
     5.197000000000241	-2.465685880652596e-08
     5.197333333333575	-2.465685880652596e-08
     5.197666666666908	-2.465685880652596e-08
     5.198000000000242	-2.465685880652596e-08
     5.198333333333576	-2.465685880652596e-08
     5.198666666666909	-2.465685880652596e-08
     5.199000000000243	-2.465685880652596e-08
     5.199333333333577	-2.465685880652596e-08
     5.199666666666911	-2.465685880652596e-08
     5.200000000000244	-2.465685880652596e-08
     5.200333333333578	-2.465685880652596e-08
     5.200666666666912	-2.465685880652596e-08
     5.201000000000246	-2.465685880652596e-08
     5.201333333333579	-2.465685880652596e-08
     5.201666666666913	-2.465685880652596e-08
     5.202000000000247	-2.465685880652596e-08
     5.202333333333581	-2.465685880652596e-08
     5.202666666666914	-2.465685880652596e-08
     5.203000000000248	-2.465685880652596e-08
     5.203333333333582	-2.465685880652596e-08
     5.203666666666916	-2.465685880652596e-08
     5.204000000000249	-2.465685880652596e-08
     5.204333333333583	-2.465685880652596e-08
     5.204666666666917	-2.465685880652596e-08
     5.205000000000251	-2.465685880652596e-08
     5.205333333333584	-2.465685880652596e-08
     5.205666666666918	-2.465685880652596e-08
     5.206000000000252	-2.465685880652596e-08
     5.206333333333586	-2.465685880652596e-08
     5.206666666666919	-2.465685880652596e-08
     5.207000000000253	-2.465685880652596e-08
     5.207333333333587	-2.465685880652596e-08
      5.20766666666692	-2.465685880652596e-08
     5.208000000000254	-2.465685880652596e-08
     5.208333333333588	-2.465685880652596e-08
     5.208666666666922	-2.465685880652596e-08
     5.209000000000255	-2.465685880652596e-08
     5.209333333333589	-2.465685880652596e-08
     5.209666666666923	-2.465685880652596e-08
     5.210000000000257	-2.465685880652596e-08
      5.21033333333359	-2.465685880652596e-08
     5.210666666666924	-2.465685880652596e-08
     5.211000000000258	-2.465685880652596e-08
     5.211333333333592	-2.465685880652596e-08
     5.211666666666925	-2.465685880652596e-08
     5.212000000000259	-2.465685880652596e-08
     5.212333333333593	-2.465685880652596e-08
     5.212666666666927	-2.465685880652596e-08
      5.21300000000026	-2.465685880652596e-08
     5.213333333333594	-2.465685880652596e-08
     5.213666666666928	-2.465685880652596e-08
     5.214000000000262	-2.465685880652596e-08
     5.214333333333595	-2.465685880652596e-08
     5.214666666666929	-2.465685880652596e-08
     5.215000000000263	-2.465685880652596e-08
     5.215333333333596	-2.465685880652596e-08
      5.21566666666693	-2.465685880652596e-08
     5.216000000000264	-2.465685880652596e-08
     5.216333333333598	-2.465685880652596e-08
     5.216666666666931	-2.465685880652596e-08
     5.217000000000265	-2.465685880652596e-08
     5.217333333333599	-2.465685880652596e-08
     5.217666666666933	-2.465685880652596e-08
     5.218000000000266	-2.465685880652596e-08
       5.2183333333336	-2.465685880652596e-08
     5.218666666666934	-2.465685880652596e-08
     5.219000000000268	-2.465685880652596e-08
     5.219333333333601	-2.465685880652596e-08
     5.219666666666935	-2.465685880652596e-08
     5.220000000000269	-2.465685880652596e-08
     5.220333333333603	-2.465685880652596e-08
     5.220666666666936	-2.465685880652596e-08
      5.22100000000027	-2.465685880652596e-08
     5.221333333333604	-2.465685880652596e-08
     5.221666666666938	-2.465685880652596e-08
     5.222000000000271	-2.465685880652596e-08
     5.222333333333605	-2.465685880652596e-08
     5.222666666666939	-2.465685880652596e-08
     5.223000000000273	-2.465685880652596e-08
     5.223333333333606	-2.465685880652596e-08
      5.22366666666694	-2.465685880652596e-08
     5.224000000000274	-2.465685880652596e-08
     5.224333333333607	-2.465685880652596e-08
     5.224666666666941	-2.465685880652596e-08
     5.225000000000275	-2.465685880652596e-08
     5.225333333333609	-2.465685880652596e-08
     5.225666666666942	-2.465685880652596e-08
     5.226000000000276	-2.465685880652596e-08
      5.22633333333361	-2.465685880652596e-08
     5.226666666666944	-2.465685880652596e-08
     5.227000000000277	-2.465685880652596e-08
     5.227333333333611	-2.465685880652596e-08
     5.227666666666945	-2.465685880652596e-08
     5.228000000000279	-2.465685880652596e-08
     5.228333333333612	-2.465685880652596e-08
     5.228666666666946	-2.465685880652596e-08
      5.22900000000028	-2.465685880652596e-08
     5.229333333333614	-2.465685880652596e-08
     5.229666666666947	-2.465685880652596e-08
     5.230000000000281	-2.465685880652596e-08
     5.230333333333615	-2.465685880652596e-08
     5.230666666666949	-2.465685880652596e-08
     5.231000000000282	-2.465685880652596e-08
     5.231333333333616	-2.465685880652596e-08
      5.23166666666695	-2.465685880652596e-08
     5.232000000000284	-2.465685880652596e-08
     5.232333333333617	-2.465685880652596e-08
     5.232666666666951	-2.465685880652596e-08
     5.233000000000285	-2.465685880652596e-08
     5.233333333333618	-2.465685880652596e-08
     5.233666666666952	-2.465685880652596e-08
     5.234000000000286	-2.465685880652596e-08
      5.23433333333362	-2.465685880652596e-08
     5.234666666666953	-2.465685880652596e-08
     5.235000000000287	-2.465685880652596e-08
     5.235333333333621	-2.465685880652596e-08
     5.235666666666955	-2.465685880652596e-08
     5.236000000000288	-2.465685880652596e-08
     5.236333333333622	-2.465685880652596e-08
     5.236666666666956	-2.465685880652596e-08
      5.23700000000029	-2.465685880652596e-08
     5.237333333333623	-2.465685880652596e-08
     5.237666666666957	-2.465685880652596e-08
     5.238000000000291	-2.465685880652596e-08
     5.238333333333625	-2.465685880652596e-08
     5.238666666666958	-2.465685880652596e-08
     5.239000000000292	-2.465685880652596e-08
     5.239333333333626	-2.465685880652596e-08
      5.23966666666696	-2.465685880652596e-08
     5.240000000000293	-2.465685880652596e-08
     5.240333333333627	-2.465685880652596e-08
     5.240666666666961	-2.465685880652596e-08
     5.241000000000295	-2.465685880652596e-08
     5.241333333333628	-2.465685880652596e-08
     5.241666666666962	-2.465685880652596e-08
     5.242000000000296	-2.465685880652596e-08
     5.242333333333629	-2.465685880652596e-08
     5.242666666666963	-2.465685880652596e-08
     5.243000000000297	-2.465685880652596e-08
     5.243333333333631	-2.465685880652596e-08
     5.243666666666964	-2.465685880652596e-08
     5.244000000000298	-2.465685880652596e-08
     5.244333333333632	-2.465685880652596e-08
     5.244666666666966	-2.465685880652596e-08
     5.245000000000299	-2.465685880652596e-08
     5.245333333333633	-2.465685880652596e-08
     5.245666666666967	-2.465685880652596e-08
     5.246000000000301	-2.465685880652596e-08
     5.246333333333634	-2.465685880652596e-08
     5.246666666666968	-2.465685880652596e-08
     5.247000000000302	-2.465685880652596e-08
     5.247333333333636	-2.465685880652596e-08
     5.247666666666969	-2.465685880652596e-08
     5.248000000000303	-2.465685880652596e-08
     5.248333333333637	-2.465685880652596e-08
     5.248666666666971	-2.465685880652596e-08
     5.249000000000304	-2.465685880652596e-08
     5.249333333333638	-2.465685880652596e-08
     5.249666666666972	-2.465685880652596e-08
     5.250000000000306	-2.465685880652596e-08
     5.250333333333639	-2.465685880652596e-08
     5.250666666666973	-2.465685880652596e-08
     5.251000000000307	-2.465685880652596e-08
      5.25133333333364	-2.465685880652596e-08
     5.251666666666974	-2.465685880652596e-08
     5.252000000000308	-2.465685880652596e-08
     5.252333333333642	-2.465685880652596e-08
     5.252666666666975	-2.465685880652596e-08
     5.253000000000309	-2.465685880652596e-08
     5.253333333333643	-2.465685880652596e-08
     5.253666666666977	-2.465685880652596e-08
      5.25400000000031	-2.465685880652596e-08
     5.254333333333644	-2.465685880652596e-08
     5.254666666666978	-2.465685880652596e-08
     5.255000000000312	-2.465685880652596e-08
     5.255333333333645	-2.465685880652596e-08
     5.255666666666979	-2.465685880652596e-08
     5.256000000000313	-2.465685880652596e-08
     5.256333333333647	-2.465685880652596e-08
      5.25666666666698	-2.465685880652596e-08
     5.257000000000314	-2.465685880652596e-08
     5.257333333333648	-2.465685880652596e-08
     5.257666666666982	-2.465685880652596e-08
     5.258000000000315	-2.465685880652596e-08
     5.258333333333649	-2.465685880652596e-08
     5.258666666666983	-2.465685880652596e-08
     5.259000000000317	-2.465685880652596e-08
      5.25933333333365	-2.465685880652596e-08
     5.259666666666984	-2.465685880652596e-08
     5.260000000000318	-2.465685880652596e-08
     5.260333333333651	-2.465685880652596e-08
     5.260666666666985	-2.465685880652596e-08
     5.261000000000319	-2.465685880652596e-08
     5.261333333333653	-2.465685880652596e-08
     5.261666666666986	-2.465685880652596e-08
      5.26200000000032	-2.465685880652596e-08
     5.262333333333654	-2.465685880652596e-08
     5.262666666666988	-2.465685880652596e-08
     5.263000000000321	-2.465685880652596e-08
     5.263333333333655	-2.465685880652596e-08
     5.263666666666989	-2.465685880652596e-08
     5.264000000000323	-2.465685880652596e-08
     5.264333333333656	-2.465685880652596e-08
      5.26466666666699	-2.465685880652596e-08
     5.265000000000324	-2.465685880652596e-08
     5.265333333333658	-2.465685880652596e-08
     5.265666666666991	-2.465685880652596e-08
     5.266000000000325	-2.465685880652596e-08
     5.266333333333659	-2.465685880652596e-08
     5.266666666666993	-2.465685880652596e-08
     5.267000000000326	-2.465685880652596e-08
      5.26733333333366	-2.465685880652596e-08
     5.267666666666994	-2.465685880652596e-08
     5.268000000000328	-2.465685880652596e-08
     5.268333333333661	-2.465685880652596e-08
     5.268666666666995	-2.465685880652596e-08
     5.269000000000329	-2.465685880652596e-08
     5.269333333333662	-2.465685880652596e-08
     5.269666666666996	-2.465685880652596e-08
      5.27000000000033	-2.465685880652596e-08
     5.270333333333664	-2.465685880652596e-08
     5.270666666666997	-2.465685880652596e-08
     5.271000000000331	-2.465685880652596e-08
     5.271333333333665	-2.465685880652596e-08
     5.271666666666999	-2.465685880652596e-08
     5.272000000000332	-2.465685880652596e-08
     5.272333333333666	-2.465685880652596e-08
        5.272666666667	-2.465685880652596e-08
     5.273000000000334	-2.465685880652596e-08
     5.273333333333667	-2.465685880652596e-08
     5.273666666667001	-2.465685880652596e-08
     5.274000000000335	-2.465685880652596e-08
     5.274333333333669	-2.465685880652596e-08
     5.274666666667002	-2.465685880652596e-08
     5.275000000000336	-2.465685880652596e-08
      5.27533333333367	-2.465685880652596e-08
     5.275666666667004	-2.465685880652596e-08
     5.276000000000337	-2.465685880652596e-08
     5.276333333333671	-2.465685880652596e-08
     5.276666666667005	-2.465685880652596e-08
     5.277000000000339	-2.465685880652596e-08
     5.277333333333672	-2.465685880652596e-08
     5.277666666667006	-2.465685880652596e-08
      5.27800000000034	-2.465685880652596e-08
     5.278333333333673	-2.465685880652596e-08
     5.278666666667007	-2.465685880652596e-08
     5.279000000000341	-2.465685880652596e-08
     5.279333333333675	-2.465685880652596e-08
     5.279666666667008	-2.465685880652596e-08
     5.280000000000342	-2.465685880652596e-08
     5.280333333333676	-2.465685880652596e-08
      5.28066666666701	-2.465685880652596e-08
     5.281000000000343	-2.465685880652596e-08
     5.281333333333677	-2.465685880652596e-08
     5.281666666667011	-2.465685880652596e-08
     5.282000000000345	-2.465685880652596e-08
     5.282333333333678	-2.465685880652596e-08
     5.282666666667012	-2.465685880652596e-08
     5.283000000000346	-2.465685880652596e-08
      5.28333333333368	-2.465685880652596e-08
     5.283666666667013	-2.465685880652596e-08
     5.284000000000347	-2.465685880652596e-08
     5.284333333333681	-2.465685880652596e-08
     5.284666666667015	-2.465685880652596e-08
     5.285000000000348	-2.465685880652596e-08
     5.285333333333682	-2.465685880652596e-08
     5.285666666667016	-2.465685880652596e-08
      5.28600000000035	-2.465685880652596e-08
     5.286333333333683	-2.465685880652596e-08
     5.286666666667017	-2.465685880652596e-08
     5.287000000000351	-2.465685880652596e-08
     5.287333333333684	-2.465685880652596e-08
     5.287666666667018	-2.465685880652596e-08
     5.288000000000352	-2.465685880652596e-08
     5.288333333333686	-2.465685880652596e-08
     5.288666666667019	-2.465685880652596e-08
     5.289000000000353	-2.465685880652596e-08
     5.289333333333687	-2.465685880652596e-08
     5.289666666667021	-2.465685880652596e-08
     5.290000000000354	-2.465685880652596e-08
     5.290333333333688	-2.465685880652596e-08
     5.290666666667022	-2.465685880652596e-08
     5.291000000000356	-2.465685880652596e-08
     5.291333333333689	-2.465685880652596e-08
     5.291666666667023	-2.465685880652596e-08
     5.292000000000357	-2.465685880652596e-08
     5.292333333333691	-2.465685880652596e-08
     5.292666666667024	-2.465685880652596e-08
     5.293000000000358	-2.465685880652596e-08
     5.293333333333692	-2.465685880652596e-08
     5.293666666667026	-2.465685880652596e-08
     5.294000000000359	-2.465685880652596e-08
     5.294333333333693	-2.465685880652596e-08
     5.294666666667027	-2.465685880652596e-08
     5.295000000000361	-2.465685880652596e-08
     5.295333333333694	-2.465685880652596e-08
     5.295666666667028	-2.465685880652596e-08
     5.296000000000362	-2.465685880652596e-08
     5.296333333333695	-2.465685880652596e-08
     5.296666666667029	-2.465685880652596e-08
     5.297000000000363	-2.465685880652596e-08
     5.297333333333697	-2.465685880652596e-08
      5.29766666666703	-2.465685880652596e-08
     5.298000000000364	-2.465685880652596e-08
     5.298333333333698	-2.465685880652596e-08
     5.298666666667032	-2.465685880652596e-08
     5.299000000000365	-2.465685880652596e-08
     5.299333333333699	-2.465685880652596e-08
     5.299666666667033	-2.465685880652596e-08
     5.300000000000367	-2.465685880652596e-08
       5.3003333333337	-2.465685880652596e-08
     5.300666666667034	-2.465685880652596e-08
     5.301000000000368	-2.465685880652596e-08
     5.301333333333702	-2.465685880652596e-08
     5.301666666667035	-2.465685880652596e-08
     5.302000000000369	-2.465685880652596e-08
     5.302333333333703	-2.465685880652596e-08
     5.302666666667037	-2.465685880652596e-08
      5.30300000000037	-2.465685880652596e-08
     5.303333333333704	-2.465685880652596e-08
     5.303666666667038	-2.465685880652596e-08
     5.304000000000372	-2.465685880652596e-08
     5.304333333333705	-2.465685880652596e-08
     5.304666666667039	-2.465685880652596e-08
     5.305000000000373	-2.465685880652596e-08
     5.305333333333706	-2.465685880652596e-08
      5.30566666666704	-2.465685880652596e-08
     5.306000000000374	-2.465685880652596e-08
     5.306333333333708	-2.465685880652596e-08
     5.306666666667041	-2.465685880652596e-08
     5.307000000000375	-2.465685880652596e-08
     5.307333333333709	-2.465685880652596e-08
     5.307666666667043	-2.465685880652596e-08
     5.308000000000376	-2.465685880652596e-08
      5.30833333333371	-2.465685880652596e-08
     5.308666666667044	-2.465685880652596e-08
     5.309000000000378	-2.465685880652596e-08
     5.309333333333711	-2.465685880652596e-08
     5.309666666667045	-2.465685880652596e-08
     5.310000000000379	-2.465685880652596e-08
     5.310333333333713	-2.465685880652596e-08
     5.310666666667046	-2.465685880652596e-08
      5.31100000000038	-2.465685880652596e-08
     5.311333333333714	-2.465685880652596e-08
     5.311666666667048	-2.465685880652596e-08
     5.312000000000381	-2.465685880652596e-08
     5.312333333333715	-2.465685880652596e-08
     5.312666666667049	-2.465685880652596e-08
     5.313000000000383	-2.465685880652596e-08
     5.313333333333716	-2.465685880652596e-08
      5.31366666666705	-2.465685880652596e-08
     5.314000000000384	-2.465685880652596e-08
     5.314333333333717	-2.465685880652596e-08
     5.314666666667051	-2.465685880652596e-08
     5.315000000000385	-2.465685880652596e-08
     5.315333333333719	-2.465685880652596e-08
     5.315666666667052	-2.465685880652596e-08
     5.316000000000386	-2.465685880652596e-08
      5.31633333333372	-2.465685880652596e-08
     5.316666666667054	-2.465685880652596e-08
     5.317000000000387	-2.465685880652596e-08
     5.317333333333721	-2.465685880652596e-08
     5.317666666667055	-2.465685880652596e-08
     5.318000000000389	-2.465685880652596e-08
     5.318333333333722	-2.465685880652596e-08
     5.318666666667056	-2.465685880652596e-08
      5.31900000000039	-2.465685880652596e-08
     5.319333333333724	-2.465685880652596e-08
     5.319666666667057	-2.465685880652596e-08
     5.320000000000391	-2.465685880652596e-08
     5.320333333333725	-2.465685880652596e-08
     5.320666666667059	-2.465685880652596e-08
     5.321000000000392	-2.465685880652596e-08
     5.321333333333726	-2.465685880652596e-08
      5.32166666666706	-2.465685880652596e-08
     5.322000000000394	-2.465685880652596e-08
     5.322333333333727	-2.465685880652596e-08
     5.322666666667061	-2.465685880652596e-08
     5.323000000000395	-2.465685880652596e-08
     5.323333333333728	-2.465685880652596e-08
     5.323666666667062	-2.465685880652596e-08
     5.324000000000396	-2.465685880652596e-08
      5.32433333333373	-2.465685880652596e-08
     5.324666666667063	-2.465685880652596e-08
     5.325000000000397	-2.465685880652596e-08
     5.325333333333731	-2.465685880652596e-08
     5.325666666667065	-2.465685880652596e-08
     5.326000000000398	-2.465685880652596e-08
     5.326333333333732	-2.465685880652596e-08
     5.326666666667066	-2.465685880652596e-08
       5.3270000000004	-2.465685880652596e-08
     5.327333333333733	-2.465685880652596e-08
     5.327666666667067	-2.465685880652596e-08
     5.328000000000401	-2.465685880652596e-08
     5.328333333333735	-2.465685880652596e-08
     5.328666666667068	-2.465685880652596e-08
     5.329000000000402	-2.465685880652596e-08
     5.329333333333736	-2.465685880652596e-08
      5.32966666666707	-2.465685880652596e-08
     5.330000000000403	-2.465685880652596e-08
     5.330333333333737	-2.465685880652596e-08
     5.330666666667071	-2.465685880652596e-08
     5.331000000000405	-2.465685880652596e-08
     5.331333333333738	-2.465685880652596e-08
     5.331666666667072	-2.465685880652596e-08
     5.332000000000406	-2.465685880652596e-08
     5.332333333333739	-2.465685880652596e-08
     5.332666666667073	-2.465685880652596e-08
     5.333000000000407	-2.465685880652596e-08
     5.333333333333741	-2.465685880652596e-08
     5.333666666667074	-2.465685880652596e-08
     5.334000000000408	-2.465685880652596e-08
     5.334333333333742	-2.465685880652596e-08
     5.334666666667076	-2.465685880652596e-08
     5.335000000000409	-2.465685880652596e-08
     5.335333333333743	-2.465685880652596e-08
     5.335666666667077	-2.465685880652596e-08
     5.336000000000411	-2.465685880652596e-08
     5.336333333333744	-2.465685880652596e-08
     5.336666666667078	-2.465685880652596e-08
     5.337000000000412	-2.465685880652596e-08
     5.337333333333746	-2.465685880652596e-08
     5.337666666667079	-2.465685880652596e-08
     5.338000000000413	-2.465685880652596e-08
     5.338333333333747	-2.465685880652596e-08
     5.338666666667081	-2.465685880652596e-08
     5.339000000000414	-2.465685880652596e-08
     5.339333333333748	-2.465685880652596e-08
     5.339666666667082	-2.465685880652596e-08
     5.340000000000416	-2.465685880652596e-08
     5.340333333333749	-2.465685880652596e-08
     5.340666666667083	-2.465685880652596e-08
     5.341000000000417	-2.465685880652596e-08
      5.34133333333375	-2.465685880652596e-08
     5.341666666667084	-2.465685880652596e-08
     5.342000000000418	-2.465685880652596e-08
     5.342333333333752	-2.465685880652596e-08
     5.342666666667085	-2.465685880652596e-08
     5.343000000000419	-2.465685880652596e-08
     5.343333333333753	-2.465685880652596e-08
     5.343666666667087	-2.465685880652596e-08
      5.34400000000042	-2.465685880652596e-08
     5.344333333333754	-2.465685880652596e-08
     5.344666666667088	-2.465685880652596e-08
     5.345000000000422	-2.465685880652596e-08
     5.345333333333755	-2.465685880652596e-08
     5.345666666667089	-2.465685880652596e-08
     5.346000000000423	-2.465685880652596e-08
     5.346333333333757	-2.465685880652596e-08
      5.34666666666709	-2.465685880652596e-08
     5.347000000000424	-2.465685880652596e-08
     5.347333333333758	-2.465685880652596e-08
     5.347666666667092	-2.465685880652596e-08
     5.348000000000425	-2.465685880652596e-08
     5.348333333333759	-2.465685880652596e-08
     5.348666666667093	-2.465685880652596e-08
     5.349000000000427	-2.465685880652596e-08
      5.34933333333376	-2.465685880652596e-08
     5.349666666667094	-2.465685880652596e-08
     5.350000000000428	-2.465685880652596e-08
     5.350333333333761	-2.465685880652596e-08
     5.350666666667095	-2.465685880652596e-08
     5.351000000000429	-2.465685880652596e-08
     5.351333333333763	-2.465685880652596e-08
     5.351666666667096	-2.465685880652596e-08
      5.35200000000043	-2.465685880652596e-08
     5.352333333333764	-2.465685880652596e-08
     5.352666666667098	-2.465685880652596e-08
     5.353000000000431	-2.465685880652596e-08
     5.353333333333765	-2.465685880652596e-08
     5.353666666667099	-2.465685880652596e-08
     5.354000000000433	-2.465685880652596e-08
     5.354333333333766	-2.465685880652596e-08
       5.3546666666671	-2.465685880652596e-08
     5.355000000000434	-2.465685880652596e-08
     5.355333333333768	-2.465685880652596e-08
     5.355666666667101	-2.465685880652596e-08
     5.356000000000435	-2.465685880652596e-08
     5.356333333333769	-2.465685880652596e-08
     5.356666666667103	-2.465685880652596e-08
     5.357000000000436	-2.465685880652596e-08
      5.35733333333377	-2.465685880652596e-08
     5.357666666667104	-2.465685880652596e-08
     5.358000000000438	-2.465685880652596e-08
     5.358333333333771	-2.465685880652596e-08
     5.358666666667105	-2.465685880652596e-08
     5.359000000000439	-2.465685880652596e-08
     5.359333333333772	-2.465685880652596e-08
     5.359666666667106	-2.465685880652596e-08
      5.36000000000044	-2.465685880652596e-08
     5.360333333333774	-2.465685880652596e-08
     5.360666666667107	-2.465685880652596e-08
     5.361000000000441	-2.465685880652596e-08
     5.361333333333775	-2.465685880652596e-08
     5.361666666667109	-2.465685880652596e-08
     5.362000000000442	-2.465685880652596e-08
     5.362333333333776	-2.465685880652596e-08
      5.36266666666711	-2.465685880652596e-08
     5.363000000000444	-2.465685880652596e-08
     5.363333333333777	-2.465685880652596e-08
     5.363666666667111	-2.465685880652596e-08
     5.364000000000445	-2.465685880652596e-08
     5.364333333333779	-2.465685880652596e-08
     5.364666666667112	-2.465685880652596e-08
     5.365000000000446	-2.465685880652596e-08
      5.36533333333378	-2.465685880652596e-08
     5.365666666667114	-2.465685880652596e-08
     5.366000000000447	-2.465685880652596e-08
     5.366333333333781	-2.465685880652596e-08
     5.366666666667115	-2.465685880652596e-08
     5.367000000000449	-2.465685880652596e-08
     5.367333333333782	-2.465685880652596e-08
     5.367666666667116	-2.465685880652596e-08
      5.36800000000045	-2.465685880652596e-08
     5.368333333333783	-2.465685880652596e-08
     5.368666666667117	-2.465685880652596e-08
     5.369000000000451	-2.465685880652596e-08
     5.369333333333785	-2.465685880652596e-08
     5.369666666667118	-2.465685880652596e-08
     5.370000000000452	-2.465685880652596e-08
     5.370333333333786	-2.465685880652596e-08
      5.37066666666712	-2.465685880652596e-08
     5.371000000000453	-2.465685880652596e-08
     5.371333333333787	-2.465685880652596e-08
     5.371666666667121	-2.465685880652596e-08
     5.372000000000455	-2.465685880652596e-08
     5.372333333333788	-2.465685880652596e-08
     5.372666666667122	-2.465685880652596e-08
     5.373000000000456	-2.465685880652596e-08
      5.37333333333379	-2.465685880652596e-08
     5.373666666667123	-2.465685880652596e-08
     5.374000000000457	-2.465685880652596e-08
     5.374333333333791	-2.465685880652596e-08
     5.374666666667125	-2.465685880652596e-08
     5.375000000000458	-2.465685880652596e-08
     5.375333333333792	-2.465685880652596e-08
     5.375666666667126	-2.465685880652596e-08
      5.37600000000046	-2.465685880652596e-08
     5.376333333333793	-2.465685880652596e-08
     5.376666666667127	-2.465685880652596e-08
     5.377000000000461	-2.465685880652596e-08
     5.377333333333794	-2.465685880652596e-08
     5.377666666667128	-2.465685880652596e-08
     5.378000000000462	-2.465685880652596e-08
     5.378333333333796	-2.465685880652596e-08
     5.378666666667129	-2.465685880652596e-08
     5.379000000000463	-2.465685880652596e-08
     5.379333333333797	-2.465685880652596e-08
     5.379666666667131	-2.465685880652596e-08
     5.380000000000464	-2.465685880652596e-08
     5.380333333333798	-2.465685880652596e-08
     5.380666666667132	-2.465685880652596e-08
     5.381000000000466	-2.465685880652596e-08
     5.381333333333799	-2.465685880652596e-08
     5.381666666667133	-2.465685880652596e-08
     5.382000000000467	-2.465685880652596e-08
     5.382333333333801	-2.465685880652596e-08
     5.382666666667134	-2.465685880652596e-08
     5.383000000000468	-2.465685880652596e-08
     5.383333333333802	-2.465685880652596e-08
     5.383666666667136	-2.465685880652596e-08
     5.384000000000469	-2.465685880652596e-08
     5.384333333333803	-2.465685880652596e-08
     5.384666666667137	-2.465685880652596e-08
     5.385000000000471	-2.465685880652596e-08
     5.385333333333804	-2.465685880652596e-08
     5.385666666667138	-2.465685880652596e-08
     5.386000000000472	-2.465685880652596e-08
     5.386333333333805	-2.465685880652596e-08
     5.386666666667139	-2.465685880652596e-08
     5.387000000000473	-2.465685880652596e-08
     5.387333333333807	-2.465685880652596e-08
      5.38766666666714	-2.465685880652596e-08
     5.388000000000474	-2.465685880652596e-08
     5.388333333333808	-2.465685880652596e-08
     5.388666666667142	-2.465685880652596e-08
     5.389000000000475	-2.465685880652596e-08
     5.389333333333809	-2.465685880652596e-08
     5.389666666667143	-2.465685880652596e-08
     5.390000000000477	-2.465685880652596e-08
      5.39033333333381	-2.465685880652596e-08
     5.390666666667144	-2.465685880652596e-08
     5.391000000000478	-2.465685880652596e-08
     5.391333333333812	-2.465685880652596e-08
     5.391666666667145	-2.465685880652596e-08
     5.392000000000479	-2.465685880652596e-08
     5.392333333333813	-2.465685880652596e-08
     5.392666666667147	-2.465685880652596e-08
      5.39300000000048	-2.465685880652596e-08
     5.393333333333814	-2.465685880652596e-08
     5.393666666667148	-2.465685880652596e-08
     5.394000000000482	-2.465685880652596e-08
     5.394333333333815	-2.465685880652596e-08
     5.394666666667149	-2.465685880652596e-08
     5.395000000000483	-2.465685880652596e-08
     5.395333333333816	-2.465685880652596e-08
      5.39566666666715	-2.465685880652596e-08
     5.396000000000484	-2.465685880652596e-08
     5.396333333333818	-2.465685880652596e-08
     5.396666666667151	-2.465685880652596e-08
     5.397000000000485	-2.465685880652596e-08
     5.397333333333819	-2.465685880652596e-08
     5.397666666667153	-2.465685880652596e-08
     5.398000000000486	-2.465685880652596e-08
      5.39833333333382	-2.465685880652596e-08
     5.398666666667154	-2.465685880652596e-08
     5.399000000000488	-2.465685880652596e-08
     5.399333333333821	-2.465685880652596e-08
     5.399666666667155	-2.465685880652596e-08
     5.400000000000489	-2.465685880652596e-08
     5.400333333333823	-2.465685880652596e-08
     5.400666666667156	-2.465685880652596e-08
      5.40100000000049	-2.465685880652596e-08
     5.401333333333824	-2.465685880652596e-08
     5.401666666667158	-2.465685880652596e-08
     5.402000000000491	-2.465685880652596e-08
     5.402333333333825	-2.465685880652596e-08
     5.402666666667159	-2.465685880652596e-08
     5.403000000000493	-2.465685880652596e-08
     5.403333333333826	-2.465685880652596e-08
      5.40366666666716	-2.465685880652596e-08
     5.404000000000494	-2.465685880652596e-08
     5.404333333333827	-2.465685880652596e-08
     5.404666666667161	-2.465685880652596e-08
     5.405000000000495	-2.465685880652596e-08
     5.405333333333829	-2.465685880652596e-08
     5.405666666667162	-2.465685880652596e-08
     5.406000000000496	-2.465685880652596e-08
      5.40633333333383	-2.465685880652596e-08
     5.406666666667164	-2.465685880652596e-08
     5.407000000000497	-2.465685880652596e-08
     5.407333333333831	-2.465685880652596e-08
     5.407666666667165	-2.465685880652596e-08
     5.408000000000499	-2.465685880652596e-08
     5.408333333333832	-2.465685880652596e-08
     5.408666666667166	-2.465685880652596e-08
       5.4090000000005	-2.465685880652596e-08
     5.409333333333834	-2.465685880652596e-08
     5.409666666667167	-2.465685880652596e-08
     5.410000000000501	-2.465685880652596e-08
     5.410333333333835	-2.465685880652596e-08
     5.410666666667169	-2.465685880652596e-08
     5.411000000000502	-2.465685880652596e-08
     5.411333333333836	-2.465685880652596e-08
      5.41166666666717	-2.465685880652596e-08
     5.412000000000504	-2.465685880652596e-08
     5.412333333333837	-2.465685880652596e-08
     5.412666666667171	-2.465685880652596e-08
     5.413000000000505	-2.465685880652596e-08
     5.413333333333838	-2.465685880652596e-08
     5.413666666667172	-2.465685880652596e-08
     5.414000000000506	-2.465685880652596e-08
      5.41433333333384	-2.465685880652596e-08
     5.414666666667173	-2.465685880652596e-08
     5.415000000000507	-2.465685880652596e-08
     5.415333333333841	-2.465685880652596e-08
     5.415666666667175	-2.465685880652596e-08
     5.416000000000508	-2.465685880652596e-08
     5.416333333333842	-2.465685880652596e-08
     5.416666666667176	-2.465685880652596e-08
      5.41700000000051	-2.465685880652596e-08
     5.417333333333843	-2.465685880652596e-08
     5.417666666667177	-2.465685880652596e-08
     5.418000000000511	-2.465685880652596e-08
     5.418333333333845	-2.465685880652596e-08
     5.418666666667178	-2.465685880652596e-08
     5.419000000000512	-2.465685880652596e-08
     5.419333333333846	-2.465685880652596e-08
      5.41966666666718	-2.465685880652596e-08
     5.420000000000513	-2.465685880652596e-08
     5.420333333333847	-2.465685880652596e-08
     5.420666666667181	-2.465685880652596e-08
     5.421000000000515	-2.465685880652596e-08
     5.421333333333848	-2.465685880652596e-08
     5.421666666667182	-2.465685880652596e-08
     5.422000000000516	-2.465685880652596e-08
     5.422333333333849	-2.465685880652596e-08
     5.422666666667183	-2.465685880652596e-08
     5.423000000000517	-2.465685880652596e-08
     5.423333333333851	-2.465685880652596e-08
     5.423666666667184	-2.465685880652596e-08
     5.424000000000518	-2.465685880652596e-08
     5.424333333333852	-2.465685880652596e-08
     5.424666666667186	-2.465685880652596e-08
     5.425000000000519	-2.465685880652596e-08
     5.425333333333853	-2.465685880652596e-08
     5.425666666667187	-2.465685880652596e-08
     5.426000000000521	-2.465685880652596e-08
     5.426333333333854	-2.465685880652596e-08
     5.426666666667188	-2.465685880652596e-08
     5.427000000000522	-2.465685880652596e-08
     5.427333333333856	-2.465685880652596e-08
     5.427666666667189	-2.465685880652596e-08
     5.428000000000523	-2.465685880652596e-08
     5.428333333333857	-2.465685880652596e-08
     5.428666666667191	-2.465685880652596e-08
     5.429000000000524	-2.465685880652596e-08
     5.429333333333858	-2.465685880652596e-08
     5.429666666667192	-2.465685880652596e-08
     5.430000000000526	-2.465685880652596e-08
     5.430333333333859	-2.465685880652596e-08
     5.430666666667193	-2.465685880652596e-08
     5.431000000000527	-2.465685880652596e-08
      5.43133333333386	-2.465685880652596e-08
     5.431666666667194	-2.465685880652596e-08
     5.432000000000528	-2.465685880652596e-08
     5.432333333333862	-2.465685880652596e-08
     5.432666666667195	-2.465685880652596e-08
     5.433000000000529	-2.465685880652596e-08
     5.433333333333863	-2.465685880652596e-08
     5.433666666667197	-2.465685880652596e-08
      5.43400000000053	-2.465685880652596e-08
     5.434333333333864	-2.465685880652596e-08
     5.434666666667198	-2.465685880652596e-08
     5.435000000000532	-2.465685880652596e-08
     5.435333333333865	-2.465685880652596e-08
     5.435666666667199	-2.465685880652596e-08
     5.436000000000533	-2.465685880652596e-08
     5.436333333333867	-2.465685880652596e-08
       5.4366666666672	-2.465685880652596e-08
     5.437000000000534	-2.465685880652596e-08
     5.437333333333868	-2.465685880652596e-08
     5.437666666667202	-2.465685880652596e-08
     5.438000000000535	-2.465685880652596e-08
     5.438333333333869	-2.465685880652596e-08
     5.438666666667203	-2.465685880652596e-08
     5.439000000000537	-2.465685880652596e-08
      5.43933333333387	-2.465685880652596e-08
     5.439666666667204	-2.465685880652596e-08
     5.440000000000538	-2.465685880652596e-08
     5.440333333333871	-2.465685880652596e-08
     5.440666666667205	-2.465685880652596e-08
     5.441000000000539	-2.465685880652596e-08
     5.441333333333873	-2.465685880652596e-08
     5.441666666667206	-2.465685880652596e-08
      5.44200000000054	-2.465685880652596e-08
     5.442333333333874	-2.465685880652596e-08
     5.442666666667208	-2.465685880652596e-08

     6.000333333333334	-2.414638688485306e-08
     6.000666666666667	-2.414638688485306e-08
     6.001000000000001	-2.414638688485306e-08
     6.001333333333335	-2.414638688485306e-08
     6.001666666666669	-2.414638688485306e-08
     6.002000000000002	-2.414638688485306e-08
     6.002333333333336	-2.414638688485306e-08
      6.00266666666667	-2.414638688485306e-08
     6.003000000000004	-2.414638688485306e-08
     6.003333333333337	-2.414638688485306e-08
     6.003666666666671	-2.414638688485306e-08
     6.004000000000005	-2.414638688485306e-08
     6.004333333333339	-2.414638688485306e-08
     6.004666666666672	-2.414638688485306e-08
     6.005000000000006	-2.414638688485306e-08
      6.00533333333334	-2.414638688485306e-08
     6.005666666666674	-2.414638688485306e-08
     6.006000000000007	-2.414638688485306e-08
     6.006333333333341	-2.414638688485306e-08
     6.006666666666675	-2.414638688485306e-08
     6.007000000000009	-2.414638688485306e-08
     6.007333333333342	-2.414638688485306e-08
     6.007666666666676	-2.414638688485306e-08
      6.00800000000001	-2.414638688485306e-08
     6.008333333333344	-2.414638688485306e-08
     6.008666666666677	-2.414638688485306e-08
     6.009000000000011	-2.414638688485306e-08
     6.009333333333345	-2.414638688485306e-08
     6.009666666666678	-2.414638688485306e-08
     6.010000000000012	-2.414638688485306e-08
     6.010333333333346	-2.414638688485306e-08
      6.01066666666668	-2.414638688485306e-08
     6.011000000000013	-2.414638688485306e-08
     6.011333333333347	-2.414638688485306e-08
     6.011666666666681	-2.414638688485306e-08
     6.012000000000015	-2.414638688485306e-08
     6.012333333333348	-2.414638688485306e-08
     6.012666666666682	-2.414638688485306e-08
     6.013000000000016	-2.414638688485306e-08
      6.01333333333335	-2.414638688485306e-08
     6.013666666666683	-2.414638688485306e-08
     6.014000000000017	-2.414638688485306e-08
     6.014333333333351	-2.414638688485306e-08
     6.014666666666685	-2.414638688485306e-08
     6.015000000000018	-2.414638688485306e-08
     6.015333333333352	-2.414638688485306e-08
     6.015666666666686	-2.414638688485306e-08
      6.01600000000002	-2.414638688485306e-08
     6.016333333333353	-2.414638688485306e-08
     6.016666666666687	-2.414638688485306e-08
     6.017000000000021	-2.414638688485306e-08
     6.017333333333355	-2.414638688485306e-08
     6.017666666666688	-2.414638688485306e-08
     6.018000000000022	-2.414638688485306e-08
     6.018333333333356	-2.414638688485306e-08
     6.018666666666689	-2.414638688485306e-08
     6.019000000000023	-2.414638688485306e-08
     6.019333333333357	-2.414638688485306e-08
     6.019666666666691	-2.414638688485306e-08
     6.020000000000024	-2.414638688485306e-08
     6.020333333333358	-2.414638688485306e-08
     6.020666666666692	-2.414638688485306e-08
     6.021000000000026	-2.414638688485306e-08
     6.021333333333359	-2.414638688485306e-08
     6.021666666666693	-2.414638688485306e-08
     6.022000000000027	-2.414638688485306e-08
     6.022333333333361	-2.414638688485306e-08
     6.022666666666694	-2.414638688485306e-08
     6.023000000000028	-2.414638688485306e-08
     6.023333333333362	-2.414638688485306e-08
     6.023666666666696	-2.414638688485306e-08
     6.024000000000029	-2.414638688485306e-08
     6.024333333333363	-2.414638688485306e-08
     6.024666666666697	-2.414638688485306e-08
     6.025000000000031	-2.414638688485306e-08
     6.025333333333364	-2.414638688485306e-08
     6.025666666666698	-2.414638688485306e-08
     6.026000000000032	-2.414638688485306e-08
     6.026333333333366	-2.414638688485306e-08
     6.026666666666699	-2.414638688485306e-08
     6.027000000000033	-2.414638688485306e-08
     6.027333333333367	-2.414638688485306e-08
       6.0276666666667	-2.414638688485306e-08
     6.028000000000034	-2.414638688485306e-08
     6.028333333333368	-2.414638688485306e-08
     6.028666666666702	-2.414638688485306e-08
     6.029000000000035	-2.414638688485306e-08
     6.029333333333369	-2.414638688485306e-08
     6.029666666666703	-2.414638688485306e-08
     6.030000000000037	-2.414638688485306e-08
      6.03033333333337	-2.414638688485306e-08
     6.030666666666704	-2.414638688485306e-08
     6.031000000000038	-2.414638688485306e-08
     6.031333333333372	-2.414638688485306e-08
     6.031666666666705	-2.414638688485306e-08
     6.032000000000039	-2.414638688485306e-08
     6.032333333333373	-2.414638688485306e-08
     6.032666666666707	-2.414638688485306e-08
      6.03300000000004	-2.414638688485306e-08
     6.033333333333374	-2.414638688485306e-08
     6.033666666666708	-2.414638688485306e-08
     6.034000000000042	-2.414638688485306e-08
     6.034333333333375	-2.414638688485306e-08
     6.034666666666709	-2.414638688485306e-08
     6.035000000000043	-2.414638688485306e-08
     6.035333333333377	-2.414638688485306e-08
      6.03566666666671	-2.414638688485306e-08
     6.036000000000044	-2.414638688485306e-08
     6.036333333333378	-2.414638688485306e-08
     6.036666666666711	-2.414638688485306e-08
     6.037000000000045	-2.414638688485306e-08
     6.037333333333379	-2.414638688485306e-08
     6.037666666666713	-2.414638688485306e-08
     6.038000000000046	-2.414638688485306e-08
      6.03833333333338	-2.414638688485306e-08
     6.038666666666714	-2.414638688485306e-08
     6.039000000000048	-2.414638688485306e-08
     6.039333333333381	-2.414638688485306e-08
     6.039666666666715	-2.414638688485306e-08
     6.040000000000049	-2.414638688485306e-08
     6.040333333333383	-2.414638688485306e-08
     6.040666666666716	-2.414638688485306e-08
      6.04100000000005	-2.414638688485306e-08
     6.041333333333384	-2.414638688485306e-08
     6.041666666666718	-2.414638688485306e-08
     6.042000000000051	-2.414638688485306e-08
     6.042333333333385	-2.414638688485306e-08
     6.042666666666719	-2.414638688485306e-08
     6.043000000000053	-2.414638688485306e-08
     6.043333333333386	-2.414638688485306e-08
      6.04366666666672	-2.414638688485306e-08
     6.044000000000054	-2.414638688485306e-08
     6.044333333333388	-2.414638688485306e-08
     6.044666666666721	-2.414638688485306e-08
     6.045000000000055	-2.414638688485306e-08
     6.045333333333389	-2.414638688485306e-08
     6.045666666666722	-2.414638688485306e-08
     6.046000000000056	-2.414638688485306e-08
      6.04633333333339	-2.414638688485306e-08
     6.046666666666724	-2.414638688485306e-08
     6.047000000000057	-2.414638688485306e-08
     6.047333333333391	-2.414638688485306e-08
     6.047666666666725	-2.414638688485306e-08
     6.048000000000059	-2.414638688485306e-08
     6.048333333333392	-2.414638688485306e-08
     6.048666666666726	-2.414638688485306e-08
      6.04900000000006	-2.414638688485306e-08
     6.049333333333394	-2.414638688485306e-08
     6.049666666666727	-2.414638688485306e-08
     6.050000000000061	-2.414638688485306e-08
     6.050333333333395	-2.414638688485306e-08
     6.050666666666729	-2.414638688485306e-08
     6.051000000000062	-2.414638688485306e-08
     6.051333333333396	-2.414638688485306e-08
      6.05166666666673	-2.414638688485306e-08
     6.052000000000064	-2.414638688485306e-08
     6.052333333333397	-2.414638688485306e-08
     6.052666666666731	-2.414638688485306e-08
     6.053000000000065	-2.414638688485306e-08
     6.053333333333399	-2.414638688485306e-08
     6.053666666666732	-2.414638688485306e-08
     6.054000000000066	-2.414638688485306e-08
       6.0543333333334	-2.414638688485306e-08
     6.054666666666733	-2.414638688485306e-08
     6.055000000000067	-2.414638688485306e-08
     6.055333333333401	-2.414638688485306e-08
     6.055666666666735	-2.414638688485306e-08
     6.056000000000068	-2.414638688485306e-08
     6.056333333333402	-2.414638688485306e-08
     6.056666666666736	-2.414638688485306e-08
      6.05700000000007	-2.414638688485306e-08
     6.057333333333403	-2.414638688485306e-08
     6.057666666666737	-2.414638688485306e-08
     6.058000000000071	-2.414638688485306e-08
     6.058333333333405	-2.414638688485306e-08
     6.058666666666738	-2.414638688485306e-08
     6.059000000000072	-2.414638688485306e-08
     6.059333333333406	-2.414638688485306e-08
      6.05966666666674	-2.414638688485306e-08
     6.060000000000073	-2.414638688485306e-08
     6.060333333333407	-2.414638688485306e-08
     6.060666666666741	-2.414638688485306e-08
     6.061000000000075	-2.414638688485306e-08
     6.061333333333408	-2.414638688485306e-08
     6.061666666666742	-2.414638688485306e-08
     6.062000000000076	-2.414638688485306e-08
      6.06233333333341	-2.414638688485306e-08
     6.062666666666743	-2.414638688485306e-08
     6.063000000000077	-2.414638688485306e-08
     6.063333333333411	-2.414638688485306e-08
     6.063666666666744	-2.414638688485306e-08
     6.064000000000078	-2.414638688485306e-08
     6.064333333333412	-2.414638688485306e-08
     6.064666666666746	-2.414638688485306e-08
     6.065000000000079	-2.414638688485306e-08
     6.065333333333413	-2.414638688485306e-08
     6.065666666666747	-2.414638688485306e-08
     6.066000000000081	-2.414638688485306e-08
     6.066333333333414	-2.414638688485306e-08
     6.066666666666748	-2.414638688485306e-08
     6.067000000000082	-2.414638688485306e-08
     6.067333333333416	-2.414638688485306e-08
     6.067666666666749	-2.414638688485306e-08
     6.068000000000083	-2.414638688485306e-08
     6.068333333333417	-2.414638688485306e-08
     6.068666666666751	-2.414638688485306e-08
     6.069000000000084	-2.414638688485306e-08
     6.069333333333418	-2.414638688485306e-08
     6.069666666666752	-2.414638688485306e-08
     6.070000000000086	-2.414638688485306e-08
     6.070333333333419	-2.414638688485306e-08
     6.070666666666753	-2.414638688485306e-08
     6.071000000000087	-2.414638688485306e-08
     6.071333333333421	-2.414638688485306e-08
     6.071666666666754	-2.414638688485306e-08
     6.072000000000088	-2.414638688485306e-08
     6.072333333333422	-2.414638688485306e-08
     6.072666666666755	-2.414638688485306e-08
     6.073000000000089	-2.414638688485306e-08
     6.073333333333423	-2.414638688485306e-08
     6.073666666666757	-2.414638688485306e-08
      6.07400000000009	-2.414638688485306e-08
     6.074333333333424	-2.414638688485306e-08
     6.074666666666758	-2.414638688485306e-08
     6.075000000000092	-2.414638688485306e-08
     6.075333333333425	-2.414638688485306e-08
     6.075666666666759	-2.414638688485306e-08
     6.076000000000093	-2.414638688485306e-08
     6.076333333333427	-2.414638688485306e-08
      6.07666666666676	-2.414638688485306e-08
     6.077000000000094	-2.414638688485306e-08
     6.077333333333428	-2.414638688485306e-08
     6.077666666666762	-2.414638688485306e-08
     6.078000000000095	-2.414638688485306e-08
     6.078333333333429	-2.414638688485306e-08
     6.078666666666763	-2.414638688485306e-08
     6.079000000000097	-2.414638688485306e-08
      6.07933333333343	-2.414638688485306e-08
     6.079666666666764	-2.414638688485306e-08
     6.080000000000098	-2.414638688485306e-08
     6.080333333333432	-2.414638688485306e-08
     6.080666666666765	-2.414638688485306e-08
     6.081000000000099	-2.414638688485306e-08
     6.081333333333433	-2.414638688485306e-08
     6.081666666666766	-2.414638688485306e-08
       6.0820000000001	-2.414638688485306e-08
     6.082333333333434	-2.414638688485306e-08
     6.082666666666768	-2.414638688485306e-08
     6.083000000000101	-2.414638688485306e-08
     6.083333333333435	-2.414638688485306e-08
     6.083666666666769	-2.414638688485306e-08
     6.084000000000103	-2.414638688485306e-08
     6.084333333333436	-2.414638688485306e-08
      6.08466666666677	-2.414638688485306e-08
     6.085000000000104	-2.414638688485306e-08
     6.085333333333438	-2.414638688485306e-08
     6.085666666666771	-2.414638688485306e-08
     6.086000000000105	-2.414638688485306e-08
     6.086333333333439	-2.414638688485306e-08
     6.086666666666773	-2.414638688485306e-08
     6.087000000000106	-2.414638688485306e-08
      6.08733333333344	-2.414638688485306e-08
     6.087666666666774	-2.414638688485306e-08
     6.088000000000108	-2.414638688485306e-08
     6.088333333333441	-2.414638688485306e-08
     6.088666666666775	-2.414638688485306e-08
     6.089000000000109	-2.414638688485306e-08
     6.089333333333443	-2.414638688485306e-08
     6.089666666666776	-2.414638688485306e-08
      6.09000000000011	-2.414638688485306e-08
     6.090333333333444	-2.414638688485306e-08
     6.090666666666777	-2.414638688485306e-08
     6.091000000000111	-2.414638688485306e-08
     6.091333333333445	-2.414638688485306e-08
     6.091666666666779	-2.414638688485306e-08
     6.092000000000112	-2.414638688485306e-08
     6.092333333333446	-2.414638688485306e-08
      6.09266666666678	-2.414638688485306e-08
     6.093000000000114	-2.414638688485306e-08
     6.093333333333447	-2.414638688485306e-08
     6.093666666666781	-2.414638688485306e-08
     6.094000000000115	-2.414638688485306e-08
     6.094333333333449	-2.414638688485306e-08
     6.094666666666782	-2.414638688485306e-08
     6.095000000000116	-2.414638688485306e-08
      6.09533333333345	-2.414638688485306e-08
     6.095666666666784	-2.414638688485306e-08
     6.096000000000117	-2.414638688485306e-08
     6.096333333333451	-2.414638688485306e-08
     6.096666666666785	-2.414638688485306e-08
     6.097000000000119	-2.414638688485306e-08
     6.097333333333452	-2.414638688485306e-08
     6.097666666666786	-2.414638688485306e-08
      6.09800000000012	-2.414638688485306e-08
     6.098333333333454	-2.414638688485306e-08
     6.098666666666787	-2.414638688485306e-08
     6.099000000000121	-2.414638688485306e-08
     6.099333333333455	-2.414638688485306e-08
     6.099666666666788	-2.414638688485306e-08
     6.100000000000122	-2.414638688485306e-08
     6.100333333333456	-2.414638688485306e-08
      6.10066666666679	-2.414638688485306e-08
     6.101000000000123	-2.414638688485306e-08
     6.101333333333457	-2.414638688485306e-08
     6.101666666666791	-2.414638688485306e-08
     6.102000000000125	-2.414638688485306e-08
     6.102333333333458	-2.414638688485306e-08
     6.102666666666792	-2.414638688485306e-08
     6.103000000000126	-2.414638688485306e-08
      6.10333333333346	-2.414638688485306e-08
     6.103666666666793	-2.414638688485306e-08
     6.104000000000127	-2.414638688485306e-08
     6.104333333333461	-2.414638688485306e-08
     6.104666666666795	-2.414638688485306e-08
     6.105000000000128	-2.414638688485306e-08
     6.105333333333462	-2.414638688485306e-08
     6.105666666666796	-2.414638688485306e-08
      6.10600000000013	-2.414638688485306e-08
     6.106333333333463	-2.414638688485306e-08
     6.106666666666797	-2.414638688485306e-08
     6.107000000000131	-2.414638688485306e-08
     6.107333333333465	-2.414638688485306e-08
     6.107666666666798	-2.414638688485306e-08
     6.108000000000132	-2.414638688485306e-08
     6.108333333333466	-2.414638688485306e-08
     6.108666666666799	-2.414638688485306e-08
     6.109000000000133	-2.414638688485306e-08
     6.109333333333467	-2.414638688485306e-08
     6.109666666666801	-2.414638688485306e-08
     6.110000000000134	-2.414638688485306e-08
     6.110333333333468	-2.414638688485306e-08
     6.110666666666802	-2.414638688485306e-08
     6.111000000000136	-2.414638688485306e-08
     6.111333333333469	-2.414638688485306e-08
     6.111666666666803	-2.414638688485306e-08
     6.112000000000137	-2.414638688485306e-08
     6.112333333333471	-2.414638688485306e-08
     6.112666666666804	-2.414638688485306e-08
     6.113000000000138	-2.414638688485306e-08
     6.113333333333472	-2.414638688485306e-08
     6.113666666666806	-2.414638688485306e-08
     6.114000000000139	-2.414638688485306e-08
     6.114333333333473	-2.414638688485306e-08
     6.114666666666807	-2.414638688485306e-08
     6.115000000000141	-2.414638688485306e-08
     6.115333333333474	-2.414638688485306e-08
     6.115666666666808	-2.414638688485306e-08
     6.116000000000142	-2.414638688485306e-08
     6.116333333333476	-2.414638688485306e-08
     6.116666666666809	-2.414638688485306e-08
     6.117000000000143	-2.414638688485306e-08
     6.117333333333477	-2.414638688485306e-08
      6.11766666666681	-2.414638688485306e-08
     6.118000000000144	-2.414638688485306e-08
     6.118333333333478	-2.414638688485306e-08
     6.118666666666812	-2.414638688485306e-08
     6.119000000000145	-2.414638688485306e-08
     6.119333333333479	-2.414638688485306e-08
     6.119666666666813	-2.414638688485306e-08
     6.120000000000147	-2.414638688485306e-08
      6.12033333333348	-2.414638688485306e-08
     6.120666666666814	-2.414638688485306e-08
     6.121000000000148	-2.414638688485306e-08
     6.121333333333482	-2.414638688485306e-08
     6.121666666666815	-2.414638688485306e-08
     6.122000000000149	-2.414638688485306e-08
     6.122333333333483	-2.414638688485306e-08
     6.122666666666817	-2.414638688485306e-08
      6.12300000000015	-2.414638688485306e-08
     6.123333333333484	-2.414638688485306e-08
     6.123666666666818	-2.414638688485306e-08
     6.124000000000152	-2.414638688485306e-08
     6.124333333333485	-2.414638688485306e-08
     6.124666666666819	-2.414638688485306e-08
     6.125000000000153	-2.414638688485306e-08
     6.125333333333487	-2.414638688485306e-08
      6.12566666666682	-2.414638688485306e-08
     6.126000000000154	-2.414638688485306e-08
     6.126333333333488	-2.414638688485306e-08
     6.126666666666821	-2.414638688485306e-08
     6.127000000000155	-2.414638688485306e-08
     6.127333333333489	-2.414638688485306e-08
     6.127666666666823	-2.414638688485306e-08
     6.128000000000156	-2.414638688485306e-08
      6.12833333333349	-2.414638688485306e-08
     6.128666666666824	-2.414638688485306e-08
     6.129000000000158	-2.414638688485306e-08
     6.129333333333491	-2.414638688485306e-08
     6.129666666666825	-2.414638688485306e-08
     6.130000000000159	-2.414638688485306e-08
     6.130333333333493	-2.414638688485306e-08
     6.130666666666826	-2.414638688485306e-08
      6.13100000000016	-2.414638688485306e-08
     6.131333333333494	-2.414638688485306e-08
     6.131666666666828	-2.414638688485306e-08
     6.132000000000161	-2.414638688485306e-08
     6.132333333333495	-2.414638688485306e-08
     6.132666666666829	-2.414638688485306e-08
     6.133000000000163	-2.414638688485306e-08
     6.133333333333496	-2.414638688485306e-08
      6.13366666666683	-2.414638688485306e-08
     6.134000000000164	-2.414638688485306e-08
     6.134333333333498	-2.414638688485306e-08
     6.134666666666831	-2.414638688485306e-08
     6.135000000000165	-2.414638688485306e-08
     6.135333333333499	-2.414638688485306e-08
     6.135666666666832	-2.414638688485306e-08
     6.136000000000166	-2.414638688485306e-08
       6.1363333333335	-2.414638688485306e-08
     6.136666666666834	-2.414638688485306e-08
     6.137000000000167	-2.414638688485306e-08
     6.137333333333501	-2.414638688485306e-08
     6.137666666666835	-2.414638688485306e-08
     6.138000000000169	-2.414638688485306e-08
     6.138333333333502	-2.414638688485306e-08
     6.138666666666836	-2.414638688485306e-08
      6.13900000000017	-2.414638688485306e-08
     6.139333333333504	-2.414638688485306e-08
     6.139666666666837	-2.414638688485306e-08
     6.140000000000171	-2.414638688485306e-08
     6.140333333333505	-2.414638688485306e-08
     6.140666666666839	-2.414638688485306e-08
     6.141000000000172	-2.414638688485306e-08
     6.141333333333506	-2.414638688485306e-08
      6.14166666666684	-2.414638688485306e-08
     6.142000000000174	-2.414638688485306e-08
     6.142333333333507	-2.414638688485306e-08
     6.142666666666841	-2.414638688485306e-08
     6.143000000000175	-2.414638688485306e-08
     6.143333333333509	-2.414638688485306e-08
     6.143666666666842	-2.414638688485306e-08
     6.144000000000176	-2.414638688485306e-08
      6.14433333333351	-2.414638688485306e-08
     6.144666666666843	-2.414638688485306e-08
     6.145000000000177	-2.414638688485306e-08
     6.145333333333511	-2.414638688485306e-08
     6.145666666666845	-2.414638688485306e-08
     6.146000000000178	-2.414638688485306e-08
     6.146333333333512	-2.414638688485306e-08
     6.146666666666846	-2.414638688485306e-08
      6.14700000000018	-2.414638688485306e-08
     6.147333333333513	-2.414638688485306e-08
     6.147666666666847	-2.414638688485306e-08
     6.148000000000181	-2.414638688485306e-08
     6.148333333333515	-2.414638688485306e-08
     6.148666666666848	-2.414638688485306e-08
     6.149000000000182	-2.414638688485306e-08
     6.149333333333516	-2.414638688485306e-08
      6.14966666666685	-2.414638688485306e-08
     6.150000000000183	-2.414638688485306e-08
     6.150333333333517	-2.414638688485306e-08
     6.150666666666851	-2.414638688485306e-08
     6.151000000000185	-2.414638688485306e-08
     6.151333333333518	-2.414638688485306e-08
     6.151666666666852	-2.414638688485306e-08
     6.152000000000186	-2.414638688485306e-08
      6.15233333333352	-2.414638688485306e-08
     6.152666666666853	-2.414638688485306e-08
     6.153000000000187	-2.414638688485306e-08
     6.153333333333521	-2.414638688485306e-08
     6.153666666666854	-2.414638688485306e-08
     6.154000000000188	-2.414638688485306e-08
     6.154333333333522	-2.414638688485306e-08
     6.154666666666856	-2.414638688485306e-08
     6.155000000000189	-2.414638688485306e-08
     6.155333333333523	-2.414638688485306e-08
     6.155666666666857	-2.414638688485306e-08
     6.156000000000191	-2.414638688485306e-08
     6.156333333333524	-2.414638688485306e-08
     6.156666666666858	-2.414638688485306e-08
     6.157000000000192	-2.414638688485306e-08
     6.157333333333526	-2.414638688485306e-08
     6.157666666666859	-2.414638688485306e-08
     6.158000000000193	-2.414638688485306e-08
     6.158333333333527	-2.414638688485306e-08
     6.158666666666861	-2.414638688485306e-08
     6.159000000000194	-2.414638688485306e-08
     6.159333333333528	-2.414638688485306e-08
     6.159666666666862	-2.414638688485306e-08
     6.160000000000196	-2.414638688485306e-08
     6.160333333333529	-2.414638688485306e-08
     6.160666666666863	-2.414638688485306e-08
     6.161000000000197	-2.414638688485306e-08
     6.161333333333531	-2.414638688485306e-08
     6.161666666666864	-2.414638688485306e-08
     6.162000000000198	-2.414638688485306e-08
     6.162333333333532	-2.414638688485306e-08
     6.162666666666865	-2.414638688485306e-08
     6.163000000000199	-2.414638688485306e-08
     6.163333333333533	-2.414638688485306e-08
     6.163666666666867	-2.414638688485306e-08
       6.1640000000002	-2.414638688485306e-08
     6.164333333333534	-2.414638688485306e-08
     6.164666666666868	-2.414638688485306e-08
     6.165000000000202	-2.414638688485306e-08
     6.165333333333535	-2.414638688485306e-08
     6.165666666666869	-2.414638688485306e-08
     6.166000000000203	-2.414638688485306e-08
     6.166333333333537	-2.414638688485306e-08
      6.16666666666687	-2.414638688485306e-08
     6.167000000000204	-2.414638688485306e-08
     6.167333333333538	-2.414638688485306e-08
     6.167666666666872	-2.414638688485306e-08
     6.168000000000205	-2.414638688485306e-08
     6.168333333333539	-2.414638688485306e-08
     6.168666666666873	-2.414638688485306e-08
     6.169000000000207	-2.414638688485306e-08
      6.16933333333354	-2.414638688485306e-08
     6.169666666666874	-2.414638688485306e-08
     6.170000000000208	-2.414638688485306e-08
     6.170333333333542	-2.414638688485306e-08
     6.170666666666875	-2.414638688485306e-08
     6.171000000000209	-2.414638688485306e-08
     6.171333333333543	-2.414638688485306e-08
     6.171666666666876	-2.414638688485306e-08
      6.17200000000021	-2.414638688485306e-08
     6.172333333333544	-2.414638688485306e-08
     6.172666666666878	-2.414638688485306e-08
     6.173000000000211	-2.414638688485306e-08
     6.173333333333545	-2.414638688485306e-08
     6.173666666666879	-2.414638688485306e-08
     6.174000000000213	-2.414638688485306e-08
     6.174333333333546	-2.414638688485306e-08
      6.17466666666688	-2.414638688485306e-08
     6.175000000000214	-2.414638688485306e-08
     6.175333333333548	-2.414638688485306e-08
     6.175666666666881	-2.414638688485306e-08
     6.176000000000215	-2.414638688485306e-08
     6.176333333333549	-2.414638688485306e-08
     6.176666666666883	-2.414638688485306e-08
     6.177000000000216	-2.414638688485306e-08
      6.17733333333355	-2.414638688485306e-08
     6.177666666666884	-2.414638688485306e-08
     6.178000000000218	-2.414638688485306e-08
     6.178333333333551	-2.414638688485306e-08
     6.178666666666885	-2.414638688485306e-08
     6.179000000000219	-2.414638688485306e-08
     6.179333333333553	-2.414638688485306e-08
     6.179666666666886	-2.414638688485306e-08
      6.18000000000022	-2.414638688485306e-08
     6.180333333333554	-2.414638688485306e-08
     6.180666666666887	-2.414638688485306e-08
     6.181000000000221	-2.414638688485306e-08
     6.181333333333555	-2.414638688485306e-08
     6.181666666666889	-2.414638688485306e-08
     6.182000000000222	-2.414638688485306e-08
     6.182333333333556	-2.414638688485306e-08
      6.18266666666689	-2.414638688485306e-08
     6.183000000000224	-2.414638688485306e-08
     6.183333333333557	-2.414638688485306e-08
     6.183666666666891	-2.414638688485306e-08
     6.184000000000225	-2.414638688485306e-08
     6.184333333333559	-2.414638688485306e-08
     6.184666666666892	-2.414638688485306e-08
     6.185000000000226	-2.414638688485306e-08
      6.18533333333356	-2.414638688485306e-08
     6.185666666666894	-2.414638688485306e-08
     6.186000000000227	-2.414638688485306e-08
     6.186333333333561	-2.414638688485306e-08
     6.186666666666895	-2.414638688485306e-08
     6.187000000000229	-2.414638688485306e-08
     6.187333333333562	-2.414638688485306e-08
     6.187666666666896	-2.414638688485306e-08
      6.18800000000023	-2.414638688485306e-08
     6.188333333333564	-2.414638688485306e-08
     6.188666666666897	-2.414638688485306e-08
     6.189000000000231	-2.414638688485306e-08
     6.189333333333565	-2.414638688485306e-08
     6.189666666666898	-2.414638688485306e-08
     6.190000000000232	-2.414638688485306e-08
     6.190333333333566	-2.414638688485306e-08
       6.1906666666669	-2.414638688485306e-08
     6.191000000000233	-2.414638688485306e-08
     6.191333333333567	-2.414638688485306e-08
     6.191666666666901	-2.414638688485306e-08
     6.192000000000235	-2.414638688485306e-08
     6.192333333333568	-2.414638688485306e-08
     6.192666666666902	-2.414638688485306e-08
     6.193000000000236	-2.414638688485306e-08
      6.19333333333357	-2.414638688485306e-08
     6.193666666666903	-2.414638688485306e-08
     6.194000000000237	-2.414638688485306e-08
     6.194333333333571	-2.414638688485306e-08
     6.194666666666905	-2.414638688485306e-08
     6.195000000000238	-2.414638688485306e-08
     6.195333333333572	-2.414638688485306e-08
     6.195666666666906	-2.414638688485306e-08
      6.19600000000024	-2.414638688485306e-08
     6.196333333333573	-2.414638688485306e-08
     6.196666666666907	-2.414638688485306e-08
     6.197000000000241	-2.414638688485306e-08
     6.197333333333575	-2.414638688485306e-08
     6.197666666666908	-2.414638688485306e-08
     6.198000000000242	-2.414638688485306e-08
     6.198333333333576	-2.414638688485306e-08
     6.198666666666909	-2.414638688485306e-08
     6.199000000000243	-2.414638688485306e-08
     6.199333333333577	-2.414638688485306e-08
     6.199666666666911	-2.414638688485306e-08
     6.200000000000244	-2.414638688485306e-08
     6.200333333333578	-2.414638688485306e-08
     6.200666666666912	-2.414638688485306e-08
     6.201000000000246	-2.414638688485306e-08
     6.201333333333579	-2.414638688485306e-08
     6.201666666666913	-2.414638688485306e-08
     6.202000000000247	-2.414638688485306e-08
     6.202333333333581	-2.414638688485306e-08
     6.202666666666914	-2.414638688485306e-08
     6.203000000000248	-2.414638688485306e-08
     6.203333333333582	-2.414638688485306e-08
     6.203666666666916	-2.414638688485306e-08
     6.204000000000249	-2.414638688485306e-08
     6.204333333333583	-2.414638688485306e-08
     6.204666666666917	-2.414638688485306e-08
     6.205000000000251	-2.414638688485306e-08
     6.205333333333584	-2.414638688485306e-08
     6.205666666666918	-2.414638688485306e-08
     6.206000000000252	-2.414638688485306e-08
     6.206333333333586	-2.414638688485306e-08
     6.206666666666919	-2.414638688485306e-08
     6.207000000000253	-2.414638688485306e-08
     6.207333333333587	-2.414638688485306e-08
      6.20766666666692	-2.414638688485306e-08
     6.208000000000254	-2.414638688485306e-08
     6.208333333333588	-2.414638688485306e-08
     6.208666666666922	-2.414638688485306e-08
     6.209000000000255	-2.414638688485306e-08
     6.209333333333589	-2.414638688485306e-08
     6.209666666666923	-2.414638688485306e-08
     6.210000000000257	-2.414638688485306e-08
      6.21033333333359	-2.414638688485306e-08
     6.210666666666924	-2.414638688485306e-08
     6.211000000000258	-2.414638688485306e-08
     6.211333333333592	-2.414638688485306e-08
     6.211666666666925	-2.414638688485306e-08
     6.212000000000259	-2.414638688485306e-08
     6.212333333333593	-2.414638688485306e-08
     6.212666666666927	-2.414638688485306e-08
      6.21300000000026	-2.414638688485306e-08
     6.213333333333594	-2.414638688485306e-08
     6.213666666666928	-2.414638688485306e-08
     6.214000000000262	-2.414638688485306e-08
     6.214333333333595	-2.414638688485306e-08
     6.214666666666929	-2.414638688485306e-08
     6.215000000000263	-2.414638688485306e-08
     6.215333333333596	-2.414638688485306e-08
      6.21566666666693	-2.414638688485306e-08
     6.216000000000264	-2.414638688485306e-08
     6.216333333333598	-2.414638688485306e-08
     6.216666666666931	-2.414638688485306e-08
     6.217000000000265	-2.414638688485306e-08
     6.217333333333599	-2.414638688485306e-08
     6.217666666666933	-2.414638688485306e-08
     6.218000000000266	-2.414638688485306e-08
       6.2183333333336	-2.414638688485306e-08
     6.218666666666934	-2.414638688485306e-08
     6.219000000000268	-2.414638688485306e-08
     6.219333333333601	-2.414638688485306e-08
     6.219666666666935	-2.414638688485306e-08
     6.220000000000269	-2.414638688485306e-08
     6.220333333333603	-2.414638688485306e-08
     6.220666666666936	-2.414638688485306e-08
      6.22100000000027	-2.414638688485306e-08
     6.221333333333604	-2.414638688485306e-08
     6.221666666666938	-2.414638688485306e-08
     6.222000000000271	-2.414638688485306e-08
     6.222333333333605	-2.414638688485306e-08
     6.222666666666939	-2.414638688485306e-08
     6.223000000000273	-2.414638688485306e-08
     6.223333333333606	-2.414638688485306e-08
      6.22366666666694	-2.414638688485306e-08
     6.224000000000274	-2.414638688485306e-08
     6.224333333333607	-2.414638688485306e-08
     6.224666666666941	-2.414638688485306e-08
     6.225000000000275	-2.414638688485306e-08
     6.225333333333609	-2.414638688485306e-08
     6.225666666666942	-2.414638688485306e-08
     6.226000000000276	-2.414638688485306e-08
      6.22633333333361	-2.414638688485306e-08
     6.226666666666944	-2.414638688485306e-08
     6.227000000000277	-2.414638688485306e-08
     6.227333333333611	-2.414638688485306e-08
     6.227666666666945	-2.414638688485306e-08
     6.228000000000279	-2.414638688485306e-08
     6.228333333333612	-2.414638688485306e-08
     6.228666666666946	-2.414638688485306e-08
      6.22900000000028	-2.414638688485306e-08
     6.229333333333614	-2.414638688485306e-08
     6.229666666666947	-2.414638688485306e-08
     6.230000000000281	-2.414638688485306e-08
     6.230333333333615	-2.414638688485306e-08
     6.230666666666949	-2.414638688485306e-08
     6.231000000000282	-2.414638688485306e-08
     6.231333333333616	-2.414638688485306e-08
      6.23166666666695	-2.414638688485306e-08
     6.232000000000284	-2.414638688485306e-08
     6.232333333333617	-2.414638688485306e-08
     6.232666666666951	-2.414638688485306e-08
     6.233000000000285	-2.414638688485306e-08
     6.233333333333618	-2.414638688485306e-08
     6.233666666666952	-2.414638688485306e-08
     6.234000000000286	-2.414638688485306e-08
      6.23433333333362	-2.414638688485306e-08
     6.234666666666953	-2.414638688485306e-08
     6.235000000000287	-2.414638688485306e-08
     6.235333333333621	-2.414638688485306e-08
     6.235666666666955	-2.414638688485306e-08
     6.236000000000288	-2.414638688485306e-08
     6.236333333333622	-2.414638688485306e-08
     6.236666666666956	-2.414638688485306e-08
      6.23700000000029	-2.414638688485306e-08
     6.237333333333623	-2.414638688485306e-08
     6.237666666666957	-2.414638688485306e-08
     6.238000000000291	-2.414638688485306e-08
     6.238333333333625	-2.414638688485306e-08
     6.238666666666958	-2.414638688485306e-08
     6.239000000000292	-2.414638688485306e-08
     6.239333333333626	-2.414638688485306e-08
      6.23966666666696	-2.414638688485306e-08
     6.240000000000293	-2.414638688485306e-08
     6.240333333333627	-2.414638688485306e-08
     6.240666666666961	-2.414638688485306e-08
     6.241000000000295	-2.414638688485306e-08
     6.241333333333628	-2.414638688485306e-08
     6.241666666666962	-2.414638688485306e-08
     6.242000000000296	-2.414638688485306e-08
     6.242333333333629	-2.414638688485306e-08
     6.242666666666963	-2.414638688485306e-08
     6.243000000000297	-2.414638688485306e-08
     6.243333333333631	-2.414638688485306e-08
     6.243666666666964	-2.414638688485306e-08
     6.244000000000298	-2.414638688485306e-08
     6.244333333333632	-2.414638688485306e-08
     6.244666666666966	-2.414638688485306e-08
     6.245000000000299	-2.414638688485306e-08
     6.245333333333633	-2.414638688485306e-08
     6.245666666666967	-2.414638688485306e-08
     6.246000000000301	-2.414638688485306e-08
     6.246333333333634	-2.414638688485306e-08
     6.246666666666968	-2.414638688485306e-08
     6.247000000000302	-2.414638688485306e-08
     6.247333333333636	-2.414638688485306e-08
     6.247666666666969	-2.414638688485306e-08
     6.248000000000303	-2.414638688485306e-08
     6.248333333333637	-2.414638688485306e-08
     6.248666666666971	-2.414638688485306e-08
     6.249000000000304	-2.414638688485306e-08
     6.249333333333638	-2.414638688485306e-08
     6.249666666666972	-2.414638688485306e-08
     6.250000000000306	-2.414638688485306e-08
     6.250333333333639	-2.414638688485306e-08
     6.250666666666973	-2.414638688485306e-08
     6.251000000000307	-2.414638688485306e-08
      6.25133333333364	-2.414638688485306e-08
     6.251666666666974	-2.414638688485306e-08
     6.252000000000308	-2.414638688485306e-08
     6.252333333333642	-2.414638688485306e-08
     6.252666666666975	-2.414638688485306e-08
     6.253000000000309	-2.414638688485306e-08
     6.253333333333643	-2.414638688485306e-08
     6.253666666666977	-2.414638688485306e-08
      6.25400000000031	-2.414638688485306e-08
     6.254333333333644	-2.414638688485306e-08
     6.254666666666978	-2.414638688485306e-08
     6.255000000000312	-2.414638688485306e-08
     6.255333333333645	-2.414638688485306e-08
     6.255666666666979	-2.414638688485306e-08
     6.256000000000313	-2.414638688485306e-08
     6.256333333333647	-2.414638688485306e-08
      6.25666666666698	-2.414638688485306e-08
     6.257000000000314	-2.414638688485306e-08
     6.257333333333648	-2.414638688485306e-08
     6.257666666666982	-2.414638688485306e-08
     6.258000000000315	-2.414638688485306e-08
     6.258333333333649	-2.414638688485306e-08
     6.258666666666983	-2.414638688485306e-08
     6.259000000000317	-2.414638688485306e-08
      6.25933333333365	-2.414638688485306e-08
     6.259666666666984	-2.414638688485306e-08
     6.260000000000318	-2.414638688485306e-08
     6.260333333333651	-2.414638688485306e-08
     6.260666666666985	-2.414638688485306e-08
     6.261000000000319	-2.414638688485306e-08
     6.261333333333653	-2.414638688485306e-08
     6.261666666666986	-2.414638688485306e-08
      6.26200000000032	-2.414638688485306e-08
     6.262333333333654	-2.414638688485306e-08
     6.262666666666988	-2.414638688485306e-08
     6.263000000000321	-2.414638688485306e-08
     6.263333333333655	-2.414638688485306e-08
     6.263666666666989	-2.414638688485306e-08
     6.264000000000323	-2.414638688485306e-08
     6.264333333333656	-2.414638688485306e-08
      6.26466666666699	-2.414638688485306e-08
     6.265000000000324	-2.414638688485306e-08
     6.265333333333658	-2.414638688485306e-08
     6.265666666666991	-2.414638688485306e-08
     6.266000000000325	-2.414638688485306e-08
     6.266333333333659	-2.414638688485306e-08
     6.266666666666993	-2.414638688485306e-08
     6.267000000000326	-2.414638688485306e-08
      6.26733333333366	-2.414638688485306e-08
     6.267666666666994	-2.414638688485306e-08
     6.268000000000328	-2.414638688485306e-08
     6.268333333333661	-2.414638688485306e-08
     6.268666666666995	-2.414638688485306e-08
     6.269000000000329	-2.414638688485306e-08
     6.269333333333662	-2.414638688485306e-08
     6.269666666666996	-2.414638688485306e-08
      6.27000000000033	-2.414638688485306e-08
     6.270333333333664	-2.414638688485306e-08
     6.270666666666997	-2.414638688485306e-08
     6.271000000000331	-2.414638688485306e-08
     6.271333333333665	-2.414638688485306e-08
     6.271666666666999	-2.414638688485306e-08
     6.272000000000332	-2.414638688485306e-08
     6.272333333333666	-2.414638688485306e-08
        6.272666666667	-2.414638688485306e-08
     6.273000000000334	-2.414638688485306e-08
     6.273333333333667	-2.414638688485306e-08
     6.273666666667001	-2.414638688485306e-08
     6.274000000000335	-2.414638688485306e-08
     6.274333333333669	-2.414638688485306e-08
     6.274666666667002	-2.414638688485306e-08
     6.275000000000336	-2.414638688485306e-08
      6.27533333333367	-2.414638688485306e-08
     6.275666666667004	-2.414638688485306e-08
     6.276000000000337	-2.414638688485306e-08
     6.276333333333671	-2.414638688485306e-08
     6.276666666667005	-2.414638688485306e-08
     6.277000000000339	-2.414638688485306e-08
     6.277333333333672	-2.414638688485306e-08
     6.277666666667006	-2.414638688485306e-08
      6.27800000000034	-2.414638688485306e-08
     6.278333333333673	-2.414638688485306e-08
     6.278666666667007	-2.414638688485306e-08
     6.279000000000341	-2.414638688485306e-08
     6.279333333333675	-2.414638688485306e-08
     6.279666666667008	-2.414638688485306e-08
     6.280000000000342	-2.414638688485306e-08
     6.280333333333676	-2.414638688485306e-08
      6.28066666666701	-2.414638688485306e-08
     6.281000000000343	-2.414638688485306e-08
     6.281333333333677	-2.414638688485306e-08
     6.281666666667011	-2.414638688485306e-08
     6.282000000000345	-2.414638688485306e-08
     6.282333333333678	-2.414638688485306e-08
     6.282666666667012	-2.414638688485306e-08
     6.283000000000346	-2.414638688485306e-08
      6.28333333333368	-2.414638688485306e-08
     6.283666666667013	-2.414638688485306e-08
     6.284000000000347	-2.414638688485306e-08
     6.284333333333681	-2.414638688485306e-08
     6.284666666667015	-2.414638688485306e-08
     6.285000000000348	-2.414638688485306e-08
     6.285333333333682	-2.414638688485306e-08
     6.285666666667016	-2.414638688485306e-08
      6.28600000000035	-2.414638688485306e-08
     6.286333333333683	-2.414638688485306e-08
     6.286666666667017	-2.414638688485306e-08
     6.287000000000351	-2.414638688485306e-08
     6.287333333333684	-2.414638688485306e-08
     6.287666666667018	-2.414638688485306e-08
     6.288000000000352	-2.414638688485306e-08
     6.288333333333686	-2.414638688485306e-08
     6.288666666667019	-2.414638688485306e-08
     6.289000000000353	-2.414638688485306e-08
     6.289333333333687	-2.414638688485306e-08
     6.289666666667021	-2.414638688485306e-08
     6.290000000000354	-2.414638688485306e-08
     6.290333333333688	-2.414638688485306e-08
     6.290666666667022	-2.414638688485306e-08
     6.291000000000356	-2.414638688485306e-08
     6.291333333333689	-2.414638688485306e-08
     6.291666666667023	-2.414638688485306e-08
     6.292000000000357	-2.414638688485306e-08
     6.292333333333691	-2.414638688485306e-08
     6.292666666667024	-2.414638688485306e-08
     6.293000000000358	-2.414638688485306e-08
     6.293333333333692	-2.414638688485306e-08
     6.293666666667026	-2.414638688485306e-08
     6.294000000000359	-2.414638688485306e-08
     6.294333333333693	-2.414638688485306e-08
     6.294666666667027	-2.414638688485306e-08
     6.295000000000361	-2.414638688485306e-08
     6.295333333333694	-2.414638688485306e-08
     6.295666666667028	-2.414638688485306e-08
     6.296000000000362	-2.414638688485306e-08
     6.296333333333695	-2.414638688485306e-08
     6.296666666667029	-2.414638688485306e-08
     6.297000000000363	-2.414638688485306e-08
     6.297333333333697	-2.414638688485306e-08
      6.29766666666703	-2.414638688485306e-08
     6.298000000000364	-2.414638688485306e-08
     6.298333333333698	-2.414638688485306e-08
     6.298666666667032	-2.414638688485306e-08
     6.299000000000365	-2.414638688485306e-08
     6.299333333333699	-2.414638688485306e-08
     6.299666666667033	-2.414638688485306e-08
     6.300000000000367	-2.414638688485306e-08
       6.3003333333337	-2.414638688485306e-08
     6.300666666667034	-2.414638688485306e-08
     6.301000000000368	-2.414638688485306e-08
     6.301333333333702	-2.414638688485306e-08
     6.301666666667035	-2.414638688485306e-08
     6.302000000000369	-2.414638688485306e-08
     6.302333333333703	-2.414638688485306e-08
     6.302666666667037	-2.414638688485306e-08
      6.30300000000037	-2.414638688485306e-08
     6.303333333333704	-2.414638688485306e-08
     6.303666666667038	-2.414638688485306e-08
     6.304000000000372	-2.414638688485306e-08
     6.304333333333705	-2.414638688485306e-08
     6.304666666667039	-2.414638688485306e-08
     6.305000000000373	-2.414638688485306e-08
     6.305333333333706	-2.414638688485306e-08
      6.30566666666704	-2.414638688485306e-08
     6.306000000000374	-2.414638688485306e-08
     6.306333333333708	-2.414638688485306e-08
     6.306666666667041	-2.414638688485306e-08
     6.307000000000375	-2.414638688485306e-08
     6.307333333333709	-2.414638688485306e-08
     6.307666666667043	-2.414638688485306e-08
     6.308000000000376	-2.414638688485306e-08
      6.30833333333371	-2.414638688485306e-08
     6.308666666667044	-2.414638688485306e-08
     6.309000000000378	-2.414638688485306e-08
     6.309333333333711	-2.414638688485306e-08
     6.309666666667045	-2.414638688485306e-08
     6.310000000000379	-2.414638688485306e-08
     6.310333333333713	-2.414638688485306e-08
     6.310666666667046	-2.414638688485306e-08
      6.31100000000038	-2.414638688485306e-08
     6.311333333333714	-2.414638688485306e-08
     6.311666666667048	-2.414638688485306e-08
     6.312000000000381	-2.414638688485306e-08
     6.312333333333715	-2.414638688485306e-08
     6.312666666667049	-2.414638688485306e-08
     6.313000000000383	-2.414638688485306e-08
     6.313333333333716	-2.414638688485306e-08
      6.31366666666705	-2.414638688485306e-08
     6.314000000000384	-2.414638688485306e-08
     6.314333333333717	-2.414638688485306e-08
     6.314666666667051	-2.414638688485306e-08
     6.315000000000385	-2.414638688485306e-08
     6.315333333333719	-2.414638688485306e-08
     6.315666666667052	-2.414638688485306e-08
     6.316000000000386	-2.414638688485306e-08
      6.31633333333372	-2.414638688485306e-08
     6.316666666667054	-2.414638688485306e-08
     6.317000000000387	-2.414638688485306e-08
     6.317333333333721	-2.414638688485306e-08
     6.317666666667055	-2.414638688485306e-08
     6.318000000000389	-2.414638688485306e-08
     6.318333333333722	-2.414638688485306e-08
     6.318666666667056	-2.414638688485306e-08
      6.31900000000039	-2.414638688485306e-08
     6.319333333333724	-2.414638688485306e-08
     6.319666666667057	-2.414638688485306e-08
     6.320000000000391	-2.414638688485306e-08
     6.320333333333725	-2.414638688485306e-08
     6.320666666667059	-2.414638688485306e-08
     6.321000000000392	-2.414638688485306e-08
     6.321333333333726	-2.414638688485306e-08
      6.32166666666706	-2.414638688485306e-08
     6.322000000000394	-2.414638688485306e-08
     6.322333333333727	-2.414638688485306e-08
     6.322666666667061	-2.414638688485306e-08
     6.323000000000395	-2.414638688485306e-08
     6.323333333333728	-2.414638688485306e-08
     6.323666666667062	-2.414638688485306e-08
     6.324000000000396	-2.414638688485306e-08
      6.32433333333373	-2.414638688485306e-08
     6.324666666667063	-2.414638688485306e-08
     6.325000000000397	-2.414638688485306e-08
     6.325333333333731	-2.414638688485306e-08
     6.325666666667065	-2.414638688485306e-08
     6.326000000000398	-2.414638688485306e-08
     6.326333333333732	-2.414638688485306e-08
     6.326666666667066	-2.414638688485306e-08
       6.3270000000004	-2.414638688485306e-08
     6.327333333333733	-2.414638688485306e-08
     6.327666666667067	-2.414638688485306e-08
     6.328000000000401	-2.414638688485306e-08
     6.328333333333735	-2.414638688485306e-08
     6.328666666667068	-2.414638688485306e-08
     6.329000000000402	-2.414638688485306e-08
     6.329333333333736	-2.414638688485306e-08
      6.32966666666707	-2.414638688485306e-08
     6.330000000000403	-2.414638688485306e-08
     6.330333333333737	-2.414638688485306e-08
     6.330666666667071	-2.414638688485306e-08
     6.331000000000405	-2.414638688485306e-08
     6.331333333333738	-2.414638688485306e-08
     6.331666666667072	-2.414638688485306e-08
     6.332000000000406	-2.414638688485306e-08
     6.332333333333739	-2.414638688485306e-08
     6.332666666667073	-2.414638688485306e-08
     6.333000000000407	-2.414638688485306e-08
     6.333333333333741	-2.414638688485306e-08
     6.333666666667074	-2.414638688485306e-08
     6.334000000000408	-2.414638688485306e-08
     6.334333333333742	-2.414638688485306e-08
     6.334666666667076	-2.414638688485306e-08
     6.335000000000409	-2.414638688485306e-08
     6.335333333333743	-2.414638688485306e-08
     6.335666666667077	-2.414638688485306e-08
     6.336000000000411	-2.414638688485306e-08
     6.336333333333744	-2.414638688485306e-08
     6.336666666667078	-2.414638688485306e-08
     6.337000000000412	-2.414638688485306e-08
     6.337333333333746	-2.414638688485306e-08
     6.337666666667079	-2.414638688485306e-08
     6.338000000000413	-2.414638688485306e-08
     6.338333333333747	-2.414638688485306e-08
     6.338666666667081	-2.414638688485306e-08
     6.339000000000414	-2.414638688485306e-08
     6.339333333333748	-2.414638688485306e-08
     6.339666666667082	-2.414638688485306e-08
     6.340000000000416	-2.414638688485306e-08
     6.340333333333749	-2.414638688485306e-08
     6.340666666667083	-2.414638688485306e-08
     6.341000000000417	-2.414638688485306e-08
      6.34133333333375	-2.414638688485306e-08
     6.341666666667084	-2.414638688485306e-08
     6.342000000000418	-2.414638688485306e-08
     6.342333333333752	-2.414638688485306e-08
     6.342666666667085	-2.414638688485306e-08
     6.343000000000419	-2.414638688485306e-08
     6.343333333333753	-2.414638688485306e-08
     6.343666666667087	-2.414638688485306e-08
      6.34400000000042	-2.414638688485306e-08
     6.344333333333754	-2.414638688485306e-08
     6.344666666667088	-2.414638688485306e-08
     6.345000000000422	-2.414638688485306e-08
     6.345333333333755	-2.414638688485306e-08
     6.345666666667089	-2.414638688485306e-08
     6.346000000000423	-2.414638688485306e-08
     6.346333333333757	-2.414638688485306e-08
      6.34666666666709	-2.414638688485306e-08
     6.347000000000424	-2.414638688485306e-08
     6.347333333333758	-2.414638688485306e-08
     6.347666666667092	-2.414638688485306e-08
     6.348000000000425	-2.414638688485306e-08
     6.348333333333759	-2.414638688485306e-08
     6.348666666667093	-2.414638688485306e-08
     6.349000000000427	-2.414638688485306e-08
      6.34933333333376	-2.414638688485306e-08
     6.349666666667094	-2.414638688485306e-08
     6.350000000000428	-2.414638688485306e-08
     6.350333333333761	-2.414638688485306e-08
     6.350666666667095	-2.414638688485306e-08
     6.351000000000429	-2.414638688485306e-08
     6.351333333333763	-2.414638688485306e-08
     6.351666666667096	-2.414638688485306e-08
      6.35200000000043	-2.414638688485306e-08
     6.352333333333764	-2.414638688485306e-08
     6.352666666667098	-2.414638688485306e-08
     6.353000000000431	-2.414638688485306e-08
     6.353333333333765	-2.414638688485306e-08
     6.353666666667099	-2.414638688485306e-08
     6.354000000000433	-2.414638688485306e-08
     6.354333333333766	-2.414638688485306e-08
       6.3546666666671	-2.414638688485306e-08
     6.355000000000434	-2.414638688485306e-08
     6.355333333333768	-2.414638688485306e-08
     6.355666666667101	-2.414638688485306e-08
     6.356000000000435	-2.414638688485306e-08
     6.356333333333769	-2.414638688485306e-08
     6.356666666667103	-2.414638688485306e-08
     6.357000000000436	-2.414638688485306e-08
      6.35733333333377	-2.414638688485306e-08
     6.357666666667104	-2.414638688485306e-08
     6.358000000000438	-2.414638688485306e-08
     6.358333333333771	-2.414638688485306e-08
     6.358666666667105	-2.414638688485306e-08
     6.359000000000439	-2.414638688485306e-08
     6.359333333333772	-2.414638688485306e-08
     6.359666666667106	-2.414638688485306e-08
      6.36000000000044	-2.414638688485306e-08
     6.360333333333774	-2.414638688485306e-08
     6.360666666667107	-2.414638688485306e-08
     6.361000000000441	-2.414638688485306e-08
     6.361333333333775	-2.414638688485306e-08
     6.361666666667109	-2.414638688485306e-08
     6.362000000000442	-2.414638688485306e-08
     6.362333333333776	-2.414638688485306e-08
      6.36266666666711	-2.414638688485306e-08
     6.363000000000444	-2.414638688485306e-08
     6.363333333333777	-2.414638688485306e-08
     6.363666666667111	-2.414638688485306e-08
     6.364000000000445	-2.414638688485306e-08
     6.364333333333779	-2.414638688485306e-08
     6.364666666667112	-2.414638688485306e-08
     6.365000000000446	-2.414638688485306e-08
      6.36533333333378	-2.414638688485306e-08
     6.365666666667114	-2.414638688485306e-08
     6.366000000000447	-2.414638688485306e-08
     6.366333333333781	-2.414638688485306e-08
     6.366666666667115	-2.414638688485306e-08
     6.367000000000449	-2.414638688485306e-08
     6.367333333333782	-2.414638688485306e-08
     6.367666666667116	-2.414638688485306e-08
      6.36800000000045	-2.414638688485306e-08
     6.368333333333783	-2.414638688485306e-08
     6.368666666667117	-2.414638688485306e-08
     6.369000000000451	-2.414638688485306e-08
     6.369333333333785	-2.414638688485306e-08
     6.369666666667118	-2.414638688485306e-08
     6.370000000000452	-2.414638688485306e-08
     6.370333333333786	-2.414638688485306e-08
      6.37066666666712	-2.414638688485306e-08
     6.371000000000453	-2.414638688485306e-08
     6.371333333333787	-2.414638688485306e-08
     6.371666666667121	-2.414638688485306e-08
     6.372000000000455	-2.414638688485306e-08
     6.372333333333788	-2.414638688485306e-08
     6.372666666667122	-2.414638688485306e-08
     6.373000000000456	-2.414638688485306e-08
      6.37333333333379	-2.414638688485306e-08
     6.373666666667123	-2.414638688485306e-08
     6.374000000000457	-2.414638688485306e-08
     6.374333333333791	-2.414638688485306e-08
     6.374666666667125	-2.414638688485306e-08
     6.375000000000458	-2.414638688485306e-08
     6.375333333333792	-2.414638688485306e-08
     6.375666666667126	-2.414638688485306e-08
      6.37600000000046	-2.414638688485306e-08
     6.376333333333793	-2.414638688485306e-08
     6.376666666667127	-2.414638688485306e-08
     6.377000000000461	-2.414638688485306e-08
     6.377333333333794	-2.414638688485306e-08
     6.377666666667128	-2.414638688485306e-08
     6.378000000000462	-2.414638688485306e-08
     6.378333333333796	-2.414638688485306e-08
     6.378666666667129	-2.414638688485306e-08
     6.379000000000463	-2.414638688485306e-08
     6.379333333333797	-2.414638688485306e-08
     6.379666666667131	-2.414638688485306e-08
     6.380000000000464	-2.414638688485306e-08
     6.380333333333798	-2.414638688485306e-08
     6.380666666667132	-2.414638688485306e-08
     6.381000000000466	-2.414638688485306e-08
     6.381333333333799	-2.414638688485306e-08
     6.381666666667133	-2.414638688485306e-08
     6.382000000000467	-2.414638688485306e-08
     6.382333333333801	-2.414638688485306e-08
     6.382666666667134	-2.414638688485306e-08
     6.383000000000468	-2.414638688485306e-08
     6.383333333333802	-2.414638688485306e-08
     6.383666666667136	-2.414638688485306e-08
     6.384000000000469	-2.414638688485306e-08
     6.384333333333803	-2.414638688485306e-08
     6.384666666667137	-2.414638688485306e-08
     6.385000000000471	-2.414638688485306e-08
     6.385333333333804	-2.414638688485306e-08
     6.385666666667138	-2.414638688485306e-08
     6.386000000000472	-2.414638688485306e-08
     6.386333333333805	-2.414638688485306e-08
     6.386666666667139	-2.414638688485306e-08
     6.387000000000473	-2.414638688485306e-08
     6.387333333333807	-2.414638688485306e-08
      6.38766666666714	-2.414638688485306e-08
     6.388000000000474	-2.414638688485306e-08
     6.388333333333808	-2.414638688485306e-08
     6.388666666667142	-2.414638688485306e-08
     6.389000000000475	-2.414638688485306e-08
     6.389333333333809	-2.414638688485306e-08
     6.389666666667143	-2.414638688485306e-08
     6.390000000000477	-2.414638688485306e-08
      6.39033333333381	-2.414638688485306e-08
     6.390666666667144	-2.414638688485306e-08
     6.391000000000478	-2.414638688485306e-08
     6.391333333333812	-2.414638688485306e-08
     6.391666666667145	-2.414638688485306e-08
     6.392000000000479	-2.414638688485306e-08
     6.392333333333813	-2.414638688485306e-08
     6.392666666667147	-2.414638688485306e-08
      6.39300000000048	-2.414638688485306e-08
     6.393333333333814	-2.414638688485306e-08
     6.393666666667148	-2.414638688485306e-08
     6.394000000000482	-2.414638688485306e-08
     6.394333333333815	-2.414638688485306e-08
     6.394666666667149	-2.414638688485306e-08
     6.395000000000483	-2.414638688485306e-08
     6.395333333333816	-2.414638688485306e-08
      6.39566666666715	-2.414638688485306e-08
     6.396000000000484	-2.414638688485306e-08
     6.396333333333818	-2.414638688485306e-08
     6.396666666667151	-2.414638688485306e-08
     6.397000000000485	-2.414638688485306e-08
     6.397333333333819	-2.414638688485306e-08
     6.397666666667153	-2.414638688485306e-08
     6.398000000000486	-2.414638688485306e-08
      6.39833333333382	-2.414638688485306e-08
     6.398666666667154	-2.414638688485306e-08
     6.399000000000488	-2.414638688485306e-08
     6.399333333333821	-2.414638688485306e-08
     6.399666666667155	-2.414638688485306e-08
     6.400000000000489	-2.414638688485306e-08
     6.400333333333823	-2.414638688485306e-08
     6.400666666667156	-2.414638688485306e-08
      6.40100000000049	-2.414638688485306e-08
     6.401333333333824	-2.414638688485306e-08
     6.401666666667158	-2.414638688485306e-08
     6.402000000000491	-2.414638688485306e-08
     6.402333333333825	-2.414638688485306e-08
     6.402666666667159	-2.414638688485306e-08
     6.403000000000493	-2.414638688485306e-08
     6.403333333333826	-2.414638688485306e-08
      6.40366666666716	-2.414638688485306e-08
     6.404000000000494	-2.414638688485306e-08
     6.404333333333827	-2.414638688485306e-08
     6.404666666667161	-2.414638688485306e-08
     6.405000000000495	-2.414638688485306e-08
     6.405333333333829	-2.414638688485306e-08
     6.405666666667162	-2.414638688485306e-08
     6.406000000000496	-2.414638688485306e-08
      6.40633333333383	-2.414638688485306e-08
     6.406666666667164	-2.414638688485306e-08
     6.407000000000497	-2.414638688485306e-08
     6.407333333333831	-2.414638688485306e-08
     6.407666666667165	-2.414638688485306e-08
     6.408000000000499	-2.414638688485306e-08
     6.408333333333832	-2.414638688485306e-08
     6.408666666667166	-2.414638688485306e-08
       6.4090000000005	-2.414638688485306e-08
     6.409333333333834	-2.414638688485306e-08
     6.409666666667167	-2.414638688485306e-08
     6.410000000000501	-2.414638688485306e-08
     6.410333333333835	-2.414638688485306e-08
     6.410666666667169	-2.414638688485306e-08
     6.411000000000502	-2.414638688485306e-08
     6.411333333333836	-2.414638688485306e-08
      6.41166666666717	-2.414638688485306e-08
     6.412000000000504	-2.414638688485306e-08
     6.412333333333837	-2.414638688485306e-08
     6.412666666667171	-2.414638688485306e-08
     6.413000000000505	-2.414638688485306e-08
     6.413333333333838	-2.414638688485306e-08
     6.413666666667172	-2.414638688485306e-08
     6.414000000000506	-2.414638688485306e-08
      6.41433333333384	-2.414638688485306e-08
     6.414666666667173	-2.414638688485306e-08
     6.415000000000507	-2.414638688485306e-08
     6.415333333333841	-2.414638688485306e-08
     6.415666666667175	-2.414638688485306e-08
     6.416000000000508	-2.414638688485306e-08
     6.416333333333842	-2.414638688485306e-08
     6.416666666667176	-2.414638688485306e-08
      6.41700000000051	-2.414638688485306e-08
     6.417333333333843	-2.414638688485306e-08
     6.417666666667177	-2.414638688485306e-08
     6.418000000000511	-2.414638688485306e-08
     6.418333333333845	-2.414638688485306e-08
     6.418666666667178	-2.414638688485306e-08
     6.419000000000512	-2.414638688485306e-08
     6.419333333333846	-2.414638688485306e-08
      6.41966666666718	-2.414638688485306e-08
     6.420000000000513	-2.414638688485306e-08
     6.420333333333847	-2.414638688485306e-08
     6.420666666667181	-2.414638688485306e-08
     6.421000000000515	-2.414638688485306e-08
     6.421333333333848	-2.414638688485306e-08
     6.421666666667182	-2.414638688485306e-08
     6.422000000000516	-2.414638688485306e-08
     6.422333333333849	-2.414638688485306e-08
     6.422666666667183	-2.414638688485306e-08
     6.423000000000517	-2.414638688485306e-08
     6.423333333333851	-2.414638688485306e-08
     6.423666666667184	-2.414638688485306e-08
     6.424000000000518	-2.414638688485306e-08
     6.424333333333852	-2.414638688485306e-08
     6.424666666667186	-2.414638688485306e-08
     6.425000000000519	-2.414638688485306e-08
     6.425333333333853	-2.414638688485306e-08
     6.425666666667187	-2.414638688485306e-08
     6.426000000000521	-2.414638688485306e-08
     6.426333333333854	-2.414638688485306e-08
     6.426666666667188	-2.414638688485306e-08

     7.000333333333334	-2.271698324104866e-08
     7.000666666666667	-2.271698324104866e-08
     7.001000000000001	-2.271698324104866e-08
     7.001333333333335	-2.271698324104866e-08
     7.001666666666669	-2.271698324104866e-08
     7.002000000000002	-2.271698324104866e-08
     7.002333333333336	-2.271698324104866e-08
      7.00266666666667	-2.271698324104866e-08
     7.003000000000004	-2.271698324104866e-08
     7.003333333333337	-2.271698324104866e-08
     7.003666666666671	-2.271698324104866e-08
     7.004000000000005	-2.271698324104866e-08
     7.004333333333339	-2.271698324104866e-08
     7.004666666666672	-2.271698324104866e-08
     7.005000000000006	-2.271698324104866e-08
      7.00533333333334	-2.271698324104866e-08
     7.005666666666674	-2.271698324104866e-08
     7.006000000000007	-2.271698324104866e-08
     7.006333333333341	-2.271698324104866e-08
     7.006666666666675	-2.271698324104866e-08
     7.007000000000009	-2.271698324104866e-08
     7.007333333333342	-2.271698324104866e-08
     7.007666666666676	-2.271698324104866e-08
      7.00800000000001	-2.271698324104866e-08
     7.008333333333344	-2.271698324104866e-08
     7.008666666666677	-2.271698324104866e-08
     7.009000000000011	-2.271698324104866e-08
     7.009333333333345	-2.271698324104866e-08
     7.009666666666678	-2.271698324104866e-08
     7.010000000000012	-2.271698324104866e-08
     7.010333333333346	-2.271698324104866e-08
      7.01066666666668	-2.271698324104866e-08
     7.011000000000013	-2.271698324104866e-08
     7.011333333333347	-2.271698324104866e-08
     7.011666666666681	-2.271698324104866e-08
     7.012000000000015	-2.271698324104866e-08
     7.012333333333348	-2.271698324104866e-08
     7.012666666666682	-2.271698324104866e-08
     7.013000000000016	-2.271698324104866e-08
      7.01333333333335	-2.271698324104866e-08
     7.013666666666683	-2.271698324104866e-08
     7.014000000000017	-2.271698324104866e-08
     7.014333333333351	-2.271698324104866e-08
     7.014666666666685	-2.271698324104866e-08
     7.015000000000018	-2.271698324104866e-08
     7.015333333333352	-2.271698324104866e-08
     7.015666666666686	-2.271698324104866e-08
      7.01600000000002	-2.271698324104866e-08
     7.016333333333353	-2.271698324104866e-08
     7.016666666666687	-2.271698324104866e-08
     7.017000000000021	-2.271698324104866e-08
     7.017333333333355	-2.271698324104866e-08
     7.017666666666688	-2.271698324104866e-08
     7.018000000000022	-2.271698324104866e-08
     7.018333333333356	-2.271698324104866e-08
     7.018666666666689	-2.271698324104866e-08
     7.019000000000023	-2.271698324104866e-08
     7.019333333333357	-2.271698324104866e-08
     7.019666666666691	-2.271698324104866e-08
     7.020000000000024	-2.271698324104866e-08
     7.020333333333358	-2.271698324104866e-08
     7.020666666666692	-2.271698324104866e-08
     7.021000000000026	-2.271698324104866e-08
     7.021333333333359	-2.271698324104866e-08
     7.021666666666693	-2.271698324104866e-08
     7.022000000000027	-2.271698324104866e-08
     7.022333333333361	-2.271698324104866e-08
     7.022666666666694	-2.271698324104866e-08
     7.023000000000028	-2.271698324104866e-08
     7.023333333333362	-2.271698324104866e-08
     7.023666666666696	-2.271698324104866e-08
     7.024000000000029	-2.271698324104866e-08
     7.024333333333363	-2.271698324104866e-08
     7.024666666666697	-2.271698324104866e-08
     7.025000000000031	-2.271698324104866e-08
     7.025333333333364	-2.271698324104866e-08
     7.025666666666698	-2.271698324104866e-08
     7.026000000000032	-2.271698324104866e-08
     7.026333333333366	-2.271698324104866e-08
     7.026666666666699	-2.271698324104866e-08
     7.027000000000033	-2.271698324104866e-08
     7.027333333333367	-2.271698324104866e-08
       7.0276666666667	-2.271698324104866e-08
     7.028000000000034	-2.271698324104866e-08
     7.028333333333368	-2.271698324104866e-08
     7.028666666666702	-2.271698324104866e-08
     7.029000000000035	-2.271698324104866e-08
     7.029333333333369	-2.271698324104866e-08
     7.029666666666703	-2.271698324104866e-08
     7.030000000000037	-2.271698324104866e-08
      7.03033333333337	-2.271698324104866e-08
     7.030666666666704	-2.271698324104866e-08
     7.031000000000038	-2.271698324104866e-08
     7.031333333333372	-2.271698324104866e-08
     7.031666666666705	-2.271698324104866e-08
     7.032000000000039	-2.271698324104866e-08
     7.032333333333373	-2.271698324104866e-08
     7.032666666666707	-2.271698324104866e-08
      7.03300000000004	-2.271698324104866e-08
     7.033333333333374	-2.271698324104866e-08
     7.033666666666708	-2.271698324104866e-08
     7.034000000000042	-2.271698324104866e-08
     7.034333333333375	-2.271698324104866e-08
     7.034666666666709	-2.271698324104866e-08
     7.035000000000043	-2.271698324104866e-08
     7.035333333333377	-2.271698324104866e-08
      7.03566666666671	-2.271698324104866e-08
     7.036000000000044	-2.271698324104866e-08
     7.036333333333378	-2.271698324104866e-08
     7.036666666666711	-2.271698324104866e-08
     7.037000000000045	-2.271698324104866e-08
     7.037333333333379	-2.271698324104866e-08
     7.037666666666713	-2.271698324104866e-08
     7.038000000000046	-2.271698324104866e-08
      7.03833333333338	-2.271698324104866e-08
     7.038666666666714	-2.271698324104866e-08
     7.039000000000048	-2.271698324104866e-08
     7.039333333333381	-2.271698324104866e-08
     7.039666666666715	-2.271698324104866e-08
     7.040000000000049	-2.271698324104866e-08
     7.040333333333383	-2.271698324104866e-08
     7.040666666666716	-2.271698324104866e-08
      7.04100000000005	-2.271698324104866e-08
     7.041333333333384	-2.271698324104866e-08
     7.041666666666718	-2.271698324104866e-08
     7.042000000000051	-2.271698324104866e-08
     7.042333333333385	-2.271698324104866e-08
     7.042666666666719	-2.271698324104866e-08
     7.043000000000053	-2.271698324104866e-08
     7.043333333333386	-2.271698324104866e-08
      7.04366666666672	-2.271698324104866e-08
     7.044000000000054	-2.271698324104866e-08
     7.044333333333388	-2.271698324104866e-08
     7.044666666666721	-2.271698324104866e-08
     7.045000000000055	-2.271698324104866e-08
     7.045333333333389	-2.271698324104866e-08
     7.045666666666722	-2.271698324104866e-08
     7.046000000000056	-2.271698324104866e-08
      7.04633333333339	-2.271698324104866e-08
     7.046666666666724	-2.271698324104866e-08
     7.047000000000057	-2.271698324104866e-08
     7.047333333333391	-2.271698324104866e-08
     7.047666666666725	-2.271698324104866e-08
     7.048000000000059	-2.271698324104866e-08
     7.048333333333392	-2.271698324104866e-08
     7.048666666666726	-2.271698324104866e-08
      7.04900000000006	-2.271698324104866e-08
     7.049333333333394	-2.271698324104866e-08
     7.049666666666727	-2.271698324104866e-08
     7.050000000000061	-2.271698324104866e-08
     7.050333333333395	-2.271698324104866e-08
     7.050666666666729	-2.271698324104866e-08
     7.051000000000062	-2.271698324104866e-08
     7.051333333333396	-2.271698324104866e-08
      7.05166666666673	-2.271698324104866e-08
     7.052000000000064	-2.271698324104866e-08
     7.052333333333397	-2.271698324104866e-08
     7.052666666666731	-2.271698324104866e-08
     7.053000000000065	-2.271698324104866e-08
     7.053333333333399	-2.271698324104866e-08
     7.053666666666732	-2.271698324104866e-08
     7.054000000000066	-2.271698324104866e-08
       7.0543333333334	-2.271698324104866e-08
     7.054666666666733	-2.271698324104866e-08
     7.055000000000067	-2.271698324104866e-08
     7.055333333333401	-2.271698324104866e-08
     7.055666666666735	-2.271698324104866e-08
     7.056000000000068	-2.271698324104866e-08
     7.056333333333402	-2.271698324104866e-08
     7.056666666666736	-2.271698324104866e-08
      7.05700000000007	-2.271698324104866e-08
     7.057333333333403	-2.271698324104866e-08
     7.057666666666737	-2.271698324104866e-08
     7.058000000000071	-2.271698324104866e-08
     7.058333333333405	-2.271698324104866e-08
     7.058666666666738	-2.271698324104866e-08
     7.059000000000072	-2.271698324104866e-08
     7.059333333333406	-2.271698324104866e-08
      7.05966666666674	-2.271698324104866e-08
     7.060000000000073	-2.271698324104866e-08
     7.060333333333407	-2.271698324104866e-08
     7.060666666666741	-2.271698324104866e-08
     7.061000000000075	-2.271698324104866e-08
     7.061333333333408	-2.271698324104866e-08
     7.061666666666742	-2.271698324104866e-08
     7.062000000000076	-2.271698324104866e-08
      7.06233333333341	-2.271698324104866e-08
     7.062666666666743	-2.271698324104866e-08
     7.063000000000077	-2.271698324104866e-08
     7.063333333333411	-2.271698324104866e-08
     7.063666666666744	-2.271698324104866e-08
     7.064000000000078	-2.271698324104866e-08
     7.064333333333412	-2.271698324104866e-08
     7.064666666666746	-2.271698324104866e-08
     7.065000000000079	-2.271698324104866e-08
     7.065333333333413	-2.271698324104866e-08
     7.065666666666747	-2.271698324104866e-08
     7.066000000000081	-2.271698324104866e-08
     7.066333333333414	-2.271698324104866e-08
     7.066666666666748	-2.271698324104866e-08
     7.067000000000082	-2.271698324104866e-08
     7.067333333333416	-2.271698324104866e-08
     7.067666666666749	-2.271698324104866e-08
     7.068000000000083	-2.271698324104866e-08
     7.068333333333417	-2.271698324104866e-08
     7.068666666666751	-2.271698324104866e-08
     7.069000000000084	-2.271698324104866e-08
     7.069333333333418	-2.271698324104866e-08
     7.069666666666752	-2.271698324104866e-08
     7.070000000000086	-2.271698324104866e-08
     7.070333333333419	-2.271698324104866e-08
     7.070666666666753	-2.271698324104866e-08
     7.071000000000087	-2.271698324104866e-08
     7.071333333333421	-2.271698324104866e-08
     7.071666666666754	-2.271698324104866e-08
     7.072000000000088	-2.271698324104866e-08
     7.072333333333422	-2.271698324104866e-08
     7.072666666666755	-2.271698324104866e-08
     7.073000000000089	-2.271698324104866e-08
     7.073333333333423	-2.271698324104866e-08
     7.073666666666757	-2.271698324104866e-08
      7.07400000000009	-2.271698324104866e-08
     7.074333333333424	-2.271698324104866e-08
     7.074666666666758	-2.271698324104866e-08
     7.075000000000092	-2.271698324104866e-08
     7.075333333333425	-2.271698324104866e-08
     7.075666666666759	-2.271698324104866e-08
     7.076000000000093	-2.271698324104866e-08
     7.076333333333427	-2.271698324104866e-08
      7.07666666666676	-2.271698324104866e-08
     7.077000000000094	-2.271698324104866e-08
     7.077333333333428	-2.271698324104866e-08
     7.077666666666762	-2.271698324104866e-08
     7.078000000000095	-2.271698324104866e-08
     7.078333333333429	-2.271698324104866e-08
     7.078666666666763	-2.271698324104866e-08
     7.079000000000097	-2.271698324104866e-08
      7.07933333333343	-2.271698324104866e-08
     7.079666666666764	-2.271698324104866e-08
     7.080000000000098	-2.271698324104866e-08
     7.080333333333432	-2.271698324104866e-08
     7.080666666666765	-2.271698324104866e-08
     7.081000000000099	-2.271698324104866e-08
     7.081333333333433	-2.271698324104866e-08
     7.081666666666766	-2.271698324104866e-08
       7.0820000000001	-2.271698324104866e-08
     7.082333333333434	-2.271698324104866e-08
     7.082666666666768	-2.271698324104866e-08
     7.083000000000101	-2.271698324104866e-08
     7.083333333333435	-2.271698324104866e-08
     7.083666666666769	-2.271698324104866e-08
     7.084000000000103	-2.271698324104866e-08
     7.084333333333436	-2.271698324104866e-08
      7.08466666666677	-2.271698324104866e-08
     7.085000000000104	-2.271698324104866e-08
     7.085333333333438	-2.271698324104866e-08
     7.085666666666771	-2.271698324104866e-08
     7.086000000000105	-2.271698324104866e-08
     7.086333333333439	-2.271698324104866e-08
     7.086666666666773	-2.271698324104866e-08
     7.087000000000106	-2.271698324104866e-08
      7.08733333333344	-2.271698324104866e-08
     7.087666666666774	-2.271698324104866e-08
     7.088000000000108	-2.271698324104866e-08
     7.088333333333441	-2.271698324104866e-08
     7.088666666666775	-2.271698324104866e-08
     7.089000000000109	-2.271698324104866e-08
     7.089333333333443	-2.271698324104866e-08
     7.089666666666776	-2.271698324104866e-08
      7.09000000000011	-2.271698324104866e-08
     7.090333333333444	-2.271698324104866e-08
     7.090666666666777	-2.271698324104866e-08
     7.091000000000111	-2.271698324104866e-08
     7.091333333333445	-2.271698324104866e-08
     7.091666666666779	-2.271698324104866e-08
     7.092000000000112	-2.271698324104866e-08
     7.092333333333446	-2.271698324104866e-08
      7.09266666666678	-2.271698324104866e-08
     7.093000000000114	-2.271698324104866e-08
     7.093333333333447	-2.271698324104866e-08
     7.093666666666781	-2.271698324104866e-08
     7.094000000000115	-2.271698324104866e-08
     7.094333333333449	-2.271698324104866e-08
     7.094666666666782	-2.271698324104866e-08
     7.095000000000116	-2.271698324104866e-08
      7.09533333333345	-2.271698324104866e-08
     7.095666666666784	-2.271698324104866e-08
     7.096000000000117	-2.271698324104866e-08
     7.096333333333451	-2.271698324104866e-08
     7.096666666666785	-2.271698324104866e-08
     7.097000000000119	-2.271698324104866e-08
     7.097333333333452	-2.271698324104866e-08
     7.097666666666786	-2.271698324104866e-08
      7.09800000000012	-2.271698324104866e-08
     7.098333333333454	-2.271698324104866e-08
     7.098666666666787	-2.271698324104866e-08
     7.099000000000121	-2.271698324104866e-08
     7.099333333333455	-2.271698324104866e-08
     7.099666666666788	-2.271698324104866e-08
     7.100000000000122	-2.271698324104866e-08
     7.100333333333456	-2.271698324104866e-08
      7.10066666666679	-2.271698324104866e-08
     7.101000000000123	-2.271698324104866e-08
     7.101333333333457	-2.271698324104866e-08
     7.101666666666791	-2.271698324104866e-08
     7.102000000000125	-2.271698324104866e-08
     7.102333333333458	-2.271698324104866e-08
     7.102666666666792	-2.271698324104866e-08
     7.103000000000126	-2.271698324104866e-08
      7.10333333333346	-2.271698324104866e-08
     7.103666666666793	-2.271698324104866e-08
     7.104000000000127	-2.271698324104866e-08
     7.104333333333461	-2.271698324104866e-08
     7.104666666666795	-2.271698324104866e-08
     7.105000000000128	-2.271698324104866e-08
     7.105333333333462	-2.271698324104866e-08
     7.105666666666796	-2.271698324104866e-08
      7.10600000000013	-2.271698324104866e-08
     7.106333333333463	-2.271698324104866e-08
     7.106666666666797	-2.271698324104866e-08
     7.107000000000131	-2.271698324104866e-08
     7.107333333333465	-2.271698324104866e-08
     7.107666666666798	-2.271698324104866e-08
     7.108000000000132	-2.271698324104866e-08
     7.108333333333466	-2.271698324104866e-08
     7.108666666666799	-2.271698324104866e-08
     7.109000000000133	-2.271698324104866e-08
     7.109333333333467	-2.271698324104866e-08
     7.109666666666801	-2.271698324104866e-08
     7.110000000000134	-2.271698324104866e-08
     7.110333333333468	-2.271698324104866e-08
     7.110666666666802	-2.271698324104866e-08
     7.111000000000136	-2.271698324104866e-08
     7.111333333333469	-2.271698324104866e-08
     7.111666666666803	-2.271698324104866e-08
     7.112000000000137	-2.271698324104866e-08
     7.112333333333471	-2.271698324104866e-08
     7.112666666666804	-2.271698324104866e-08
     7.113000000000138	-2.271698324104866e-08
     7.113333333333472	-2.271698324104866e-08
     7.113666666666806	-2.271698324104866e-08
     7.114000000000139	-2.271698324104866e-08
     7.114333333333473	-2.271698324104866e-08
     7.114666666666807	-2.271698324104866e-08
     7.115000000000141	-2.271698324104866e-08
     7.115333333333474	-2.271698324104866e-08
     7.115666666666808	-2.271698324104866e-08
     7.116000000000142	-2.271698324104866e-08
     7.116333333333476	-2.271698324104866e-08
     7.116666666666809	-2.271698324104866e-08
     7.117000000000143	-2.271698324104866e-08
     7.117333333333477	-2.271698324104866e-08
      7.11766666666681	-2.271698324104866e-08
     7.118000000000144	-2.271698324104866e-08
     7.118333333333478	-2.271698324104866e-08
     7.118666666666812	-2.271698324104866e-08
     7.119000000000145	-2.271698324104866e-08
     7.119333333333479	-2.271698324104866e-08
     7.119666666666813	-2.271698324104866e-08
     7.120000000000147	-2.271698324104866e-08
      7.12033333333348	-2.271698324104866e-08
     7.120666666666814	-2.271698324104866e-08
     7.121000000000148	-2.271698324104866e-08
     7.121333333333482	-2.271698324104866e-08
     7.121666666666815	-2.271698324104866e-08
     7.122000000000149	-2.271698324104866e-08
     7.122333333333483	-2.271698324104866e-08
     7.122666666666817	-2.271698324104866e-08
      7.12300000000015	-2.271698324104866e-08
     7.123333333333484	-2.271698324104866e-08
     7.123666666666818	-2.271698324104866e-08
     7.124000000000152	-2.271698324104866e-08
     7.124333333333485	-2.271698324104866e-08
     7.124666666666819	-2.271698324104866e-08
     7.125000000000153	-2.271698324104866e-08
     7.125333333333487	-2.271698324104866e-08
      7.12566666666682	-2.271698324104866e-08
     7.126000000000154	-2.271698324104866e-08
     7.126333333333488	-2.271698324104866e-08
     7.126666666666821	-2.271698324104866e-08
     7.127000000000155	-2.271698324104866e-08
     7.127333333333489	-2.271698324104866e-08
     7.127666666666823	-2.271698324104866e-08
     7.128000000000156	-2.271698324104866e-08
      7.12833333333349	-2.271698324104866e-08
     7.128666666666824	-2.271698324104866e-08
     7.129000000000158	-2.271698324104866e-08
     7.129333333333491	-2.271698324104866e-08
     7.129666666666825	-2.271698324104866e-08
     7.130000000000159	-2.271698324104866e-08
     7.130333333333493	-2.271698324104866e-08
     7.130666666666826	-2.271698324104866e-08
      7.13100000000016	-2.271698324104866e-08
     7.131333333333494	-2.271698324104866e-08
     7.131666666666828	-2.271698324104866e-08
     7.132000000000161	-2.271698324104866e-08
     7.132333333333495	-2.271698324104866e-08
     7.132666666666829	-2.271698324104866e-08
     7.133000000000163	-2.271698324104866e-08
     7.133333333333496	-2.271698324104866e-08
      7.13366666666683	-2.271698324104866e-08
     7.134000000000164	-2.271698324104866e-08
     7.134333333333498	-2.271698324104866e-08
     7.134666666666831	-2.271698324104866e-08
     7.135000000000165	-2.271698324104866e-08
     7.135333333333499	-2.271698324104866e-08
     7.135666666666832	-2.271698324104866e-08
     7.136000000000166	-2.271698324104866e-08
       7.1363333333335	-2.271698324104866e-08
     7.136666666666834	-2.271698324104866e-08
     7.137000000000167	-2.271698324104866e-08
     7.137333333333501	-2.271698324104866e-08
     7.137666666666835	-2.271698324104866e-08
     7.138000000000169	-2.271698324104866e-08
     7.138333333333502	-2.271698324104866e-08
     7.138666666666836	-2.271698324104866e-08
      7.13900000000017	-2.271698324104866e-08
     7.139333333333504	-2.271698324104866e-08
     7.139666666666837	-2.271698324104866e-08
     7.140000000000171	-2.271698324104866e-08
     7.140333333333505	-2.271698324104866e-08
     7.140666666666839	-2.271698324104866e-08
     7.141000000000172	-2.271698324104866e-08
     7.141333333333506	-2.271698324104866e-08
      7.14166666666684	-2.271698324104866e-08
     7.142000000000174	-2.271698324104866e-08
     7.142333333333507	-2.271698324104866e-08
     7.142666666666841	-2.271698324104866e-08
     7.143000000000175	-2.271698324104866e-08
     7.143333333333509	-2.271698324104866e-08
     7.143666666666842	-2.271698324104866e-08
     7.144000000000176	-2.271698324104866e-08
      7.14433333333351	-2.271698324104866e-08
     7.144666666666843	-2.271698324104866e-08
     7.145000000000177	-2.271698324104866e-08
     7.145333333333511	-2.271698324104866e-08
     7.145666666666845	-2.271698324104866e-08
     7.146000000000178	-2.271698324104866e-08
     7.146333333333512	-2.271698324104866e-08
     7.146666666666846	-2.271698324104866e-08
      7.14700000000018	-2.271698324104866e-08
     7.147333333333513	-2.271698324104866e-08
     7.147666666666847	-2.271698324104866e-08
     7.148000000000181	-2.271698324104866e-08
     7.148333333333515	-2.271698324104866e-08
     7.148666666666848	-2.271698324104866e-08
     7.149000000000182	-2.271698324104866e-08
     7.149333333333516	-2.271698324104866e-08
      7.14966666666685	-2.271698324104866e-08
     7.150000000000183	-2.271698324104866e-08
     7.150333333333517	-2.271698324104866e-08
     7.150666666666851	-2.271698324104866e-08
     7.151000000000185	-2.271698324104866e-08
     7.151333333333518	-2.271698324104866e-08
     7.151666666666852	-2.271698324104866e-08
     7.152000000000186	-2.271698324104866e-08
      7.15233333333352	-2.271698324104866e-08
     7.152666666666853	-2.271698324104866e-08
     7.153000000000187	-2.271698324104866e-08
     7.153333333333521	-2.271698324104866e-08
     7.153666666666854	-2.271698324104866e-08
     7.154000000000188	-2.271698324104866e-08
     7.154333333333522	-2.271698324104866e-08
     7.154666666666856	-2.271698324104866e-08
     7.155000000000189	-2.271698324104866e-08
     7.155333333333523	-2.271698324104866e-08
     7.155666666666857	-2.271698324104866e-08
     7.156000000000191	-2.271698324104866e-08
     7.156333333333524	-2.271698324104866e-08
     7.156666666666858	-2.271698324104866e-08
     7.157000000000192	-2.271698324104866e-08
     7.157333333333526	-2.271698324104866e-08
     7.157666666666859	-2.271698324104866e-08
     7.158000000000193	-2.271698324104866e-08
     7.158333333333527	-2.271698324104866e-08
     7.158666666666861	-2.271698324104866e-08
     7.159000000000194	-2.271698324104866e-08
     7.159333333333528	-2.271698324104866e-08
     7.159666666666862	-2.271698324104866e-08
     7.160000000000196	-2.271698324104866e-08
     7.160333333333529	-2.271698324104866e-08
     7.160666666666863	-2.271698324104866e-08
     7.161000000000197	-2.271698324104866e-08
     7.161333333333531	-2.271698324104866e-08
     7.161666666666864	-2.271698324104866e-08
     7.162000000000198	-2.271698324104866e-08
     7.162333333333532	-2.271698324104866e-08
     7.162666666666865	-2.271698324104866e-08
     7.163000000000199	-2.271698324104866e-08
     7.163333333333533	-2.271698324104866e-08
     7.163666666666867	-2.271698324104866e-08
       7.1640000000002	-2.271698324104866e-08
     7.164333333333534	-2.271698324104866e-08
     7.164666666666868	-2.271698324104866e-08
     7.165000000000202	-2.271698324104866e-08
     7.165333333333535	-2.271698324104866e-08
     7.165666666666869	-2.271698324104866e-08
     7.166000000000203	-2.271698324104866e-08
     7.166333333333537	-2.271698324104866e-08
      7.16666666666687	-2.271698324104866e-08
     7.167000000000204	-2.271698324104866e-08
     7.167333333333538	-2.271698324104866e-08
     7.167666666666872	-2.271698324104866e-08
     7.168000000000205	-2.271698324104866e-08
     7.168333333333539	-2.271698324104866e-08
     7.168666666666873	-2.271698324104866e-08
     7.169000000000207	-2.271698324104866e-08
      7.16933333333354	-2.271698324104866e-08
     7.169666666666874	-2.271698324104866e-08
     7.170000000000208	-2.271698324104866e-08
     7.170333333333542	-2.271698324104866e-08
     7.170666666666875	-2.271698324104866e-08
     7.171000000000209	-2.271698324104866e-08
     7.171333333333543	-2.271698324104866e-08
     7.171666666666876	-2.271698324104866e-08
      7.17200000000021	-2.271698324104866e-08
     7.172333333333544	-2.271698324104866e-08
     7.172666666666878	-2.271698324104866e-08
     7.173000000000211	-2.271698324104866e-08
     7.173333333333545	-2.271698324104866e-08
     7.173666666666879	-2.271698324104866e-08
     7.174000000000213	-2.271698324104866e-08
     7.174333333333546	-2.271698324104866e-08
      7.17466666666688	-2.271698324104866e-08
     7.175000000000214	-2.271698324104866e-08
     7.175333333333548	-2.271698324104866e-08
     7.175666666666881	-2.271698324104866e-08
     7.176000000000215	-2.271698324104866e-08
     7.176333333333549	-2.271698324104866e-08
     7.176666666666883	-2.271698324104866e-08
     7.177000000000216	-2.271698324104866e-08
      7.17733333333355	-2.271698324104866e-08
     7.177666666666884	-2.271698324104866e-08
     7.178000000000218	-2.271698324104866e-08
     7.178333333333551	-2.271698324104866e-08
     7.178666666666885	-2.271698324104866e-08
     7.179000000000219	-2.271698324104866e-08
     7.179333333333553	-2.271698324104866e-08
     7.179666666666886	-2.271698324104866e-08
      7.18000000000022	-2.271698324104866e-08
     7.180333333333554	-2.271698324104866e-08
     7.180666666666887	-2.271698324104866e-08
     7.181000000000221	-2.271698324104866e-08
     7.181333333333555	-2.271698324104866e-08
     7.181666666666889	-2.271698324104866e-08
     7.182000000000222	-2.271698324104866e-08
     7.182333333333556	-2.271698324104866e-08
      7.18266666666689	-2.271698324104866e-08
     7.183000000000224	-2.271698324104866e-08
     7.183333333333557	-2.271698324104866e-08
     7.183666666666891	-2.271698324104866e-08
     7.184000000000225	-2.271698324104866e-08
     7.184333333333559	-2.271698324104866e-08
     7.184666666666892	-2.271698324104866e-08
     7.185000000000226	-2.271698324104866e-08
      7.18533333333356	-2.271698324104866e-08
     7.185666666666894	-2.271698324104866e-08
     7.186000000000227	-2.271698324104866e-08
     7.186333333333561	-2.271698324104866e-08
     7.186666666666895	-2.271698324104866e-08
     7.187000000000229	-2.271698324104866e-08
     7.187333333333562	-2.271698324104866e-08
     7.187666666666896	-2.271698324104866e-08
      7.18800000000023	-2.271698324104866e-08
     7.188333333333564	-2.271698324104866e-08
     7.188666666666897	-2.271698324104866e-08
     7.189000000000231	-2.271698324104866e-08
     7.189333333333565	-2.271698324104866e-08
     7.189666666666898	-2.271698324104866e-08
     7.190000000000232	-2.271698324104866e-08
     7.190333333333566	-2.271698324104866e-08
       7.1906666666669	-2.271698324104866e-08
     7.191000000000233	-2.271698324104866e-08
     7.191333333333567	-2.271698324104866e-08
     7.191666666666901	-2.271698324104866e-08
     7.192000000000235	-2.271698324104866e-08
     7.192333333333568	-2.271698324104866e-08
     7.192666666666902	-2.271698324104866e-08
     7.193000000000236	-2.271698324104866e-08
      7.19333333333357	-2.271698324104866e-08
     7.193666666666903	-2.271698324104866e-08
     7.194000000000237	-2.271698324104866e-08
     7.194333333333571	-2.271698324104866e-08
     7.194666666666905	-2.271698324104866e-08
     7.195000000000238	-2.271698324104866e-08
     7.195333333333572	-2.271698324104866e-08
     7.195666666666906	-2.271698324104866e-08
      7.19600000000024	-2.271698324104866e-08
     7.196333333333573	-2.271698324104866e-08
     7.196666666666907	-2.271698324104866e-08
     7.197000000000241	-2.271698324104866e-08
     7.197333333333575	-2.271698324104866e-08
     7.197666666666908	-2.271698324104866e-08
     7.198000000000242	-2.271698324104866e-08
     7.198333333333576	-2.271698324104866e-08
     7.198666666666909	-2.271698324104866e-08
     7.199000000000243	-2.271698324104866e-08
     7.199333333333577	-2.271698324104866e-08
     7.199666666666911	-2.271698324104866e-08
     7.200000000000244	-2.271698324104866e-08
     7.200333333333578	-2.271698324104866e-08
     7.200666666666912	-2.271698324104866e-08
     7.201000000000246	-2.271698324104866e-08
     7.201333333333579	-2.271698324104866e-08
     7.201666666666913	-2.271698324104866e-08
     7.202000000000247	-2.271698324104866e-08
     7.202333333333581	-2.271698324104866e-08
     7.202666666666914	-2.271698324104866e-08
     7.203000000000248	-2.271698324104866e-08
     7.203333333333582	-2.271698324104866e-08
     7.203666666666916	-2.271698324104866e-08
     7.204000000000249	-2.271698324104866e-08
     7.204333333333583	-2.271698324104866e-08
     7.204666666666917	-2.271698324104866e-08
     7.205000000000251	-2.271698324104866e-08
     7.205333333333584	-2.271698324104866e-08
     7.205666666666918	-2.271698324104866e-08
     7.206000000000252	-2.271698324104866e-08
     7.206333333333586	-2.271698324104866e-08
     7.206666666666919	-2.271698324104866e-08
     7.207000000000253	-2.271698324104866e-08
     7.207333333333587	-2.271698324104866e-08
      7.20766666666692	-2.271698324104866e-08
     7.208000000000254	-2.271698324104866e-08
     7.208333333333588	-2.271698324104866e-08
     7.208666666666922	-2.271698324104866e-08
     7.209000000000255	-2.271698324104866e-08
     7.209333333333589	-2.271698324104866e-08
     7.209666666666923	-2.271698324104866e-08
     7.210000000000257	-2.271698324104866e-08
      7.21033333333359	-2.271698324104866e-08
     7.210666666666924	-2.271698324104866e-08
     7.211000000000258	-2.271698324104866e-08
     7.211333333333592	-2.271698324104866e-08
     7.211666666666925	-2.271698324104866e-08
     7.212000000000259	-2.271698324104866e-08
     7.212333333333593	-2.271698324104866e-08
     7.212666666666927	-2.271698324104866e-08
      7.21300000000026	-2.271698324104866e-08
     7.213333333333594	-2.271698324104866e-08
     7.213666666666928	-2.271698324104866e-08
     7.214000000000262	-2.271698324104866e-08
     7.214333333333595	-2.271698324104866e-08
     7.214666666666929	-2.271698324104866e-08
     7.215000000000263	-2.271698324104866e-08
     7.215333333333596	-2.271698324104866e-08
      7.21566666666693	-2.271698324104866e-08
     7.216000000000264	-2.271698324104866e-08
     7.216333333333598	-2.271698324104866e-08
     7.216666666666931	-2.271698324104866e-08
     7.217000000000265	-2.271698324104866e-08
     7.217333333333599	-2.271698324104866e-08
     7.217666666666933	-2.271698324104866e-08
     7.218000000000266	-2.271698324104866e-08
       7.2183333333336	-2.271698324104866e-08
     7.218666666666934	-2.271698324104866e-08
     7.219000000000268	-2.271698324104866e-08
     7.219333333333601	-2.271698324104866e-08
     7.219666666666935	-2.271698324104866e-08
     7.220000000000269	-2.271698324104866e-08
     7.220333333333603	-2.271698324104866e-08
     7.220666666666936	-2.271698324104866e-08
      7.22100000000027	-2.271698324104866e-08
     7.221333333333604	-2.271698324104866e-08
     7.221666666666938	-2.271698324104866e-08
     7.222000000000271	-2.271698324104866e-08
     7.222333333333605	-2.271698324104866e-08
     7.222666666666939	-2.271698324104866e-08
     7.223000000000273	-2.271698324104866e-08
     7.223333333333606	-2.271698324104866e-08
      7.22366666666694	-2.271698324104866e-08
     7.224000000000274	-2.271698324104866e-08
     7.224333333333607	-2.271698324104866e-08
     7.224666666666941	-2.271698324104866e-08
     7.225000000000275	-2.271698324104866e-08
     7.225333333333609	-2.271698324104866e-08
     7.225666666666942	-2.271698324104866e-08
     7.226000000000276	-2.271698324104866e-08
      7.22633333333361	-2.271698324104866e-08
     7.226666666666944	-2.271698324104866e-08
     7.227000000000277	-2.271698324104866e-08
     7.227333333333611	-2.271698324104866e-08
     7.227666666666945	-2.271698324104866e-08
     7.228000000000279	-2.271698324104866e-08
     7.228333333333612	-2.271698324104866e-08
     7.228666666666946	-2.271698324104866e-08
      7.22900000000028	-2.271698324104866e-08
     7.229333333333614	-2.271698324104866e-08
     7.229666666666947	-2.271698324104866e-08
     7.230000000000281	-2.271698324104866e-08
     7.230333333333615	-2.271698324104866e-08
     7.230666666666949	-2.271698324104866e-08
     7.231000000000282	-2.271698324104866e-08
     7.231333333333616	-2.271698324104866e-08
      7.23166666666695	-2.271698324104866e-08
     7.232000000000284	-2.271698324104866e-08
     7.232333333333617	-2.271698324104866e-08
     7.232666666666951	-2.271698324104866e-08
     7.233000000000285	-2.271698324104866e-08
     7.233333333333618	-2.271698324104866e-08
     7.233666666666952	-2.271698324104866e-08
     7.234000000000286	-2.271698324104866e-08
      7.23433333333362	-2.271698324104866e-08
     7.234666666666953	-2.271698324104866e-08
     7.235000000000287	-2.271698324104866e-08
     7.235333333333621	-2.271698324104866e-08
     7.235666666666955	-2.271698324104866e-08
     7.236000000000288	-2.271698324104866e-08
     7.236333333333622	-2.271698324104866e-08
     7.236666666666956	-2.271698324104866e-08
      7.23700000000029	-2.271698324104866e-08
     7.237333333333623	-2.271698324104866e-08
     7.237666666666957	-2.271698324104866e-08
     7.238000000000291	-2.271698324104866e-08
     7.238333333333625	-2.271698324104866e-08
     7.238666666666958	-2.271698324104866e-08
     7.239000000000292	-2.271698324104866e-08
     7.239333333333626	-2.271698324104866e-08
      7.23966666666696	-2.271698324104866e-08
     7.240000000000293	-2.271698324104866e-08
     7.240333333333627	-2.271698324104866e-08
     7.240666666666961	-2.271698324104866e-08
     7.241000000000295	-2.271698324104866e-08
     7.241333333333628	-2.271698324104866e-08
     7.241666666666962	-2.271698324104866e-08
     7.242000000000296	-2.271698324104866e-08
     7.242333333333629	-2.271698324104866e-08
     7.242666666666963	-2.271698324104866e-08
     7.243000000000297	-2.271698324104866e-08
     7.243333333333631	-2.271698324104866e-08
     7.243666666666964	-2.271698324104866e-08
     7.244000000000298	-2.271698324104866e-08
     7.244333333333632	-2.271698324104866e-08
     7.244666666666966	-2.271698324104866e-08
     7.245000000000299	-2.271698324104866e-08
     7.245333333333633	-2.271698324104866e-08
     7.245666666666967	-2.271698324104866e-08
     7.246000000000301	-2.271698324104866e-08
     7.246333333333634	-2.271698324104866e-08
     7.246666666666968	-2.271698324104866e-08
     7.247000000000302	-2.271698324104866e-08
     7.247333333333636	-2.271698324104866e-08
     7.247666666666969	-2.271698324104866e-08
     7.248000000000303	-2.271698324104866e-08
     7.248333333333637	-2.271698324104866e-08
     7.248666666666971	-2.271698324104866e-08
     7.249000000000304	-2.271698324104866e-08
     7.249333333333638	-2.271698324104866e-08
     7.249666666666972	-2.271698324104866e-08
     7.250000000000306	-2.271698324104866e-08
     7.250333333333639	-2.271698324104866e-08
     7.250666666666973	-2.271698324104866e-08
     7.251000000000307	-2.271698324104866e-08
      7.25133333333364	-2.271698324104866e-08
     7.251666666666974	-2.271698324104866e-08
     7.252000000000308	-2.271698324104866e-08
     7.252333333333642	-2.271698324104866e-08
     7.252666666666975	-2.271698324104866e-08
     7.253000000000309	-2.271698324104866e-08
     7.253333333333643	-2.271698324104866e-08
     7.253666666666977	-2.271698324104866e-08
      7.25400000000031	-2.271698324104866e-08
     7.254333333333644	-2.271698324104866e-08
     7.254666666666978	-2.271698324104866e-08
     7.255000000000312	-2.271698324104866e-08
     7.255333333333645	-2.271698324104866e-08
     7.255666666666979	-2.271698324104866e-08
     7.256000000000313	-2.271698324104866e-08
     7.256333333333647	-2.271698324104866e-08
      7.25666666666698	-2.271698324104866e-08
     7.257000000000314	-2.271698324104866e-08
     7.257333333333648	-2.271698324104866e-08
     7.257666666666982	-2.271698324104866e-08
     7.258000000000315	-2.271698324104866e-08
     7.258333333333649	-2.271698324104866e-08
     7.258666666666983	-2.271698324104866e-08
     7.259000000000317	-2.271698324104866e-08
      7.25933333333365	-2.271698324104866e-08
     7.259666666666984	-2.271698324104866e-08
     7.260000000000318	-2.271698324104866e-08
     7.260333333333651	-2.271698324104866e-08
     7.260666666666985	-2.271698324104866e-08
     7.261000000000319	-2.271698324104866e-08
     7.261333333333653	-2.271698324104866e-08
     7.261666666666986	-2.271698324104866e-08
      7.26200000000032	-2.271698324104866e-08
     7.262333333333654	-2.271698324104866e-08
     7.262666666666988	-2.271698324104866e-08
     7.263000000000321	-2.271698324104866e-08
     7.263333333333655	-2.271698324104866e-08
     7.263666666666989	-2.271698324104866e-08
     7.264000000000323	-2.271698324104866e-08
     7.264333333333656	-2.271698324104866e-08
      7.26466666666699	-2.271698324104866e-08
     7.265000000000324	-2.271698324104866e-08
     7.265333333333658	-2.271698324104866e-08
     7.265666666666991	-2.271698324104866e-08
     7.266000000000325	-2.271698324104866e-08
     7.266333333333659	-2.271698324104866e-08
     7.266666666666993	-2.271698324104866e-08
     7.267000000000326	-2.271698324104866e-08
      7.26733333333366	-2.271698324104866e-08
     7.267666666666994	-2.271698324104866e-08
     7.268000000000328	-2.271698324104866e-08
     7.268333333333661	-2.271698324104866e-08
     7.268666666666995	-2.271698324104866e-08
     7.269000000000329	-2.271698324104866e-08
     7.269333333333662	-2.271698324104866e-08
     7.269666666666996	-2.271698324104866e-08
      7.27000000000033	-2.271698324104866e-08
     7.270333333333664	-2.271698324104866e-08
     7.270666666666997	-2.271698324104866e-08
     7.271000000000331	-2.271698324104866e-08
     7.271333333333665	-2.271698324104866e-08
     7.271666666666999	-2.271698324104866e-08
     7.272000000000332	-2.271698324104866e-08
     7.272333333333666	-2.271698324104866e-08
        7.272666666667	-2.271698324104866e-08
     7.273000000000334	-2.271698324104866e-08
     7.273333333333667	-2.271698324104866e-08
     7.273666666667001	-2.271698324104866e-08
     7.274000000000335	-2.271698324104866e-08
     7.274333333333669	-2.271698324104866e-08
     7.274666666667002	-2.271698324104866e-08
     7.275000000000336	-2.271698324104866e-08
      7.27533333333367	-2.271698324104866e-08
     7.275666666667004	-2.271698324104866e-08
     7.276000000000337	-2.271698324104866e-08
     7.276333333333671	-2.271698324104866e-08
     7.276666666667005	-2.271698324104866e-08
     7.277000000000339	-2.271698324104866e-08
     7.277333333333672	-2.271698324104866e-08
     7.277666666667006	-2.271698324104866e-08
      7.27800000000034	-2.271698324104866e-08
     7.278333333333673	-2.271698324104866e-08
     7.278666666667007	-2.271698324104866e-08
     7.279000000000341	-2.271698324104866e-08
     7.279333333333675	-2.271698324104866e-08
     7.279666666667008	-2.271698324104866e-08
     7.280000000000342	-2.271698324104866e-08
     7.280333333333676	-2.271698324104866e-08
      7.28066666666701	-2.271698324104866e-08
     7.281000000000343	-2.271698324104866e-08
     7.281333333333677	-2.271698324104866e-08
     7.281666666667011	-2.271698324104866e-08
     7.282000000000345	-2.271698324104866e-08
     7.282333333333678	-2.271698324104866e-08
     7.282666666667012	-2.271698324104866e-08
     7.283000000000346	-2.271698324104866e-08
      7.28333333333368	-2.271698324104866e-08
     7.283666666667013	-2.271698324104866e-08
     7.284000000000347	-2.271698324104866e-08
     7.284333333333681	-2.271698324104866e-08
     7.284666666667015	-2.271698324104866e-08
     7.285000000000348	-2.271698324104866e-08
     7.285333333333682	-2.271698324104866e-08
     7.285666666667016	-2.271698324104866e-08
      7.28600000000035	-2.271698324104866e-08
     7.286333333333683	-2.271698324104866e-08
     7.286666666667017	-2.271698324104866e-08
     7.287000000000351	-2.271698324104866e-08
     7.287333333333684	-2.271698324104866e-08
     7.287666666667018	-2.271698324104866e-08
     7.288000000000352	-2.271698324104866e-08
     7.288333333333686	-2.271698324104866e-08
     7.288666666667019	-2.271698324104866e-08
     7.289000000000353	-2.271698324104866e-08
     7.289333333333687	-2.271698324104866e-08
     7.289666666667021	-2.271698324104866e-08
     7.290000000000354	-2.271698324104866e-08
     7.290333333333688	-2.271698324104866e-08
     7.290666666667022	-2.271698324104866e-08
     7.291000000000356	-2.271698324104866e-08
     7.291333333333689	-2.271698324104866e-08
     7.291666666667023	-2.271698324104866e-08
     7.292000000000357	-2.271698324104866e-08
     7.292333333333691	-2.271698324104866e-08
     7.292666666667024	-2.271698324104866e-08
     7.293000000000358	-2.271698324104866e-08
     7.293333333333692	-2.271698324104866e-08
     7.293666666667026	-2.271698324104866e-08
     7.294000000000359	-2.271698324104866e-08
     7.294333333333693	-2.271698324104866e-08
     7.294666666667027	-2.271698324104866e-08
     7.295000000000361	-2.271698324104866e-08
     7.295333333333694	-2.271698324104866e-08
     7.295666666667028	-2.271698324104866e-08
     7.296000000000362	-2.271698324104866e-08
     7.296333333333695	-2.271698324104866e-08
     7.296666666667029	-2.271698324104866e-08
     7.297000000000363	-2.271698324104866e-08
     7.297333333333697	-2.271698324104866e-08
      7.29766666666703	-2.271698324104866e-08
     7.298000000000364	-2.271698324104866e-08
     7.298333333333698	-2.271698324104866e-08
     7.298666666667032	-2.271698324104866e-08
     7.299000000000365	-2.271698324104866e-08
     7.299333333333699	-2.271698324104866e-08
     7.299666666667033	-2.271698324104866e-08
     7.300000000000367	-2.271698324104866e-08
       7.3003333333337	-2.271698324104866e-08
     7.300666666667034	-2.271698324104866e-08
     7.301000000000368	-2.271698324104866e-08
     7.301333333333702	-2.271698324104866e-08
     7.301666666667035	-2.271698324104866e-08
     7.302000000000369	-2.271698324104866e-08
     7.302333333333703	-2.271698324104866e-08
     7.302666666667037	-2.271698324104866e-08
      7.30300000000037	-2.271698324104866e-08
     7.303333333333704	-2.271698324104866e-08
     7.303666666667038	-2.271698324104866e-08
     7.304000000000372	-2.271698324104866e-08
     7.304333333333705	-2.271698324104866e-08
     7.304666666667039	-2.271698324104866e-08
     7.305000000000373	-2.271698324104866e-08
     7.305333333333706	-2.271698324104866e-08
      7.30566666666704	-2.271698324104866e-08
     7.306000000000374	-2.271698324104866e-08
     7.306333333333708	-2.271698324104866e-08
     7.306666666667041	-2.271698324104866e-08
     7.307000000000375	-2.271698324104866e-08
     7.307333333333709	-2.271698324104866e-08
     7.307666666667043	-2.271698324104866e-08
     7.308000000000376	-2.271698324104866e-08
      7.30833333333371	-2.271698324104866e-08
     7.308666666667044	-2.271698324104866e-08
     7.309000000000378	-2.271698324104866e-08
     7.309333333333711	-2.271698324104866e-08
     7.309666666667045	-2.271698324104866e-08
     7.310000000000379	-2.271698324104866e-08
     7.310333333333713	-2.271698324104866e-08
     7.310666666667046	-2.271698324104866e-08
      7.31100000000038	-2.271698324104866e-08
     7.311333333333714	-2.271698324104866e-08
     7.311666666667048	-2.271698324104866e-08
     7.312000000000381	-2.271698324104866e-08
     7.312333333333715	-2.271698324104866e-08
     7.312666666667049	-2.271698324104866e-08
     7.313000000000383	-2.271698324104866e-08
     7.313333333333716	-2.271698324104866e-08
      7.31366666666705	-2.271698324104866e-08
     7.314000000000384	-2.271698324104866e-08
     7.314333333333717	-2.271698324104866e-08
     7.314666666667051	-2.271698324104866e-08
     7.315000000000385	-2.271698324104866e-08
     7.315333333333719	-2.271698324104866e-08
     7.315666666667052	-2.271698324104866e-08
     7.316000000000386	-2.271698324104866e-08
      7.31633333333372	-2.271698324104866e-08
     7.316666666667054	-2.271698324104866e-08
     7.317000000000387	-2.271698324104866e-08
     7.317333333333721	-2.271698324104866e-08
     7.317666666667055	-2.271698324104866e-08
     7.318000000000389	-2.271698324104866e-08
     7.318333333333722	-2.271698324104866e-08
     7.318666666667056	-2.271698324104866e-08
      7.31900000000039	-2.271698324104866e-08
     7.319333333333724	-2.271698324104866e-08
     7.319666666667057	-2.271698324104866e-08
     7.320000000000391	-2.271698324104866e-08
     7.320333333333725	-2.271698324104866e-08
     7.320666666667059	-2.271698324104866e-08
     7.321000000000392	-2.271698324104866e-08
     7.321333333333726	-2.271698324104866e-08
      7.32166666666706	-2.271698324104866e-08
     7.322000000000394	-2.271698324104866e-08
     7.322333333333727	-2.271698324104866e-08
     7.322666666667061	-2.271698324104866e-08
     7.323000000000395	-2.271698324104866e-08
     7.323333333333728	-2.271698324104866e-08
     7.323666666667062	-2.271698324104866e-08
     7.324000000000396	-2.271698324104866e-08
      7.32433333333373	-2.271698324104866e-08
     7.324666666667063	-2.271698324104866e-08
     7.325000000000397	-2.271698324104866e-08
     7.325333333333731	-2.271698324104866e-08
     7.325666666667065	-2.271698324104866e-08
     7.326000000000398	-2.271698324104866e-08
     7.326333333333732	-2.271698324104866e-08
     7.326666666667066	-2.271698324104866e-08
       7.3270000000004	-2.271698324104866e-08
     7.327333333333733	-2.271698324104866e-08
     7.327666666667067	-2.271698324104866e-08
     7.328000000000401	-2.271698324104866e-08
     7.328333333333735	-2.271698324104866e-08
     7.328666666667068	-2.271698324104866e-08
     7.329000000000402	-2.271698324104866e-08
     7.329333333333736	-2.271698324104866e-08
      7.32966666666707	-2.271698324104866e-08
     7.330000000000403	-2.271698324104866e-08
     7.330333333333737	-2.271698324104866e-08
     7.330666666667071	-2.271698324104866e-08
     7.331000000000405	-2.271698324104866e-08
     7.331333333333738	-2.271698324104866e-08
     7.331666666667072	-2.271698324104866e-08
     7.332000000000406	-2.271698324104866e-08
     7.332333333333739	-2.271698324104866e-08
     7.332666666667073	-2.271698324104866e-08
     7.333000000000407	-2.271698324104866e-08
     7.333333333333741	-2.271698324104866e-08
     7.333666666667074	-2.271698324104866e-08
     7.334000000000408	-2.271698324104866e-08
     7.334333333333742	-2.271698324104866e-08
     7.334666666667076	-2.271698324104866e-08
     7.335000000000409	-2.271698324104866e-08
     7.335333333333743	-2.271698324104866e-08
     7.335666666667077	-2.271698324104866e-08
     7.336000000000411	-2.271698324104866e-08
     7.336333333333744	-2.271698324104866e-08
     7.336666666667078	-2.271698324104866e-08
     7.337000000000412	-2.271698324104866e-08
     7.337333333333746	-2.271698324104866e-08
     7.337666666667079	-2.271698324104866e-08
     7.338000000000413	-2.271698324104866e-08
     7.338333333333747	-2.271698324104866e-08
     7.338666666667081	-2.271698324104866e-08
     7.339000000000414	-2.271698324104866e-08
     7.339333333333748	-2.271698324104866e-08
     7.339666666667082	-2.271698324104866e-08
     7.340000000000416	-2.271698324104866e-08
     7.340333333333749	-2.271698324104866e-08
     7.340666666667083	-2.271698324104866e-08
     7.341000000000417	-2.271698324104866e-08
      7.34133333333375	-2.271698324104866e-08
     7.341666666667084	-2.271698324104866e-08
     7.342000000000418	-2.271698324104866e-08
     7.342333333333752	-2.271698324104866e-08
     7.342666666667085	-2.271698324104866e-08
     7.343000000000419	-2.271698324104866e-08
     7.343333333333753	-2.271698324104866e-08
     7.343666666667087	-2.271698324104866e-08
      7.34400000000042	-2.271698324104866e-08
     7.344333333333754	-2.271698324104866e-08
     7.344666666667088	-2.271698324104866e-08
     7.345000000000422	-2.271698324104866e-08
     7.345333333333755	-2.271698324104866e-08
     7.345666666667089	-2.271698324104866e-08
     7.346000000000423	-2.271698324104866e-08
     7.346333333333757	-2.271698324104866e-08
      7.34666666666709	-2.271698324104866e-08
     7.347000000000424	-2.271698324104866e-08
     7.347333333333758	-2.271698324104866e-08
     7.347666666667092	-2.271698324104866e-08
     7.348000000000425	-2.271698324104866e-08
     7.348333333333759	-2.271698324104866e-08
     7.348666666667093	-2.271698324104866e-08
     7.349000000000427	-2.271698324104866e-08
      7.34933333333376	-2.271698324104866e-08
     7.349666666667094	-2.271698324104866e-08
     7.350000000000428	-2.271698324104866e-08
     7.350333333333761	-2.271698324104866e-08
     7.350666666667095	-2.271698324104866e-08
     7.351000000000429	-2.271698324104866e-08
     7.351333333333763	-2.271698324104866e-08
     7.351666666667096	-2.271698324104866e-08
      7.35200000000043	-2.271698324104866e-08
     7.352333333333764	-2.271698324104866e-08
     7.352666666667098	-2.271698324104866e-08
     7.353000000000431	-2.271698324104866e-08
     7.353333333333765	-2.271698324104866e-08
     7.353666666667099	-2.271698324104866e-08
     7.354000000000433	-2.271698324104866e-08
     7.354333333333766	-2.271698324104866e-08
       7.3546666666671	-2.271698324104866e-08
     7.355000000000434	-2.271698324104866e-08
     7.355333333333768	-2.271698324104866e-08
     7.355666666667101	-2.271698324104866e-08
     7.356000000000435	-2.271698324104866e-08
     7.356333333333769	-2.271698324104866e-08
     7.356666666667103	-2.271698324104866e-08
     7.357000000000436	-2.271698324104866e-08
      7.35733333333377	-2.271698324104866e-08
     7.357666666667104	-2.271698324104866e-08
     7.358000000000438	-2.271698324104866e-08
     7.358333333333771	-2.271698324104866e-08
     7.358666666667105	-2.271698324104866e-08
     7.359000000000439	-2.271698324104866e-08
     7.359333333333772	-2.271698324104866e-08
     7.359666666667106	-2.271698324104866e-08
      7.36000000000044	-2.271698324104866e-08
     7.360333333333774	-2.271698324104866e-08
     7.360666666667107	-2.271698324104866e-08
     7.361000000000441	-2.271698324104866e-08
     7.361333333333775	-2.271698324104866e-08
     7.361666666667109	-2.271698324104866e-08
     7.362000000000442	-2.271698324104866e-08
     7.362333333333776	-2.271698324104866e-08
      7.36266666666711	-2.271698324104866e-08
     7.363000000000444	-2.271698324104866e-08
     7.363333333333777	-2.271698324104866e-08
     7.363666666667111	-2.271698324104866e-08
     7.364000000000445	-2.271698324104866e-08
     7.364333333333779	-2.271698324104866e-08
     7.364666666667112	-2.271698324104866e-08
     7.365000000000446	-2.271698324104866e-08
      7.36533333333378	-2.271698324104866e-08
     7.365666666667114	-2.271698324104866e-08
     7.366000000000447	-2.271698324104866e-08
     7.366333333333781	-2.271698324104866e-08
     7.366666666667115	-2.271698324104866e-08
     7.367000000000449	-2.271698324104866e-08
     7.367333333333782	-2.271698324104866e-08
     7.367666666667116	-2.271698324104866e-08
      7.36800000000045	-2.271698324104866e-08
     7.368333333333783	-2.271698324104866e-08
     7.368666666667117	-2.271698324104866e-08
     7.369000000000451	-2.271698324104866e-08
     7.369333333333785	-2.271698324104866e-08
     7.369666666667118	-2.271698324104866e-08
     7.370000000000452	-2.271698324104866e-08
     7.370333333333786	-2.271698324104866e-08
      7.37066666666712	-2.271698324104866e-08
     7.371000000000453	-2.271698324104866e-08
     7.371333333333787	-2.271698324104866e-08
     7.371666666667121	-2.271698324104866e-08
     7.372000000000455	-2.271698324104866e-08
     7.372333333333788	-2.271698324104866e-08
     7.372666666667122	-2.271698324104866e-08
     7.373000000000456	-2.271698324104866e-08
      7.37333333333379	-2.271698324104866e-08
     7.373666666667123	-2.271698324104866e-08
     7.374000000000457	-2.271698324104866e-08
     7.374333333333791	-2.271698324104866e-08
     7.374666666667125	-2.271698324104866e-08
     7.375000000000458	-2.271698324104866e-08
     7.375333333333792	-2.271698324104866e-08
     7.375666666667126	-2.271698324104866e-08
      7.37600000000046	-2.271698324104866e-08
     7.376333333333793	-2.271698324104866e-08
     7.376666666667127	-2.271698324104866e-08
     7.377000000000461	-2.271698324104866e-08
     7.377333333333794	-2.271698324104866e-08
     7.377666666667128	-2.271698324104866e-08
     7.378000000000462	-2.271698324104866e-08
     7.378333333333796	-2.271698324104866e-08
     7.378666666667129	-2.271698324104866e-08
     7.379000000000463	-2.271698324104866e-08
     7.379333333333797	-2.271698324104866e-08
     7.379666666667131	-2.271698324104866e-08
     7.380000000000464	-2.271698324104866e-08
     7.380333333333798	-2.271698324104866e-08
     7.380666666667132	-2.271698324104866e-08
     7.381000000000466	-2.271698324104866e-08
     7.381333333333799	-2.271698324104866e-08
     7.381666666667133	-2.271698324104866e-08
     7.382000000000467	-2.271698324104866e-08
     7.382333333333801	-2.271698324104866e-08
     7.382666666667134	-2.271698324104866e-08
     7.383000000000468	-2.271698324104866e-08
     7.383333333333802	-2.271698324104866e-08
     7.383666666667136	-2.271698324104866e-08
     7.384000000000469	-2.271698324104866e-08
     7.384333333333803	-2.271698324104866e-08
     7.384666666667137	-2.271698324104866e-08
     7.385000000000471	-2.271698324104866e-08
     7.385333333333804	-2.271698324104866e-08
     7.385666666667138	-2.271698324104866e-08
     7.386000000000472	-2.271698324104866e-08
     7.386333333333805	-2.271698324104866e-08
     7.386666666667139	-2.271698324104866e-08
     7.387000000000473	-2.271698324104866e-08
     7.387333333333807	-2.271698324104866e-08
      7.38766666666714	-2.271698324104866e-08
     7.388000000000474	-2.271698324104866e-08
     7.388333333333808	-2.271698324104866e-08
     7.388666666667142	-2.271698324104866e-08
     7.389000000000475	-2.271698324104866e-08
     7.389333333333809	-2.271698324104866e-08
     7.389666666667143	-2.271698324104866e-08
     7.390000000000477	-2.271698324104866e-08
      7.39033333333381	-2.271698324104866e-08
     7.390666666667144	-2.271698324104866e-08
     7.391000000000478	-2.271698324104866e-08
     7.391333333333812	-2.271698324104866e-08
     7.391666666667145	-2.271698324104866e-08
     7.392000000000479	-2.271698324104866e-08
     7.392333333333813	-2.271698324104866e-08
     7.392666666667147	-2.271698324104866e-08
      7.39300000000048	-2.271698324104866e-08
     7.393333333333814	-2.271698324104866e-08
     7.393666666667148	-2.271698324104866e-08
     7.394000000000482	-2.271698324104866e-08
     7.394333333333815	-2.271698324104866e-08
     7.394666666667149	-2.271698324104866e-08
     7.395000000000483	-2.271698324104866e-08
     7.395333333333816	-2.271698324104866e-08
      7.39566666666715	-2.271698324104866e-08
     7.396000000000484	-2.271698324104866e-08
     7.396333333333818	-2.271698324104866e-08
     7.396666666667151	-2.271698324104866e-08
     7.397000000000485	-2.271698324104866e-08
     7.397333333333819	-2.271698324104866e-08
     7.397666666667153	-2.271698324104866e-08
     7.398000000000486	-2.271698324104866e-08
      7.39833333333382	-2.271698324104866e-08
     7.398666666667154	-2.271698324104866e-08
     7.399000000000488	-2.271698324104866e-08
     7.399333333333821	-2.271698324104866e-08
     7.399666666667155	-2.271698324104866e-08
     7.400000000000489	-2.271698324104866e-08
     7.400333333333823	-2.271698324104866e-08
     7.400666666667156	-2.271698324104866e-08
      7.40100000000049	-2.271698324104866e-08
     7.401333333333824	-2.271698324104866e-08
     7.401666666667158	-2.271698324104866e-08
     7.402000000000491	-2.271698324104866e-08
     7.402333333333825	-2.271698324104866e-08
     7.402666666667159	-2.271698324104866e-08
     7.403000000000493	-2.271698324104866e-08
     7.403333333333826	-2.271698324104866e-08
      7.40366666666716	-2.271698324104866e-08
     7.404000000000494	-2.271698324104866e-08
     7.404333333333827	-2.271698324104866e-08
     7.404666666667161	-2.271698324104866e-08
     7.405000000000495	-2.271698324104866e-08
     7.405333333333829	-2.271698324104866e-08
     7.405666666667162	-2.271698324104866e-08
     7.406000000000496	-2.271698324104866e-08
      7.40633333333383	-2.271698324104866e-08
     7.406666666667164	-2.271698324104866e-08
     7.407000000000497	-2.271698324104866e-08
     7.407333333333831	-2.271698324104866e-08
     7.407666666667165	-2.271698324104866e-08
     7.408000000000499	-2.271698324104866e-08
     7.408333333333832	-2.271698324104866e-08
     7.408666666667166	-2.271698324104866e-08
       7.4090000000005	-2.271698324104866e-08
     7.409333333333834	-2.271698324104866e-08
     7.409666666667167	-2.271698324104866e-08
     7.410000000000501	-2.271698324104866e-08

     8.000333333333334	-2.084390516204763e-08
     8.000666666666667	-2.084390516204763e-08
     8.001000000000001	-2.084390516204763e-08
     8.001333333333335	-2.084390516204763e-08
     8.001666666666669	-2.084390516204763e-08
     8.002000000000002	-2.084390516204763e-08
     8.002333333333336	-2.084390516204763e-08
      8.00266666666667	-2.084390516204763e-08
     8.003000000000004	-2.084390516204763e-08
     8.003333333333337	-2.084390516204763e-08
     8.003666666666671	-2.084390516204763e-08
     8.004000000000005	-2.084390516204763e-08
     8.004333333333339	-2.084390516204763e-08
     8.004666666666672	-2.084390516204763e-08
     8.005000000000006	-2.084390516204763e-08
      8.00533333333334	-2.084390516204763e-08
     8.005666666666674	-2.084390516204763e-08
     8.006000000000007	-2.084390516204763e-08
     8.006333333333341	-2.084390516204763e-08
     8.006666666666675	-2.084390516204763e-08
     8.007000000000009	-2.084390516204763e-08
     8.007333333333342	-2.084390516204763e-08
     8.007666666666676	-2.084390516204763e-08
      8.00800000000001	-2.084390516204763e-08
     8.008333333333344	-2.084390516204763e-08
     8.008666666666677	-2.084390516204763e-08
     8.009000000000011	-2.084390516204763e-08
     8.009333333333345	-2.084390516204763e-08
     8.009666666666678	-2.084390516204763e-08
     8.010000000000012	-2.084390516204763e-08
     8.010333333333346	-2.084390516204763e-08
      8.01066666666668	-2.084390516204763e-08
     8.011000000000013	-2.084390516204763e-08
     8.011333333333347	-2.084390516204763e-08
     8.011666666666681	-2.084390516204763e-08
     8.012000000000015	-2.084390516204763e-08
     8.012333333333348	-2.084390516204763e-08
     8.012666666666682	-2.084390516204763e-08
     8.013000000000016	-2.084390516204763e-08
      8.01333333333335	-2.084390516204763e-08
     8.013666666666683	-2.084390516204763e-08
     8.014000000000017	-2.084390516204763e-08
     8.014333333333351	-2.084390516204763e-08
     8.014666666666685	-2.084390516204763e-08
     8.015000000000018	-2.084390516204763e-08
     8.015333333333352	-2.084390516204763e-08
     8.015666666666686	-2.084390516204763e-08
      8.01600000000002	-2.084390516204763e-08
     8.016333333333353	-2.084390516204763e-08
     8.016666666666687	-2.084390516204763e-08
     8.017000000000021	-2.084390516204763e-08
     8.017333333333355	-2.084390516204763e-08
     8.017666666666688	-2.084390516204763e-08
     8.018000000000022	-2.084390516204763e-08
     8.018333333333356	-2.084390516204763e-08
     8.018666666666689	-2.084390516204763e-08
     8.019000000000023	-2.084390516204763e-08
     8.019333333333357	-2.084390516204763e-08
     8.019666666666691	-2.084390516204763e-08
     8.020000000000024	-2.084390516204763e-08
     8.020333333333358	-2.084390516204763e-08
     8.020666666666692	-2.084390516204763e-08
     8.021000000000026	-2.084390516204763e-08
     8.021333333333359	-2.084390516204763e-08
     8.021666666666693	-2.084390516204763e-08
     8.022000000000027	-2.084390516204763e-08
     8.022333333333361	-2.084390516204763e-08
     8.022666666666694	-2.084390516204763e-08
     8.023000000000028	-2.084390516204763e-08
     8.023333333333362	-2.084390516204763e-08
     8.023666666666696	-2.084390516204763e-08
     8.024000000000029	-2.084390516204763e-08
     8.024333333333363	-2.084390516204763e-08
     8.024666666666697	-2.084390516204763e-08
     8.025000000000031	-2.084390516204763e-08
     8.025333333333364	-2.084390516204763e-08
     8.025666666666698	-2.084390516204763e-08
     8.026000000000032	-2.084390516204763e-08
     8.026333333333366	-2.084390516204763e-08
     8.026666666666699	-2.084390516204763e-08
     8.027000000000033	-2.084390516204763e-08
     8.027333333333367	-2.084390516204763e-08
       8.0276666666667	-2.084390516204763e-08
     8.028000000000034	-2.084390516204763e-08
     8.028333333333368	-2.084390516204763e-08
     8.028666666666702	-2.084390516204763e-08
     8.029000000000035	-2.084390516204763e-08
     8.029333333333369	-2.084390516204763e-08
     8.029666666666703	-2.084390516204763e-08
     8.030000000000037	-2.084390516204763e-08
      8.03033333333337	-2.084390516204763e-08
     8.030666666666704	-2.084390516204763e-08
     8.031000000000038	-2.084390516204763e-08
     8.031333333333372	-2.084390516204763e-08
     8.031666666666705	-2.084390516204763e-08
     8.032000000000039	-2.084390516204763e-08
     8.032333333333373	-2.084390516204763e-08
     8.032666666666707	-2.084390516204763e-08
      8.03300000000004	-2.084390516204763e-08
     8.033333333333374	-2.084390516204763e-08
     8.033666666666708	-2.084390516204763e-08
     8.034000000000042	-2.084390516204763e-08
     8.034333333333375	-2.084390516204763e-08
     8.034666666666709	-2.084390516204763e-08
     8.035000000000043	-2.084390516204763e-08
     8.035333333333377	-2.084390516204763e-08
      8.03566666666671	-2.084390516204763e-08
     8.036000000000044	-2.084390516204763e-08
     8.036333333333378	-2.084390516204763e-08
     8.036666666666711	-2.084390516204763e-08
     8.037000000000045	-2.084390516204763e-08
     8.037333333333379	-2.084390516204763e-08
     8.037666666666713	-2.084390516204763e-08
     8.038000000000046	-2.084390516204763e-08
      8.03833333333338	-2.084390516204763e-08
     8.038666666666714	-2.084390516204763e-08
     8.039000000000048	-2.084390516204763e-08
     8.039333333333381	-2.084390516204763e-08
     8.039666666666715	-2.084390516204763e-08
     8.040000000000049	-2.084390516204763e-08
     8.040333333333383	-2.084390516204763e-08
     8.040666666666716	-2.084390516204763e-08
      8.04100000000005	-2.084390516204763e-08
     8.041333333333384	-2.084390516204763e-08
     8.041666666666718	-2.084390516204763e-08
     8.042000000000051	-2.084390516204763e-08
     8.042333333333385	-2.084390516204763e-08
     8.042666666666719	-2.084390516204763e-08
     8.043000000000053	-2.084390516204763e-08
     8.043333333333386	-2.084390516204763e-08
      8.04366666666672	-2.084390516204763e-08
     8.044000000000054	-2.084390516204763e-08
     8.044333333333388	-2.084390516204763e-08
     8.044666666666721	-2.084390516204763e-08
     8.045000000000055	-2.084390516204763e-08
     8.045333333333389	-2.084390516204763e-08
     8.045666666666722	-2.084390516204763e-08
     8.046000000000056	-2.084390516204763e-08
      8.04633333333339	-2.084390516204763e-08
     8.046666666666724	-2.084390516204763e-08
     8.047000000000057	-2.084390516204763e-08
     8.047333333333391	-2.084390516204763e-08
     8.047666666666725	-2.084390516204763e-08
     8.048000000000059	-2.084390516204763e-08
     8.048333333333392	-2.084390516204763e-08
     8.048666666666726	-2.084390516204763e-08
      8.04900000000006	-2.084390516204763e-08
     8.049333333333394	-2.084390516204763e-08
     8.049666666666727	-2.084390516204763e-08
     8.050000000000061	-2.084390516204763e-08
     8.050333333333395	-2.084390516204763e-08
     8.050666666666729	-2.084390516204763e-08
     8.051000000000062	-2.084390516204763e-08
     8.051333333333396	-2.084390516204763e-08
      8.05166666666673	-2.084390516204763e-08
     8.052000000000064	-2.084390516204763e-08
     8.052333333333397	-2.084390516204763e-08
     8.052666666666731	-2.084390516204763e-08
     8.053000000000065	-2.084390516204763e-08
     8.053333333333399	-2.084390516204763e-08
     8.053666666666732	-2.084390516204763e-08
     8.054000000000066	-2.084390516204763e-08
       8.0543333333334	-2.084390516204763e-08
     8.054666666666733	-2.084390516204763e-08
     8.055000000000067	-2.084390516204763e-08
     8.055333333333401	-2.084390516204763e-08
     8.055666666666735	-2.084390516204763e-08
     8.056000000000068	-2.084390516204763e-08
     8.056333333333402	-2.084390516204763e-08
     8.056666666666736	-2.084390516204763e-08
      8.05700000000007	-2.084390516204763e-08
     8.057333333333403	-2.084390516204763e-08
     8.057666666666737	-2.084390516204763e-08
     8.058000000000071	-2.084390516204763e-08
     8.058333333333405	-2.084390516204763e-08
     8.058666666666738	-2.084390516204763e-08
     8.059000000000072	-2.084390516204763e-08
     8.059333333333406	-2.084390516204763e-08
      8.05966666666674	-2.084390516204763e-08
     8.060000000000073	-2.084390516204763e-08
     8.060333333333407	-2.084390516204763e-08
     8.060666666666741	-2.084390516204763e-08
     8.061000000000075	-2.084390516204763e-08
     8.061333333333408	-2.084390516204763e-08
     8.061666666666742	-2.084390516204763e-08
     8.062000000000076	-2.084390516204763e-08
      8.06233333333341	-2.084390516204763e-08
     8.062666666666743	-2.084390516204763e-08
     8.063000000000077	-2.084390516204763e-08
     8.063333333333411	-2.084390516204763e-08
     8.063666666666744	-2.084390516204763e-08
     8.064000000000078	-2.084390516204763e-08
     8.064333333333412	-2.084390516204763e-08
     8.064666666666746	-2.084390516204763e-08
     8.065000000000079	-2.084390516204763e-08
     8.065333333333413	-2.084390516204763e-08
     8.065666666666747	-2.084390516204763e-08
     8.066000000000081	-2.084390516204763e-08
     8.066333333333414	-2.084390516204763e-08
     8.066666666666748	-2.084390516204763e-08
     8.067000000000082	-2.084390516204763e-08
     8.067333333333416	-2.084390516204763e-08
     8.067666666666749	-2.084390516204763e-08
     8.068000000000083	-2.084390516204763e-08
     8.068333333333417	-2.084390516204763e-08
     8.068666666666751	-2.084390516204763e-08
     8.069000000000084	-2.084390516204763e-08
     8.069333333333418	-2.084390516204763e-08
     8.069666666666752	-2.084390516204763e-08
     8.070000000000086	-2.084390516204763e-08
     8.070333333333419	-2.084390516204763e-08
     8.070666666666753	-2.084390516204763e-08
     8.071000000000087	-2.084390516204763e-08
     8.071333333333421	-2.084390516204763e-08
     8.071666666666754	-2.084390516204763e-08
     8.072000000000088	-2.084390516204763e-08
     8.072333333333422	-2.084390516204763e-08
     8.072666666666755	-2.084390516204763e-08
     8.073000000000089	-2.084390516204763e-08
     8.073333333333423	-2.084390516204763e-08
     8.073666666666757	-2.084390516204763e-08
      8.07400000000009	-2.084390516204763e-08
     8.074333333333424	-2.084390516204763e-08
     8.074666666666758	-2.084390516204763e-08
     8.075000000000092	-2.084390516204763e-08
     8.075333333333425	-2.084390516204763e-08
     8.075666666666759	-2.084390516204763e-08
     8.076000000000093	-2.084390516204763e-08
     8.076333333333427	-2.084390516204763e-08
      8.07666666666676	-2.084390516204763e-08
     8.077000000000094	-2.084390516204763e-08
     8.077333333333428	-2.084390516204763e-08
     8.077666666666762	-2.084390516204763e-08
     8.078000000000095	-2.084390516204763e-08
     8.078333333333429	-2.084390516204763e-08
     8.078666666666763	-2.084390516204763e-08
     8.079000000000097	-2.084390516204763e-08
      8.07933333333343	-2.084390516204763e-08
     8.079666666666764	-2.084390516204763e-08
     8.080000000000098	-2.084390516204763e-08
     8.080333333333432	-2.084390516204763e-08
     8.080666666666765	-2.084390516204763e-08
     8.081000000000099	-2.084390516204763e-08
     8.081333333333433	-2.084390516204763e-08
     8.081666666666766	-2.084390516204763e-08
       8.0820000000001	-2.084390516204763e-08
     8.082333333333434	-2.084390516204763e-08
     8.082666666666768	-2.084390516204763e-08
     8.083000000000101	-2.084390516204763e-08
     8.083333333333435	-2.084390516204763e-08
     8.083666666666769	-2.084390516204763e-08
     8.084000000000103	-2.084390516204763e-08
     8.084333333333436	-2.084390516204763e-08
      8.08466666666677	-2.084390516204763e-08
     8.085000000000104	-2.084390516204763e-08
     8.085333333333438	-2.084390516204763e-08
     8.085666666666771	-2.084390516204763e-08
     8.086000000000105	-2.084390516204763e-08
     8.086333333333439	-2.084390516204763e-08
     8.086666666666773	-2.084390516204763e-08
     8.087000000000106	-2.084390516204763e-08
      8.08733333333344	-2.084390516204763e-08
     8.087666666666774	-2.084390516204763e-08
     8.088000000000108	-2.084390516204763e-08
     8.088333333333441	-2.084390516204763e-08
     8.088666666666775	-2.084390516204763e-08
     8.089000000000109	-2.084390516204763e-08
     8.089333333333443	-2.084390516204763e-08
     8.089666666666776	-2.084390516204763e-08
      8.09000000000011	-2.084390516204763e-08
     8.090333333333444	-2.084390516204763e-08
     8.090666666666777	-2.084390516204763e-08
     8.091000000000111	-2.084390516204763e-08
     8.091333333333445	-2.084390516204763e-08
     8.091666666666779	-2.084390516204763e-08
     8.092000000000112	-2.084390516204763e-08
     8.092333333333446	-2.084390516204763e-08
      8.09266666666678	-2.084390516204763e-08
     8.093000000000114	-2.084390516204763e-08
     8.093333333333447	-2.084390516204763e-08
     8.093666666666781	-2.084390516204763e-08
     8.094000000000115	-2.084390516204763e-08
     8.094333333333449	-2.084390516204763e-08
     8.094666666666782	-2.084390516204763e-08
     8.095000000000116	-2.084390516204763e-08
      8.09533333333345	-2.084390516204763e-08
     8.095666666666784	-2.084390516204763e-08
     8.096000000000117	-2.084390516204763e-08
     8.096333333333451	-2.084390516204763e-08
     8.096666666666785	-2.084390516204763e-08
     8.097000000000119	-2.084390516204763e-08
     8.097333333333452	-2.084390516204763e-08
     8.097666666666786	-2.084390516204763e-08
      8.09800000000012	-2.084390516204763e-08
     8.098333333333454	-2.084390516204763e-08
     8.098666666666787	-2.084390516204763e-08
     8.099000000000121	-2.084390516204763e-08
     8.099333333333455	-2.084390516204763e-08
     8.099666666666788	-2.084390516204763e-08
     8.100000000000122	-2.084390516204763e-08
     8.100333333333456	-2.084390516204763e-08
      8.10066666666679	-2.084390516204763e-08
     8.101000000000123	-2.084390516204763e-08
     8.101333333333457	-2.084390516204763e-08
     8.101666666666791	-2.084390516204763e-08
     8.102000000000125	-2.084390516204763e-08
     8.102333333333458	-2.084390516204763e-08
     8.102666666666792	-2.084390516204763e-08
     8.103000000000126	-2.084390516204763e-08
      8.10333333333346	-2.084390516204763e-08
     8.103666666666793	-2.084390516204763e-08
     8.104000000000127	-2.084390516204763e-08
     8.104333333333461	-2.084390516204763e-08
     8.104666666666795	-2.084390516204763e-08
     8.105000000000128	-2.084390516204763e-08
     8.105333333333462	-2.084390516204763e-08
     8.105666666666796	-2.084390516204763e-08
      8.10600000000013	-2.084390516204763e-08
     8.106333333333463	-2.084390516204763e-08
     8.106666666666797	-2.084390516204763e-08
     8.107000000000131	-2.084390516204763e-08
     8.107333333333465	-2.084390516204763e-08
     8.107666666666798	-2.084390516204763e-08
     8.108000000000132	-2.084390516204763e-08
     8.108333333333466	-2.084390516204763e-08
     8.108666666666799	-2.084390516204763e-08
     8.109000000000133	-2.084390516204763e-08
     8.109333333333467	-2.084390516204763e-08
     8.109666666666801	-2.084390516204763e-08
     8.110000000000134	-2.084390516204763e-08
     8.110333333333468	-2.084390516204763e-08
     8.110666666666802	-2.084390516204763e-08
     8.111000000000136	-2.084390516204763e-08
     8.111333333333469	-2.084390516204763e-08
     8.111666666666803	-2.084390516204763e-08
     8.112000000000137	-2.084390516204763e-08
     8.112333333333471	-2.084390516204763e-08
     8.112666666666804	-2.084390516204763e-08
     8.113000000000138	-2.084390516204763e-08
     8.113333333333472	-2.084390516204763e-08
     8.113666666666806	-2.084390516204763e-08
     8.114000000000139	-2.084390516204763e-08
     8.114333333333473	-2.084390516204763e-08
     8.114666666666807	-2.084390516204763e-08
     8.115000000000141	-2.084390516204763e-08
     8.115333333333474	-2.084390516204763e-08
     8.115666666666808	-2.084390516204763e-08
     8.116000000000142	-2.084390516204763e-08
     8.116333333333476	-2.084390516204763e-08
     8.116666666666809	-2.084390516204763e-08
     8.117000000000143	-2.084390516204763e-08
     8.117333333333477	-2.084390516204763e-08
      8.11766666666681	-2.084390516204763e-08
     8.118000000000144	-2.084390516204763e-08
     8.118333333333478	-2.084390516204763e-08
     8.118666666666812	-2.084390516204763e-08
     8.119000000000145	-2.084390516204763e-08
     8.119333333333479	-2.084390516204763e-08
     8.119666666666813	-2.084390516204763e-08
     8.120000000000147	-2.084390516204763e-08
      8.12033333333348	-2.084390516204763e-08
     8.120666666666814	-2.084390516204763e-08
     8.121000000000148	-2.084390516204763e-08
     8.121333333333482	-2.084390516204763e-08
     8.121666666666815	-2.084390516204763e-08
     8.122000000000149	-2.084390516204763e-08
     8.122333333333483	-2.084390516204763e-08
     8.122666666666817	-2.084390516204763e-08
      8.12300000000015	-2.084390516204763e-08
     8.123333333333484	-2.084390516204763e-08
     8.123666666666818	-2.084390516204763e-08
     8.124000000000152	-2.084390516204763e-08
     8.124333333333485	-2.084390516204763e-08
     8.124666666666819	-2.084390516204763e-08
     8.125000000000153	-2.084390516204763e-08
     8.125333333333487	-2.084390516204763e-08
      8.12566666666682	-2.084390516204763e-08
     8.126000000000154	-2.084390516204763e-08
     8.126333333333488	-2.084390516204763e-08
     8.126666666666821	-2.084390516204763e-08
     8.127000000000155	-2.084390516204763e-08
     8.127333333333489	-2.084390516204763e-08
     8.127666666666823	-2.084390516204763e-08
     8.128000000000156	-2.084390516204763e-08
      8.12833333333349	-2.084390516204763e-08
     8.128666666666824	-2.084390516204763e-08
     8.129000000000158	-2.084390516204763e-08
     8.129333333333491	-2.084390516204763e-08
     8.129666666666825	-2.084390516204763e-08
     8.130000000000159	-2.084390516204763e-08
     8.130333333333493	-2.084390516204763e-08
     8.130666666666826	-2.084390516204763e-08
      8.13100000000016	-2.084390516204763e-08
     8.131333333333494	-2.084390516204763e-08
     8.131666666666828	-2.084390516204763e-08
     8.132000000000161	-2.084390516204763e-08
     8.132333333333495	-2.084390516204763e-08
     8.132666666666829	-2.084390516204763e-08
     8.133000000000163	-2.084390516204763e-08
     8.133333333333496	-2.084390516204763e-08
      8.13366666666683	-2.084390516204763e-08
     8.134000000000164	-2.084390516204763e-08
     8.134333333333498	-2.084390516204763e-08
     8.134666666666831	-2.084390516204763e-08
     8.135000000000165	-2.084390516204763e-08
     8.135333333333499	-2.084390516204763e-08
     8.135666666666832	-2.084390516204763e-08
     8.136000000000166	-2.084390516204763e-08
       8.1363333333335	-2.084390516204763e-08
     8.136666666666834	-2.084390516204763e-08
     8.137000000000167	-2.084390516204763e-08
     8.137333333333501	-2.084390516204763e-08
     8.137666666666835	-2.084390516204763e-08
     8.138000000000169	-2.084390516204763e-08
     8.138333333333502	-2.084390516204763e-08
     8.138666666666836	-2.084390516204763e-08
      8.13900000000017	-2.084390516204763e-08
     8.139333333333504	-2.084390516204763e-08
     8.139666666666837	-2.084390516204763e-08
     8.140000000000171	-2.084390516204763e-08
     8.140333333333505	-2.084390516204763e-08
     8.140666666666839	-2.084390516204763e-08
     8.141000000000172	-2.084390516204763e-08
     8.141333333333506	-2.084390516204763e-08
      8.14166666666684	-2.084390516204763e-08
     8.142000000000174	-2.084390516204763e-08
     8.142333333333507	-2.084390516204763e-08
     8.142666666666841	-2.084390516204763e-08
     8.143000000000175	-2.084390516204763e-08
     8.143333333333509	-2.084390516204763e-08
     8.143666666666842	-2.084390516204763e-08
     8.144000000000176	-2.084390516204763e-08
      8.14433333333351	-2.084390516204763e-08
     8.144666666666843	-2.084390516204763e-08
     8.145000000000177	-2.084390516204763e-08
     8.145333333333511	-2.084390516204763e-08
     8.145666666666845	-2.084390516204763e-08
     8.146000000000178	-2.084390516204763e-08
     8.146333333333512	-2.084390516204763e-08
     8.146666666666846	-2.084390516204763e-08
      8.14700000000018	-2.084390516204763e-08
     8.147333333333513	-2.084390516204763e-08
     8.147666666666847	-2.084390516204763e-08
     8.148000000000181	-2.084390516204763e-08
     8.148333333333515	-2.084390516204763e-08
     8.148666666666848	-2.084390516204763e-08
     8.149000000000182	-2.084390516204763e-08
     8.149333333333516	-2.084390516204763e-08
      8.14966666666685	-2.084390516204763e-08
     8.150000000000183	-2.084390516204763e-08
     8.150333333333517	-2.084390516204763e-08
     8.150666666666851	-2.084390516204763e-08
     8.151000000000185	-2.084390516204763e-08
     8.151333333333518	-2.084390516204763e-08
     8.151666666666852	-2.084390516204763e-08
     8.152000000000186	-2.084390516204763e-08
      8.15233333333352	-2.084390516204763e-08
     8.152666666666853	-2.084390516204763e-08
     8.153000000000187	-2.084390516204763e-08
     8.153333333333521	-2.084390516204763e-08
     8.153666666666854	-2.084390516204763e-08
     8.154000000000188	-2.084390516204763e-08
     8.154333333333522	-2.084390516204763e-08
     8.154666666666856	-2.084390516204763e-08
     8.155000000000189	-2.084390516204763e-08
     8.155333333333523	-2.084390516204763e-08
     8.155666666666857	-2.084390516204763e-08
     8.156000000000191	-2.084390516204763e-08
     8.156333333333524	-2.084390516204763e-08
     8.156666666666858	-2.084390516204763e-08
     8.157000000000192	-2.084390516204763e-08
     8.157333333333526	-2.084390516204763e-08
     8.157666666666859	-2.084390516204763e-08
     8.158000000000193	-2.084390516204763e-08
     8.158333333333527	-2.084390516204763e-08
     8.158666666666861	-2.084390516204763e-08
     8.159000000000194	-2.084390516204763e-08
     8.159333333333528	-2.084390516204763e-08
     8.159666666666862	-2.084390516204763e-08
     8.160000000000196	-2.084390516204763e-08
     8.160333333333529	-2.084390516204763e-08
     8.160666666666863	-2.084390516204763e-08
     8.161000000000197	-2.084390516204763e-08
     8.161333333333531	-2.084390516204763e-08
     8.161666666666864	-2.084390516204763e-08
     8.162000000000198	-2.084390516204763e-08
     8.162333333333532	-2.084390516204763e-08
     8.162666666666865	-2.084390516204763e-08
     8.163000000000199	-2.084390516204763e-08
     8.163333333333533	-2.084390516204763e-08
     8.163666666666867	-2.084390516204763e-08
       8.1640000000002	-2.084390516204763e-08
     8.164333333333534	-2.084390516204763e-08
     8.164666666666868	-2.084390516204763e-08
     8.165000000000202	-2.084390516204763e-08
     8.165333333333535	-2.084390516204763e-08
     8.165666666666869	-2.084390516204763e-08
     8.166000000000203	-2.084390516204763e-08
     8.166333333333537	-2.084390516204763e-08
      8.16666666666687	-2.084390516204763e-08
     8.167000000000204	-2.084390516204763e-08
     8.167333333333538	-2.084390516204763e-08
     8.167666666666872	-2.084390516204763e-08
     8.168000000000205	-2.084390516204763e-08
     8.168333333333539	-2.084390516204763e-08
     8.168666666666873	-2.084390516204763e-08
     8.169000000000207	-2.084390516204763e-08
      8.16933333333354	-2.084390516204763e-08
     8.169666666666874	-2.084390516204763e-08
     8.170000000000208	-2.084390516204763e-08
     8.170333333333542	-2.084390516204763e-08
     8.170666666666875	-2.084390516204763e-08
     8.171000000000209	-2.084390516204763e-08
     8.171333333333543	-2.084390516204763e-08
     8.171666666666876	-2.084390516204763e-08
      8.17200000000021	-2.084390516204763e-08
     8.172333333333544	-2.084390516204763e-08
     8.172666666666878	-2.084390516204763e-08
     8.173000000000211	-2.084390516204763e-08
     8.173333333333545	-2.084390516204763e-08
     8.173666666666879	-2.084390516204763e-08
     8.174000000000213	-2.084390516204763e-08
     8.174333333333546	-2.084390516204763e-08
      8.17466666666688	-2.084390516204763e-08
     8.175000000000214	-2.084390516204763e-08
     8.175333333333548	-2.084390516204763e-08
     8.175666666666881	-2.084390516204763e-08
     8.176000000000215	-2.084390516204763e-08
     8.176333333333549	-2.084390516204763e-08
     8.176666666666883	-2.084390516204763e-08
     8.177000000000216	-2.084390516204763e-08
      8.17733333333355	-2.084390516204763e-08
     8.177666666666884	-2.084390516204763e-08
     8.178000000000218	-2.084390516204763e-08
     8.178333333333551	-2.084390516204763e-08
     8.178666666666885	-2.084390516204763e-08
     8.179000000000219	-2.084390516204763e-08
     8.179333333333553	-2.084390516204763e-08
     8.179666666666886	-2.084390516204763e-08
      8.18000000000022	-2.084390516204763e-08
     8.180333333333554	-2.084390516204763e-08
     8.180666666666887	-2.084390516204763e-08
     8.181000000000221	-2.084390516204763e-08
     8.181333333333555	-2.084390516204763e-08
     8.181666666666889	-2.084390516204763e-08
     8.182000000000222	-2.084390516204763e-08
     8.182333333333556	-2.084390516204763e-08
      8.18266666666689	-2.084390516204763e-08
     8.183000000000224	-2.084390516204763e-08
     8.183333333333557	-2.084390516204763e-08
     8.183666666666891	-2.084390516204763e-08
     8.184000000000225	-2.084390516204763e-08
     8.184333333333559	-2.084390516204763e-08
     8.184666666666892	-2.084390516204763e-08
     8.185000000000226	-2.084390516204763e-08
      8.18533333333356	-2.084390516204763e-08
     8.185666666666894	-2.084390516204763e-08
     8.186000000000227	-2.084390516204763e-08
     8.186333333333561	-2.084390516204763e-08
     8.186666666666895	-2.084390516204763e-08
     8.187000000000229	-2.084390516204763e-08
     8.187333333333562	-2.084390516204763e-08
     8.187666666666896	-2.084390516204763e-08
      8.18800000000023	-2.084390516204763e-08
     8.188333333333564	-2.084390516204763e-08
     8.188666666666897	-2.084390516204763e-08
     8.189000000000231	-2.084390516204763e-08
     8.189333333333565	-2.084390516204763e-08
     8.189666666666898	-2.084390516204763e-08
     8.190000000000232	-2.084390516204763e-08
     8.190333333333566	-2.084390516204763e-08
       8.1906666666669	-2.084390516204763e-08
     8.191000000000233	-2.084390516204763e-08
     8.191333333333567	-2.084390516204763e-08
     8.191666666666901	-2.084390516204763e-08
     8.192000000000235	-2.084390516204763e-08
     8.192333333333568	-2.084390516204763e-08
     8.192666666666902	-2.084390516204763e-08
     8.193000000000236	-2.084390516204763e-08
      8.19333333333357	-2.084390516204763e-08
     8.193666666666903	-2.084390516204763e-08
     8.194000000000237	-2.084390516204763e-08
     8.194333333333571	-2.084390516204763e-08
     8.194666666666905	-2.084390516204763e-08
     8.195000000000238	-2.084390516204763e-08
     8.195333333333572	-2.084390516204763e-08
     8.195666666666906	-2.084390516204763e-08
      8.19600000000024	-2.084390516204763e-08
     8.196333333333573	-2.084390516204763e-08
     8.196666666666907	-2.084390516204763e-08
     8.197000000000241	-2.084390516204763e-08
     8.197333333333575	-2.084390516204763e-08
     8.197666666666908	-2.084390516204763e-08
     8.198000000000242	-2.084390516204763e-08
     8.198333333333576	-2.084390516204763e-08
     8.198666666666909	-2.084390516204763e-08
     8.199000000000243	-2.084390516204763e-08
     8.199333333333577	-2.084390516204763e-08
     8.199666666666911	-2.084390516204763e-08
     8.200000000000244	-2.084390516204763e-08
     8.200333333333578	-2.084390516204763e-08
     8.200666666666912	-2.084390516204763e-08
     8.201000000000246	-2.084390516204763e-08
     8.201333333333579	-2.084390516204763e-08
     8.201666666666913	-2.084390516204763e-08
     8.202000000000247	-2.084390516204763e-08
     8.202333333333581	-2.084390516204763e-08
     8.202666666666914	-2.084390516204763e-08
     8.203000000000248	-2.084390516204763e-08
     8.203333333333582	-2.084390516204763e-08
     8.203666666666916	-2.084390516204763e-08
     8.204000000000249	-2.084390516204763e-08
     8.204333333333583	-2.084390516204763e-08
     8.204666666666917	-2.084390516204763e-08
     8.205000000000251	-2.084390516204763e-08
     8.205333333333584	-2.084390516204763e-08
     8.205666666666918	-2.084390516204763e-08
     8.206000000000252	-2.084390516204763e-08
     8.206333333333586	-2.084390516204763e-08
     8.206666666666919	-2.084390516204763e-08
     8.207000000000253	-2.084390516204763e-08
     8.207333333333587	-2.084390516204763e-08
      8.20766666666692	-2.084390516204763e-08
     8.208000000000254	-2.084390516204763e-08
     8.208333333333588	-2.084390516204763e-08
     8.208666666666922	-2.084390516204763e-08
     8.209000000000255	-2.084390516204763e-08
     8.209333333333589	-2.084390516204763e-08
     8.209666666666923	-2.084390516204763e-08
     8.210000000000257	-2.084390516204763e-08
      8.21033333333359	-2.084390516204763e-08
     8.210666666666924	-2.084390516204763e-08
     8.211000000000258	-2.084390516204763e-08
     8.211333333333592	-2.084390516204763e-08
     8.211666666666925	-2.084390516204763e-08
     8.212000000000259	-2.084390516204763e-08
     8.212333333333593	-2.084390516204763e-08
     8.212666666666927	-2.084390516204763e-08
      8.21300000000026	-2.084390516204763e-08
     8.213333333333594	-2.084390516204763e-08
     8.213666666666928	-2.084390516204763e-08
     8.214000000000262	-2.084390516204763e-08
     8.214333333333595	-2.084390516204763e-08
     8.214666666666929	-2.084390516204763e-08
     8.215000000000263	-2.084390516204763e-08
     8.215333333333596	-2.084390516204763e-08
      8.21566666666693	-2.084390516204763e-08
     8.216000000000264	-2.084390516204763e-08
     8.216333333333598	-2.084390516204763e-08
     8.216666666666931	-2.084390516204763e-08
     8.217000000000265	-2.084390516204763e-08
     8.217333333333599	-2.084390516204763e-08
     8.217666666666933	-2.084390516204763e-08
     8.218000000000266	-2.084390516204763e-08
       8.2183333333336	-2.084390516204763e-08
     8.218666666666934	-2.084390516204763e-08
     8.219000000000268	-2.084390516204763e-08
     8.219333333333601	-2.084390516204763e-08
     8.219666666666935	-2.084390516204763e-08
     8.220000000000269	-2.084390516204763e-08
     8.220333333333603	-2.084390516204763e-08
     8.220666666666936	-2.084390516204763e-08
      8.22100000000027	-2.084390516204763e-08
     8.221333333333604	-2.084390516204763e-08
     8.221666666666938	-2.084390516204763e-08
     8.222000000000271	-2.084390516204763e-08
     8.222333333333605	-2.084390516204763e-08
     8.222666666666939	-2.084390516204763e-08
     8.223000000000273	-2.084390516204763e-08
     8.223333333333606	-2.084390516204763e-08
      8.22366666666694	-2.084390516204763e-08
     8.224000000000274	-2.084390516204763e-08
     8.224333333333607	-2.084390516204763e-08
     8.224666666666941	-2.084390516204763e-08
     8.225000000000275	-2.084390516204763e-08
     8.225333333333609	-2.084390516204763e-08
     8.225666666666942	-2.084390516204763e-08
     8.226000000000276	-2.084390516204763e-08
      8.22633333333361	-2.084390516204763e-08
     8.226666666666944	-2.084390516204763e-08
     8.227000000000277	-2.084390516204763e-08
     8.227333333333611	-2.084390516204763e-08
     8.227666666666945	-2.084390516204763e-08
     8.228000000000279	-2.084390516204763e-08
     8.228333333333612	-2.084390516204763e-08
     8.228666666666946	-2.084390516204763e-08
      8.22900000000028	-2.084390516204763e-08
     8.229333333333614	-2.084390516204763e-08
     8.229666666666947	-2.084390516204763e-08
     8.230000000000281	-2.084390516204763e-08
     8.230333333333615	-2.084390516204763e-08
     8.230666666666949	-2.084390516204763e-08
     8.231000000000282	-2.084390516204763e-08
     8.231333333333616	-2.084390516204763e-08
      8.23166666666695	-2.084390516204763e-08
     8.232000000000284	-2.084390516204763e-08
     8.232333333333617	-2.084390516204763e-08
     8.232666666666951	-2.084390516204763e-08
     8.233000000000285	-2.084390516204763e-08
     8.233333333333618	-2.084390516204763e-08
     8.233666666666952	-2.084390516204763e-08
     8.234000000000286	-2.084390516204763e-08
      8.23433333333362	-2.084390516204763e-08
     8.234666666666953	-2.084390516204763e-08
     8.235000000000287	-2.084390516204763e-08
     8.235333333333621	-2.084390516204763e-08
     8.235666666666955	-2.084390516204763e-08
     8.236000000000288	-2.084390516204763e-08
     8.236333333333622	-2.084390516204763e-08
     8.236666666666956	-2.084390516204763e-08
      8.23700000000029	-2.084390516204763e-08
     8.237333333333623	-2.084390516204763e-08
     8.237666666666957	-2.084390516204763e-08
     8.238000000000291	-2.084390516204763e-08
     8.238333333333625	-2.084390516204763e-08
     8.238666666666958	-2.084390516204763e-08
     8.239000000000292	-2.084390516204763e-08
     8.239333333333626	-2.084390516204763e-08
      8.23966666666696	-2.084390516204763e-08
     8.240000000000293	-2.084390516204763e-08
     8.240333333333627	-2.084390516204763e-08
     8.240666666666961	-2.084390516204763e-08
     8.241000000000295	-2.084390516204763e-08
     8.241333333333628	-2.084390516204763e-08
     8.241666666666962	-2.084390516204763e-08
     8.242000000000296	-2.084390516204763e-08
     8.242333333333629	-2.084390516204763e-08
     8.242666666666963	-2.084390516204763e-08
     8.243000000000297	-2.084390516204763e-08
     8.243333333333631	-2.084390516204763e-08
     8.243666666666964	-2.084390516204763e-08
     8.244000000000298	-2.084390516204763e-08
     8.244333333333632	-2.084390516204763e-08
     8.244666666666966	-2.084390516204763e-08
     8.245000000000299	-2.084390516204763e-08
     8.245333333333633	-2.084390516204763e-08
     8.245666666666967	-2.084390516204763e-08
     8.246000000000301	-2.084390516204763e-08
     8.246333333333634	-2.084390516204763e-08
     8.246666666666968	-2.084390516204763e-08
     8.247000000000302	-2.084390516204763e-08
     8.247333333333636	-2.084390516204763e-08
     8.247666666666969	-2.084390516204763e-08
     8.248000000000303	-2.084390516204763e-08
     8.248333333333637	-2.084390516204763e-08
     8.248666666666971	-2.084390516204763e-08
     8.249000000000304	-2.084390516204763e-08
     8.249333333333638	-2.084390516204763e-08
     8.249666666666972	-2.084390516204763e-08
     8.250000000000306	-2.084390516204763e-08
     8.250333333333639	-2.084390516204763e-08
     8.250666666666973	-2.084390516204763e-08
     8.251000000000307	-2.084390516204763e-08
      8.25133333333364	-2.084390516204763e-08
     8.251666666666974	-2.084390516204763e-08
     8.252000000000308	-2.084390516204763e-08
     8.252333333333642	-2.084390516204763e-08
     8.252666666666975	-2.084390516204763e-08
     8.253000000000309	-2.084390516204763e-08
     8.253333333333643	-2.084390516204763e-08
     8.253666666666977	-2.084390516204763e-08
      8.25400000000031	-2.084390516204763e-08
     8.254333333333644	-2.084390516204763e-08
     8.254666666666978	-2.084390516204763e-08
     8.255000000000312	-2.084390516204763e-08
     8.255333333333645	-2.084390516204763e-08
     8.255666666666979	-2.084390516204763e-08
     8.256000000000313	-2.084390516204763e-08
     8.256333333333647	-2.084390516204763e-08
      8.25666666666698	-2.084390516204763e-08
     8.257000000000314	-2.084390516204763e-08
     8.257333333333648	-2.084390516204763e-08
     8.257666666666982	-2.084390516204763e-08
     8.258000000000315	-2.084390516204763e-08
     8.258333333333649	-2.084390516204763e-08
     8.258666666666983	-2.084390516204763e-08
     8.259000000000317	-2.084390516204763e-08
      8.25933333333365	-2.084390516204763e-08
     8.259666666666984	-2.084390516204763e-08
     8.260000000000318	-2.084390516204763e-08
     8.260333333333651	-2.084390516204763e-08
     8.260666666666985	-2.084390516204763e-08
     8.261000000000319	-2.084390516204763e-08
     8.261333333333653	-2.084390516204763e-08
     8.261666666666986	-2.084390516204763e-08
      8.26200000000032	-2.084390516204763e-08
     8.262333333333654	-2.084390516204763e-08
     8.262666666666988	-2.084390516204763e-08
     8.263000000000321	-2.084390516204763e-08
     8.263333333333655	-2.084390516204763e-08
     8.263666666666989	-2.084390516204763e-08
     8.264000000000323	-2.084390516204763e-08
     8.264333333333656	-2.084390516204763e-08
      8.26466666666699	-2.084390516204763e-08
     8.265000000000324	-2.084390516204763e-08
     8.265333333333658	-2.084390516204763e-08
     8.265666666666991	-2.084390516204763e-08
     8.266000000000325	-2.084390516204763e-08
     8.266333333333659	-2.084390516204763e-08
     8.266666666666993	-2.084390516204763e-08
     8.267000000000326	-2.084390516204763e-08
      8.26733333333366	-2.084390516204763e-08
     8.267666666666994	-2.084390516204763e-08
     8.268000000000328	-2.084390516204763e-08
     8.268333333333661	-2.084390516204763e-08
     8.268666666666995	-2.084390516204763e-08
     8.269000000000329	-2.084390516204763e-08
     8.269333333333662	-2.084390516204763e-08
     8.269666666666996	-2.084390516204763e-08
      8.27000000000033	-2.084390516204763e-08
     8.270333333333664	-2.084390516204763e-08
     8.270666666666997	-2.084390516204763e-08
     8.271000000000331	-2.084390516204763e-08
     8.271333333333665	-2.084390516204763e-08
     8.271666666666999	-2.084390516204763e-08
     8.272000000000332	-2.084390516204763e-08
     8.272333333333666	-2.084390516204763e-08
        8.272666666667	-2.084390516204763e-08
     8.273000000000334	-2.084390516204763e-08
     8.273333333333667	-2.084390516204763e-08
     8.273666666667001	-2.084390516204763e-08
     8.274000000000335	-2.084390516204763e-08
     8.274333333333669	-2.084390516204763e-08
     8.274666666667002	-2.084390516204763e-08
     8.275000000000336	-2.084390516204763e-08
      8.27533333333367	-2.084390516204763e-08
     8.275666666667004	-2.084390516204763e-08
     8.276000000000337	-2.084390516204763e-08
     8.276333333333671	-2.084390516204763e-08
     8.276666666667005	-2.084390516204763e-08
     8.277000000000339	-2.084390516204763e-08
     8.277333333333672	-2.084390516204763e-08
     8.277666666667006	-2.084390516204763e-08
      8.27800000000034	-2.084390516204763e-08
     8.278333333333673	-2.084390516204763e-08
     8.278666666667007	-2.084390516204763e-08
     8.279000000000341	-2.084390516204763e-08
     8.279333333333675	-2.084390516204763e-08
     8.279666666667008	-2.084390516204763e-08
     8.280000000000342	-2.084390516204763e-08
     8.280333333333676	-2.084390516204763e-08
      8.28066666666701	-2.084390516204763e-08
     8.281000000000343	-2.084390516204763e-08
     8.281333333333677	-2.084390516204763e-08
     8.281666666667011	-2.084390516204763e-08
     8.282000000000345	-2.084390516204763e-08
     8.282333333333678	-2.084390516204763e-08
     8.282666666667012	-2.084390516204763e-08
     8.283000000000346	-2.084390516204763e-08
      8.28333333333368	-2.084390516204763e-08
     8.283666666667013	-2.084390516204763e-08
     8.284000000000347	-2.084390516204763e-08
     8.284333333333681	-2.084390516204763e-08
     8.284666666667015	-2.084390516204763e-08
     8.285000000000348	-2.084390516204763e-08
     8.285333333333682	-2.084390516204763e-08
     8.285666666667016	-2.084390516204763e-08
      8.28600000000035	-2.084390516204763e-08
     8.286333333333683	-2.084390516204763e-08
     8.286666666667017	-2.084390516204763e-08
     8.287000000000351	-2.084390516204763e-08
     8.287333333333684	-2.084390516204763e-08
     8.287666666667018	-2.084390516204763e-08
     8.288000000000352	-2.084390516204763e-08
     8.288333333333686	-2.084390516204763e-08
     8.288666666667019	-2.084390516204763e-08
     8.289000000000353	-2.084390516204763e-08
     8.289333333333687	-2.084390516204763e-08
     8.289666666667021	-2.084390516204763e-08
     8.290000000000354	-2.084390516204763e-08
     8.290333333333688	-2.084390516204763e-08
     8.290666666667022	-2.084390516204763e-08
     8.291000000000356	-2.084390516204763e-08
     8.291333333333689	-2.084390516204763e-08
     8.291666666667023	-2.084390516204763e-08
     8.292000000000357	-2.084390516204763e-08
     8.292333333333691	-2.084390516204763e-08
     8.292666666667024	-2.084390516204763e-08
     8.293000000000358	-2.084390516204763e-08
     8.293333333333692	-2.084390516204763e-08
     8.293666666667026	-2.084390516204763e-08
     8.294000000000359	-2.084390516204763e-08
     8.294333333333693	-2.084390516204763e-08
     8.294666666667027	-2.084390516204763e-08
     8.295000000000361	-2.084390516204763e-08
     8.295333333333694	-2.084390516204763e-08
     8.295666666667028	-2.084390516204763e-08
     8.296000000000362	-2.084390516204763e-08
     8.296333333333695	-2.084390516204763e-08
     8.296666666667029	-2.084390516204763e-08
     8.297000000000363	-2.084390516204763e-08
     8.297333333333697	-2.084390516204763e-08
      8.29766666666703	-2.084390516204763e-08
     8.298000000000364	-2.084390516204763e-08
     8.298333333333698	-2.084390516204763e-08
     8.298666666667032	-2.084390516204763e-08
     8.299000000000365	-2.084390516204763e-08
     8.299333333333699	-2.084390516204763e-08
     8.299666666667033	-2.084390516204763e-08
     8.300000000000367	-2.084390516204763e-08
       8.3003333333337	-2.084390516204763e-08
     8.300666666667034	-2.084390516204763e-08
     8.301000000000368	-2.084390516204763e-08
     8.301333333333702	-2.084390516204763e-08
     8.301666666667035	-2.084390516204763e-08
     8.302000000000369	-2.084390516204763e-08
     8.302333333333703	-2.084390516204763e-08
     8.302666666667037	-2.084390516204763e-08
      8.30300000000037	-2.084390516204763e-08
     8.303333333333704	-2.084390516204763e-08
     8.303666666667038	-2.084390516204763e-08
     8.304000000000372	-2.084390516204763e-08
     8.304333333333705	-2.084390516204763e-08
     8.304666666667039	-2.084390516204763e-08
     8.305000000000373	-2.084390516204763e-08
     8.305333333333706	-2.084390516204763e-08
      8.30566666666704	-2.084390516204763e-08
     8.306000000000374	-2.084390516204763e-08
     8.306333333333708	-2.084390516204763e-08
     8.306666666667041	-2.084390516204763e-08
     8.307000000000375	-2.084390516204763e-08
     8.307333333333709	-2.084390516204763e-08
     8.307666666667043	-2.084390516204763e-08
     8.308000000000376	-2.084390516204763e-08
      8.30833333333371	-2.084390516204763e-08
     8.308666666667044	-2.084390516204763e-08
     8.309000000000378	-2.084390516204763e-08
     8.309333333333711	-2.084390516204763e-08
     8.309666666667045	-2.084390516204763e-08
     8.310000000000379	-2.084390516204763e-08
     8.310333333333713	-2.084390516204763e-08
     8.310666666667046	-2.084390516204763e-08
      8.31100000000038	-2.084390516204763e-08
     8.311333333333714	-2.084390516204763e-08
     8.311666666667048	-2.084390516204763e-08
     8.312000000000381	-2.084390516204763e-08
     8.312333333333715	-2.084390516204763e-08
     8.312666666667049	-2.084390516204763e-08
     8.313000000000383	-2.084390516204763e-08
     8.313333333333716	-2.084390516204763e-08
      8.31366666666705	-2.084390516204763e-08
     8.314000000000384	-2.084390516204763e-08
     8.314333333333717	-2.084390516204763e-08
     8.314666666667051	-2.084390516204763e-08
     8.315000000000385	-2.084390516204763e-08
     8.315333333333719	-2.084390516204763e-08
     8.315666666667052	-2.084390516204763e-08
     8.316000000000386	-2.084390516204763e-08
      8.31633333333372	-2.084390516204763e-08
     8.316666666667054	-2.084390516204763e-08
     8.317000000000387	-2.084390516204763e-08
     8.317333333333721	-2.084390516204763e-08
     8.317666666667055	-2.084390516204763e-08
     8.318000000000389	-2.084390516204763e-08
     8.318333333333722	-2.084390516204763e-08
     8.318666666667056	-2.084390516204763e-08
      8.31900000000039	-2.084390516204763e-08
     8.319333333333724	-2.084390516204763e-08
     8.319666666667057	-2.084390516204763e-08
     8.320000000000391	-2.084390516204763e-08
     8.320333333333725	-2.084390516204763e-08
     8.320666666667059	-2.084390516204763e-08
     8.321000000000392	-2.084390516204763e-08
     8.321333333333726	-2.084390516204763e-08
      8.32166666666706	-2.084390516204763e-08
     8.322000000000394	-2.084390516204763e-08
     8.322333333333727	-2.084390516204763e-08
     8.322666666667061	-2.084390516204763e-08
     8.323000000000395	-2.084390516204763e-08
     8.323333333333728	-2.084390516204763e-08
     8.323666666667062	-2.084390516204763e-08
     8.324000000000396	-2.084390516204763e-08
      8.32433333333373	-2.084390516204763e-08
     8.324666666667063	-2.084390516204763e-08
     8.325000000000397	-2.084390516204763e-08
     8.325333333333731	-2.084390516204763e-08
     8.325666666667065	-2.084390516204763e-08
     8.326000000000398	-2.084390516204763e-08
     8.326333333333732	-2.084390516204763e-08
     8.326666666667066	-2.084390516204763e-08
       8.3270000000004	-2.084390516204763e-08
     8.327333333333733	-2.084390516204763e-08
     8.327666666667067	-2.084390516204763e-08
     8.328000000000401	-2.084390516204763e-08
     8.328333333333735	-2.084390516204763e-08
     8.328666666667068	-2.084390516204763e-08
     8.329000000000402	-2.084390516204763e-08
     8.329333333333736	-2.084390516204763e-08
      8.32966666666707	-2.084390516204763e-08
     8.330000000000403	-2.084390516204763e-08
     8.330333333333737	-2.084390516204763e-08
     8.330666666667071	-2.084390516204763e-08
     8.331000000000405	-2.084390516204763e-08
     8.331333333333738	-2.084390516204763e-08
     8.331666666667072	-2.084390516204763e-08
     8.332000000000406	-2.084390516204763e-08
     8.332333333333739	-2.084390516204763e-08
     8.332666666667073	-2.084390516204763e-08
     8.333000000000407	-2.084390516204763e-08
     8.333333333333741	-2.084390516204763e-08
     8.333666666667074	-2.084390516204763e-08
     8.334000000000408	-2.084390516204763e-08
     8.334333333333742	-2.084390516204763e-08
     8.334666666667076	-2.084390516204763e-08
     8.335000000000409	-2.084390516204763e-08
     8.335333333333743	-2.084390516204763e-08
     8.335666666667077	-2.084390516204763e-08
     8.336000000000411	-2.084390516204763e-08
     8.336333333333744	-2.084390516204763e-08
     8.336666666667078	-2.084390516204763e-08
     8.337000000000412	-2.084390516204763e-08
     8.337333333333746	-2.084390516204763e-08
     8.337666666667079	-2.084390516204763e-08
     8.338000000000413	-2.084390516204763e-08
     8.338333333333747	-2.084390516204763e-08
     8.338666666667081	-2.084390516204763e-08
     8.339000000000414	-2.084390516204763e-08
     8.339333333333748	-2.084390516204763e-08
     8.339666666667082	-2.084390516204763e-08
     8.340000000000416	-2.084390516204763e-08
     8.340333333333749	-2.084390516204763e-08
     8.340666666667083	-2.084390516204763e-08
     8.341000000000417	-2.084390516204763e-08
      8.34133333333375	-2.084390516204763e-08
     8.341666666667084	-2.084390516204763e-08
     8.342000000000418	-2.084390516204763e-08
     8.342333333333752	-2.084390516204763e-08
     8.342666666667085	-2.084390516204763e-08
     8.343000000000419	-2.084390516204763e-08
     8.343333333333753	-2.084390516204763e-08
     8.343666666667087	-2.084390516204763e-08
      8.34400000000042	-2.084390516204763e-08
     8.344333333333754	-2.084390516204763e-08
     8.344666666667088	-2.084390516204763e-08
     8.345000000000422	-2.084390516204763e-08
     8.345333333333755	-2.084390516204763e-08
     8.345666666667089	-2.084390516204763e-08
     8.346000000000423	-2.084390516204763e-08
     8.346333333333757	-2.084390516204763e-08
      8.34666666666709	-2.084390516204763e-08
     8.347000000000424	-2.084390516204763e-08
     8.347333333333758	-2.084390516204763e-08
     8.347666666667092	-2.084390516204763e-08
     8.348000000000425	-2.084390516204763e-08
     8.348333333333759	-2.084390516204763e-08
     8.348666666667093	-2.084390516204763e-08
     8.349000000000427	-2.084390516204763e-08
      8.34933333333376	-2.084390516204763e-08
     8.349666666667094	-2.084390516204763e-08
     8.350000000000428	-2.084390516204763e-08
     8.350333333333761	-2.084390516204763e-08
     8.350666666667095	-2.084390516204763e-08
     8.351000000000429	-2.084390516204763e-08
     8.351333333333763	-2.084390516204763e-08
     8.351666666667096	-2.084390516204763e-08
      8.35200000000043	-2.084390516204763e-08
     8.352333333333764	-2.084390516204763e-08
     8.352666666667098	-2.084390516204763e-08
     8.353000000000431	-2.084390516204763e-08
     8.353333333333765	-2.084390516204763e-08
     8.353666666667099	-2.084390516204763e-08
     8.354000000000433	-2.084390516204763e-08
     8.354333333333766	-2.084390516204763e-08
       8.3546666666671	-2.084390516204763e-08
     8.355000000000434	-2.084390516204763e-08
     8.355333333333768	-2.084390516204763e-08
     8.355666666667101	-2.084390516204763e-08
     8.356000000000435	-2.084390516204763e-08
     8.356333333333769	-2.084390516204763e-08
     8.356666666667103	-2.084390516204763e-08
     8.357000000000436	-2.084390516204763e-08
      8.35733333333377	-2.084390516204763e-08
     8.357666666667104	-2.084390516204763e-08
     8.358000000000438	-2.084390516204763e-08
     8.358333333333771	-2.084390516204763e-08
     8.358666666667105	-2.084390516204763e-08
     8.359000000000439	-2.084390516204763e-08
     8.359333333333772	-2.084390516204763e-08
     8.359666666667106	-2.084390516204763e-08
      8.36000000000044	-2.084390516204763e-08
     8.360333333333774	-2.084390516204763e-08
     8.360666666667107	-2.084390516204763e-08
     8.361000000000441	-2.084390516204763e-08
     8.361333333333775	-2.084390516204763e-08
     8.361666666667109	-2.084390516204763e-08
     8.362000000000442	-2.084390516204763e-08
     8.362333333333776	-2.084390516204763e-08
      8.36266666666711	-2.084390516204763e-08
     8.363000000000444	-2.084390516204763e-08
     8.363333333333777	-2.084390516204763e-08
     8.363666666667111	-2.084390516204763e-08
     8.364000000000445	-2.084390516204763e-08
     8.364333333333779	-2.084390516204763e-08
     8.364666666667112	-2.084390516204763e-08
     8.365000000000446	-2.084390516204763e-08
      8.36533333333378	-2.084390516204763e-08
     8.365666666667114	-2.084390516204763e-08
     8.366000000000447	-2.084390516204763e-08
     8.366333333333781	-2.084390516204763e-08
     8.366666666667115	-2.084390516204763e-08
     8.367000000000449	-2.084390516204763e-08
     8.367333333333782	-2.084390516204763e-08
     8.367666666667116	-2.084390516204763e-08
      8.36800000000045	-2.084390516204763e-08
     8.368333333333783	-2.084390516204763e-08
     8.368666666667117	-2.084390516204763e-08
     8.369000000000451	-2.084390516204763e-08
     8.369333333333785	-2.084390516204763e-08
     8.369666666667118	-2.084390516204763e-08
     8.370000000000452	-2.084390516204763e-08
     8.370333333333786	-2.084390516204763e-08
      8.37066666666712	-2.084390516204763e-08
     8.371000000000453	-2.084390516204763e-08
     8.371333333333787	-2.084390516204763e-08
     8.371666666667121	-2.084390516204763e-08
     8.372000000000455	-2.084390516204763e-08
     8.372333333333788	-2.084390516204763e-08
     8.372666666667122	-2.084390516204763e-08
     8.373000000000456	-2.084390516204763e-08
      8.37333333333379	-2.084390516204763e-08
     8.373666666667123	-2.084390516204763e-08
     8.374000000000457	-2.084390516204763e-08
     8.374333333333791	-2.084390516204763e-08
     8.374666666667125	-2.084390516204763e-08
     8.375000000000458	-2.084390516204763e-08
     8.375333333333792	-2.084390516204763e-08
     8.375666666667126	-2.084390516204763e-08
      8.37600000000046	-2.084390516204763e-08
     8.376333333333793	-2.084390516204763e-08
     8.376666666667127	-2.084390516204763e-08
     8.377000000000461	-2.084390516204763e-08
     8.377333333333794	-2.084390516204763e-08
     8.377666666667128	-2.084390516204763e-08
     8.378000000000462	-2.084390516204763e-08
     8.378333333333796	-2.084390516204763e-08
     8.378666666667129	-2.084390516204763e-08
     8.379000000000463	-2.084390516204763e-08
     8.379333333333797	-2.084390516204763e-08
     8.379666666667131	-2.084390516204763e-08
     8.380000000000464	-2.084390516204763e-08
     8.380333333333798	-2.084390516204763e-08
     8.380666666667132	-2.084390516204763e-08
     8.381000000000466	-2.084390516204763e-08
     8.381333333333799	-2.084390516204763e-08
     8.381666666667133	-2.084390516204763e-08
     8.382000000000467	-2.084390516204763e-08
     8.382333333333801	-2.084390516204763e-08
     8.382666666667134	-2.084390516204763e-08
     8.383000000000468	-2.084390516204763e-08
     8.383333333333802	-2.084390516204763e-08
     8.383666666667136	-2.084390516204763e-08
     8.384000000000469	-2.084390516204763e-08
     8.384333333333803	-2.084390516204763e-08
     8.384666666667137	-2.084390516204763e-08
     8.385000000000471	-2.084390516204763e-08
     8.385333333333804	-2.084390516204763e-08
     8.385666666667138	-2.084390516204763e-08
     8.386000000000472	-2.084390516204763e-08
     8.386333333333805	-2.084390516204763e-08
     8.386666666667139	-2.084390516204763e-08
     8.387000000000473	-2.084390516204763e-08
     8.387333333333807	-2.084390516204763e-08
      8.38766666666714	-2.084390516204763e-08
     8.388000000000474	-2.084390516204763e-08
     8.388333333333808	-2.084390516204763e-08
     8.388666666667142	-2.084390516204763e-08
     8.389000000000475	-2.084390516204763e-08
     8.389333333333809	-2.084390516204763e-08
     8.389666666667143	-2.084390516204763e-08
     8.390000000000477	-2.084390516204763e-08
      8.39033333333381	-2.084390516204763e-08
     8.390666666667144	-2.084390516204763e-08
     8.391000000000478	-2.084390516204763e-08
     8.391333333333812	-2.084390516204763e-08
     8.391666666667145	-2.084390516204763e-08
     8.392000000000479	-2.084390516204763e-08
     8.392333333333813	-2.084390516204763e-08
     8.392666666667147	-2.084390516204763e-08
      8.39300000000048	-2.084390516204763e-08
     8.393333333333814	-2.084390516204763e-08
     8.393666666667148	-2.084390516204763e-08
     8.394000000000482	-2.084390516204763e-08

     9.000333333333334	-1.885466486913463e-08
     9.000666666666667	-1.885466486913463e-08
     9.001000000000001	-1.885466486913463e-08
     9.001333333333335	-1.885466486913463e-08
     9.001666666666669	-1.885466486913463e-08
     9.002000000000002	-1.885466486913463e-08
     9.002333333333336	-1.885466486913463e-08
      9.00266666666667	-1.885466486913463e-08
     9.003000000000004	-1.885466486913463e-08
     9.003333333333337	-1.885466486913463e-08
     9.003666666666671	-1.885466486913463e-08
     9.004000000000005	-1.885466486913463e-08
     9.004333333333339	-1.885466486913463e-08
     9.004666666666672	-1.885466486913463e-08
     9.005000000000006	-1.885466486913463e-08
      9.00533333333334	-1.885466486913463e-08
     9.005666666666674	-1.885466486913463e-08
     9.006000000000007	-1.885466486913463e-08
     9.006333333333341	-1.885466486913463e-08
     9.006666666666675	-1.885466486913463e-08
     9.007000000000009	-1.885466486913463e-08
     9.007333333333342	-1.885466486913463e-08
     9.007666666666676	-1.885466486913463e-08
      9.00800000000001	-1.885466486913463e-08
     9.008333333333344	-1.885466486913463e-08
     9.008666666666677	-1.885466486913463e-08
     9.009000000000011	-1.885466486913463e-08
     9.009333333333345	-1.885466486913463e-08
     9.009666666666678	-1.885466486913463e-08
     9.010000000000012	-1.885466486913463e-08
     9.010333333333346	-1.885466486913463e-08
      9.01066666666668	-1.885466486913463e-08
     9.011000000000013	-1.885466486913463e-08
     9.011333333333347	-1.885466486913463e-08
     9.011666666666681	-1.885466486913463e-08
     9.012000000000015	-1.885466486913463e-08
     9.012333333333348	-1.885466486913463e-08
     9.012666666666682	-1.885466486913463e-08
     9.013000000000016	-1.885466486913463e-08
      9.01333333333335	-1.885466486913463e-08
     9.013666666666683	-1.885466486913463e-08
     9.014000000000017	-1.885466486913463e-08
     9.014333333333351	-1.885466486913463e-08
     9.014666666666685	-1.885466486913463e-08
     9.015000000000018	-1.885466486913463e-08
     9.015333333333352	-1.885466486913463e-08
     9.015666666666686	-1.885466486913463e-08
      9.01600000000002	-1.885466486913463e-08
     9.016333333333353	-1.885466486913463e-08
     9.016666666666687	-1.885466486913463e-08
     9.017000000000021	-1.885466486913463e-08
     9.017333333333355	-1.885466486913463e-08
     9.017666666666688	-1.885466486913463e-08
     9.018000000000022	-1.885466486913463e-08
     9.018333333333356	-1.885466486913463e-08
     9.018666666666689	-1.885466486913463e-08
     9.019000000000023	-1.885466486913463e-08
     9.019333333333357	-1.885466486913463e-08
     9.019666666666691	-1.885466486913463e-08
     9.020000000000024	-1.885466486913463e-08
     9.020333333333358	-1.885466486913463e-08
     9.020666666666692	-1.885466486913463e-08
     9.021000000000026	-1.885466486913463e-08
     9.021333333333359	-1.885466486913463e-08
     9.021666666666693	-1.885466486913463e-08
     9.022000000000027	-1.885466486913463e-08
     9.022333333333361	-1.885466486913463e-08
     9.022666666666694	-1.885466486913463e-08
     9.023000000000028	-1.885466486913463e-08
     9.023333333333362	-1.885466486913463e-08
     9.023666666666696	-1.885466486913463e-08
     9.024000000000029	-1.885466486913463e-08
     9.024333333333363	-1.885466486913463e-08
     9.024666666666697	-1.885466486913463e-08
     9.025000000000031	-1.885466486913463e-08
     9.025333333333364	-1.885466486913463e-08
     9.025666666666698	-1.885466486913463e-08
     9.026000000000032	-1.885466486913463e-08
     9.026333333333366	-1.885466486913463e-08
     9.026666666666699	-1.885466486913463e-08
     9.027000000000033	-1.885466486913463e-08
     9.027333333333367	-1.885466486913463e-08
       9.0276666666667	-1.885466486913463e-08
     9.028000000000034	-1.885466486913463e-08
     9.028333333333368	-1.885466486913463e-08
     9.028666666666702	-1.885466486913463e-08
     9.029000000000035	-1.885466486913463e-08
     9.029333333333369	-1.885466486913463e-08
     9.029666666666703	-1.885466486913463e-08
     9.030000000000037	-1.885466486913463e-08
      9.03033333333337	-1.885466486913463e-08
     9.030666666666704	-1.885466486913463e-08
     9.031000000000038	-1.885466486913463e-08
     9.031333333333372	-1.885466486913463e-08
     9.031666666666705	-1.885466486913463e-08
     9.032000000000039	-1.885466486913463e-08
     9.032333333333373	-1.885466486913463e-08
     9.032666666666707	-1.885466486913463e-08
      9.03300000000004	-1.885466486913463e-08
     9.033333333333374	-1.885466486913463e-08
     9.033666666666708	-1.885466486913463e-08
     9.034000000000042	-1.885466486913463e-08
     9.034333333333375	-1.885466486913463e-08
     9.034666666666709	-1.885466486913463e-08
     9.035000000000043	-1.885466486913463e-08
     9.035333333333377	-1.885466486913463e-08
      9.03566666666671	-1.885466486913463e-08
     9.036000000000044	-1.885466486913463e-08
     9.036333333333378	-1.885466486913463e-08
     9.036666666666711	-1.885466486913463e-08
     9.037000000000045	-1.885466486913463e-08
     9.037333333333379	-1.885466486913463e-08
     9.037666666666713	-1.885466486913463e-08
     9.038000000000046	-1.885466486913463e-08
      9.03833333333338	-1.885466486913463e-08
     9.038666666666714	-1.885466486913463e-08
     9.039000000000048	-1.885466486913463e-08
     9.039333333333381	-1.885466486913463e-08
     9.039666666666715	-1.885466486913463e-08
     9.040000000000049	-1.885466486913463e-08
     9.040333333333383	-1.885466486913463e-08
     9.040666666666716	-1.885466486913463e-08
      9.04100000000005	-1.885466486913463e-08
     9.041333333333384	-1.885466486913463e-08
     9.041666666666718	-1.885466486913463e-08
     9.042000000000051	-1.885466486913463e-08
     9.042333333333385	-1.885466486913463e-08
     9.042666666666719	-1.885466486913463e-08
     9.043000000000053	-1.885466486913463e-08
     9.043333333333386	-1.885466486913463e-08
      9.04366666666672	-1.885466486913463e-08
     9.044000000000054	-1.885466486913463e-08
     9.044333333333388	-1.885466486913463e-08
     9.044666666666721	-1.885466486913463e-08
     9.045000000000055	-1.885466486913463e-08
     9.045333333333389	-1.885466486913463e-08
     9.045666666666722	-1.885466486913463e-08
     9.046000000000056	-1.885466486913463e-08
      9.04633333333339	-1.885466486913463e-08
     9.046666666666724	-1.885466486913463e-08
     9.047000000000057	-1.885466486913463e-08
     9.047333333333391	-1.885466486913463e-08
     9.047666666666725	-1.885466486913463e-08
     9.048000000000059	-1.885466486913463e-08
     9.048333333333392	-1.885466486913463e-08
     9.048666666666726	-1.885466486913463e-08
      9.04900000000006	-1.885466486913463e-08
     9.049333333333394	-1.885466486913463e-08
     9.049666666666727	-1.885466486913463e-08
     9.050000000000061	-1.885466486913463e-08
     9.050333333333395	-1.885466486913463e-08
     9.050666666666729	-1.885466486913463e-08
     9.051000000000062	-1.885466486913463e-08
     9.051333333333396	-1.885466486913463e-08
      9.05166666666673	-1.885466486913463e-08
     9.052000000000064	-1.885466486913463e-08
     9.052333333333397	-1.885466486913463e-08
     9.052666666666731	-1.885466486913463e-08
     9.053000000000065	-1.885466486913463e-08
     9.053333333333399	-1.885466486913463e-08
     9.053666666666732	-1.885466486913463e-08
     9.054000000000066	-1.885466486913463e-08
       9.0543333333334	-1.885466486913463e-08
     9.054666666666733	-1.885466486913463e-08
     9.055000000000067	-1.885466486913463e-08
     9.055333333333401	-1.885466486913463e-08
     9.055666666666735	-1.885466486913463e-08
     9.056000000000068	-1.885466486913463e-08
     9.056333333333402	-1.885466486913463e-08
     9.056666666666736	-1.885466486913463e-08
      9.05700000000007	-1.885466486913463e-08
     9.057333333333403	-1.885466486913463e-08
     9.057666666666737	-1.885466486913463e-08
     9.058000000000071	-1.885466486913463e-08
     9.058333333333405	-1.885466486913463e-08
     9.058666666666738	-1.885466486913463e-08
     9.059000000000072	-1.885466486913463e-08
     9.059333333333406	-1.885466486913463e-08
      9.05966666666674	-1.885466486913463e-08
     9.060000000000073	-1.885466486913463e-08
     9.060333333333407	-1.885466486913463e-08
     9.060666666666741	-1.885466486913463e-08
     9.061000000000075	-1.885466486913463e-08
     9.061333333333408	-1.885466486913463e-08
     9.061666666666742	-1.885466486913463e-08
     9.062000000000076	-1.885466486913463e-08
      9.06233333333341	-1.885466486913463e-08
     9.062666666666743	-1.885466486913463e-08
     9.063000000000077	-1.885466486913463e-08
     9.063333333333411	-1.885466486913463e-08
     9.063666666666744	-1.885466486913463e-08
     9.064000000000078	-1.885466486913463e-08
     9.064333333333412	-1.885466486913463e-08
     9.064666666666746	-1.885466486913463e-08
     9.065000000000079	-1.885466486913463e-08
     9.065333333333413	-1.885466486913463e-08
     9.065666666666747	-1.885466486913463e-08
     9.066000000000081	-1.885466486913463e-08
     9.066333333333414	-1.885466486913463e-08
     9.066666666666748	-1.885466486913463e-08
     9.067000000000082	-1.885466486913463e-08
     9.067333333333416	-1.885466486913463e-08
     9.067666666666749	-1.885466486913463e-08
     9.068000000000083	-1.885466486913463e-08
     9.068333333333417	-1.885466486913463e-08
     9.068666666666751	-1.885466486913463e-08
     9.069000000000084	-1.885466486913463e-08
     9.069333333333418	-1.885466486913463e-08
     9.069666666666752	-1.885466486913463e-08
     9.070000000000086	-1.885466486913463e-08
     9.070333333333419	-1.885466486913463e-08
     9.070666666666753	-1.885466486913463e-08
     9.071000000000087	-1.885466486913463e-08
     9.071333333333421	-1.885466486913463e-08
     9.071666666666754	-1.885466486913463e-08
     9.072000000000088	-1.885466486913463e-08
     9.072333333333422	-1.885466486913463e-08
     9.072666666666755	-1.885466486913463e-08
     9.073000000000089	-1.885466486913463e-08
     9.073333333333423	-1.885466486913463e-08
     9.073666666666757	-1.885466486913463e-08
      9.07400000000009	-1.885466486913463e-08
     9.074333333333424	-1.885466486913463e-08
     9.074666666666758	-1.885466486913463e-08
     9.075000000000092	-1.885466486913463e-08
     9.075333333333425	-1.885466486913463e-08
     9.075666666666759	-1.885466486913463e-08
     9.076000000000093	-1.885466486913463e-08
     9.076333333333427	-1.885466486913463e-08
      9.07666666666676	-1.885466486913463e-08
     9.077000000000094	-1.885466486913463e-08
     9.077333333333428	-1.885466486913463e-08
     9.077666666666762	-1.885466486913463e-08
     9.078000000000095	-1.885466486913463e-08
     9.078333333333429	-1.885466486913463e-08
     9.078666666666763	-1.885466486913463e-08
     9.079000000000097	-1.885466486913463e-08
      9.07933333333343	-1.885466486913463e-08
     9.079666666666764	-1.885466486913463e-08
     9.080000000000098	-1.885466486913463e-08
     9.080333333333432	-1.885466486913463e-08
     9.080666666666765	-1.885466486913463e-08
     9.081000000000099	-1.885466486913463e-08
     9.081333333333433	-1.885466486913463e-08
     9.081666666666766	-1.885466486913463e-08
       9.0820000000001	-1.885466486913463e-08
     9.082333333333434	-1.885466486913463e-08
     9.082666666666768	-1.885466486913463e-08
     9.083000000000101	-1.885466486913463e-08
     9.083333333333435	-1.885466486913463e-08
     9.083666666666769	-1.885466486913463e-08
     9.084000000000103	-1.885466486913463e-08
     9.084333333333436	-1.885466486913463e-08
      9.08466666666677	-1.885466486913463e-08
     9.085000000000104	-1.885466486913463e-08
     9.085333333333438	-1.885466486913463e-08
     9.085666666666771	-1.885466486913463e-08
     9.086000000000105	-1.885466486913463e-08
     9.086333333333439	-1.885466486913463e-08
     9.086666666666773	-1.885466486913463e-08
     9.087000000000106	-1.885466486913463e-08
      9.08733333333344	-1.885466486913463e-08
     9.087666666666774	-1.885466486913463e-08
     9.088000000000108	-1.885466486913463e-08
     9.088333333333441	-1.885466486913463e-08
     9.088666666666775	-1.885466486913463e-08
     9.089000000000109	-1.885466486913463e-08
     9.089333333333443	-1.885466486913463e-08
     9.089666666666776	-1.885466486913463e-08
      9.09000000000011	-1.885466486913463e-08
     9.090333333333444	-1.885466486913463e-08
     9.090666666666777	-1.885466486913463e-08
     9.091000000000111	-1.885466486913463e-08
     9.091333333333445	-1.885466486913463e-08
     9.091666666666779	-1.885466486913463e-08
     9.092000000000112	-1.885466486913463e-08
     9.092333333333446	-1.885466486913463e-08
      9.09266666666678	-1.885466486913463e-08
     9.093000000000114	-1.885466486913463e-08
     9.093333333333447	-1.885466486913463e-08
     9.093666666666781	-1.885466486913463e-08
     9.094000000000115	-1.885466486913463e-08
     9.094333333333449	-1.885466486913463e-08
     9.094666666666782	-1.885466486913463e-08
     9.095000000000116	-1.885466486913463e-08
      9.09533333333345	-1.885466486913463e-08
     9.095666666666784	-1.885466486913463e-08
     9.096000000000117	-1.885466486913463e-08
     9.096333333333451	-1.885466486913463e-08
     9.096666666666785	-1.885466486913463e-08
     9.097000000000119	-1.885466486913463e-08
     9.097333333333452	-1.885466486913463e-08
     9.097666666666786	-1.885466486913463e-08
      9.09800000000012	-1.885466486913463e-08
     9.098333333333454	-1.885466486913463e-08
     9.098666666666787	-1.885466486913463e-08
     9.099000000000121	-1.885466486913463e-08
     9.099333333333455	-1.885466486913463e-08
     9.099666666666788	-1.885466486913463e-08
     9.100000000000122	-1.885466486913463e-08
     9.100333333333456	-1.885466486913463e-08
      9.10066666666679	-1.885466486913463e-08
     9.101000000000123	-1.885466486913463e-08
     9.101333333333457	-1.885466486913463e-08
     9.101666666666791	-1.885466486913463e-08
     9.102000000000125	-1.885466486913463e-08
     9.102333333333458	-1.885466486913463e-08
     9.102666666666792	-1.885466486913463e-08
     9.103000000000126	-1.885466486913463e-08
      9.10333333333346	-1.885466486913463e-08
     9.103666666666793	-1.885466486913463e-08
     9.104000000000127	-1.885466486913463e-08
     9.104333333333461	-1.885466486913463e-08
     9.104666666666795	-1.885466486913463e-08
     9.105000000000128	-1.885466486913463e-08
     9.105333333333462	-1.885466486913463e-08
     9.105666666666796	-1.885466486913463e-08
      9.10600000000013	-1.885466486913463e-08
     9.106333333333463	-1.885466486913463e-08
     9.106666666666797	-1.885466486913463e-08
     9.107000000000131	-1.885466486913463e-08
     9.107333333333465	-1.885466486913463e-08
     9.107666666666798	-1.885466486913463e-08
     9.108000000000132	-1.885466486913463e-08
     9.108333333333466	-1.885466486913463e-08
     9.108666666666799	-1.885466486913463e-08
     9.109000000000133	-1.885466486913463e-08
     9.109333333333467	-1.885466486913463e-08
     9.109666666666801	-1.885466486913463e-08
     9.110000000000134	-1.885466486913463e-08
     9.110333333333468	-1.885466486913463e-08
     9.110666666666802	-1.885466486913463e-08
     9.111000000000136	-1.885466486913463e-08
     9.111333333333469	-1.885466486913463e-08
     9.111666666666803	-1.885466486913463e-08
     9.112000000000137	-1.885466486913463e-08
     9.112333333333471	-1.885466486913463e-08
     9.112666666666804	-1.885466486913463e-08
     9.113000000000138	-1.885466486913463e-08
     9.113333333333472	-1.885466486913463e-08
     9.113666666666806	-1.885466486913463e-08
     9.114000000000139	-1.885466486913463e-08
     9.114333333333473	-1.885466486913463e-08
     9.114666666666807	-1.885466486913463e-08
     9.115000000000141	-1.885466486913463e-08
     9.115333333333474	-1.885466486913463e-08
     9.115666666666808	-1.885466486913463e-08
     9.116000000000142	-1.885466486913463e-08
     9.116333333333476	-1.885466486913463e-08
     9.116666666666809	-1.885466486913463e-08
     9.117000000000143	-1.885466486913463e-08
     9.117333333333477	-1.885466486913463e-08
      9.11766666666681	-1.885466486913463e-08
     9.118000000000144	-1.885466486913463e-08
     9.118333333333478	-1.885466486913463e-08
     9.118666666666812	-1.885466486913463e-08
     9.119000000000145	-1.885466486913463e-08
     9.119333333333479	-1.885466486913463e-08
     9.119666666666813	-1.885466486913463e-08
     9.120000000000147	-1.885466486913463e-08
      9.12033333333348	-1.885466486913463e-08
     9.120666666666814	-1.885466486913463e-08
     9.121000000000148	-1.885466486913463e-08
     9.121333333333482	-1.885466486913463e-08
     9.121666666666815	-1.885466486913463e-08
     9.122000000000149	-1.885466486913463e-08
     9.122333333333483	-1.885466486913463e-08
     9.122666666666817	-1.885466486913463e-08
      9.12300000000015	-1.885466486913463e-08
     9.123333333333484	-1.885466486913463e-08
     9.123666666666818	-1.885466486913463e-08
     9.124000000000152	-1.885466486913463e-08
     9.124333333333485	-1.885466486913463e-08
     9.124666666666819	-1.885466486913463e-08
     9.125000000000153	-1.885466486913463e-08
     9.125333333333487	-1.885466486913463e-08
      9.12566666666682	-1.885466486913463e-08
     9.126000000000154	-1.885466486913463e-08
     9.126333333333488	-1.885466486913463e-08
     9.126666666666821	-1.885466486913463e-08
     9.127000000000155	-1.885466486913463e-08
     9.127333333333489	-1.885466486913463e-08
     9.127666666666823	-1.885466486913463e-08
     9.128000000000156	-1.885466486913463e-08
      9.12833333333349	-1.885466486913463e-08
     9.128666666666824	-1.885466486913463e-08
     9.129000000000158	-1.885466486913463e-08
     9.129333333333491	-1.885466486913463e-08
     9.129666666666825	-1.885466486913463e-08
     9.130000000000159	-1.885466486913463e-08
     9.130333333333493	-1.885466486913463e-08
     9.130666666666826	-1.885466486913463e-08
      9.13100000000016	-1.885466486913463e-08
     9.131333333333494	-1.885466486913463e-08
     9.131666666666828	-1.885466486913463e-08
     9.132000000000161	-1.885466486913463e-08
     9.132333333333495	-1.885466486913463e-08
     9.132666666666829	-1.885466486913463e-08
     9.133000000000163	-1.885466486913463e-08
     9.133333333333496	-1.885466486913463e-08
      9.13366666666683	-1.885466486913463e-08
     9.134000000000164	-1.885466486913463e-08
     9.134333333333498	-1.885466486913463e-08
     9.134666666666831	-1.885466486913463e-08
     9.135000000000165	-1.885466486913463e-08
     9.135333333333499	-1.885466486913463e-08
     9.135666666666832	-1.885466486913463e-08
     9.136000000000166	-1.885466486913463e-08
       9.1363333333335	-1.885466486913463e-08
     9.136666666666834	-1.885466486913463e-08
     9.137000000000167	-1.885466486913463e-08
     9.137333333333501	-1.885466486913463e-08
     9.137666666666835	-1.885466486913463e-08
     9.138000000000169	-1.885466486913463e-08
     9.138333333333502	-1.885466486913463e-08
     9.138666666666836	-1.885466486913463e-08
      9.13900000000017	-1.885466486913463e-08
     9.139333333333504	-1.885466486913463e-08
     9.139666666666837	-1.885466486913463e-08
     9.140000000000171	-1.885466486913463e-08
     9.140333333333505	-1.885466486913463e-08
     9.140666666666839	-1.885466486913463e-08
     9.141000000000172	-1.885466486913463e-08
     9.141333333333506	-1.885466486913463e-08
      9.14166666666684	-1.885466486913463e-08
     9.142000000000174	-1.885466486913463e-08
     9.142333333333507	-1.885466486913463e-08
     9.142666666666841	-1.885466486913463e-08
     9.143000000000175	-1.885466486913463e-08
     9.143333333333509	-1.885466486913463e-08
     9.143666666666842	-1.885466486913463e-08
     9.144000000000176	-1.885466486913463e-08
      9.14433333333351	-1.885466486913463e-08
     9.144666666666843	-1.885466486913463e-08
     9.145000000000177	-1.885466486913463e-08
     9.145333333333511	-1.885466486913463e-08
     9.145666666666845	-1.885466486913463e-08
     9.146000000000178	-1.885466486913463e-08
     9.146333333333512	-1.885466486913463e-08
     9.146666666666846	-1.885466486913463e-08
      9.14700000000018	-1.885466486913463e-08
     9.147333333333513	-1.885466486913463e-08
     9.147666666666847	-1.885466486913463e-08
     9.148000000000181	-1.885466486913463e-08
     9.148333333333515	-1.885466486913463e-08
     9.148666666666848	-1.885466486913463e-08
     9.149000000000182	-1.885466486913463e-08
     9.149333333333516	-1.885466486913463e-08
      9.14966666666685	-1.885466486913463e-08
     9.150000000000183	-1.885466486913463e-08
     9.150333333333517	-1.885466486913463e-08
     9.150666666666851	-1.885466486913463e-08
     9.151000000000185	-1.885466486913463e-08
     9.151333333333518	-1.885466486913463e-08
     9.151666666666852	-1.885466486913463e-08
     9.152000000000186	-1.885466486913463e-08
      9.15233333333352	-1.885466486913463e-08
     9.152666666666853	-1.885466486913463e-08
     9.153000000000187	-1.885466486913463e-08
     9.153333333333521	-1.885466486913463e-08
     9.153666666666854	-1.885466486913463e-08
     9.154000000000188	-1.885466486913463e-08
     9.154333333333522	-1.885466486913463e-08
     9.154666666666856	-1.885466486913463e-08
     9.155000000000189	-1.885466486913463e-08
     9.155333333333523	-1.885466486913463e-08
     9.155666666666857	-1.885466486913463e-08
     9.156000000000191	-1.885466486913463e-08
     9.156333333333524	-1.885466486913463e-08
     9.156666666666858	-1.885466486913463e-08
     9.157000000000192	-1.885466486913463e-08
     9.157333333333526	-1.885466486913463e-08
     9.157666666666859	-1.885466486913463e-08
     9.158000000000193	-1.885466486913463e-08
     9.158333333333527	-1.885466486913463e-08
     9.158666666666861	-1.885466486913463e-08
     9.159000000000194	-1.885466486913463e-08
     9.159333333333528	-1.885466486913463e-08
     9.159666666666862	-1.885466486913463e-08
     9.160000000000196	-1.885466486913463e-08
     9.160333333333529	-1.885466486913463e-08
     9.160666666666863	-1.885466486913463e-08
     9.161000000000197	-1.885466486913463e-08
     9.161333333333531	-1.885466486913463e-08
     9.161666666666864	-1.885466486913463e-08
     9.162000000000198	-1.885466486913463e-08
     9.162333333333532	-1.885466486913463e-08
     9.162666666666865	-1.885466486913463e-08
     9.163000000000199	-1.885466486913463e-08
     9.163333333333533	-1.885466486913463e-08
     9.163666666666867	-1.885466486913463e-08
       9.1640000000002	-1.885466486913463e-08
     9.164333333333534	-1.885466486913463e-08
     9.164666666666868	-1.885466486913463e-08
     9.165000000000202	-1.885466486913463e-08
     9.165333333333535	-1.885466486913463e-08
     9.165666666666869	-1.885466486913463e-08
     9.166000000000203	-1.885466486913463e-08
     9.166333333333537	-1.885466486913463e-08
      9.16666666666687	-1.885466486913463e-08
     9.167000000000204	-1.885466486913463e-08
     9.167333333333538	-1.885466486913463e-08
     9.167666666666872	-1.885466486913463e-08
     9.168000000000205	-1.885466486913463e-08
     9.168333333333539	-1.885466486913463e-08
     9.168666666666873	-1.885466486913463e-08
     9.169000000000207	-1.885466486913463e-08
      9.16933333333354	-1.885466486913463e-08
     9.169666666666874	-1.885466486913463e-08
     9.170000000000208	-1.885466486913463e-08
     9.170333333333542	-1.885466486913463e-08
     9.170666666666875	-1.885466486913463e-08
     9.171000000000209	-1.885466486913463e-08
     9.171333333333543	-1.885466486913463e-08
     9.171666666666876	-1.885466486913463e-08
      9.17200000000021	-1.885466486913463e-08
     9.172333333333544	-1.885466486913463e-08
     9.172666666666878	-1.885466486913463e-08
     9.173000000000211	-1.885466486913463e-08
     9.173333333333545	-1.885466486913463e-08
     9.173666666666879	-1.885466486913463e-08
     9.174000000000213	-1.885466486913463e-08
     9.174333333333546	-1.885466486913463e-08
      9.17466666666688	-1.885466486913463e-08
     9.175000000000214	-1.885466486913463e-08
     9.175333333333548	-1.885466486913463e-08
     9.175666666666881	-1.885466486913463e-08
     9.176000000000215	-1.885466486913463e-08
     9.176333333333549	-1.885466486913463e-08
     9.176666666666883	-1.885466486913463e-08
     9.177000000000216	-1.885466486913463e-08
      9.17733333333355	-1.885466486913463e-08
     9.177666666666884	-1.885466486913463e-08
     9.178000000000218	-1.885466486913463e-08
     9.178333333333551	-1.885466486913463e-08
     9.178666666666885	-1.885466486913463e-08
     9.179000000000219	-1.885466486913463e-08
     9.179333333333553	-1.885466486913463e-08
     9.179666666666886	-1.885466486913463e-08
      9.18000000000022	-1.885466486913463e-08
     9.180333333333554	-1.885466486913463e-08
     9.180666666666887	-1.885466486913463e-08
     9.181000000000221	-1.885466486913463e-08
     9.181333333333555	-1.885466486913463e-08
     9.181666666666889	-1.885466486913463e-08
     9.182000000000222	-1.885466486913463e-08
     9.182333333333556	-1.885466486913463e-08
      9.18266666666689	-1.885466486913463e-08
     9.183000000000224	-1.885466486913463e-08
     9.183333333333557	-1.885466486913463e-08
     9.183666666666891	-1.885466486913463e-08
     9.184000000000225	-1.885466486913463e-08
     9.184333333333559	-1.885466486913463e-08
     9.184666666666892	-1.885466486913463e-08
     9.185000000000226	-1.885466486913463e-08
      9.18533333333356	-1.885466486913463e-08
     9.185666666666894	-1.885466486913463e-08
     9.186000000000227	-1.885466486913463e-08
     9.186333333333561	-1.885466486913463e-08
     9.186666666666895	-1.885466486913463e-08
     9.187000000000229	-1.885466486913463e-08
     9.187333333333562	-1.885466486913463e-08
     9.187666666666896	-1.885466486913463e-08
      9.18800000000023	-1.885466486913463e-08
     9.188333333333564	-1.885466486913463e-08
     9.188666666666897	-1.885466486913463e-08
     9.189000000000231	-1.885466486913463e-08
     9.189333333333565	-1.885466486913463e-08
     9.189666666666898	-1.885466486913463e-08
     9.190000000000232	-1.885466486913463e-08
     9.190333333333566	-1.885466486913463e-08
       9.1906666666669	-1.885466486913463e-08
     9.191000000000233	-1.885466486913463e-08
     9.191333333333567	-1.885466486913463e-08
     9.191666666666901	-1.885466486913463e-08
     9.192000000000235	-1.885466486913463e-08
     9.192333333333568	-1.885466486913463e-08
     9.192666666666902	-1.885466486913463e-08
     9.193000000000236	-1.885466486913463e-08
      9.19333333333357	-1.885466486913463e-08
     9.193666666666903	-1.885466486913463e-08
     9.194000000000237	-1.885466486913463e-08
     9.194333333333571	-1.885466486913463e-08
     9.194666666666905	-1.885466486913463e-08
     9.195000000000238	-1.885466486913463e-08
     9.195333333333572	-1.885466486913463e-08
     9.195666666666906	-1.885466486913463e-08
      9.19600000000024	-1.885466486913463e-08
     9.196333333333573	-1.885466486913463e-08
     9.196666666666907	-1.885466486913463e-08
     9.197000000000241	-1.885466486913463e-08
     9.197333333333575	-1.885466486913463e-08
     9.197666666666908	-1.885466486913463e-08
     9.198000000000242	-1.885466486913463e-08
     9.198333333333576	-1.885466486913463e-08
     9.198666666666909	-1.885466486913463e-08
     9.199000000000243	-1.885466486913463e-08
     9.199333333333577	-1.885466486913463e-08
     9.199666666666911	-1.885466486913463e-08
     9.200000000000244	-1.885466486913463e-08
     9.200333333333578	-1.885466486913463e-08
     9.200666666666912	-1.885466486913463e-08
     9.201000000000246	-1.885466486913463e-08
     9.201333333333579	-1.885466486913463e-08
     9.201666666666913	-1.885466486913463e-08
     9.202000000000247	-1.885466486913463e-08
     9.202333333333581	-1.885466486913463e-08
     9.202666666666914	-1.885466486913463e-08
     9.203000000000248	-1.885466486913463e-08
     9.203333333333582	-1.885466486913463e-08
     9.203666666666916	-1.885466486913463e-08
     9.204000000000249	-1.885466486913463e-08
     9.204333333333583	-1.885466486913463e-08
     9.204666666666917	-1.885466486913463e-08
     9.205000000000251	-1.885466486913463e-08
     9.205333333333584	-1.885466486913463e-08
     9.205666666666918	-1.885466486913463e-08
     9.206000000000252	-1.885466486913463e-08
     9.206333333333586	-1.885466486913463e-08
     9.206666666666919	-1.885466486913463e-08
     9.207000000000253	-1.885466486913463e-08
     9.207333333333587	-1.885466486913463e-08
      9.20766666666692	-1.885466486913463e-08
     9.208000000000254	-1.885466486913463e-08
     9.208333333333588	-1.885466486913463e-08
     9.208666666666922	-1.885466486913463e-08
     9.209000000000255	-1.885466486913463e-08
     9.209333333333589	-1.885466486913463e-08
     9.209666666666923	-1.885466486913463e-08
     9.210000000000257	-1.885466486913463e-08
      9.21033333333359	-1.885466486913463e-08
     9.210666666666924	-1.885466486913463e-08
     9.211000000000258	-1.885466486913463e-08
     9.211333333333592	-1.885466486913463e-08
     9.211666666666925	-1.885466486913463e-08
     9.212000000000259	-1.885466486913463e-08
     9.212333333333593	-1.885466486913463e-08
     9.212666666666927	-1.885466486913463e-08
      9.21300000000026	-1.885466486913463e-08
     9.213333333333594	-1.885466486913463e-08
     9.213666666666928	-1.885466486913463e-08
     9.214000000000262	-1.885466486913463e-08
     9.214333333333595	-1.885466486913463e-08
     9.214666666666929	-1.885466486913463e-08
     9.215000000000263	-1.885466486913463e-08
     9.215333333333596	-1.885466486913463e-08
      9.21566666666693	-1.885466486913463e-08
     9.216000000000264	-1.885466486913463e-08
     9.216333333333598	-1.885466486913463e-08
     9.216666666666931	-1.885466486913463e-08
     9.217000000000265	-1.885466486913463e-08
     9.217333333333599	-1.885466486913463e-08
     9.217666666666933	-1.885466486913463e-08
     9.218000000000266	-1.885466486913463e-08
       9.2183333333336	-1.885466486913463e-08
     9.218666666666934	-1.885466486913463e-08
     9.219000000000268	-1.885466486913463e-08
     9.219333333333601	-1.885466486913463e-08
     9.219666666666935	-1.885466486913463e-08
     9.220000000000269	-1.885466486913463e-08
     9.220333333333603	-1.885466486913463e-08
     9.220666666666936	-1.885466486913463e-08
      9.22100000000027	-1.885466486913463e-08
     9.221333333333604	-1.885466486913463e-08
     9.221666666666938	-1.885466486913463e-08
     9.222000000000271	-1.885466486913463e-08
     9.222333333333605	-1.885466486913463e-08
     9.222666666666939	-1.885466486913463e-08
     9.223000000000273	-1.885466486913463e-08
     9.223333333333606	-1.885466486913463e-08
      9.22366666666694	-1.885466486913463e-08
     9.224000000000274	-1.885466486913463e-08
     9.224333333333607	-1.885466486913463e-08
     9.224666666666941	-1.885466486913463e-08
     9.225000000000275	-1.885466486913463e-08
     9.225333333333609	-1.885466486913463e-08
     9.225666666666942	-1.885466486913463e-08
     9.226000000000276	-1.885466486913463e-08
      9.22633333333361	-1.885466486913463e-08
     9.226666666666944	-1.885466486913463e-08
     9.227000000000277	-1.885466486913463e-08
     9.227333333333611	-1.885466486913463e-08
     9.227666666666945	-1.885466486913463e-08
     9.228000000000279	-1.885466486913463e-08
     9.228333333333612	-1.885466486913463e-08
     9.228666666666946	-1.885466486913463e-08
      9.22900000000028	-1.885466486913463e-08
     9.229333333333614	-1.885466486913463e-08
     9.229666666666947	-1.885466486913463e-08
     9.230000000000281	-1.885466486913463e-08
     9.230333333333615	-1.885466486913463e-08
     9.230666666666949	-1.885466486913463e-08
     9.231000000000282	-1.885466486913463e-08
     9.231333333333616	-1.885466486913463e-08
      9.23166666666695	-1.885466486913463e-08
     9.232000000000284	-1.885466486913463e-08
     9.232333333333617	-1.885466486913463e-08
     9.232666666666951	-1.885466486913463e-08
     9.233000000000285	-1.885466486913463e-08
     9.233333333333618	-1.885466486913463e-08
     9.233666666666952	-1.885466486913463e-08
     9.234000000000286	-1.885466486913463e-08
      9.23433333333362	-1.885466486913463e-08
     9.234666666666953	-1.885466486913463e-08
     9.235000000000287	-1.885466486913463e-08
     9.235333333333621	-1.885466486913463e-08
     9.235666666666955	-1.885466486913463e-08
     9.236000000000288	-1.885466486913463e-08
     9.236333333333622	-1.885466486913463e-08
     9.236666666666956	-1.885466486913463e-08
      9.23700000000029	-1.885466486913463e-08
     9.237333333333623	-1.885466486913463e-08
     9.237666666666957	-1.885466486913463e-08
     9.238000000000291	-1.885466486913463e-08
     9.238333333333625	-1.885466486913463e-08
     9.238666666666958	-1.885466486913463e-08
     9.239000000000292	-1.885466486913463e-08
     9.239333333333626	-1.885466486913463e-08
      9.23966666666696	-1.885466486913463e-08
     9.240000000000293	-1.885466486913463e-08
     9.240333333333627	-1.885466486913463e-08
     9.240666666666961	-1.885466486913463e-08
     9.241000000000295	-1.885466486913463e-08
     9.241333333333628	-1.885466486913463e-08
     9.241666666666962	-1.885466486913463e-08
     9.242000000000296	-1.885466486913463e-08
     9.242333333333629	-1.885466486913463e-08
     9.242666666666963	-1.885466486913463e-08
     9.243000000000297	-1.885466486913463e-08
     9.243333333333631	-1.885466486913463e-08
     9.243666666666964	-1.885466486913463e-08
     9.244000000000298	-1.885466486913463e-08
     9.244333333333632	-1.885466486913463e-08
     9.244666666666966	-1.885466486913463e-08
     9.245000000000299	-1.885466486913463e-08
     9.245333333333633	-1.885466486913463e-08
     9.245666666666967	-1.885466486913463e-08
     9.246000000000301	-1.885466486913463e-08
     9.246333333333634	-1.885466486913463e-08
     9.246666666666968	-1.885466486913463e-08
     9.247000000000302	-1.885466486913463e-08
     9.247333333333636	-1.885466486913463e-08
     9.247666666666969	-1.885466486913463e-08
     9.248000000000303	-1.885466486913463e-08
     9.248333333333637	-1.885466486913463e-08
     9.248666666666971	-1.885466486913463e-08
     9.249000000000304	-1.885466486913463e-08
     9.249333333333638	-1.885466486913463e-08
     9.249666666666972	-1.885466486913463e-08
     9.250000000000306	-1.885466486913463e-08
     9.250333333333639	-1.885466486913463e-08
     9.250666666666973	-1.885466486913463e-08
     9.251000000000307	-1.885466486913463e-08
      9.25133333333364	-1.885466486913463e-08
     9.251666666666974	-1.885466486913463e-08
     9.252000000000308	-1.885466486913463e-08
     9.252333333333642	-1.885466486913463e-08
     9.252666666666975	-1.885466486913463e-08
     9.253000000000309	-1.885466486913463e-08
     9.253333333333643	-1.885466486913463e-08
     9.253666666666977	-1.885466486913463e-08
      9.25400000000031	-1.885466486913463e-08
     9.254333333333644	-1.885466486913463e-08
     9.254666666666978	-1.885466486913463e-08
     9.255000000000312	-1.885466486913463e-08
     9.255333333333645	-1.885466486913463e-08
     9.255666666666979	-1.885466486913463e-08
     9.256000000000313	-1.885466486913463e-08
     9.256333333333647	-1.885466486913463e-08
      9.25666666666698	-1.885466486913463e-08
     9.257000000000314	-1.885466486913463e-08
     9.257333333333648	-1.885466486913463e-08
     9.257666666666982	-1.885466486913463e-08
     9.258000000000315	-1.885466486913463e-08
     9.258333333333649	-1.885466486913463e-08
     9.258666666666983	-1.885466486913463e-08
     9.259000000000317	-1.885466486913463e-08
      9.25933333333365	-1.885466486913463e-08
     9.259666666666984	-1.885466486913463e-08
     9.260000000000318	-1.885466486913463e-08
     9.260333333333651	-1.885466486913463e-08
     9.260666666666985	-1.885466486913463e-08
     9.261000000000319	-1.885466486913463e-08
     9.261333333333653	-1.885466486913463e-08
     9.261666666666986	-1.885466486913463e-08
      9.26200000000032	-1.885466486913463e-08
     9.262333333333654	-1.885466486913463e-08
     9.262666666666988	-1.885466486913463e-08
     9.263000000000321	-1.885466486913463e-08
     9.263333333333655	-1.885466486913463e-08
     9.263666666666989	-1.885466486913463e-08
     9.264000000000323	-1.885466486913463e-08
     9.264333333333656	-1.885466486913463e-08
      9.26466666666699	-1.885466486913463e-08
     9.265000000000324	-1.885466486913463e-08
     9.265333333333658	-1.885466486913463e-08
     9.265666666666991	-1.885466486913463e-08
     9.266000000000325	-1.885466486913463e-08
     9.266333333333659	-1.885466486913463e-08
     9.266666666666993	-1.885466486913463e-08
     9.267000000000326	-1.885466486913463e-08
      9.26733333333366	-1.885466486913463e-08
     9.267666666666994	-1.885466486913463e-08
     9.268000000000328	-1.885466486913463e-08
     9.268333333333661	-1.885466486913463e-08
     9.268666666666995	-1.885466486913463e-08
     9.269000000000329	-1.885466486913463e-08
     9.269333333333662	-1.885466486913463e-08
     9.269666666666996	-1.885466486913463e-08
      9.27000000000033	-1.885466486913463e-08
     9.270333333333664	-1.885466486913463e-08
     9.270666666666997	-1.885466486913463e-08
     9.271000000000331	-1.885466486913463e-08
     9.271333333333665	-1.885466486913463e-08
     9.271666666666999	-1.885466486913463e-08
     9.272000000000332	-1.885466486913463e-08
     9.272333333333666	-1.885466486913463e-08
        9.272666666667	-1.885466486913463e-08
     9.273000000000334	-1.885466486913463e-08
     9.273333333333667	-1.885466486913463e-08
     9.273666666667001	-1.885466486913463e-08
     9.274000000000335	-1.885466486913463e-08
     9.274333333333669	-1.885466486913463e-08
     9.274666666667002	-1.885466486913463e-08
     9.275000000000336	-1.885466486913463e-08
      9.27533333333367	-1.885466486913463e-08
     9.275666666667004	-1.885466486913463e-08
     9.276000000000337	-1.885466486913463e-08
     9.276333333333671	-1.885466486913463e-08
     9.276666666667005	-1.885466486913463e-08
     9.277000000000339	-1.885466486913463e-08
     9.277333333333672	-1.885466486913463e-08
     9.277666666667006	-1.885466486913463e-08
      9.27800000000034	-1.885466486913463e-08
     9.278333333333673	-1.885466486913463e-08
     9.278666666667007	-1.885466486913463e-08
     9.279000000000341	-1.885466486913463e-08
     9.279333333333675	-1.885466486913463e-08
     9.279666666667008	-1.885466486913463e-08
     9.280000000000342	-1.885466486913463e-08
     9.280333333333676	-1.885466486913463e-08
      9.28066666666701	-1.885466486913463e-08
     9.281000000000343	-1.885466486913463e-08
     9.281333333333677	-1.885466486913463e-08
     9.281666666667011	-1.885466486913463e-08
     9.282000000000345	-1.885466486913463e-08
     9.282333333333678	-1.885466486913463e-08
     9.282666666667012	-1.885466486913463e-08
     9.283000000000346	-1.885466486913463e-08
      9.28333333333368	-1.885466486913463e-08
     9.283666666667013	-1.885466486913463e-08
     9.284000000000347	-1.885466486913463e-08
     9.284333333333681	-1.885466486913463e-08
     9.284666666667015	-1.885466486913463e-08
     9.285000000000348	-1.885466486913463e-08
     9.285333333333682	-1.885466486913463e-08
     9.285666666667016	-1.885466486913463e-08
      9.28600000000035	-1.885466486913463e-08
     9.286333333333683	-1.885466486913463e-08
     9.286666666667017	-1.885466486913463e-08
     9.287000000000351	-1.885466486913463e-08
     9.287333333333684	-1.885466486913463e-08
     9.287666666667018	-1.885466486913463e-08
     9.288000000000352	-1.885466486913463e-08
     9.288333333333686	-1.885466486913463e-08
     9.288666666667019	-1.885466486913463e-08
     9.289000000000353	-1.885466486913463e-08
     9.289333333333687	-1.885466486913463e-08
     9.289666666667021	-1.885466486913463e-08
     9.290000000000354	-1.885466486913463e-08
     9.290333333333688	-1.885466486913463e-08
     9.290666666667022	-1.885466486913463e-08
     9.291000000000356	-1.885466486913463e-08
     9.291333333333689	-1.885466486913463e-08
     9.291666666667023	-1.885466486913463e-08
     9.292000000000357	-1.885466486913463e-08
     9.292333333333691	-1.885466486913463e-08
     9.292666666667024	-1.885466486913463e-08
     9.293000000000358	-1.885466486913463e-08
     9.293333333333692	-1.885466486913463e-08
     9.293666666667026	-1.885466486913463e-08
     9.294000000000359	-1.885466486913463e-08
     9.294333333333693	-1.885466486913463e-08
     9.294666666667027	-1.885466486913463e-08
     9.295000000000361	-1.885466486913463e-08
     9.295333333333694	-1.885466486913463e-08
     9.295666666667028	-1.885466486913463e-08
     9.296000000000362	-1.885466486913463e-08
     9.296333333333695	-1.885466486913463e-08
     9.296666666667029	-1.885466486913463e-08
     9.297000000000363	-1.885466486913463e-08
     9.297333333333697	-1.885466486913463e-08
      9.29766666666703	-1.885466486913463e-08
     9.298000000000364	-1.885466486913463e-08
     9.298333333333698	-1.885466486913463e-08
     9.298666666667032	-1.885466486913463e-08
     9.299000000000365	-1.885466486913463e-08
     9.299333333333699	-1.885466486913463e-08
     9.299666666667033	-1.885466486913463e-08
     9.300000000000367	-1.885466486913463e-08
       9.3003333333337	-1.885466486913463e-08
     9.300666666667034	-1.885466486913463e-08
     9.301000000000368	-1.885466486913463e-08
     9.301333333333702	-1.885466486913463e-08
     9.301666666667035	-1.885466486913463e-08
     9.302000000000369	-1.885466486913463e-08
     9.302333333333703	-1.885466486913463e-08
     9.302666666667037	-1.885466486913463e-08
      9.30300000000037	-1.885466486913463e-08
     9.303333333333704	-1.885466486913463e-08
     9.303666666667038	-1.885466486913463e-08
     9.304000000000372	-1.885466486913463e-08
     9.304333333333705	-1.885466486913463e-08
     9.304666666667039	-1.885466486913463e-08
     9.305000000000373	-1.885466486913463e-08
     9.305333333333706	-1.885466486913463e-08
      9.30566666666704	-1.885466486913463e-08
     9.306000000000374	-1.885466486913463e-08
     9.306333333333708	-1.885466486913463e-08
     9.306666666667041	-1.885466486913463e-08
     9.307000000000375	-1.885466486913463e-08
     9.307333333333709	-1.885466486913463e-08
     9.307666666667043	-1.885466486913463e-08
     9.308000000000376	-1.885466486913463e-08
      9.30833333333371	-1.885466486913463e-08
     9.308666666667044	-1.885466486913463e-08
     9.309000000000378	-1.885466486913463e-08
     9.309333333333711	-1.885466486913463e-08
     9.309666666667045	-1.885466486913463e-08
     9.310000000000379	-1.885466486913463e-08
     9.310333333333713	-1.885466486913463e-08
     9.310666666667046	-1.885466486913463e-08
      9.31100000000038	-1.885466486913463e-08
     9.311333333333714	-1.885466486913463e-08
     9.311666666667048	-1.885466486913463e-08
     9.312000000000381	-1.885466486913463e-08
     9.312333333333715	-1.885466486913463e-08
     9.312666666667049	-1.885466486913463e-08
     9.313000000000383	-1.885466486913463e-08
     9.313333333333716	-1.885466486913463e-08
      9.31366666666705	-1.885466486913463e-08
     9.314000000000384	-1.885466486913463e-08
     9.314333333333717	-1.885466486913463e-08
     9.314666666667051	-1.885466486913463e-08
     9.315000000000385	-1.885466486913463e-08
     9.315333333333719	-1.885466486913463e-08
     9.315666666667052	-1.885466486913463e-08
     9.316000000000386	-1.885466486913463e-08
      9.31633333333372	-1.885466486913463e-08
     9.316666666667054	-1.885466486913463e-08
     9.317000000000387	-1.885466486913463e-08
     9.317333333333721	-1.885466486913463e-08
     9.317666666667055	-1.885466486913463e-08
     9.318000000000389	-1.885466486913463e-08
     9.318333333333722	-1.885466486913463e-08
     9.318666666667056	-1.885466486913463e-08
      9.31900000000039	-1.885466486913463e-08
     9.319333333333724	-1.885466486913463e-08
     9.319666666667057	-1.885466486913463e-08
     9.320000000000391	-1.885466486913463e-08
     9.320333333333725	-1.885466486913463e-08
     9.320666666667059	-1.885466486913463e-08
     9.321000000000392	-1.885466486913463e-08
     9.321333333333726	-1.885466486913463e-08
      9.32166666666706	-1.885466486913463e-08
     9.322000000000394	-1.885466486913463e-08
     9.322333333333727	-1.885466486913463e-08
     9.322666666667061	-1.885466486913463e-08
     9.323000000000395	-1.885466486913463e-08
     9.323333333333728	-1.885466486913463e-08
     9.323666666667062	-1.885466486913463e-08
     9.324000000000396	-1.885466486913463e-08
      9.32433333333373	-1.885466486913463e-08
     9.324666666667063	-1.885466486913463e-08
     9.325000000000397	-1.885466486913463e-08
     9.325333333333731	-1.885466486913463e-08
     9.325666666667065	-1.885466486913463e-08
     9.326000000000398	-1.885466486913463e-08
     9.326333333333732	-1.885466486913463e-08
     9.326666666667066	-1.885466486913463e-08
       9.3270000000004	-1.885466486913463e-08
     9.327333333333733	-1.885466486913463e-08
     9.327666666667067	-1.885466486913463e-08
     9.328000000000401	-1.885466486913463e-08
     9.328333333333735	-1.885466486913463e-08
     9.328666666667068	-1.885466486913463e-08
     9.329000000000402	-1.885466486913463e-08
     9.329333333333736	-1.885466486913463e-08
      9.32966666666707	-1.885466486913463e-08
     9.330000000000403	-1.885466486913463e-08
     9.330333333333737	-1.885466486913463e-08
     9.330666666667071	-1.885466486913463e-08
     9.331000000000405	-1.885466486913463e-08
     9.331333333333738	-1.885466486913463e-08
     9.331666666667072	-1.885466486913463e-08
     9.332000000000406	-1.885466486913463e-08
     9.332333333333739	-1.885466486913463e-08
     9.332666666667073	-1.885466486913463e-08
     9.333000000000407	-1.885466486913463e-08
     9.333333333333741	-1.885466486913463e-08
     9.333666666667074	-1.885466486913463e-08
     9.334000000000408	-1.885466486913463e-08
     9.334333333333742	-1.885466486913463e-08
     9.334666666667076	-1.885466486913463e-08
     9.335000000000409	-1.885466486913463e-08
     9.335333333333743	-1.885466486913463e-08
     9.335666666667077	-1.885466486913463e-08
     9.336000000000411	-1.885466486913463e-08
     9.336333333333744	-1.885466486913463e-08
     9.336666666667078	-1.885466486913463e-08
     9.337000000000412	-1.885466486913463e-08
     9.337333333333746	-1.885466486913463e-08
     9.337666666667079	-1.885466486913463e-08
     9.338000000000413	-1.885466486913463e-08
     9.338333333333747	-1.885466486913463e-08
     9.338666666667081	-1.885466486913463e-08
     9.339000000000414	-1.885466486913463e-08
     9.339333333333748	-1.885466486913463e-08
     9.339666666667082	-1.885466486913463e-08
     9.340000000000416	-1.885466486913463e-08
     9.340333333333749	-1.885466486913463e-08
     9.340666666667083	-1.885466486913463e-08
     9.341000000000417	-1.885466486913463e-08
      9.34133333333375	-1.885466486913463e-08
     9.341666666667084	-1.885466486913463e-08
     9.342000000000418	-1.885466486913463e-08
     9.342333333333752	-1.885466486913463e-08
     9.342666666667085	-1.885466486913463e-08
     9.343000000000419	-1.885466486913463e-08
     9.343333333333753	-1.885466486913463e-08
     9.343666666667087	-1.885466486913463e-08
      9.34400000000042	-1.885466486913463e-08
     9.344333333333754	-1.885466486913463e-08
     9.344666666667088	-1.885466486913463e-08
     9.345000000000422	-1.885466486913463e-08
     9.345333333333755	-1.885466486913463e-08
     9.345666666667089	-1.885466486913463e-08
     9.346000000000423	-1.885466486913463e-08
     9.346333333333757	-1.885466486913463e-08
      9.34666666666709	-1.885466486913463e-08
     9.347000000000424	-1.885466486913463e-08
     9.347333333333758	-1.885466486913463e-08
     9.347666666667092	-1.885466486913463e-08
     9.348000000000425	-1.885466486913463e-08
     9.348333333333759	-1.885466486913463e-08
     9.348666666667093	-1.885466486913463e-08
     9.349000000000427	-1.885466486913463e-08
      9.34933333333376	-1.885466486913463e-08
     9.349666666667094	-1.885466486913463e-08
     9.350000000000428	-1.885466486913463e-08
     9.350333333333761	-1.885466486913463e-08
     9.350666666667095	-1.885466486913463e-08
     9.351000000000429	-1.885466486913463e-08
     9.351333333333763	-1.885466486913463e-08
     9.351666666667096	-1.885466486913463e-08
      9.35200000000043	-1.885466486913463e-08
     9.352333333333764	-1.885466486913463e-08
     9.352666666667098	-1.885466486913463e-08
     9.353000000000431	-1.885466486913463e-08
     9.353333333333765	-1.885466486913463e-08
     9.353666666667099	-1.885466486913463e-08
     9.354000000000433	-1.885466486913463e-08
     9.354333333333766	-1.885466486913463e-08
       9.3546666666671	-1.885466486913463e-08
     9.355000000000434	-1.885466486913463e-08
     9.355333333333768	-1.885466486913463e-08
     9.355666666667101	-1.885466486913463e-08
     9.356000000000435	-1.885466486913463e-08
     9.356333333333769	-1.885466486913463e-08
     9.356666666667103	-1.885466486913463e-08
     9.357000000000436	-1.885466486913463e-08
      9.35733333333377	-1.885466486913463e-08
     9.357666666667104	-1.885466486913463e-08
     9.358000000000438	-1.885466486913463e-08
     9.358333333333771	-1.885466486913463e-08
     9.358666666667105	-1.885466486913463e-08
     9.359000000000439	-1.885466486913463e-08
     9.359333333333772	-1.885466486913463e-08
     9.359666666667106	-1.885466486913463e-08
      9.36000000000044	-1.885466486913463e-08
     9.360333333333774	-1.885466486913463e-08
     9.360666666667107	-1.885466486913463e-08
     9.361000000000441	-1.885466486913463e-08
     9.361333333333775	-1.885466486913463e-08
     9.361666666667109	-1.885466486913463e-08
     9.362000000000442	-1.885466486913463e-08
     9.362333333333776	-1.885466486913463e-08
      9.36266666666711	-1.885466486913463e-08
     9.363000000000444	-1.885466486913463e-08
     9.363333333333777	-1.885466486913463e-08
     9.363666666667111	-1.885466486913463e-08
     9.364000000000445	-1.885466486913463e-08
     9.364333333333779	-1.885466486913463e-08
     9.364666666667112	-1.885466486913463e-08
     9.365000000000446	-1.885466486913463e-08
      9.36533333333378	-1.885466486913463e-08
     9.365666666667114	-1.885466486913463e-08
     9.366000000000447	-1.885466486913463e-08
     9.366333333333781	-1.885466486913463e-08
     9.366666666667115	-1.885466486913463e-08
     9.367000000000449	-1.885466486913463e-08
     9.367333333333782	-1.885466486913463e-08
     9.367666666667116	-1.885466486913463e-08
      9.36800000000045	-1.885466486913463e-08
     9.368333333333783	-1.885466486913463e-08
     9.368666666667117	-1.885466486913463e-08
     9.369000000000451	-1.885466486913463e-08
     9.369333333333785	-1.885466486913463e-08
     9.369666666667118	-1.885466486913463e-08
     9.370000000000452	-1.885466486913463e-08
     9.370333333333786	-1.885466486913463e-08
      9.37066666666712	-1.885466486913463e-08
     9.371000000000453	-1.885466486913463e-08
     9.371333333333787	-1.885466486913463e-08
     9.371666666667121	-1.885466486913463e-08
     9.372000000000455	-1.885466486913463e-08
     9.372333333333788	-1.885466486913463e-08
     9.372666666667122	-1.885466486913463e-08
     9.373000000000456	-1.885466486913463e-08
      9.37333333333379	-1.885466486913463e-08
     9.373666666667123	-1.885466486913463e-08
     9.374000000000457	-1.885466486913463e-08
     9.374333333333791	-1.885466486913463e-08
     9.374666666667125	-1.885466486913463e-08
     9.375000000000458	-1.885466486913463e-08
     9.375333333333792	-1.885466486913463e-08
     9.375666666667126	-1.885466486913463e-08
      9.37600000000046	-1.885466486913463e-08
     9.376333333333793	-1.885466486913463e-08
     9.376666666667127	-1.885466486913463e-08
     9.377000000000461	-1.885466486913463e-08
     9.377333333333794	-1.885466486913463e-08
     9.377666666667128	-1.885466486913463e-08
     9.378000000000462	-1.885466486913463e-08

     10.00033333333333	-1.694487871191905e-08
     10.00066666666667	-1.694487871191905e-08
                10.001	-1.694487871191905e-08
     10.00133333333333	-1.694487871191905e-08
     10.00166666666667	-1.694487871191905e-08
                10.002	-1.694487871191905e-08
     10.00233333333334	-1.694487871191905e-08
     10.00266666666667	-1.694487871191905e-08
                10.003	-1.694487871191905e-08
     10.00333333333334	-1.694487871191905e-08
     10.00366666666667	-1.694487871191905e-08
                10.004	-1.694487871191905e-08
     10.00433333333334	-1.694487871191905e-08
     10.00466666666667	-1.694487871191905e-08
     10.00500000000001	-1.694487871191905e-08
     10.00533333333334	-1.694487871191905e-08
     10.00566666666667	-1.694487871191905e-08
     10.00600000000001	-1.694487871191905e-08
     10.00633333333334	-1.694487871191905e-08
     10.00666666666667	-1.694487871191905e-08
     10.00700000000001	-1.694487871191905e-08
     10.00733333333334	-1.694487871191905e-08
     10.00766666666668	-1.694487871191905e-08
     10.00800000000001	-1.694487871191905e-08
     10.00833333333334	-1.694487871191905e-08
     10.00866666666668	-1.694487871191905e-08
     10.00900000000001	-1.694487871191905e-08
     10.00933333333334	-1.694487871191905e-08
     10.00966666666668	-1.694487871191905e-08
     10.01000000000001	-1.694487871191905e-08
     10.01033333333335	-1.694487871191905e-08
     10.01066666666668	-1.694487871191905e-08
     10.01100000000001	-1.694487871191905e-08
     10.01133333333335	-1.694487871191905e-08
     10.01166666666668	-1.694487871191905e-08
     10.01200000000001	-1.694487871191905e-08
     10.01233333333335	-1.694487871191905e-08
     10.01266666666668	-1.694487871191905e-08
     10.01300000000002	-1.694487871191905e-08
     10.01333333333335	-1.694487871191905e-08
     10.01366666666668	-1.694487871191905e-08
     10.01400000000002	-1.694487871191905e-08
     10.01433333333335	-1.694487871191905e-08
     10.01466666666668	-1.694487871191905e-08
     10.01500000000002	-1.694487871191905e-08
     10.01533333333335	-1.694487871191905e-08
     10.01566666666669	-1.694487871191905e-08
     10.01600000000002	-1.694487871191905e-08
     10.01633333333335	-1.694487871191905e-08
     10.01666666666669	-1.694487871191905e-08
     10.01700000000002	-1.694487871191905e-08
     10.01733333333335	-1.694487871191905e-08
     10.01766666666669	-1.694487871191905e-08
     10.01800000000002	-1.694487871191905e-08
     10.01833333333336	-1.694487871191905e-08
     10.01866666666669	-1.694487871191905e-08
     10.01900000000002	-1.694487871191905e-08
     10.01933333333336	-1.694487871191905e-08
     10.01966666666669	-1.694487871191905e-08
     10.02000000000002	-1.694487871191905e-08
     10.02033333333336	-1.694487871191905e-08
     10.02066666666669	-1.694487871191905e-08
     10.02100000000003	-1.694487871191905e-08
     10.02133333333336	-1.694487871191905e-08
     10.02166666666669	-1.694487871191905e-08
     10.02200000000003	-1.694487871191905e-08
     10.02233333333336	-1.694487871191905e-08
     10.02266666666669	-1.694487871191905e-08
     10.02300000000003	-1.694487871191905e-08
     10.02333333333336	-1.694487871191905e-08
      10.0236666666667	-1.694487871191905e-08
     10.02400000000003	-1.694487871191905e-08
     10.02433333333336	-1.694487871191905e-08
      10.0246666666667	-1.694487871191905e-08
     10.02500000000003	-1.694487871191905e-08
     10.02533333333336	-1.694487871191905e-08
      10.0256666666667	-1.694487871191905e-08
     10.02600000000003	-1.694487871191905e-08
     10.02633333333337	-1.694487871191905e-08
      10.0266666666667	-1.694487871191905e-08
     10.02700000000003	-1.694487871191905e-08
     10.02733333333337	-1.694487871191905e-08
      10.0276666666667	-1.694487871191905e-08
     10.02800000000003	-1.694487871191905e-08
     10.02833333333337	-1.694487871191905e-08
      10.0286666666667	-1.694487871191905e-08
     10.02900000000004	-1.694487871191905e-08
     10.02933333333337	-1.694487871191905e-08
      10.0296666666667	-1.694487871191905e-08
     10.03000000000004	-1.694487871191905e-08
     10.03033333333337	-1.694487871191905e-08
      10.0306666666667	-1.694487871191905e-08
     10.03100000000004	-1.694487871191905e-08
     10.03133333333337	-1.694487871191905e-08
     10.03166666666671	-1.694487871191905e-08
     10.03200000000004	-1.694487871191905e-08
     10.03233333333337	-1.694487871191905e-08
     10.03266666666671	-1.694487871191905e-08
     10.03300000000004	-1.694487871191905e-08
     10.03333333333337	-1.694487871191905e-08
     10.03366666666671	-1.694487871191905e-08
     10.03400000000004	-1.694487871191905e-08
     10.03433333333338	-1.694487871191905e-08
     10.03466666666671	-1.694487871191905e-08
     10.03500000000004	-1.694487871191905e-08
     10.03533333333338	-1.694487871191905e-08
     10.03566666666671	-1.694487871191905e-08
     10.03600000000004	-1.694487871191905e-08
     10.03633333333338	-1.694487871191905e-08
     10.03666666666671	-1.694487871191905e-08
     10.03700000000005	-1.694487871191905e-08
     10.03733333333338	-1.694487871191905e-08
     10.03766666666671	-1.694487871191905e-08
     10.03800000000005	-1.694487871191905e-08
     10.03833333333338	-1.694487871191905e-08
     10.03866666666671	-1.694487871191905e-08
     10.03900000000005	-1.694487871191905e-08
     10.03933333333338	-1.694487871191905e-08
     10.03966666666672	-1.694487871191905e-08
     10.04000000000005	-1.694487871191905e-08
     10.04033333333338	-1.694487871191905e-08
     10.04066666666672	-1.694487871191905e-08
     10.04100000000005	-1.694487871191905e-08
     10.04133333333338	-1.694487871191905e-08
     10.04166666666672	-1.694487871191905e-08
     10.04200000000005	-1.694487871191905e-08
     10.04233333333339	-1.694487871191905e-08
     10.04266666666672	-1.694487871191905e-08
     10.04300000000005	-1.694487871191905e-08
     10.04333333333339	-1.694487871191905e-08
     10.04366666666672	-1.694487871191905e-08
     10.04400000000005	-1.694487871191905e-08
     10.04433333333339	-1.694487871191905e-08
     10.04466666666672	-1.694487871191905e-08
     10.04500000000005	-1.694487871191905e-08
     10.04533333333339	-1.694487871191905e-08
     10.04566666666672	-1.694487871191905e-08
     10.04600000000006	-1.694487871191905e-08
     10.04633333333339	-1.694487871191905e-08
     10.04666666666672	-1.694487871191905e-08
     10.04700000000006	-1.694487871191905e-08
     10.04733333333339	-1.694487871191905e-08
     10.04766666666672	-1.694487871191905e-08
     10.04800000000006	-1.694487871191905e-08
     10.04833333333339	-1.694487871191905e-08
     10.04866666666673	-1.694487871191905e-08
     10.04900000000006	-1.694487871191905e-08
     10.04933333333339	-1.694487871191905e-08
     10.04966666666673	-1.694487871191905e-08
     10.05000000000006	-1.694487871191905e-08
     10.05033333333339	-1.694487871191905e-08
     10.05066666666673	-1.694487871191905e-08
     10.05100000000006	-1.694487871191905e-08
      10.0513333333334	-1.694487871191905e-08
     10.05166666666673	-1.694487871191905e-08
     10.05200000000006	-1.694487871191905e-08
      10.0523333333334	-1.694487871191905e-08
     10.05266666666673	-1.694487871191905e-08
     10.05300000000006	-1.694487871191905e-08
      10.0533333333334	-1.694487871191905e-08
     10.05366666666673	-1.694487871191905e-08
     10.05400000000007	-1.694487871191905e-08
      10.0543333333334	-1.694487871191905e-08
     10.05466666666673	-1.694487871191905e-08
     10.05500000000007	-1.694487871191905e-08
      10.0553333333334	-1.694487871191905e-08
     10.05566666666673	-1.694487871191905e-08
     10.05600000000007	-1.694487871191905e-08
      10.0563333333334	-1.694487871191905e-08
     10.05666666666674	-1.694487871191905e-08
     10.05700000000007	-1.694487871191905e-08
      10.0573333333334	-1.694487871191905e-08
     10.05766666666674	-1.694487871191905e-08
     10.05800000000007	-1.694487871191905e-08
      10.0583333333334	-1.694487871191905e-08
     10.05866666666674	-1.694487871191905e-08
     10.05900000000007	-1.694487871191905e-08
     10.05933333333341	-1.694487871191905e-08
     10.05966666666674	-1.694487871191905e-08
     10.06000000000007	-1.694487871191905e-08
     10.06033333333341	-1.694487871191905e-08
     10.06066666666674	-1.694487871191905e-08
     10.06100000000007	-1.694487871191905e-08
     10.06133333333341	-1.694487871191905e-08
     10.06166666666674	-1.694487871191905e-08
     10.06200000000008	-1.694487871191905e-08
     10.06233333333341	-1.694487871191905e-08
     10.06266666666674	-1.694487871191905e-08
     10.06300000000008	-1.694487871191905e-08
     10.06333333333341	-1.694487871191905e-08
     10.06366666666674	-1.694487871191905e-08
     10.06400000000008	-1.694487871191905e-08
     10.06433333333341	-1.694487871191905e-08
     10.06466666666675	-1.694487871191905e-08
     10.06500000000008	-1.694487871191905e-08
     10.06533333333341	-1.694487871191905e-08
     10.06566666666675	-1.694487871191905e-08
     10.06600000000008	-1.694487871191905e-08
     10.06633333333341	-1.694487871191905e-08
     10.06666666666675	-1.694487871191905e-08
     10.06700000000008	-1.694487871191905e-08
     10.06733333333342	-1.694487871191905e-08
     10.06766666666675	-1.694487871191905e-08
     10.06800000000008	-1.694487871191905e-08
     10.06833333333342	-1.694487871191905e-08
     10.06866666666675	-1.694487871191905e-08
     10.06900000000008	-1.694487871191905e-08
     10.06933333333342	-1.694487871191905e-08
     10.06966666666675	-1.694487871191905e-08
     10.07000000000009	-1.694487871191905e-08
     10.07033333333342	-1.694487871191905e-08
     10.07066666666675	-1.694487871191905e-08
     10.07100000000009	-1.694487871191905e-08
     10.07133333333342	-1.694487871191905e-08
     10.07166666666675	-1.694487871191905e-08
     10.07200000000009	-1.694487871191905e-08
     10.07233333333342	-1.694487871191905e-08
     10.07266666666676	-1.694487871191905e-08
     10.07300000000009	-1.694487871191905e-08
     10.07333333333342	-1.694487871191905e-08
     10.07366666666676	-1.694487871191905e-08
     10.07400000000009	-1.694487871191905e-08
     10.07433333333342	-1.694487871191905e-08
     10.07466666666676	-1.694487871191905e-08
     10.07500000000009	-1.694487871191905e-08
     10.07533333333343	-1.694487871191905e-08
     10.07566666666676	-1.694487871191905e-08
     10.07600000000009	-1.694487871191905e-08
     10.07633333333343	-1.694487871191905e-08
     10.07666666666676	-1.694487871191905e-08
     10.07700000000009	-1.694487871191905e-08
     10.07733333333343	-1.694487871191905e-08
     10.07766666666676	-1.694487871191905e-08
      10.0780000000001	-1.694487871191905e-08
     10.07833333333343	-1.694487871191905e-08
     10.07866666666676	-1.694487871191905e-08
      10.0790000000001	-1.694487871191905e-08
     10.07933333333343	-1.694487871191905e-08
     10.07966666666676	-1.694487871191905e-08
      10.0800000000001	-1.694487871191905e-08
     10.08033333333343	-1.694487871191905e-08
     10.08066666666677	-1.694487871191905e-08
      10.0810000000001	-1.694487871191905e-08
     10.08133333333343	-1.694487871191905e-08
     10.08166666666677	-1.694487871191905e-08
      10.0820000000001	-1.694487871191905e-08
     10.08233333333343	-1.694487871191905e-08
     10.08266666666677	-1.694487871191905e-08
      10.0830000000001	-1.694487871191905e-08
     10.08333333333344	-1.694487871191905e-08
     10.08366666666677	-1.694487871191905e-08
      10.0840000000001	-1.694487871191905e-08
     10.08433333333344	-1.694487871191905e-08
     10.08466666666677	-1.694487871191905e-08
      10.0850000000001	-1.694487871191905e-08
     10.08533333333344	-1.694487871191905e-08
     10.08566666666677	-1.694487871191905e-08
     10.08600000000011	-1.694487871191905e-08
     10.08633333333344	-1.694487871191905e-08
     10.08666666666677	-1.694487871191905e-08
     10.08700000000011	-1.694487871191905e-08
     10.08733333333344	-1.694487871191905e-08
     10.08766666666677	-1.694487871191905e-08
     10.08800000000011	-1.694487871191905e-08
     10.08833333333344	-1.694487871191905e-08
     10.08866666666678	-1.694487871191905e-08
     10.08900000000011	-1.694487871191905e-08
     10.08933333333344	-1.694487871191905e-08
     10.08966666666678	-1.694487871191905e-08
     10.09000000000011	-1.694487871191905e-08
     10.09033333333344	-1.694487871191905e-08
     10.09066666666678	-1.694487871191905e-08
     10.09100000000011	-1.694487871191905e-08
     10.09133333333344	-1.694487871191905e-08
     10.09166666666678	-1.694487871191905e-08
     10.09200000000011	-1.694487871191905e-08
     10.09233333333345	-1.694487871191905e-08
     10.09266666666678	-1.694487871191905e-08
     10.09300000000011	-1.694487871191905e-08
     10.09333333333345	-1.694487871191905e-08
     10.09366666666678	-1.694487871191905e-08
     10.09400000000011	-1.694487871191905e-08
     10.09433333333345	-1.694487871191905e-08
     10.09466666666678	-1.694487871191905e-08
     10.09500000000012	-1.694487871191905e-08
     10.09533333333345	-1.694487871191905e-08
     10.09566666666678	-1.694487871191905e-08
     10.09600000000012	-1.694487871191905e-08
     10.09633333333345	-1.694487871191905e-08
     10.09666666666678	-1.694487871191905e-08
     10.09700000000012	-1.694487871191905e-08
     10.09733333333345	-1.694487871191905e-08
     10.09766666666679	-1.694487871191905e-08
     10.09800000000012	-1.694487871191905e-08
     10.09833333333345	-1.694487871191905e-08
     10.09866666666679	-1.694487871191905e-08
     10.09900000000012	-1.694487871191905e-08
     10.09933333333345	-1.694487871191905e-08
     10.09966666666679	-1.694487871191905e-08
     10.10000000000012	-1.694487871191905e-08
     10.10033333333346	-1.694487871191905e-08
     10.10066666666679	-1.694487871191905e-08
     10.10100000000012	-1.694487871191905e-08
     10.10133333333346	-1.694487871191905e-08
     10.10166666666679	-1.694487871191905e-08
     10.10200000000012	-1.694487871191905e-08
     10.10233333333346	-1.694487871191905e-08
     10.10266666666679	-1.694487871191905e-08
     10.10300000000013	-1.694487871191905e-08
     10.10333333333346	-1.694487871191905e-08
     10.10366666666679	-1.694487871191905e-08
     10.10400000000013	-1.694487871191905e-08
     10.10433333333346	-1.694487871191905e-08
     10.10466666666679	-1.694487871191905e-08
     10.10500000000013	-1.694487871191905e-08
     10.10533333333346	-1.694487871191905e-08
      10.1056666666668	-1.694487871191905e-08
     10.10600000000013	-1.694487871191905e-08
     10.10633333333346	-1.694487871191905e-08
      10.1066666666668	-1.694487871191905e-08
     10.10700000000013	-1.694487871191905e-08
     10.10733333333346	-1.694487871191905e-08
      10.1076666666668	-1.694487871191905e-08
     10.10800000000013	-1.694487871191905e-08
     10.10833333333347	-1.694487871191905e-08
      10.1086666666668	-1.694487871191905e-08
     10.10900000000013	-1.694487871191905e-08
     10.10933333333347	-1.694487871191905e-08
      10.1096666666668	-1.694487871191905e-08
     10.11000000000013	-1.694487871191905e-08
     10.11033333333347	-1.694487871191905e-08
      10.1106666666668	-1.694487871191905e-08
     10.11100000000014	-1.694487871191905e-08
     10.11133333333347	-1.694487871191905e-08
      10.1116666666668	-1.694487871191905e-08
     10.11200000000014	-1.694487871191905e-08
     10.11233333333347	-1.694487871191905e-08
      10.1126666666668	-1.694487871191905e-08
     10.11300000000014	-1.694487871191905e-08
     10.11333333333347	-1.694487871191905e-08
     10.11366666666681	-1.694487871191905e-08
     10.11400000000014	-1.694487871191905e-08
     10.11433333333347	-1.694487871191905e-08
     10.11466666666681	-1.694487871191905e-08
     10.11500000000014	-1.694487871191905e-08
     10.11533333333347	-1.694487871191905e-08
     10.11566666666681	-1.694487871191905e-08
     10.11600000000014	-1.694487871191905e-08
     10.11633333333348	-1.694487871191905e-08
     10.11666666666681	-1.694487871191905e-08
     10.11700000000014	-1.694487871191905e-08
     10.11733333333348	-1.694487871191905e-08
     10.11766666666681	-1.694487871191905e-08
     10.11800000000014	-1.694487871191905e-08
     10.11833333333348	-1.694487871191905e-08
     10.11866666666681	-1.694487871191905e-08
     10.11900000000015	-1.694487871191905e-08
     10.11933333333348	-1.694487871191905e-08
     10.11966666666681	-1.694487871191905e-08
     10.12000000000015	-1.694487871191905e-08
     10.12033333333348	-1.694487871191905e-08
     10.12066666666681	-1.694487871191905e-08
     10.12100000000015	-1.694487871191905e-08
     10.12133333333348	-1.694487871191905e-08
     10.12166666666682	-1.694487871191905e-08
     10.12200000000015	-1.694487871191905e-08
     10.12233333333348	-1.694487871191905e-08
     10.12266666666682	-1.694487871191905e-08
     10.12300000000015	-1.694487871191905e-08
     10.12333333333348	-1.694487871191905e-08
     10.12366666666682	-1.694487871191905e-08
     10.12400000000015	-1.694487871191905e-08
     10.12433333333349	-1.694487871191905e-08
     10.12466666666682	-1.694487871191905e-08
     10.12500000000015	-1.694487871191905e-08
     10.12533333333349	-1.694487871191905e-08
     10.12566666666682	-1.694487871191905e-08
     10.12600000000015	-1.694487871191905e-08
     10.12633333333349	-1.694487871191905e-08
     10.12666666666682	-1.694487871191905e-08
     10.12700000000016	-1.694487871191905e-08
     10.12733333333349	-1.694487871191905e-08
     10.12766666666682	-1.694487871191905e-08
     10.12800000000016	-1.694487871191905e-08
     10.12833333333349	-1.694487871191905e-08
     10.12866666666682	-1.694487871191905e-08
     10.12900000000016	-1.694487871191905e-08
     10.12933333333349	-1.694487871191905e-08
     10.12966666666683	-1.694487871191905e-08
     10.13000000000016	-1.694487871191905e-08
     10.13033333333349	-1.694487871191905e-08
     10.13066666666683	-1.694487871191905e-08
     10.13100000000016	-1.694487871191905e-08
     10.13133333333349	-1.694487871191905e-08
     10.13166666666683	-1.694487871191905e-08
     10.13200000000016	-1.694487871191905e-08
      10.1323333333335	-1.694487871191905e-08
     10.13266666666683	-1.694487871191905e-08
     10.13300000000016	-1.694487871191905e-08
      10.1333333333335	-1.694487871191905e-08
     10.13366666666683	-1.694487871191905e-08
     10.13400000000016	-1.694487871191905e-08
      10.1343333333335	-1.694487871191905e-08
     10.13466666666683	-1.694487871191905e-08
     10.13500000000016	-1.694487871191905e-08
      10.1353333333335	-1.694487871191905e-08
     10.13566666666683	-1.694487871191905e-08
     10.13600000000017	-1.694487871191905e-08
      10.1363333333335	-1.694487871191905e-08
     10.13666666666683	-1.694487871191905e-08
     10.13700000000017	-1.694487871191905e-08
      10.1373333333335	-1.694487871191905e-08
     10.13766666666683	-1.694487871191905e-08
     10.13800000000017	-1.694487871191905e-08
      10.1383333333335	-1.694487871191905e-08
     10.13866666666684	-1.694487871191905e-08
     10.13900000000017	-1.694487871191905e-08
      10.1393333333335	-1.694487871191905e-08
     10.13966666666684	-1.694487871191905e-08
     10.14000000000017	-1.694487871191905e-08
      10.1403333333335	-1.694487871191905e-08
     10.14066666666684	-1.694487871191905e-08
     10.14100000000017	-1.694487871191905e-08
     10.14133333333351	-1.694487871191905e-08
     10.14166666666684	-1.694487871191905e-08
     10.14200000000017	-1.694487871191905e-08
     10.14233333333351	-1.694487871191905e-08
     10.14266666666684	-1.694487871191905e-08
     10.14300000000017	-1.694487871191905e-08
     10.14333333333351	-1.694487871191905e-08
     10.14366666666684	-1.694487871191905e-08
     10.14400000000018	-1.694487871191905e-08
     10.14433333333351	-1.694487871191905e-08
     10.14466666666684	-1.694487871191905e-08
     10.14500000000018	-1.694487871191905e-08
     10.14533333333351	-1.694487871191905e-08
     10.14566666666684	-1.694487871191905e-08
     10.14600000000018	-1.694487871191905e-08
     10.14633333333351	-1.694487871191905e-08
     10.14666666666685	-1.694487871191905e-08
     10.14700000000018	-1.694487871191905e-08
     10.14733333333351	-1.694487871191905e-08
     10.14766666666685	-1.694487871191905e-08
     10.14800000000018	-1.694487871191905e-08
     10.14833333333351	-1.694487871191905e-08
     10.14866666666685	-1.694487871191905e-08
     10.14900000000018	-1.694487871191905e-08
     10.14933333333352	-1.694487871191905e-08
     10.14966666666685	-1.694487871191905e-08
     10.15000000000018	-1.694487871191905e-08
     10.15033333333352	-1.694487871191905e-08
     10.15066666666685	-1.694487871191905e-08
     10.15100000000018	-1.694487871191905e-08
     10.15133333333352	-1.694487871191905e-08
     10.15166666666685	-1.694487871191905e-08
     10.15200000000019	-1.694487871191905e-08
     10.15233333333352	-1.694487871191905e-08
     10.15266666666685	-1.694487871191905e-08
     10.15300000000019	-1.694487871191905e-08
     10.15333333333352	-1.694487871191905e-08
     10.15366666666685	-1.694487871191905e-08
     10.15400000000019	-1.694487871191905e-08
     10.15433333333352	-1.694487871191905e-08
     10.15466666666686	-1.694487871191905e-08
     10.15500000000019	-1.694487871191905e-08
     10.15533333333352	-1.694487871191905e-08
     10.15566666666686	-1.694487871191905e-08
     10.15600000000019	-1.694487871191905e-08
     10.15633333333352	-1.694487871191905e-08
     10.15666666666686	-1.694487871191905e-08
     10.15700000000019	-1.694487871191905e-08
     10.15733333333353	-1.694487871191905e-08
     10.15766666666686	-1.694487871191905e-08
     10.15800000000019	-1.694487871191905e-08
     10.15833333333353	-1.694487871191905e-08
     10.15866666666686	-1.694487871191905e-08
     10.15900000000019	-1.694487871191905e-08
     10.15933333333353	-1.694487871191905e-08
     10.15966666666686	-1.694487871191905e-08
      10.1600000000002	-1.694487871191905e-08
     10.16033333333353	-1.694487871191905e-08
     10.16066666666686	-1.694487871191905e-08
      10.1610000000002	-1.694487871191905e-08
     10.16133333333353	-1.694487871191905e-08
     10.16166666666686	-1.694487871191905e-08
      10.1620000000002	-1.694487871191905e-08
     10.16233333333353	-1.694487871191905e-08
     10.16266666666687	-1.694487871191905e-08
      10.1630000000002	-1.694487871191905e-08
     10.16333333333353	-1.694487871191905e-08
     10.16366666666687	-1.694487871191905e-08
      10.1640000000002	-1.694487871191905e-08
     10.16433333333353	-1.694487871191905e-08
     10.16466666666687	-1.694487871191905e-08
      10.1650000000002	-1.694487871191905e-08
     10.16533333333354	-1.694487871191905e-08
     10.16566666666687	-1.694487871191905e-08
      10.1660000000002	-1.694487871191905e-08
     10.16633333333354	-1.694487871191905e-08
     10.16666666666687	-1.694487871191905e-08
      10.1670000000002	-1.694487871191905e-08
     10.16733333333354	-1.694487871191905e-08
     10.16766666666687	-1.694487871191905e-08
     10.16800000000021	-1.694487871191905e-08
     10.16833333333354	-1.694487871191905e-08
     10.16866666666687	-1.694487871191905e-08
     10.16900000000021	-1.694487871191905e-08
     10.16933333333354	-1.694487871191905e-08
     10.16966666666687	-1.694487871191905e-08
     10.17000000000021	-1.694487871191905e-08
     10.17033333333354	-1.694487871191905e-08
     10.17066666666688	-1.694487871191905e-08
     10.17100000000021	-1.694487871191905e-08
     10.17133333333354	-1.694487871191905e-08
     10.17166666666688	-1.694487871191905e-08
     10.17200000000021	-1.694487871191905e-08
     10.17233333333354	-1.694487871191905e-08
     10.17266666666688	-1.694487871191905e-08
     10.17300000000021	-1.694487871191905e-08
     10.17333333333355	-1.694487871191905e-08
     10.17366666666688	-1.694487871191905e-08
     10.17400000000021	-1.694487871191905e-08
     10.17433333333355	-1.694487871191905e-08
     10.17466666666688	-1.694487871191905e-08
     10.17500000000021	-1.694487871191905e-08
     10.17533333333355	-1.694487871191905e-08
     10.17566666666688	-1.694487871191905e-08
     10.17600000000022	-1.694487871191905e-08
     10.17633333333355	-1.694487871191905e-08
     10.17666666666688	-1.694487871191905e-08
     10.17700000000022	-1.694487871191905e-08
     10.17733333333355	-1.694487871191905e-08
     10.17766666666688	-1.694487871191905e-08
     10.17800000000022	-1.694487871191905e-08
     10.17833333333355	-1.694487871191905e-08
     10.17866666666689	-1.694487871191905e-08
     10.17900000000022	-1.694487871191905e-08
     10.17933333333355	-1.694487871191905e-08
     10.17966666666689	-1.694487871191905e-08
     10.18000000000022	-1.694487871191905e-08
     10.18033333333355	-1.694487871191905e-08
     10.18066666666689	-1.694487871191905e-08
     10.18100000000022	-1.694487871191905e-08
     10.18133333333355	-1.694487871191905e-08
     10.18166666666689	-1.694487871191905e-08
     10.18200000000022	-1.694487871191905e-08
     10.18233333333356	-1.694487871191905e-08
     10.18266666666689	-1.694487871191905e-08
     10.18300000000022	-1.694487871191905e-08
     10.18333333333356	-1.694487871191905e-08
     10.18366666666689	-1.694487871191905e-08
     10.18400000000022	-1.694487871191905e-08
     10.18433333333356	-1.694487871191905e-08
     10.18466666666689	-1.694487871191905e-08
     10.18500000000023	-1.694487871191905e-08
     10.18533333333356	-1.694487871191905e-08
     10.18566666666689	-1.694487871191905e-08
     10.18600000000023	-1.694487871191905e-08
     10.18633333333356	-1.694487871191905e-08
     10.18666666666689	-1.694487871191905e-08
     10.18700000000023	-1.694487871191905e-08
     10.18733333333356	-1.694487871191905e-08
      10.1876666666669	-1.694487871191905e-08
     10.18800000000023	-1.694487871191905e-08
     10.18833333333356	-1.694487871191905e-08
      10.1886666666669	-1.694487871191905e-08
     10.18900000000023	-1.694487871191905e-08
     10.18933333333356	-1.694487871191905e-08
      10.1896666666669	-1.694487871191905e-08
     10.19000000000023	-1.694487871191905e-08
     10.19033333333357	-1.694487871191905e-08
      10.1906666666669	-1.694487871191905e-08
     10.19100000000023	-1.694487871191905e-08
     10.19133333333357	-1.694487871191905e-08
      10.1916666666669	-1.694487871191905e-08
     10.19200000000023	-1.694487871191905e-08
     10.19233333333357	-1.694487871191905e-08
      10.1926666666669	-1.694487871191905e-08
     10.19300000000024	-1.694487871191905e-08
     10.19333333333357	-1.694487871191905e-08
      10.1936666666669	-1.694487871191905e-08
     10.19400000000024	-1.694487871191905e-08
     10.19433333333357	-1.694487871191905e-08
      10.1946666666669	-1.694487871191905e-08
     10.19500000000024	-1.694487871191905e-08
     10.19533333333357	-1.694487871191905e-08
     10.19566666666691	-1.694487871191905e-08
     10.19600000000024	-1.694487871191905e-08
     10.19633333333357	-1.694487871191905e-08
     10.19666666666691	-1.694487871191905e-08
     10.19700000000024	-1.694487871191905e-08
     10.19733333333357	-1.694487871191905e-08
     10.19766666666691	-1.694487871191905e-08
     10.19800000000024	-1.694487871191905e-08
     10.19833333333358	-1.694487871191905e-08
     10.19866666666691	-1.694487871191905e-08
     10.19900000000024	-1.694487871191905e-08
     10.19933333333358	-1.694487871191905e-08
     10.19966666666691	-1.694487871191905e-08
     10.20000000000024	-1.694487871191905e-08
     10.20033333333358	-1.694487871191905e-08
     10.20066666666691	-1.694487871191905e-08
     10.20100000000025	-1.694487871191905e-08
     10.20133333333358	-1.694487871191905e-08
     10.20166666666691	-1.694487871191905e-08
     10.20200000000025	-1.694487871191905e-08
     10.20233333333358	-1.694487871191905e-08
     10.20266666666691	-1.694487871191905e-08
     10.20300000000025	-1.694487871191905e-08
     10.20333333333358	-1.694487871191905e-08
     10.20366666666692	-1.694487871191905e-08
     10.20400000000025	-1.694487871191905e-08
     10.20433333333358	-1.694487871191905e-08
     10.20466666666692	-1.694487871191905e-08
     10.20500000000025	-1.694487871191905e-08
     10.20533333333358	-1.694487871191905e-08
     10.20566666666692	-1.694487871191905e-08
     10.20600000000025	-1.694487871191905e-08
     10.20633333333359	-1.694487871191905e-08
     10.20666666666692	-1.694487871191905e-08
     10.20700000000025	-1.694487871191905e-08
     10.20733333333359	-1.694487871191905e-08
     10.20766666666692	-1.694487871191905e-08
     10.20800000000025	-1.694487871191905e-08
     10.20833333333359	-1.694487871191905e-08
     10.20866666666692	-1.694487871191905e-08
     10.20900000000026	-1.694487871191905e-08
     10.20933333333359	-1.694487871191905e-08
     10.20966666666692	-1.694487871191905e-08
     10.21000000000026	-1.694487871191905e-08
     10.21033333333359	-1.694487871191905e-08
     10.21066666666692	-1.694487871191905e-08
     10.21100000000026	-1.694487871191905e-08
     10.21133333333359	-1.694487871191905e-08
     10.21166666666693	-1.694487871191905e-08
     10.21200000000026	-1.694487871191905e-08
     10.21233333333359	-1.694487871191905e-08
     10.21266666666693	-1.694487871191905e-08
     10.21300000000026	-1.694487871191905e-08
     10.21333333333359	-1.694487871191905e-08
     10.21366666666693	-1.694487871191905e-08
     10.21400000000026	-1.694487871191905e-08
      10.2143333333336	-1.694487871191905e-08
     10.21466666666693	-1.694487871191905e-08
     10.21500000000026	-1.694487871191905e-08
      10.2153333333336	-1.694487871191905e-08
     10.21566666666693	-1.694487871191905e-08
     10.21600000000026	-1.694487871191905e-08
      10.2163333333336	-1.694487871191905e-08
     10.21666666666693	-1.694487871191905e-08
     10.21700000000027	-1.694487871191905e-08
      10.2173333333336	-1.694487871191905e-08
     10.21766666666693	-1.694487871191905e-08
     10.21800000000027	-1.694487871191905e-08
      10.2183333333336	-1.694487871191905e-08
     10.21866666666693	-1.694487871191905e-08
     10.21900000000027	-1.694487871191905e-08
      10.2193333333336	-1.694487871191905e-08
     10.21966666666694	-1.694487871191905e-08
     10.22000000000027	-1.694487871191905e-08
      10.2203333333336	-1.694487871191905e-08
     10.22066666666694	-1.694487871191905e-08
     10.22100000000027	-1.694487871191905e-08
      10.2213333333336	-1.694487871191905e-08
     10.22166666666694	-1.694487871191905e-08
     10.22200000000027	-1.694487871191905e-08
     10.22233333333361	-1.694487871191905e-08
     10.22266666666694	-1.694487871191905e-08
     10.22300000000027	-1.694487871191905e-08
     10.22333333333361	-1.694487871191905e-08
     10.22366666666694	-1.694487871191905e-08
     10.22400000000027	-1.694487871191905e-08
     10.22433333333361	-1.694487871191905e-08
     10.22466666666694	-1.694487871191905e-08
     10.22500000000027	-1.694487871191905e-08
     10.22533333333361	-1.694487871191905e-08
     10.22566666666694	-1.694487871191905e-08
     10.22600000000028	-1.694487871191905e-08
     10.22633333333361	-1.694487871191905e-08
     10.22666666666694	-1.694487871191905e-08
     10.22700000000028	-1.694487871191905e-08
     10.22733333333361	-1.694487871191905e-08
     10.22766666666694	-1.694487871191905e-08
     10.22800000000028	-1.694487871191905e-08
     10.22833333333361	-1.694487871191905e-08
     10.22866666666695	-1.694487871191905e-08
     10.22900000000028	-1.694487871191905e-08
     10.22933333333361	-1.694487871191905e-08
     10.22966666666695	-1.694487871191905e-08
     10.23000000000028	-1.694487871191905e-08
     10.23033333333361	-1.694487871191905e-08
     10.23066666666695	-1.694487871191905e-08
     10.23100000000028	-1.694487871191905e-08
     10.23133333333362	-1.694487871191905e-08
     10.23166666666695	-1.694487871191905e-08
     10.23200000000028	-1.694487871191905e-08
     10.23233333333362	-1.694487871191905e-08
     10.23266666666695	-1.694487871191905e-08
     10.23300000000028	-1.694487871191905e-08
     10.23333333333362	-1.694487871191905e-08
     10.23366666666695	-1.694487871191905e-08
     10.23400000000029	-1.694487871191905e-08
     10.23433333333362	-1.694487871191905e-08
     10.23466666666695	-1.694487871191905e-08
     10.23500000000029	-1.694487871191905e-08
     10.23533333333362	-1.694487871191905e-08
     10.23566666666695	-1.694487871191905e-08
     10.23600000000029	-1.694487871191905e-08
     10.23633333333362	-1.694487871191905e-08
     10.23666666666696	-1.694487871191905e-08
     10.23700000000029	-1.694487871191905e-08
     10.23733333333362	-1.694487871191905e-08
     10.23766666666696	-1.694487871191905e-08
     10.23800000000029	-1.694487871191905e-08
     10.23833333333362	-1.694487871191905e-08
     10.23866666666696	-1.694487871191905e-08
     10.23900000000029	-1.694487871191905e-08
     10.23933333333363	-1.694487871191905e-08
     10.23966666666696	-1.694487871191905e-08
     10.24000000000029	-1.694487871191905e-08
     10.24033333333363	-1.694487871191905e-08
     10.24066666666696	-1.694487871191905e-08
     10.24100000000029	-1.694487871191905e-08
     10.24133333333363	-1.694487871191905e-08
     10.24166666666696	-1.694487871191905e-08
      10.2420000000003	-1.694487871191905e-08
     10.24233333333363	-1.694487871191905e-08
     10.24266666666696	-1.694487871191905e-08
      10.2430000000003	-1.694487871191905e-08
     10.24333333333363	-1.694487871191905e-08
     10.24366666666696	-1.694487871191905e-08
      10.2440000000003	-1.694487871191905e-08
     10.24433333333363	-1.694487871191905e-08
     10.24466666666697	-1.694487871191905e-08
      10.2450000000003	-1.694487871191905e-08
     10.24533333333363	-1.694487871191905e-08
     10.24566666666697	-1.694487871191905e-08
      10.2460000000003	-1.694487871191905e-08
     10.24633333333363	-1.694487871191905e-08
     10.24666666666697	-1.694487871191905e-08
      10.2470000000003	-1.694487871191905e-08
     10.24733333333364	-1.694487871191905e-08
     10.24766666666697	-1.694487871191905e-08
      10.2480000000003	-1.694487871191905e-08
     10.24833333333364	-1.694487871191905e-08
     10.24866666666697	-1.694487871191905e-08
      10.2490000000003	-1.694487871191905e-08
     10.24933333333364	-1.694487871191905e-08
     10.24966666666697	-1.694487871191905e-08
     10.25000000000031	-1.694487871191905e-08
     10.25033333333364	-1.694487871191905e-08
     10.25066666666697	-1.694487871191905e-08
     10.25100000000031	-1.694487871191905e-08
     10.25133333333364	-1.694487871191905e-08
     10.25166666666697	-1.694487871191905e-08
     10.25200000000031	-1.694487871191905e-08
     10.25233333333364	-1.694487871191905e-08
     10.25266666666698	-1.694487871191905e-08
     10.25300000000031	-1.694487871191905e-08
     10.25333333333364	-1.694487871191905e-08
     10.25366666666698	-1.694487871191905e-08
     10.25400000000031	-1.694487871191905e-08
     10.25433333333364	-1.694487871191905e-08
     10.25466666666698	-1.694487871191905e-08
     10.25500000000031	-1.694487871191905e-08
     10.25533333333365	-1.694487871191905e-08
     10.25566666666698	-1.694487871191905e-08
     10.25600000000031	-1.694487871191905e-08
     10.25633333333365	-1.694487871191905e-08
     10.25666666666698	-1.694487871191905e-08
     10.25700000000031	-1.694487871191905e-08
     10.25733333333365	-1.694487871191905e-08
     10.25766666666698	-1.694487871191905e-08
     10.25800000000032	-1.694487871191905e-08
     10.25833333333365	-1.694487871191905e-08
     10.25866666666698	-1.694487871191905e-08
     10.25900000000032	-1.694487871191905e-08
     10.25933333333365	-1.694487871191905e-08
     10.25966666666698	-1.694487871191905e-08
     10.26000000000032	-1.694487871191905e-08
     10.26033333333365	-1.694487871191905e-08
     10.26066666666699	-1.694487871191905e-08
     10.26100000000032	-1.694487871191905e-08
     10.26133333333365	-1.694487871191905e-08
     10.26166666666699	-1.694487871191905e-08
     10.26200000000032	-1.694487871191905e-08
     10.26233333333365	-1.694487871191905e-08
     10.26266666666699	-1.694487871191905e-08
     10.26300000000032	-1.694487871191905e-08
     10.26333333333366	-1.694487871191905e-08
     10.26366666666699	-1.694487871191905e-08
     10.26400000000032	-1.694487871191905e-08
     10.26433333333366	-1.694487871191905e-08
     10.26466666666699	-1.694487871191905e-08
     10.26500000000032	-1.694487871191905e-08
     10.26533333333366	-1.694487871191905e-08
     10.26566666666699	-1.694487871191905e-08
     10.26600000000033	-1.694487871191905e-08
     10.26633333333366	-1.694487871191905e-08
     10.26666666666699	-1.694487871191905e-08
     10.26700000000033	-1.694487871191905e-08
     10.26733333333366	-1.694487871191905e-08
     10.26766666666699	-1.694487871191905e-08
     10.26800000000033	-1.694487871191905e-08
     10.26833333333366	-1.694487871191905e-08
       10.268666666667	-1.694487871191905e-08
     10.26900000000033	-1.694487871191905e-08
     10.26933333333366	-1.694487871191905e-08
       10.269666666667	-1.694487871191905e-08
     10.27000000000033	-1.694487871191905e-08
     10.27033333333366	-1.694487871191905e-08
       10.270666666667	-1.694487871191905e-08
     10.27100000000033	-1.694487871191905e-08
     10.27133333333366	-1.694487871191905e-08
       10.271666666667	-1.694487871191905e-08
     10.27200000000033	-1.694487871191905e-08
     10.27233333333367	-1.694487871191905e-08
       10.272666666667	-1.694487871191905e-08
     10.27300000000033	-1.694487871191905e-08
     10.27333333333367	-1.694487871191905e-08
       10.273666666667	-1.694487871191905e-08
     10.27400000000033	-1.694487871191905e-08
     10.27433333333367	-1.694487871191905e-08
       10.274666666667	-1.694487871191905e-08
     10.27500000000034	-1.694487871191905e-08
     10.27533333333367	-1.694487871191905e-08
       10.275666666667	-1.694487871191905e-08
     10.27600000000034	-1.694487871191905e-08
     10.27633333333367	-1.694487871191905e-08
       10.276666666667	-1.694487871191905e-08
     10.27700000000034	-1.694487871191905e-08
     10.27733333333367	-1.694487871191905e-08
     10.27766666666701	-1.694487871191905e-08
     10.27800000000034	-1.694487871191905e-08
     10.27833333333367	-1.694487871191905e-08
     10.27866666666701	-1.694487871191905e-08
     10.27900000000034	-1.694487871191905e-08
     10.27933333333367	-1.694487871191905e-08
     10.27966666666701	-1.694487871191905e-08
     10.28000000000034	-1.694487871191905e-08
     10.28033333333368	-1.694487871191905e-08
     10.28066666666701	-1.694487871191905e-08
     10.28100000000034	-1.694487871191905e-08
     10.28133333333368	-1.694487871191905e-08
     10.28166666666701	-1.694487871191905e-08
     10.28200000000034	-1.694487871191905e-08
     10.28233333333368	-1.694487871191905e-08
     10.28266666666701	-1.694487871191905e-08
     10.28300000000035	-1.694487871191905e-08
     10.28333333333368	-1.694487871191905e-08
     10.28366666666701	-1.694487871191905e-08
     10.28400000000035	-1.694487871191905e-08
     10.28433333333368	-1.694487871191905e-08
     10.28466666666701	-1.694487871191905e-08
     10.28500000000035	-1.694487871191905e-08
     10.28533333333368	-1.694487871191905e-08
     10.28566666666702	-1.694487871191905e-08
     10.28600000000035	-1.694487871191905e-08
     10.28633333333368	-1.694487871191905e-08
     10.28666666666702	-1.694487871191905e-08
     10.28700000000035	-1.694487871191905e-08
     10.28733333333368	-1.694487871191905e-08
     10.28766666666702	-1.694487871191905e-08
     10.28800000000035	-1.694487871191905e-08
     10.28833333333369	-1.694487871191905e-08
     10.28866666666702	-1.694487871191905e-08
     10.28900000000035	-1.694487871191905e-08
     10.28933333333369	-1.694487871191905e-08
     10.28966666666702	-1.694487871191905e-08
     10.29000000000035	-1.694487871191905e-08
     10.29033333333369	-1.694487871191905e-08
     10.29066666666702	-1.694487871191905e-08
     10.29100000000036	-1.694487871191905e-08
     10.29133333333369	-1.694487871191905e-08
     10.29166666666702	-1.694487871191905e-08
     10.29200000000036	-1.694487871191905e-08
     10.29233333333369	-1.694487871191905e-08
     10.29266666666702	-1.694487871191905e-08
     10.29300000000036	-1.694487871191905e-08
     10.29333333333369	-1.694487871191905e-08
     10.29366666666703	-1.694487871191905e-08
     10.29400000000036	-1.694487871191905e-08
     10.29433333333369	-1.694487871191905e-08
     10.29466666666703	-1.694487871191905e-08
     10.29500000000036	-1.694487871191905e-08
     10.29533333333369	-1.694487871191905e-08
     10.29566666666703	-1.694487871191905e-08
     10.29600000000036	-1.694487871191905e-08
      10.2963333333337	-1.694487871191905e-08
     10.29666666666703	-1.694487871191905e-08
     10.29700000000036	-1.694487871191905e-08
      10.2973333333337	-1.694487871191905e-08
     10.29766666666703	-1.694487871191905e-08
     10.29800000000036	-1.694487871191905e-08
      10.2983333333337	-1.694487871191905e-08
     10.29866666666703	-1.694487871191905e-08
     10.29900000000037	-1.694487871191905e-08
      10.2993333333337	-1.694487871191905e-08
     10.29966666666703	-1.694487871191905e-08
     10.30000000000037	-1.694487871191905e-08
      10.3003333333337	-1.694487871191905e-08
     10.30066666666703	-1.694487871191905e-08
     10.30100000000037	-1.694487871191905e-08
      10.3013333333337	-1.694487871191905e-08
     10.30166666666704	-1.694487871191905e-08
     10.30200000000037	-1.694487871191905e-08
      10.3023333333337	-1.694487871191905e-08
     10.30266666666704	-1.694487871191905e-08
     10.30300000000037	-1.694487871191905e-08
      10.3033333333337	-1.694487871191905e-08
     10.30366666666704	-1.694487871191905e-08
     10.30400000000037	-1.694487871191905e-08
     10.30433333333371	-1.694487871191905e-08
     10.30466666666704	-1.694487871191905e-08
     10.30500000000037	-1.694487871191905e-08
     10.30533333333371	-1.694487871191905e-08
     10.30566666666704	-1.694487871191905e-08
     10.30600000000037	-1.694487871191905e-08
     10.30633333333371	-1.694487871191905e-08
     10.30666666666704	-1.694487871191905e-08
     10.30700000000038	-1.694487871191905e-08
     10.30733333333371	-1.694487871191905e-08
     10.30766666666704	-1.694487871191905e-08
     10.30800000000038	-1.694487871191905e-08
     10.30833333333371	-1.694487871191905e-08
     10.30866666666704	-1.694487871191905e-08
     10.30900000000038	-1.694487871191905e-08
     10.30933333333371	-1.694487871191905e-08
     10.30966666666705	-1.694487871191905e-08
     10.31000000000038	-1.694487871191905e-08
     10.31033333333371	-1.694487871191905e-08
     10.31066666666705	-1.694487871191905e-08
     10.31100000000038	-1.694487871191905e-08
     10.31133333333371	-1.694487871191905e-08
     10.31166666666705	-1.694487871191905e-08
     10.31200000000038	-1.694487871191905e-08
     10.31233333333372	-1.694487871191905e-08
     10.31266666666705	-1.694487871191905e-08
     10.31300000000038	-1.694487871191905e-08
     10.31333333333372	-1.694487871191905e-08
     10.31366666666705	-1.694487871191905e-08
     10.31400000000038	-1.694487871191905e-08
     10.31433333333372	-1.694487871191905e-08
     10.31466666666705	-1.694487871191905e-08
     10.31500000000038	-1.694487871191905e-08
     10.31533333333372	-1.694487871191905e-08
     10.31566666666705	-1.694487871191905e-08
     10.31600000000039	-1.694487871191905e-08
     10.31633333333372	-1.694487871191905e-08
     10.31666666666705	-1.694487871191905e-08
     10.31700000000039	-1.694487871191905e-08
     10.31733333333372	-1.694487871191905e-08
     10.31766666666705	-1.694487871191905e-08
     10.31800000000039	-1.694487871191905e-08
     10.31833333333372	-1.694487871191905e-08
     10.31866666666706	-1.694487871191905e-08
     10.31900000000039	-1.694487871191905e-08
     10.31933333333372	-1.694487871191905e-08
     10.31966666666706	-1.694487871191905e-08
     10.32000000000039	-1.694487871191905e-08
     10.32033333333372	-1.694487871191905e-08
     10.32066666666706	-1.694487871191905e-08
     10.32100000000039	-1.694487871191905e-08
     10.32133333333373	-1.694487871191905e-08
     10.32166666666706	-1.694487871191905e-08
     10.32200000000039	-1.694487871191905e-08
     10.32233333333373	-1.694487871191905e-08
     10.32266666666706	-1.694487871191905e-08
     10.32300000000039	-1.694487871191905e-08
     10.32333333333373	-1.694487871191905e-08
     10.32366666666706	-1.694487871191905e-08
      10.3240000000004	-1.694487871191905e-08
     10.32433333333373	-1.694487871191905e-08
     10.32466666666706	-1.694487871191905e-08
      10.3250000000004	-1.694487871191905e-08
     10.32533333333373	-1.694487871191905e-08
     10.32566666666706	-1.694487871191905e-08
      10.3260000000004	-1.694487871191905e-08
     10.32633333333373	-1.694487871191905e-08
     10.32666666666707	-1.694487871191905e-08
      10.3270000000004	-1.694487871191905e-08
     10.32733333333373	-1.694487871191905e-08
     10.32766666666707	-1.694487871191905e-08
      10.3280000000004	-1.694487871191905e-08
     10.32833333333373	-1.694487871191905e-08
     10.32866666666707	-1.694487871191905e-08
      10.3290000000004	-1.694487871191905e-08
     10.32933333333374	-1.694487871191905e-08
     10.32966666666707	-1.694487871191905e-08
      10.3300000000004	-1.694487871191905e-08
     10.33033333333374	-1.694487871191905e-08
     10.33066666666707	-1.694487871191905e-08
      10.3310000000004	-1.694487871191905e-08
     10.33133333333374	-1.694487871191905e-08
     10.33166666666707	-1.694487871191905e-08
     10.33200000000041	-1.694487871191905e-08
     10.33233333333374	-1.694487871191905e-08
     10.33266666666707	-1.694487871191905e-08
     10.33300000000041	-1.694487871191905e-08
     10.33333333333374	-1.694487871191905e-08
     10.33366666666707	-1.694487871191905e-08
     10.33400000000041	-1.694487871191905e-08
     10.33433333333374	-1.694487871191905e-08
     10.33466666666708	-1.694487871191905e-08
     10.33500000000041	-1.694487871191905e-08
     10.33533333333374	-1.694487871191905e-08
     10.33566666666708	-1.694487871191905e-08
     10.33600000000041	-1.694487871191905e-08
     10.33633333333374	-1.694487871191905e-08
     10.33666666666708	-1.694487871191905e-08
     10.33700000000041	-1.694487871191905e-08
     10.33733333333375	-1.694487871191905e-08
     10.33766666666708	-1.694487871191905e-08
     10.33800000000041	-1.694487871191905e-08
     10.33833333333375	-1.694487871191905e-08
     10.33866666666708	-1.694487871191905e-08
     10.33900000000041	-1.694487871191905e-08
     10.33933333333375	-1.694487871191905e-08
     10.33966666666708	-1.694487871191905e-08
     10.34000000000042	-1.694487871191905e-08
     10.34033333333375	-1.694487871191905e-08
     10.34066666666708	-1.694487871191905e-08
     10.34100000000042	-1.694487871191905e-08
     10.34133333333375	-1.694487871191905e-08
     10.34166666666708	-1.694487871191905e-08
     10.34200000000042	-1.694487871191905e-08
     10.34233333333375	-1.694487871191905e-08
     10.34266666666709	-1.694487871191905e-08
     10.34300000000042	-1.694487871191905e-08
     10.34333333333375	-1.694487871191905e-08
     10.34366666666709	-1.694487871191905e-08
     10.34400000000042	-1.694487871191905e-08
     10.34433333333375	-1.694487871191905e-08
     10.34466666666709	-1.694487871191905e-08
     10.34500000000042	-1.694487871191905e-08
     10.34533333333376	-1.694487871191905e-08
     10.34566666666709	-1.694487871191905e-08
     10.34600000000042	-1.694487871191905e-08
     10.34633333333376	-1.694487871191905e-08
     10.34666666666709	-1.694487871191905e-08
     10.34700000000042	-1.694487871191905e-08
     10.34733333333376	-1.694487871191905e-08
     10.34766666666709	-1.694487871191905e-08
     10.34800000000043	-1.694487871191905e-08
     10.34833333333376	-1.694487871191905e-08
     10.34866666666709	-1.694487871191905e-08
     10.34900000000043	-1.694487871191905e-08
     10.34933333333376	-1.694487871191905e-08
     10.34966666666709	-1.694487871191905e-08
     10.35000000000043	-1.694487871191905e-08
     10.35033333333376	-1.694487871191905e-08
      10.3506666666671	-1.694487871191905e-08
     10.35100000000043	-1.694487871191905e-08
     10.35133333333376	-1.694487871191905e-08
      10.3516666666671	-1.694487871191905e-08
     10.35200000000043	-1.694487871191905e-08
     10.35233333333376	-1.694487871191905e-08
      10.3526666666671	-1.694487871191905e-08
     10.35300000000043	-1.694487871191905e-08
     10.35333333333377	-1.694487871191905e-08
      10.3536666666671	-1.694487871191905e-08
     10.35400000000043	-1.694487871191905e-08
     10.35433333333377	-1.694487871191905e-08
      10.3546666666671	-1.694487871191905e-08
     10.35500000000043	-1.694487871191905e-08
     10.35533333333377	-1.694487871191905e-08
      10.3556666666671	-1.694487871191905e-08
     10.35600000000044	-1.694487871191905e-08
     10.35633333333377	-1.694487871191905e-08
      10.3566666666671	-1.694487871191905e-08
     10.35700000000044	-1.694487871191905e-08
     10.35733333333377	-1.694487871191905e-08
      10.3576666666671	-1.694487871191905e-08
     10.35800000000044	-1.694487871191905e-08
     10.35833333333377	-1.694487871191905e-08
     10.35866666666711	-1.694487871191905e-08
     10.35900000000044	-1.694487871191905e-08
     10.35933333333377	-1.694487871191905e-08
     10.35966666666711	-1.694487871191905e-08
     10.36000000000044	-1.694487871191905e-08
     10.36033333333377	-1.694487871191905e-08
     10.36066666666711	-1.694487871191905e-08
     10.36100000000044	-1.694487871191905e-08
     10.36133333333377	-1.694487871191905e-08
     10.36166666666711	-1.694487871191905e-08
     10.36200000000044	-1.694487871191905e-08
     10.36233333333378	-1.694487871191905e-08
     10.36266666666711	-1.694487871191905e-08
     10.36300000000044	-1.694487871191905e-08
     10.36333333333378	-1.694487871191905e-08
     10.36366666666711	-1.694487871191905e-08
     10.36400000000044	-1.694487871191905e-08
     10.36433333333378	-1.694487871191905e-08

     11.00033333333333	-1.52128379102351e-08
     11.00066666666667	-1.52128379102351e-08
                11.001	-1.52128379102351e-08
     11.00133333333333	-1.52128379102351e-08
     11.00166666666667	-1.52128379102351e-08
                11.002	-1.52128379102351e-08
     11.00233333333334	-1.52128379102351e-08
     11.00266666666667	-1.52128379102351e-08
                11.003	-1.52128379102351e-08
     11.00333333333334	-1.52128379102351e-08
     11.00366666666667	-1.52128379102351e-08
                11.004	-1.52128379102351e-08
     11.00433333333334	-1.52128379102351e-08
     11.00466666666667	-1.52128379102351e-08
     11.00500000000001	-1.52128379102351e-08
     11.00533333333334	-1.52128379102351e-08
     11.00566666666667	-1.52128379102351e-08
     11.00600000000001	-1.52128379102351e-08
     11.00633333333334	-1.52128379102351e-08
     11.00666666666667	-1.52128379102351e-08
     11.00700000000001	-1.52128379102351e-08
     11.00733333333334	-1.52128379102351e-08
     11.00766666666668	-1.52128379102351e-08
     11.00800000000001	-1.52128379102351e-08
     11.00833333333334	-1.52128379102351e-08
     11.00866666666668	-1.52128379102351e-08
     11.00900000000001	-1.52128379102351e-08
     11.00933333333334	-1.52128379102351e-08
     11.00966666666668	-1.52128379102351e-08
     11.01000000000001	-1.52128379102351e-08
     11.01033333333335	-1.52128379102351e-08
     11.01066666666668	-1.52128379102351e-08
     11.01100000000001	-1.52128379102351e-08
     11.01133333333335	-1.52128379102351e-08
     11.01166666666668	-1.52128379102351e-08
     11.01200000000001	-1.52128379102351e-08
     11.01233333333335	-1.52128379102351e-08
     11.01266666666668	-1.52128379102351e-08
     11.01300000000002	-1.52128379102351e-08
     11.01333333333335	-1.52128379102351e-08
     11.01366666666668	-1.52128379102351e-08
     11.01400000000002	-1.52128379102351e-08
     11.01433333333335	-1.52128379102351e-08
     11.01466666666668	-1.52128379102351e-08
     11.01500000000002	-1.52128379102351e-08
     11.01533333333335	-1.52128379102351e-08
     11.01566666666669	-1.52128379102351e-08
     11.01600000000002	-1.52128379102351e-08
     11.01633333333335	-1.52128379102351e-08
     11.01666666666669	-1.52128379102351e-08
     11.01700000000002	-1.52128379102351e-08
     11.01733333333335	-1.52128379102351e-08
     11.01766666666669	-1.52128379102351e-08
     11.01800000000002	-1.52128379102351e-08
     11.01833333333336	-1.52128379102351e-08
     11.01866666666669	-1.52128379102351e-08
     11.01900000000002	-1.52128379102351e-08
     11.01933333333336	-1.52128379102351e-08
     11.01966666666669	-1.52128379102351e-08
     11.02000000000002	-1.52128379102351e-08
     11.02033333333336	-1.52128379102351e-08
     11.02066666666669	-1.52128379102351e-08
     11.02100000000003	-1.52128379102351e-08
     11.02133333333336	-1.52128379102351e-08
     11.02166666666669	-1.52128379102351e-08
     11.02200000000003	-1.52128379102351e-08
     11.02233333333336	-1.52128379102351e-08
     11.02266666666669	-1.52128379102351e-08
     11.02300000000003	-1.52128379102351e-08
     11.02333333333336	-1.52128379102351e-08
      11.0236666666667	-1.52128379102351e-08
     11.02400000000003	-1.52128379102351e-08
     11.02433333333336	-1.52128379102351e-08
      11.0246666666667	-1.52128379102351e-08
     11.02500000000003	-1.52128379102351e-08
     11.02533333333336	-1.52128379102351e-08
      11.0256666666667	-1.52128379102351e-08
     11.02600000000003	-1.52128379102351e-08
     11.02633333333337	-1.52128379102351e-08
      11.0266666666667	-1.52128379102351e-08
     11.02700000000003	-1.52128379102351e-08
     11.02733333333337	-1.52128379102351e-08
      11.0276666666667	-1.52128379102351e-08
     11.02800000000003	-1.52128379102351e-08
     11.02833333333337	-1.52128379102351e-08
      11.0286666666667	-1.52128379102351e-08
     11.02900000000004	-1.52128379102351e-08
     11.02933333333337	-1.52128379102351e-08
      11.0296666666667	-1.52128379102351e-08
     11.03000000000004	-1.52128379102351e-08
     11.03033333333337	-1.52128379102351e-08
      11.0306666666667	-1.52128379102351e-08
     11.03100000000004	-1.52128379102351e-08
     11.03133333333337	-1.52128379102351e-08
     11.03166666666671	-1.52128379102351e-08
     11.03200000000004	-1.52128379102351e-08
     11.03233333333337	-1.52128379102351e-08
     11.03266666666671	-1.52128379102351e-08
     11.03300000000004	-1.52128379102351e-08
     11.03333333333337	-1.52128379102351e-08
     11.03366666666671	-1.52128379102351e-08
     11.03400000000004	-1.52128379102351e-08
     11.03433333333338	-1.52128379102351e-08
     11.03466666666671	-1.52128379102351e-08
     11.03500000000004	-1.52128379102351e-08
     11.03533333333338	-1.52128379102351e-08
     11.03566666666671	-1.52128379102351e-08
     11.03600000000004	-1.52128379102351e-08
     11.03633333333338	-1.52128379102351e-08
     11.03666666666671	-1.52128379102351e-08
     11.03700000000005	-1.52128379102351e-08
     11.03733333333338	-1.52128379102351e-08
     11.03766666666671	-1.52128379102351e-08
     11.03800000000005	-1.52128379102351e-08
     11.03833333333338	-1.52128379102351e-08
     11.03866666666671	-1.52128379102351e-08
     11.03900000000005	-1.52128379102351e-08
     11.03933333333338	-1.52128379102351e-08
     11.03966666666672	-1.52128379102351e-08
     11.04000000000005	-1.52128379102351e-08
     11.04033333333338	-1.52128379102351e-08
     11.04066666666672	-1.52128379102351e-08
     11.04100000000005	-1.52128379102351e-08
     11.04133333333338	-1.52128379102351e-08
     11.04166666666672	-1.52128379102351e-08
     11.04200000000005	-1.52128379102351e-08
     11.04233333333339	-1.52128379102351e-08
     11.04266666666672	-1.52128379102351e-08
     11.04300000000005	-1.52128379102351e-08
     11.04333333333339	-1.52128379102351e-08
     11.04366666666672	-1.52128379102351e-08
     11.04400000000005	-1.52128379102351e-08
     11.04433333333339	-1.52128379102351e-08
     11.04466666666672	-1.52128379102351e-08
     11.04500000000005	-1.52128379102351e-08
     11.04533333333339	-1.52128379102351e-08
     11.04566666666672	-1.52128379102351e-08
     11.04600000000006	-1.52128379102351e-08
     11.04633333333339	-1.52128379102351e-08
     11.04666666666672	-1.52128379102351e-08
     11.04700000000006	-1.52128379102351e-08
     11.04733333333339	-1.52128379102351e-08
     11.04766666666672	-1.52128379102351e-08
     11.04800000000006	-1.52128379102351e-08
     11.04833333333339	-1.52128379102351e-08
     11.04866666666673	-1.52128379102351e-08
     11.04900000000006	-1.52128379102351e-08
     11.04933333333339	-1.52128379102351e-08
     11.04966666666673	-1.52128379102351e-08
     11.05000000000006	-1.52128379102351e-08
     11.05033333333339	-1.52128379102351e-08
     11.05066666666673	-1.52128379102351e-08
     11.05100000000006	-1.52128379102351e-08
      11.0513333333334	-1.52128379102351e-08
     11.05166666666673	-1.52128379102351e-08
     11.05200000000006	-1.52128379102351e-08
      11.0523333333334	-1.52128379102351e-08
     11.05266666666673	-1.52128379102351e-08
     11.05300000000006	-1.52128379102351e-08
      11.0533333333334	-1.52128379102351e-08
     11.05366666666673	-1.52128379102351e-08
     11.05400000000007	-1.52128379102351e-08
      11.0543333333334	-1.52128379102351e-08
     11.05466666666673	-1.52128379102351e-08
     11.05500000000007	-1.52128379102351e-08
      11.0553333333334	-1.52128379102351e-08
     11.05566666666673	-1.52128379102351e-08
     11.05600000000007	-1.52128379102351e-08
      11.0563333333334	-1.52128379102351e-08
     11.05666666666674	-1.52128379102351e-08
     11.05700000000007	-1.52128379102351e-08
      11.0573333333334	-1.52128379102351e-08
     11.05766666666674	-1.52128379102351e-08
     11.05800000000007	-1.52128379102351e-08
      11.0583333333334	-1.52128379102351e-08
     11.05866666666674	-1.52128379102351e-08
     11.05900000000007	-1.52128379102351e-08
     11.05933333333341	-1.52128379102351e-08
     11.05966666666674	-1.52128379102351e-08
     11.06000000000007	-1.52128379102351e-08
     11.06033333333341	-1.52128379102351e-08
     11.06066666666674	-1.52128379102351e-08
     11.06100000000007	-1.52128379102351e-08
     11.06133333333341	-1.52128379102351e-08
     11.06166666666674	-1.52128379102351e-08
     11.06200000000008	-1.52128379102351e-08
     11.06233333333341	-1.52128379102351e-08
     11.06266666666674	-1.52128379102351e-08
     11.06300000000008	-1.52128379102351e-08
     11.06333333333341	-1.52128379102351e-08
     11.06366666666674	-1.52128379102351e-08
     11.06400000000008	-1.52128379102351e-08
     11.06433333333341	-1.52128379102351e-08
     11.06466666666675	-1.52128379102351e-08
     11.06500000000008	-1.52128379102351e-08
     11.06533333333341	-1.52128379102351e-08
     11.06566666666675	-1.52128379102351e-08
     11.06600000000008	-1.52128379102351e-08
     11.06633333333341	-1.52128379102351e-08
     11.06666666666675	-1.52128379102351e-08
     11.06700000000008	-1.52128379102351e-08
     11.06733333333342	-1.52128379102351e-08
     11.06766666666675	-1.52128379102351e-08
     11.06800000000008	-1.52128379102351e-08
     11.06833333333342	-1.52128379102351e-08
     11.06866666666675	-1.52128379102351e-08
     11.06900000000008	-1.52128379102351e-08
     11.06933333333342	-1.52128379102351e-08
     11.06966666666675	-1.52128379102351e-08
     11.07000000000009	-1.52128379102351e-08
     11.07033333333342	-1.52128379102351e-08
     11.07066666666675	-1.52128379102351e-08
     11.07100000000009	-1.52128379102351e-08
     11.07133333333342	-1.52128379102351e-08
     11.07166666666675	-1.52128379102351e-08
     11.07200000000009	-1.52128379102351e-08
     11.07233333333342	-1.52128379102351e-08
     11.07266666666676	-1.52128379102351e-08
     11.07300000000009	-1.52128379102351e-08
     11.07333333333342	-1.52128379102351e-08
     11.07366666666676	-1.52128379102351e-08
     11.07400000000009	-1.52128379102351e-08
     11.07433333333342	-1.52128379102351e-08
     11.07466666666676	-1.52128379102351e-08
     11.07500000000009	-1.52128379102351e-08
     11.07533333333343	-1.52128379102351e-08
     11.07566666666676	-1.52128379102351e-08
     11.07600000000009	-1.52128379102351e-08
     11.07633333333343	-1.52128379102351e-08
     11.07666666666676	-1.52128379102351e-08
     11.07700000000009	-1.52128379102351e-08
     11.07733333333343	-1.52128379102351e-08
     11.07766666666676	-1.52128379102351e-08
      11.0780000000001	-1.52128379102351e-08
     11.07833333333343	-1.52128379102351e-08
     11.07866666666676	-1.52128379102351e-08
      11.0790000000001	-1.52128379102351e-08
     11.07933333333343	-1.52128379102351e-08
     11.07966666666676	-1.52128379102351e-08
      11.0800000000001	-1.52128379102351e-08
     11.08033333333343	-1.52128379102351e-08
     11.08066666666677	-1.52128379102351e-08
      11.0810000000001	-1.52128379102351e-08
     11.08133333333343	-1.52128379102351e-08
     11.08166666666677	-1.52128379102351e-08
      11.0820000000001	-1.52128379102351e-08
     11.08233333333343	-1.52128379102351e-08
     11.08266666666677	-1.52128379102351e-08
      11.0830000000001	-1.52128379102351e-08
     11.08333333333344	-1.52128379102351e-08
     11.08366666666677	-1.52128379102351e-08
      11.0840000000001	-1.52128379102351e-08
     11.08433333333344	-1.52128379102351e-08
     11.08466666666677	-1.52128379102351e-08
      11.0850000000001	-1.52128379102351e-08
     11.08533333333344	-1.52128379102351e-08
     11.08566666666677	-1.52128379102351e-08
     11.08600000000011	-1.52128379102351e-08
     11.08633333333344	-1.52128379102351e-08
     11.08666666666677	-1.52128379102351e-08
     11.08700000000011	-1.52128379102351e-08
     11.08733333333344	-1.52128379102351e-08
     11.08766666666677	-1.52128379102351e-08
     11.08800000000011	-1.52128379102351e-08
     11.08833333333344	-1.52128379102351e-08
     11.08866666666678	-1.52128379102351e-08
     11.08900000000011	-1.52128379102351e-08
     11.08933333333344	-1.52128379102351e-08
     11.08966666666678	-1.52128379102351e-08
     11.09000000000011	-1.52128379102351e-08
     11.09033333333344	-1.52128379102351e-08
     11.09066666666678	-1.52128379102351e-08
     11.09100000000011	-1.52128379102351e-08
     11.09133333333344	-1.52128379102351e-08
     11.09166666666678	-1.52128379102351e-08
     11.09200000000011	-1.52128379102351e-08
     11.09233333333345	-1.52128379102351e-08
     11.09266666666678	-1.52128379102351e-08
     11.09300000000011	-1.52128379102351e-08
     11.09333333333345	-1.52128379102351e-08
     11.09366666666678	-1.52128379102351e-08
     11.09400000000011	-1.52128379102351e-08
     11.09433333333345	-1.52128379102351e-08
     11.09466666666678	-1.52128379102351e-08
     11.09500000000012	-1.52128379102351e-08
     11.09533333333345	-1.52128379102351e-08
     11.09566666666678	-1.52128379102351e-08
     11.09600000000012	-1.52128379102351e-08
     11.09633333333345	-1.52128379102351e-08
     11.09666666666678	-1.52128379102351e-08
     11.09700000000012	-1.52128379102351e-08
     11.09733333333345	-1.52128379102351e-08
     11.09766666666679	-1.52128379102351e-08
     11.09800000000012	-1.52128379102351e-08
     11.09833333333345	-1.52128379102351e-08
     11.09866666666679	-1.52128379102351e-08
     11.09900000000012	-1.52128379102351e-08
     11.09933333333345	-1.52128379102351e-08
     11.09966666666679	-1.52128379102351e-08
     11.10000000000012	-1.52128379102351e-08
     11.10033333333346	-1.52128379102351e-08
     11.10066666666679	-1.52128379102351e-08
     11.10100000000012	-1.52128379102351e-08
     11.10133333333346	-1.52128379102351e-08
     11.10166666666679	-1.52128379102351e-08
     11.10200000000012	-1.52128379102351e-08
     11.10233333333346	-1.52128379102351e-08
     11.10266666666679	-1.52128379102351e-08
     11.10300000000013	-1.52128379102351e-08
     11.10333333333346	-1.52128379102351e-08
     11.10366666666679	-1.52128379102351e-08
     11.10400000000013	-1.52128379102351e-08
     11.10433333333346	-1.52128379102351e-08
     11.10466666666679	-1.52128379102351e-08
     11.10500000000013	-1.52128379102351e-08
     11.10533333333346	-1.52128379102351e-08
      11.1056666666668	-1.52128379102351e-08
     11.10600000000013	-1.52128379102351e-08
     11.10633333333346	-1.52128379102351e-08
      11.1066666666668	-1.52128379102351e-08
     11.10700000000013	-1.52128379102351e-08
     11.10733333333346	-1.52128379102351e-08
      11.1076666666668	-1.52128379102351e-08
     11.10800000000013	-1.52128379102351e-08
     11.10833333333347	-1.52128379102351e-08
      11.1086666666668	-1.52128379102351e-08
     11.10900000000013	-1.52128379102351e-08
     11.10933333333347	-1.52128379102351e-08
      11.1096666666668	-1.52128379102351e-08
     11.11000000000013	-1.52128379102351e-08
     11.11033333333347	-1.52128379102351e-08
      11.1106666666668	-1.52128379102351e-08
     11.11100000000014	-1.52128379102351e-08
     11.11133333333347	-1.52128379102351e-08
      11.1116666666668	-1.52128379102351e-08
     11.11200000000014	-1.52128379102351e-08
     11.11233333333347	-1.52128379102351e-08
      11.1126666666668	-1.52128379102351e-08
     11.11300000000014	-1.52128379102351e-08
     11.11333333333347	-1.52128379102351e-08
     11.11366666666681	-1.52128379102351e-08
     11.11400000000014	-1.52128379102351e-08
     11.11433333333347	-1.52128379102351e-08
     11.11466666666681	-1.52128379102351e-08
     11.11500000000014	-1.52128379102351e-08
     11.11533333333347	-1.52128379102351e-08
     11.11566666666681	-1.52128379102351e-08
     11.11600000000014	-1.52128379102351e-08
     11.11633333333348	-1.52128379102351e-08
     11.11666666666681	-1.52128379102351e-08
     11.11700000000014	-1.52128379102351e-08
     11.11733333333348	-1.52128379102351e-08
     11.11766666666681	-1.52128379102351e-08
     11.11800000000014	-1.52128379102351e-08
     11.11833333333348	-1.52128379102351e-08
     11.11866666666681	-1.52128379102351e-08
     11.11900000000015	-1.52128379102351e-08
     11.11933333333348	-1.52128379102351e-08
     11.11966666666681	-1.52128379102351e-08
     11.12000000000015	-1.52128379102351e-08
     11.12033333333348	-1.52128379102351e-08
     11.12066666666681	-1.52128379102351e-08
     11.12100000000015	-1.52128379102351e-08
     11.12133333333348	-1.52128379102351e-08
     11.12166666666682	-1.52128379102351e-08
     11.12200000000015	-1.52128379102351e-08
     11.12233333333348	-1.52128379102351e-08
     11.12266666666682	-1.52128379102351e-08
     11.12300000000015	-1.52128379102351e-08
     11.12333333333348	-1.52128379102351e-08
     11.12366666666682	-1.52128379102351e-08
     11.12400000000015	-1.52128379102351e-08
     11.12433333333349	-1.52128379102351e-08
     11.12466666666682	-1.52128379102351e-08
     11.12500000000015	-1.52128379102351e-08
     11.12533333333349	-1.52128379102351e-08
     11.12566666666682	-1.52128379102351e-08
     11.12600000000015	-1.52128379102351e-08
     11.12633333333349	-1.52128379102351e-08
     11.12666666666682	-1.52128379102351e-08
     11.12700000000016	-1.52128379102351e-08
     11.12733333333349	-1.52128379102351e-08
     11.12766666666682	-1.52128379102351e-08
     11.12800000000016	-1.52128379102351e-08
     11.12833333333349	-1.52128379102351e-08
     11.12866666666682	-1.52128379102351e-08
     11.12900000000016	-1.52128379102351e-08
     11.12933333333349	-1.52128379102351e-08
     11.12966666666683	-1.52128379102351e-08
     11.13000000000016	-1.52128379102351e-08
     11.13033333333349	-1.52128379102351e-08
     11.13066666666683	-1.52128379102351e-08
     11.13100000000016	-1.52128379102351e-08
     11.13133333333349	-1.52128379102351e-08
     11.13166666666683	-1.52128379102351e-08
     11.13200000000016	-1.52128379102351e-08
      11.1323333333335	-1.52128379102351e-08
     11.13266666666683	-1.52128379102351e-08
     11.13300000000016	-1.52128379102351e-08
      11.1333333333335	-1.52128379102351e-08
     11.13366666666683	-1.52128379102351e-08
     11.13400000000016	-1.52128379102351e-08
      11.1343333333335	-1.52128379102351e-08
     11.13466666666683	-1.52128379102351e-08
     11.13500000000016	-1.52128379102351e-08
      11.1353333333335	-1.52128379102351e-08
     11.13566666666683	-1.52128379102351e-08
     11.13600000000017	-1.52128379102351e-08
      11.1363333333335	-1.52128379102351e-08
     11.13666666666683	-1.52128379102351e-08
     11.13700000000017	-1.52128379102351e-08
      11.1373333333335	-1.52128379102351e-08
     11.13766666666683	-1.52128379102351e-08
     11.13800000000017	-1.52128379102351e-08
      11.1383333333335	-1.52128379102351e-08
     11.13866666666684	-1.52128379102351e-08
     11.13900000000017	-1.52128379102351e-08
      11.1393333333335	-1.52128379102351e-08
     11.13966666666684	-1.52128379102351e-08
     11.14000000000017	-1.52128379102351e-08
      11.1403333333335	-1.52128379102351e-08
     11.14066666666684	-1.52128379102351e-08
     11.14100000000017	-1.52128379102351e-08
     11.14133333333351	-1.52128379102351e-08
     11.14166666666684	-1.52128379102351e-08
     11.14200000000017	-1.52128379102351e-08
     11.14233333333351	-1.52128379102351e-08
     11.14266666666684	-1.52128379102351e-08
     11.14300000000017	-1.52128379102351e-08
     11.14333333333351	-1.52128379102351e-08
     11.14366666666684	-1.52128379102351e-08
     11.14400000000018	-1.52128379102351e-08
     11.14433333333351	-1.52128379102351e-08
     11.14466666666684	-1.52128379102351e-08
     11.14500000000018	-1.52128379102351e-08
     11.14533333333351	-1.52128379102351e-08
     11.14566666666684	-1.52128379102351e-08
     11.14600000000018	-1.52128379102351e-08
     11.14633333333351	-1.52128379102351e-08
     11.14666666666685	-1.52128379102351e-08
     11.14700000000018	-1.52128379102351e-08
     11.14733333333351	-1.52128379102351e-08
     11.14766666666685	-1.52128379102351e-08
     11.14800000000018	-1.52128379102351e-08
     11.14833333333351	-1.52128379102351e-08
     11.14866666666685	-1.52128379102351e-08
     11.14900000000018	-1.52128379102351e-08
     11.14933333333352	-1.52128379102351e-08
     11.14966666666685	-1.52128379102351e-08
     11.15000000000018	-1.52128379102351e-08
     11.15033333333352	-1.52128379102351e-08
     11.15066666666685	-1.52128379102351e-08
     11.15100000000018	-1.52128379102351e-08
     11.15133333333352	-1.52128379102351e-08
     11.15166666666685	-1.52128379102351e-08
     11.15200000000019	-1.52128379102351e-08
     11.15233333333352	-1.52128379102351e-08
     11.15266666666685	-1.52128379102351e-08
     11.15300000000019	-1.52128379102351e-08
     11.15333333333352	-1.52128379102351e-08
     11.15366666666685	-1.52128379102351e-08
     11.15400000000019	-1.52128379102351e-08
     11.15433333333352	-1.52128379102351e-08
     11.15466666666686	-1.52128379102351e-08
     11.15500000000019	-1.52128379102351e-08
     11.15533333333352	-1.52128379102351e-08
     11.15566666666686	-1.52128379102351e-08
     11.15600000000019	-1.52128379102351e-08
     11.15633333333352	-1.52128379102351e-08
     11.15666666666686	-1.52128379102351e-08
     11.15700000000019	-1.52128379102351e-08
     11.15733333333353	-1.52128379102351e-08
     11.15766666666686	-1.52128379102351e-08
     11.15800000000019	-1.52128379102351e-08
     11.15833333333353	-1.52128379102351e-08
     11.15866666666686	-1.52128379102351e-08
     11.15900000000019	-1.52128379102351e-08
     11.15933333333353	-1.52128379102351e-08
     11.15966666666686	-1.52128379102351e-08
      11.1600000000002	-1.52128379102351e-08
     11.16033333333353	-1.52128379102351e-08
     11.16066666666686	-1.52128379102351e-08
      11.1610000000002	-1.52128379102351e-08
     11.16133333333353	-1.52128379102351e-08
     11.16166666666686	-1.52128379102351e-08
      11.1620000000002	-1.52128379102351e-08
     11.16233333333353	-1.52128379102351e-08
     11.16266666666687	-1.52128379102351e-08
      11.1630000000002	-1.52128379102351e-08
     11.16333333333353	-1.52128379102351e-08
     11.16366666666687	-1.52128379102351e-08
      11.1640000000002	-1.52128379102351e-08
     11.16433333333353	-1.52128379102351e-08
     11.16466666666687	-1.52128379102351e-08
      11.1650000000002	-1.52128379102351e-08
     11.16533333333354	-1.52128379102351e-08
     11.16566666666687	-1.52128379102351e-08
      11.1660000000002	-1.52128379102351e-08
     11.16633333333354	-1.52128379102351e-08
     11.16666666666687	-1.52128379102351e-08
      11.1670000000002	-1.52128379102351e-08
     11.16733333333354	-1.52128379102351e-08
     11.16766666666687	-1.52128379102351e-08
     11.16800000000021	-1.52128379102351e-08
     11.16833333333354	-1.52128379102351e-08
     11.16866666666687	-1.52128379102351e-08
     11.16900000000021	-1.52128379102351e-08
     11.16933333333354	-1.52128379102351e-08
     11.16966666666687	-1.52128379102351e-08
     11.17000000000021	-1.52128379102351e-08
     11.17033333333354	-1.52128379102351e-08
     11.17066666666688	-1.52128379102351e-08
     11.17100000000021	-1.52128379102351e-08
     11.17133333333354	-1.52128379102351e-08
     11.17166666666688	-1.52128379102351e-08
     11.17200000000021	-1.52128379102351e-08
     11.17233333333354	-1.52128379102351e-08
     11.17266666666688	-1.52128379102351e-08
     11.17300000000021	-1.52128379102351e-08
     11.17333333333355	-1.52128379102351e-08
     11.17366666666688	-1.52128379102351e-08
     11.17400000000021	-1.52128379102351e-08
     11.17433333333355	-1.52128379102351e-08
     11.17466666666688	-1.52128379102351e-08
     11.17500000000021	-1.52128379102351e-08
     11.17533333333355	-1.52128379102351e-08
     11.17566666666688	-1.52128379102351e-08
     11.17600000000022	-1.52128379102351e-08
     11.17633333333355	-1.52128379102351e-08
     11.17666666666688	-1.52128379102351e-08
     11.17700000000022	-1.52128379102351e-08
     11.17733333333355	-1.52128379102351e-08
     11.17766666666688	-1.52128379102351e-08
     11.17800000000022	-1.52128379102351e-08
     11.17833333333355	-1.52128379102351e-08
     11.17866666666689	-1.52128379102351e-08
     11.17900000000022	-1.52128379102351e-08
     11.17933333333355	-1.52128379102351e-08
     11.17966666666689	-1.52128379102351e-08
     11.18000000000022	-1.52128379102351e-08
     11.18033333333355	-1.52128379102351e-08
     11.18066666666689	-1.52128379102351e-08
     11.18100000000022	-1.52128379102351e-08
     11.18133333333355	-1.52128379102351e-08
     11.18166666666689	-1.52128379102351e-08
     11.18200000000022	-1.52128379102351e-08
     11.18233333333356	-1.52128379102351e-08
     11.18266666666689	-1.52128379102351e-08
     11.18300000000022	-1.52128379102351e-08
     11.18333333333356	-1.52128379102351e-08
     11.18366666666689	-1.52128379102351e-08
     11.18400000000022	-1.52128379102351e-08
     11.18433333333356	-1.52128379102351e-08
     11.18466666666689	-1.52128379102351e-08
     11.18500000000023	-1.52128379102351e-08
     11.18533333333356	-1.52128379102351e-08
     11.18566666666689	-1.52128379102351e-08
     11.18600000000023	-1.52128379102351e-08
     11.18633333333356	-1.52128379102351e-08
     11.18666666666689	-1.52128379102351e-08
     11.18700000000023	-1.52128379102351e-08
     11.18733333333356	-1.52128379102351e-08
      11.1876666666669	-1.52128379102351e-08
     11.18800000000023	-1.52128379102351e-08
     11.18833333333356	-1.52128379102351e-08
      11.1886666666669	-1.52128379102351e-08
     11.18900000000023	-1.52128379102351e-08
     11.18933333333356	-1.52128379102351e-08
      11.1896666666669	-1.52128379102351e-08
     11.19000000000023	-1.52128379102351e-08
     11.19033333333357	-1.52128379102351e-08
      11.1906666666669	-1.52128379102351e-08
     11.19100000000023	-1.52128379102351e-08
     11.19133333333357	-1.52128379102351e-08
      11.1916666666669	-1.52128379102351e-08
     11.19200000000023	-1.52128379102351e-08
     11.19233333333357	-1.52128379102351e-08
      11.1926666666669	-1.52128379102351e-08
     11.19300000000024	-1.52128379102351e-08
     11.19333333333357	-1.52128379102351e-08
      11.1936666666669	-1.52128379102351e-08
     11.19400000000024	-1.52128379102351e-08
     11.19433333333357	-1.52128379102351e-08
      11.1946666666669	-1.52128379102351e-08
     11.19500000000024	-1.52128379102351e-08
     11.19533333333357	-1.52128379102351e-08
     11.19566666666691	-1.52128379102351e-08
     11.19600000000024	-1.52128379102351e-08
     11.19633333333357	-1.52128379102351e-08
     11.19666666666691	-1.52128379102351e-08
     11.19700000000024	-1.52128379102351e-08
     11.19733333333357	-1.52128379102351e-08
     11.19766666666691	-1.52128379102351e-08
     11.19800000000024	-1.52128379102351e-08
     11.19833333333358	-1.52128379102351e-08
     11.19866666666691	-1.52128379102351e-08
     11.19900000000024	-1.52128379102351e-08
     11.19933333333358	-1.52128379102351e-08
     11.19966666666691	-1.52128379102351e-08
     11.20000000000024	-1.52128379102351e-08
     11.20033333333358	-1.52128379102351e-08
     11.20066666666691	-1.52128379102351e-08
     11.20100000000025	-1.52128379102351e-08
     11.20133333333358	-1.52128379102351e-08
     11.20166666666691	-1.52128379102351e-08
     11.20200000000025	-1.52128379102351e-08
     11.20233333333358	-1.52128379102351e-08
     11.20266666666691	-1.52128379102351e-08
     11.20300000000025	-1.52128379102351e-08
     11.20333333333358	-1.52128379102351e-08
     11.20366666666692	-1.52128379102351e-08
     11.20400000000025	-1.52128379102351e-08
     11.20433333333358	-1.52128379102351e-08
     11.20466666666692	-1.52128379102351e-08
     11.20500000000025	-1.52128379102351e-08
     11.20533333333358	-1.52128379102351e-08
     11.20566666666692	-1.52128379102351e-08
     11.20600000000025	-1.52128379102351e-08
     11.20633333333359	-1.52128379102351e-08
     11.20666666666692	-1.52128379102351e-08
     11.20700000000025	-1.52128379102351e-08
     11.20733333333359	-1.52128379102351e-08
     11.20766666666692	-1.52128379102351e-08
     11.20800000000025	-1.52128379102351e-08
     11.20833333333359	-1.52128379102351e-08
     11.20866666666692	-1.52128379102351e-08
     11.20900000000026	-1.52128379102351e-08
     11.20933333333359	-1.52128379102351e-08
     11.20966666666692	-1.52128379102351e-08
     11.21000000000026	-1.52128379102351e-08
     11.21033333333359	-1.52128379102351e-08
     11.21066666666692	-1.52128379102351e-08
     11.21100000000026	-1.52128379102351e-08
     11.21133333333359	-1.52128379102351e-08
     11.21166666666693	-1.52128379102351e-08
     11.21200000000026	-1.52128379102351e-08
     11.21233333333359	-1.52128379102351e-08
     11.21266666666693	-1.52128379102351e-08
     11.21300000000026	-1.52128379102351e-08
     11.21333333333359	-1.52128379102351e-08
     11.21366666666693	-1.52128379102351e-08
     11.21400000000026	-1.52128379102351e-08
      11.2143333333336	-1.52128379102351e-08
     11.21466666666693	-1.52128379102351e-08
     11.21500000000026	-1.52128379102351e-08
      11.2153333333336	-1.52128379102351e-08
     11.21566666666693	-1.52128379102351e-08
     11.21600000000026	-1.52128379102351e-08
      11.2163333333336	-1.52128379102351e-08
     11.21666666666693	-1.52128379102351e-08
     11.21700000000027	-1.52128379102351e-08
      11.2173333333336	-1.52128379102351e-08
     11.21766666666693	-1.52128379102351e-08
     11.21800000000027	-1.52128379102351e-08
      11.2183333333336	-1.52128379102351e-08
     11.21866666666693	-1.52128379102351e-08
     11.21900000000027	-1.52128379102351e-08
      11.2193333333336	-1.52128379102351e-08
     11.21966666666694	-1.52128379102351e-08
     11.22000000000027	-1.52128379102351e-08
      11.2203333333336	-1.52128379102351e-08
     11.22066666666694	-1.52128379102351e-08
     11.22100000000027	-1.52128379102351e-08
      11.2213333333336	-1.52128379102351e-08
     11.22166666666694	-1.52128379102351e-08
     11.22200000000027	-1.52128379102351e-08
     11.22233333333361	-1.52128379102351e-08
     11.22266666666694	-1.52128379102351e-08
     11.22300000000027	-1.52128379102351e-08
     11.22333333333361	-1.52128379102351e-08
     11.22366666666694	-1.52128379102351e-08
     11.22400000000027	-1.52128379102351e-08
     11.22433333333361	-1.52128379102351e-08
     11.22466666666694	-1.52128379102351e-08
     11.22500000000027	-1.52128379102351e-08
     11.22533333333361	-1.52128379102351e-08
     11.22566666666694	-1.52128379102351e-08
     11.22600000000028	-1.52128379102351e-08
     11.22633333333361	-1.52128379102351e-08
     11.22666666666694	-1.52128379102351e-08
     11.22700000000028	-1.52128379102351e-08
     11.22733333333361	-1.52128379102351e-08
     11.22766666666694	-1.52128379102351e-08
     11.22800000000028	-1.52128379102351e-08
     11.22833333333361	-1.52128379102351e-08
     11.22866666666695	-1.52128379102351e-08
     11.22900000000028	-1.52128379102351e-08
     11.22933333333361	-1.52128379102351e-08
     11.22966666666695	-1.52128379102351e-08
     11.23000000000028	-1.52128379102351e-08
     11.23033333333361	-1.52128379102351e-08
     11.23066666666695	-1.52128379102351e-08
     11.23100000000028	-1.52128379102351e-08
     11.23133333333362	-1.52128379102351e-08
     11.23166666666695	-1.52128379102351e-08
     11.23200000000028	-1.52128379102351e-08
     11.23233333333362	-1.52128379102351e-08
     11.23266666666695	-1.52128379102351e-08
     11.23300000000028	-1.52128379102351e-08
     11.23333333333362	-1.52128379102351e-08
     11.23366666666695	-1.52128379102351e-08
     11.23400000000029	-1.52128379102351e-08
     11.23433333333362	-1.52128379102351e-08
     11.23466666666695	-1.52128379102351e-08
     11.23500000000029	-1.52128379102351e-08
     11.23533333333362	-1.52128379102351e-08
     11.23566666666695	-1.52128379102351e-08
     11.23600000000029	-1.52128379102351e-08
     11.23633333333362	-1.52128379102351e-08
     11.23666666666696	-1.52128379102351e-08
     11.23700000000029	-1.52128379102351e-08
     11.23733333333362	-1.52128379102351e-08
     11.23766666666696	-1.52128379102351e-08
     11.23800000000029	-1.52128379102351e-08
     11.23833333333362	-1.52128379102351e-08
     11.23866666666696	-1.52128379102351e-08
     11.23900000000029	-1.52128379102351e-08
     11.23933333333363	-1.52128379102351e-08
     11.23966666666696	-1.52128379102351e-08
     11.24000000000029	-1.52128379102351e-08
     11.24033333333363	-1.52128379102351e-08
     11.24066666666696	-1.52128379102351e-08
     11.24100000000029	-1.52128379102351e-08
     11.24133333333363	-1.52128379102351e-08
     11.24166666666696	-1.52128379102351e-08
      11.2420000000003	-1.52128379102351e-08
     11.24233333333363	-1.52128379102351e-08
     11.24266666666696	-1.52128379102351e-08
      11.2430000000003	-1.52128379102351e-08
     11.24333333333363	-1.52128379102351e-08
     11.24366666666696	-1.52128379102351e-08
      11.2440000000003	-1.52128379102351e-08
     11.24433333333363	-1.52128379102351e-08
     11.24466666666697	-1.52128379102351e-08
      11.2450000000003	-1.52128379102351e-08
     11.24533333333363	-1.52128379102351e-08
     11.24566666666697	-1.52128379102351e-08
      11.2460000000003	-1.52128379102351e-08
     11.24633333333363	-1.52128379102351e-08
     11.24666666666697	-1.52128379102351e-08
      11.2470000000003	-1.52128379102351e-08
     11.24733333333364	-1.52128379102351e-08
     11.24766666666697	-1.52128379102351e-08
      11.2480000000003	-1.52128379102351e-08
     11.24833333333364	-1.52128379102351e-08
     11.24866666666697	-1.52128379102351e-08
      11.2490000000003	-1.52128379102351e-08
     11.24933333333364	-1.52128379102351e-08
     11.24966666666697	-1.52128379102351e-08
     11.25000000000031	-1.52128379102351e-08
     11.25033333333364	-1.52128379102351e-08
     11.25066666666697	-1.52128379102351e-08
     11.25100000000031	-1.52128379102351e-08
     11.25133333333364	-1.52128379102351e-08
     11.25166666666697	-1.52128379102351e-08
     11.25200000000031	-1.52128379102351e-08
     11.25233333333364	-1.52128379102351e-08
     11.25266666666698	-1.52128379102351e-08
     11.25300000000031	-1.52128379102351e-08
     11.25333333333364	-1.52128379102351e-08
     11.25366666666698	-1.52128379102351e-08
     11.25400000000031	-1.52128379102351e-08
     11.25433333333364	-1.52128379102351e-08
     11.25466666666698	-1.52128379102351e-08
     11.25500000000031	-1.52128379102351e-08
     11.25533333333365	-1.52128379102351e-08
     11.25566666666698	-1.52128379102351e-08
     11.25600000000031	-1.52128379102351e-08
     11.25633333333365	-1.52128379102351e-08
     11.25666666666698	-1.52128379102351e-08
     11.25700000000031	-1.52128379102351e-08
     11.25733333333365	-1.52128379102351e-08
     11.25766666666698	-1.52128379102351e-08
     11.25800000000032	-1.52128379102351e-08
     11.25833333333365	-1.52128379102351e-08
     11.25866666666698	-1.52128379102351e-08
     11.25900000000032	-1.52128379102351e-08
     11.25933333333365	-1.52128379102351e-08
     11.25966666666698	-1.52128379102351e-08
     11.26000000000032	-1.52128379102351e-08
     11.26033333333365	-1.52128379102351e-08
     11.26066666666699	-1.52128379102351e-08
     11.26100000000032	-1.52128379102351e-08
     11.26133333333365	-1.52128379102351e-08
     11.26166666666699	-1.52128379102351e-08
     11.26200000000032	-1.52128379102351e-08
     11.26233333333365	-1.52128379102351e-08
     11.26266666666699	-1.52128379102351e-08
     11.26300000000032	-1.52128379102351e-08
     11.26333333333366	-1.52128379102351e-08
     11.26366666666699	-1.52128379102351e-08
     11.26400000000032	-1.52128379102351e-08
     11.26433333333366	-1.52128379102351e-08
     11.26466666666699	-1.52128379102351e-08
     11.26500000000032	-1.52128379102351e-08
     11.26533333333366	-1.52128379102351e-08
     11.26566666666699	-1.52128379102351e-08
     11.26600000000033	-1.52128379102351e-08
     11.26633333333366	-1.52128379102351e-08
     11.26666666666699	-1.52128379102351e-08
     11.26700000000033	-1.52128379102351e-08
     11.26733333333366	-1.52128379102351e-08
     11.26766666666699	-1.52128379102351e-08
     11.26800000000033	-1.52128379102351e-08
     11.26833333333366	-1.52128379102351e-08
       11.268666666667	-1.52128379102351e-08
     11.26900000000033	-1.52128379102351e-08
     11.26933333333366	-1.52128379102351e-08
       11.269666666667	-1.52128379102351e-08
     11.27000000000033	-1.52128379102351e-08
     11.27033333333366	-1.52128379102351e-08
       11.270666666667	-1.52128379102351e-08
     11.27100000000033	-1.52128379102351e-08
     11.27133333333366	-1.52128379102351e-08
       11.271666666667	-1.52128379102351e-08
     11.27200000000033	-1.52128379102351e-08
     11.27233333333367	-1.52128379102351e-08
       11.272666666667	-1.52128379102351e-08
     11.27300000000033	-1.52128379102351e-08
     11.27333333333367	-1.52128379102351e-08
       11.273666666667	-1.52128379102351e-08
     11.27400000000033	-1.52128379102351e-08
     11.27433333333367	-1.52128379102351e-08
       11.274666666667	-1.52128379102351e-08
     11.27500000000034	-1.52128379102351e-08
     11.27533333333367	-1.52128379102351e-08
       11.275666666667	-1.52128379102351e-08
     11.27600000000034	-1.52128379102351e-08
     11.27633333333367	-1.52128379102351e-08
       11.276666666667	-1.52128379102351e-08
     11.27700000000034	-1.52128379102351e-08
     11.27733333333367	-1.52128379102351e-08
     11.27766666666701	-1.52128379102351e-08
     11.27800000000034	-1.52128379102351e-08
     11.27833333333367	-1.52128379102351e-08
     11.27866666666701	-1.52128379102351e-08
     11.27900000000034	-1.52128379102351e-08
     11.27933333333367	-1.52128379102351e-08
     11.27966666666701	-1.52128379102351e-08
     11.28000000000034	-1.52128379102351e-08
     11.28033333333368	-1.52128379102351e-08
     11.28066666666701	-1.52128379102351e-08
     11.28100000000034	-1.52128379102351e-08
     11.28133333333368	-1.52128379102351e-08
     11.28166666666701	-1.52128379102351e-08
     11.28200000000034	-1.52128379102351e-08
     11.28233333333368	-1.52128379102351e-08
     11.28266666666701	-1.52128379102351e-08
     11.28300000000035	-1.52128379102351e-08
     11.28333333333368	-1.52128379102351e-08
     11.28366666666701	-1.52128379102351e-08
     11.28400000000035	-1.52128379102351e-08
     11.28433333333368	-1.52128379102351e-08
     11.28466666666701	-1.52128379102351e-08
     11.28500000000035	-1.52128379102351e-08
     11.28533333333368	-1.52128379102351e-08
     11.28566666666702	-1.52128379102351e-08
     11.28600000000035	-1.52128379102351e-08
     11.28633333333368	-1.52128379102351e-08
     11.28666666666702	-1.52128379102351e-08
     11.28700000000035	-1.52128379102351e-08
     11.28733333333368	-1.52128379102351e-08
     11.28766666666702	-1.52128379102351e-08
     11.28800000000035	-1.52128379102351e-08
     11.28833333333369	-1.52128379102351e-08
     11.28866666666702	-1.52128379102351e-08
     11.28900000000035	-1.52128379102351e-08
     11.28933333333369	-1.52128379102351e-08
     11.28966666666702	-1.52128379102351e-08
     11.29000000000035	-1.52128379102351e-08
     11.29033333333369	-1.52128379102351e-08
     11.29066666666702	-1.52128379102351e-08
     11.29100000000036	-1.52128379102351e-08
     11.29133333333369	-1.52128379102351e-08
     11.29166666666702	-1.52128379102351e-08
     11.29200000000036	-1.52128379102351e-08
     11.29233333333369	-1.52128379102351e-08
     11.29266666666702	-1.52128379102351e-08
     11.29300000000036	-1.52128379102351e-08
     11.29333333333369	-1.52128379102351e-08
     11.29366666666703	-1.52128379102351e-08
     11.29400000000036	-1.52128379102351e-08
     11.29433333333369	-1.52128379102351e-08
     11.29466666666703	-1.52128379102351e-08
     11.29500000000036	-1.52128379102351e-08
     11.29533333333369	-1.52128379102351e-08
     11.29566666666703	-1.52128379102351e-08
     11.29600000000036	-1.52128379102351e-08
      11.2963333333337	-1.52128379102351e-08
     11.29666666666703	-1.52128379102351e-08
     11.29700000000036	-1.52128379102351e-08
      11.2973333333337	-1.52128379102351e-08
     11.29766666666703	-1.52128379102351e-08
     11.29800000000036	-1.52128379102351e-08
      11.2983333333337	-1.52128379102351e-08
     11.29866666666703	-1.52128379102351e-08
     11.29900000000037	-1.52128379102351e-08
      11.2993333333337	-1.52128379102351e-08
     11.29966666666703	-1.52128379102351e-08
     11.30000000000037	-1.52128379102351e-08
      11.3003333333337	-1.52128379102351e-08
     11.30066666666703	-1.52128379102351e-08
     11.30100000000037	-1.52128379102351e-08
      11.3013333333337	-1.52128379102351e-08
     11.30166666666704	-1.52128379102351e-08
     11.30200000000037	-1.52128379102351e-08
      11.3023333333337	-1.52128379102351e-08
     11.30266666666704	-1.52128379102351e-08
     11.30300000000037	-1.52128379102351e-08
      11.3033333333337	-1.52128379102351e-08
     11.30366666666704	-1.52128379102351e-08
     11.30400000000037	-1.52128379102351e-08
     11.30433333333371	-1.52128379102351e-08
     11.30466666666704	-1.52128379102351e-08
     11.30500000000037	-1.52128379102351e-08
     11.30533333333371	-1.52128379102351e-08
     11.30566666666704	-1.52128379102351e-08
     11.30600000000037	-1.52128379102351e-08
     11.30633333333371	-1.52128379102351e-08
     11.30666666666704	-1.52128379102351e-08
     11.30700000000038	-1.52128379102351e-08
     11.30733333333371	-1.52128379102351e-08
     11.30766666666704	-1.52128379102351e-08
     11.30800000000038	-1.52128379102351e-08
     11.30833333333371	-1.52128379102351e-08
     11.30866666666704	-1.52128379102351e-08
     11.30900000000038	-1.52128379102351e-08
     11.30933333333371	-1.52128379102351e-08
     11.30966666666705	-1.52128379102351e-08
     11.31000000000038	-1.52128379102351e-08
     11.31033333333371	-1.52128379102351e-08
     11.31066666666705	-1.52128379102351e-08
     11.31100000000038	-1.52128379102351e-08
     11.31133333333371	-1.52128379102351e-08
     11.31166666666705	-1.52128379102351e-08
     11.31200000000038	-1.52128379102351e-08
     11.31233333333372	-1.52128379102351e-08
     11.31266666666705	-1.52128379102351e-08
     11.31300000000038	-1.52128379102351e-08
     11.31333333333372	-1.52128379102351e-08
     11.31366666666705	-1.52128379102351e-08
     11.31400000000038	-1.52128379102351e-08
     11.31433333333372	-1.52128379102351e-08
     11.31466666666705	-1.52128379102351e-08
     11.31500000000038	-1.52128379102351e-08
     11.31533333333372	-1.52128379102351e-08
     11.31566666666705	-1.52128379102351e-08
     11.31600000000039	-1.52128379102351e-08
     11.31633333333372	-1.52128379102351e-08
     11.31666666666705	-1.52128379102351e-08
     11.31700000000039	-1.52128379102351e-08
     11.31733333333372	-1.52128379102351e-08
     11.31766666666705	-1.52128379102351e-08
     11.31800000000039	-1.52128379102351e-08
     11.31833333333372	-1.52128379102351e-08
     11.31866666666706	-1.52128379102351e-08
     11.31900000000039	-1.52128379102351e-08
     11.31933333333372	-1.52128379102351e-08
     11.31966666666706	-1.52128379102351e-08
     11.32000000000039	-1.52128379102351e-08
     11.32033333333372	-1.52128379102351e-08
     11.32066666666706	-1.52128379102351e-08
     11.32100000000039	-1.52128379102351e-08
     11.32133333333373	-1.52128379102351e-08
     11.32166666666706	-1.52128379102351e-08
     11.32200000000039	-1.52128379102351e-08
     11.32233333333373	-1.52128379102351e-08
     11.32266666666706	-1.52128379102351e-08
     11.32300000000039	-1.52128379102351e-08
     11.32333333333373	-1.52128379102351e-08
     11.32366666666706	-1.52128379102351e-08
      11.3240000000004	-1.52128379102351e-08
     11.32433333333373	-1.52128379102351e-08
     11.32466666666706	-1.52128379102351e-08
      11.3250000000004	-1.52128379102351e-08
     11.32533333333373	-1.52128379102351e-08
     11.32566666666706	-1.52128379102351e-08
      11.3260000000004	-1.52128379102351e-08
     11.32633333333373	-1.52128379102351e-08
     11.32666666666707	-1.52128379102351e-08
      11.3270000000004	-1.52128379102351e-08
     11.32733333333373	-1.52128379102351e-08
     11.32766666666707	-1.52128379102351e-08
      11.3280000000004	-1.52128379102351e-08
     11.32833333333373	-1.52128379102351e-08
     11.32866666666707	-1.52128379102351e-08
      11.3290000000004	-1.52128379102351e-08
     11.32933333333374	-1.52128379102351e-08
     11.32966666666707	-1.52128379102351e-08
      11.3300000000004	-1.52128379102351e-08
     11.33033333333374	-1.52128379102351e-08
     11.33066666666707	-1.52128379102351e-08
      11.3310000000004	-1.52128379102351e-08
     11.33133333333374	-1.52128379102351e-08
     11.33166666666707	-1.52128379102351e-08
     11.33200000000041	-1.52128379102351e-08
     11.33233333333374	-1.52128379102351e-08
     11.33266666666707	-1.52128379102351e-08
     11.33300000000041	-1.52128379102351e-08
     11.33333333333374	-1.52128379102351e-08
     11.33366666666707	-1.52128379102351e-08
     11.33400000000041	-1.52128379102351e-08
     11.33433333333374	-1.52128379102351e-08
     11.33466666666708	-1.52128379102351e-08
     11.33500000000041	-1.52128379102351e-08
     11.33533333333374	-1.52128379102351e-08
     11.33566666666708	-1.52128379102351e-08
     11.33600000000041	-1.52128379102351e-08
     11.33633333333374	-1.52128379102351e-08
     11.33666666666708	-1.52128379102351e-08
     11.33700000000041	-1.52128379102351e-08
     11.33733333333375	-1.52128379102351e-08
     11.33766666666708	-1.52128379102351e-08
     11.33800000000041	-1.52128379102351e-08
     11.33833333333375	-1.52128379102351e-08
     11.33866666666708	-1.52128379102351e-08
     11.33900000000041	-1.52128379102351e-08
     11.33933333333375	-1.52128379102351e-08
     11.33966666666708	-1.52128379102351e-08
     11.34000000000042	-1.52128379102351e-08
     11.34033333333375	-1.52128379102351e-08
     11.34066666666708	-1.52128379102351e-08
     11.34100000000042	-1.52128379102351e-08
     11.34133333333375	-1.52128379102351e-08
     11.34166666666708	-1.52128379102351e-08
     11.34200000000042	-1.52128379102351e-08
     11.34233333333375	-1.52128379102351e-08
     11.34266666666709	-1.52128379102351e-08
     11.34300000000042	-1.52128379102351e-08
     11.34333333333375	-1.52128379102351e-08
     11.34366666666709	-1.52128379102351e-08
     11.34400000000042	-1.52128379102351e-08
     11.34433333333375	-1.52128379102351e-08
     11.34466666666709	-1.52128379102351e-08
     11.34500000000042	-1.52128379102351e-08
     11.34533333333376	-1.52128379102351e-08
     11.34566666666709	-1.52128379102351e-08
     11.34600000000042	-1.52128379102351e-08
     11.34633333333376	-1.52128379102351e-08
     11.34666666666709	-1.52128379102351e-08
     11.34700000000042	-1.52128379102351e-08
     11.34733333333376	-1.52128379102351e-08
     11.34766666666709	-1.52128379102351e-08
     11.34800000000043	-1.52128379102351e-08

     12.00033333333333	-1.369510273620315e-08
     12.00066666666667	-1.369510273620315e-08
                12.001	-1.369510273620315e-08
     12.00133333333333	-1.369510273620315e-08
     12.00166666666667	-1.369510273620315e-08
                12.002	-1.369510273620315e-08
     12.00233333333334	-1.369510273620315e-08
     12.00266666666667	-1.369510273620315e-08
                12.003	-1.369510273620315e-08
     12.00333333333334	-1.369510273620315e-08
     12.00366666666667	-1.369510273620315e-08
                12.004	-1.369510273620315e-08
     12.00433333333334	-1.369510273620315e-08
     12.00466666666667	-1.369510273620315e-08
     12.00500000000001	-1.369510273620315e-08
     12.00533333333334	-1.369510273620315e-08
     12.00566666666667	-1.369510273620315e-08
     12.00600000000001	-1.369510273620315e-08
     12.00633333333334	-1.369510273620315e-08
     12.00666666666667	-1.369510273620315e-08
     12.00700000000001	-1.369510273620315e-08
     12.00733333333334	-1.369510273620315e-08
     12.00766666666668	-1.369510273620315e-08
     12.00800000000001	-1.369510273620315e-08
     12.00833333333334	-1.369510273620315e-08
     12.00866666666668	-1.369510273620315e-08
     12.00900000000001	-1.369510273620315e-08
     12.00933333333334	-1.369510273620315e-08
     12.00966666666668	-1.369510273620315e-08
     12.01000000000001	-1.369510273620315e-08
     12.01033333333335	-1.369510273620315e-08
     12.01066666666668	-1.369510273620315e-08
     12.01100000000001	-1.369510273620315e-08
     12.01133333333335	-1.369510273620315e-08
     12.01166666666668	-1.369510273620315e-08
     12.01200000000001	-1.369510273620315e-08
     12.01233333333335	-1.369510273620315e-08
     12.01266666666668	-1.369510273620315e-08
     12.01300000000002	-1.369510273620315e-08
     12.01333333333335	-1.369510273620315e-08
     12.01366666666668	-1.369510273620315e-08
     12.01400000000002	-1.369510273620315e-08
     12.01433333333335	-1.369510273620315e-08
     12.01466666666668	-1.369510273620315e-08
     12.01500000000002	-1.369510273620315e-08
     12.01533333333335	-1.369510273620315e-08
     12.01566666666669	-1.369510273620315e-08
     12.01600000000002	-1.369510273620315e-08
     12.01633333333335	-1.369510273620315e-08
     12.01666666666669	-1.369510273620315e-08
     12.01700000000002	-1.369510273620315e-08
     12.01733333333335	-1.369510273620315e-08
     12.01766666666669	-1.369510273620315e-08
     12.01800000000002	-1.369510273620315e-08
     12.01833333333336	-1.369510273620315e-08
     12.01866666666669	-1.369510273620315e-08
     12.01900000000002	-1.369510273620315e-08
     12.01933333333336	-1.369510273620315e-08
     12.01966666666669	-1.369510273620315e-08
     12.02000000000002	-1.369510273620315e-08
     12.02033333333336	-1.369510273620315e-08
     12.02066666666669	-1.369510273620315e-08
     12.02100000000003	-1.369510273620315e-08
     12.02133333333336	-1.369510273620315e-08
     12.02166666666669	-1.369510273620315e-08
     12.02200000000003	-1.369510273620315e-08
     12.02233333333336	-1.369510273620315e-08
     12.02266666666669	-1.369510273620315e-08
     12.02300000000003	-1.369510273620315e-08
     12.02333333333336	-1.369510273620315e-08
      12.0236666666667	-1.369510273620315e-08
     12.02400000000003	-1.369510273620315e-08
     12.02433333333336	-1.369510273620315e-08
      12.0246666666667	-1.369510273620315e-08
     12.02500000000003	-1.369510273620315e-08
     12.02533333333336	-1.369510273620315e-08
      12.0256666666667	-1.369510273620315e-08
     12.02600000000003	-1.369510273620315e-08
     12.02633333333337	-1.369510273620315e-08
      12.0266666666667	-1.369510273620315e-08
     12.02700000000003	-1.369510273620315e-08
     12.02733333333337	-1.369510273620315e-08
      12.0276666666667	-1.369510273620315e-08
     12.02800000000003	-1.369510273620315e-08
     12.02833333333337	-1.369510273620315e-08
      12.0286666666667	-1.369510273620315e-08
     12.02900000000004	-1.369510273620315e-08
     12.02933333333337	-1.369510273620315e-08
      12.0296666666667	-1.369510273620315e-08
     12.03000000000004	-1.369510273620315e-08
     12.03033333333337	-1.369510273620315e-08
      12.0306666666667	-1.369510273620315e-08
     12.03100000000004	-1.369510273620315e-08
     12.03133333333337	-1.369510273620315e-08
     12.03166666666671	-1.369510273620315e-08
     12.03200000000004	-1.369510273620315e-08
     12.03233333333337	-1.369510273620315e-08
     12.03266666666671	-1.369510273620315e-08
     12.03300000000004	-1.369510273620315e-08
     12.03333333333337	-1.369510273620315e-08
     12.03366666666671	-1.369510273620315e-08
     12.03400000000004	-1.369510273620315e-08
     12.03433333333338	-1.369510273620315e-08
     12.03466666666671	-1.369510273620315e-08
     12.03500000000004	-1.369510273620315e-08
     12.03533333333338	-1.369510273620315e-08
     12.03566666666671	-1.369510273620315e-08
     12.03600000000004	-1.369510273620315e-08
     12.03633333333338	-1.369510273620315e-08
     12.03666666666671	-1.369510273620315e-08
     12.03700000000005	-1.369510273620315e-08
     12.03733333333338	-1.369510273620315e-08
     12.03766666666671	-1.369510273620315e-08
     12.03800000000005	-1.369510273620315e-08
     12.03833333333338	-1.369510273620315e-08
     12.03866666666671	-1.369510273620315e-08
     12.03900000000005	-1.369510273620315e-08
     12.03933333333338	-1.369510273620315e-08
     12.03966666666672	-1.369510273620315e-08
     12.04000000000005	-1.369510273620315e-08
     12.04033333333338	-1.369510273620315e-08
     12.04066666666672	-1.369510273620315e-08
     12.04100000000005	-1.369510273620315e-08
     12.04133333333338	-1.369510273620315e-08
     12.04166666666672	-1.369510273620315e-08
     12.04200000000005	-1.369510273620315e-08
     12.04233333333339	-1.369510273620315e-08
     12.04266666666672	-1.369510273620315e-08
     12.04300000000005	-1.369510273620315e-08
     12.04333333333339	-1.369510273620315e-08
     12.04366666666672	-1.369510273620315e-08
     12.04400000000005	-1.369510273620315e-08
     12.04433333333339	-1.369510273620315e-08
     12.04466666666672	-1.369510273620315e-08
     12.04500000000005	-1.369510273620315e-08
     12.04533333333339	-1.369510273620315e-08
     12.04566666666672	-1.369510273620315e-08
     12.04600000000006	-1.369510273620315e-08
     12.04633333333339	-1.369510273620315e-08
     12.04666666666672	-1.369510273620315e-08
     12.04700000000006	-1.369510273620315e-08
     12.04733333333339	-1.369510273620315e-08
     12.04766666666672	-1.369510273620315e-08
     12.04800000000006	-1.369510273620315e-08
     12.04833333333339	-1.369510273620315e-08
     12.04866666666673	-1.369510273620315e-08
     12.04900000000006	-1.369510273620315e-08
     12.04933333333339	-1.369510273620315e-08
     12.04966666666673	-1.369510273620315e-08
     12.05000000000006	-1.369510273620315e-08
     12.05033333333339	-1.369510273620315e-08
     12.05066666666673	-1.369510273620315e-08
     12.05100000000006	-1.369510273620315e-08
      12.0513333333334	-1.369510273620315e-08
     12.05166666666673	-1.369510273620315e-08
     12.05200000000006	-1.369510273620315e-08
      12.0523333333334	-1.369510273620315e-08
     12.05266666666673	-1.369510273620315e-08
     12.05300000000006	-1.369510273620315e-08
      12.0533333333334	-1.369510273620315e-08
     12.05366666666673	-1.369510273620315e-08
     12.05400000000007	-1.369510273620315e-08
      12.0543333333334	-1.369510273620315e-08
     12.05466666666673	-1.369510273620315e-08
     12.05500000000007	-1.369510273620315e-08
      12.0553333333334	-1.369510273620315e-08
     12.05566666666673	-1.369510273620315e-08
     12.05600000000007	-1.369510273620315e-08
      12.0563333333334	-1.369510273620315e-08
     12.05666666666674	-1.369510273620315e-08
     12.05700000000007	-1.369510273620315e-08
      12.0573333333334	-1.369510273620315e-08
     12.05766666666674	-1.369510273620315e-08
     12.05800000000007	-1.369510273620315e-08
      12.0583333333334	-1.369510273620315e-08
     12.05866666666674	-1.369510273620315e-08
     12.05900000000007	-1.369510273620315e-08
     12.05933333333341	-1.369510273620315e-08
     12.05966666666674	-1.369510273620315e-08
     12.06000000000007	-1.369510273620315e-08
     12.06033333333341	-1.369510273620315e-08
     12.06066666666674	-1.369510273620315e-08
     12.06100000000007	-1.369510273620315e-08
     12.06133333333341	-1.369510273620315e-08
     12.06166666666674	-1.369510273620315e-08
     12.06200000000008	-1.369510273620315e-08
     12.06233333333341	-1.369510273620315e-08
     12.06266666666674	-1.369510273620315e-08
     12.06300000000008	-1.369510273620315e-08
     12.06333333333341	-1.369510273620315e-08
     12.06366666666674	-1.369510273620315e-08
     12.06400000000008	-1.369510273620315e-08
     12.06433333333341	-1.369510273620315e-08
     12.06466666666675	-1.369510273620315e-08
     12.06500000000008	-1.369510273620315e-08
     12.06533333333341	-1.369510273620315e-08
     12.06566666666675	-1.369510273620315e-08
     12.06600000000008	-1.369510273620315e-08
     12.06633333333341	-1.369510273620315e-08
     12.06666666666675	-1.369510273620315e-08
     12.06700000000008	-1.369510273620315e-08
     12.06733333333342	-1.369510273620315e-08
     12.06766666666675	-1.369510273620315e-08
     12.06800000000008	-1.369510273620315e-08
     12.06833333333342	-1.369510273620315e-08
     12.06866666666675	-1.369510273620315e-08
     12.06900000000008	-1.369510273620315e-08
     12.06933333333342	-1.369510273620315e-08
     12.06966666666675	-1.369510273620315e-08
     12.07000000000009	-1.369510273620315e-08
     12.07033333333342	-1.369510273620315e-08
     12.07066666666675	-1.369510273620315e-08
     12.07100000000009	-1.369510273620315e-08
     12.07133333333342	-1.369510273620315e-08
     12.07166666666675	-1.369510273620315e-08
     12.07200000000009	-1.369510273620315e-08
     12.07233333333342	-1.369510273620315e-08
     12.07266666666676	-1.369510273620315e-08
     12.07300000000009	-1.369510273620315e-08
     12.07333333333342	-1.369510273620315e-08
     12.07366666666676	-1.369510273620315e-08
     12.07400000000009	-1.369510273620315e-08
     12.07433333333342	-1.369510273620315e-08
     12.07466666666676	-1.369510273620315e-08
     12.07500000000009	-1.369510273620315e-08
     12.07533333333343	-1.369510273620315e-08
     12.07566666666676	-1.369510273620315e-08
     12.07600000000009	-1.369510273620315e-08
     12.07633333333343	-1.369510273620315e-08
     12.07666666666676	-1.369510273620315e-08
     12.07700000000009	-1.369510273620315e-08
     12.07733333333343	-1.369510273620315e-08
     12.07766666666676	-1.369510273620315e-08
      12.0780000000001	-1.369510273620315e-08
     12.07833333333343	-1.369510273620315e-08
     12.07866666666676	-1.369510273620315e-08
      12.0790000000001	-1.369510273620315e-08
     12.07933333333343	-1.369510273620315e-08
     12.07966666666676	-1.369510273620315e-08
      12.0800000000001	-1.369510273620315e-08
     12.08033333333343	-1.369510273620315e-08
     12.08066666666677	-1.369510273620315e-08
      12.0810000000001	-1.369510273620315e-08
     12.08133333333343	-1.369510273620315e-08
     12.08166666666677	-1.369510273620315e-08
      12.0820000000001	-1.369510273620315e-08
     12.08233333333343	-1.369510273620315e-08
     12.08266666666677	-1.369510273620315e-08
      12.0830000000001	-1.369510273620315e-08
     12.08333333333344	-1.369510273620315e-08
     12.08366666666677	-1.369510273620315e-08
      12.0840000000001	-1.369510273620315e-08
     12.08433333333344	-1.369510273620315e-08
     12.08466666666677	-1.369510273620315e-08
      12.0850000000001	-1.369510273620315e-08
     12.08533333333344	-1.369510273620315e-08
     12.08566666666677	-1.369510273620315e-08
     12.08600000000011	-1.369510273620315e-08
     12.08633333333344	-1.369510273620315e-08
     12.08666666666677	-1.369510273620315e-08
     12.08700000000011	-1.369510273620315e-08
     12.08733333333344	-1.369510273620315e-08
     12.08766666666677	-1.369510273620315e-08
     12.08800000000011	-1.369510273620315e-08
     12.08833333333344	-1.369510273620315e-08
     12.08866666666678	-1.369510273620315e-08
     12.08900000000011	-1.369510273620315e-08
     12.08933333333344	-1.369510273620315e-08
     12.08966666666678	-1.369510273620315e-08
     12.09000000000011	-1.369510273620315e-08
     12.09033333333344	-1.369510273620315e-08
     12.09066666666678	-1.369510273620315e-08
     12.09100000000011	-1.369510273620315e-08
     12.09133333333344	-1.369510273620315e-08
     12.09166666666678	-1.369510273620315e-08
     12.09200000000011	-1.369510273620315e-08
     12.09233333333345	-1.369510273620315e-08
     12.09266666666678	-1.369510273620315e-08
     12.09300000000011	-1.369510273620315e-08
     12.09333333333345	-1.369510273620315e-08
     12.09366666666678	-1.369510273620315e-08
     12.09400000000011	-1.369510273620315e-08
     12.09433333333345	-1.369510273620315e-08
     12.09466666666678	-1.369510273620315e-08
     12.09500000000012	-1.369510273620315e-08
     12.09533333333345	-1.369510273620315e-08
     12.09566666666678	-1.369510273620315e-08
     12.09600000000012	-1.369510273620315e-08
     12.09633333333345	-1.369510273620315e-08
     12.09666666666678	-1.369510273620315e-08
     12.09700000000012	-1.369510273620315e-08
     12.09733333333345	-1.369510273620315e-08
     12.09766666666679	-1.369510273620315e-08
     12.09800000000012	-1.369510273620315e-08
     12.09833333333345	-1.369510273620315e-08
     12.09866666666679	-1.369510273620315e-08
     12.09900000000012	-1.369510273620315e-08
     12.09933333333345	-1.369510273620315e-08
     12.09966666666679	-1.369510273620315e-08
     12.10000000000012	-1.369510273620315e-08
     12.10033333333346	-1.369510273620315e-08
     12.10066666666679	-1.369510273620315e-08
     12.10100000000012	-1.369510273620315e-08
     12.10133333333346	-1.369510273620315e-08
     12.10166666666679	-1.369510273620315e-08
     12.10200000000012	-1.369510273620315e-08
     12.10233333333346	-1.369510273620315e-08
     12.10266666666679	-1.369510273620315e-08
     12.10300000000013	-1.369510273620315e-08
     12.10333333333346	-1.369510273620315e-08
     12.10366666666679	-1.369510273620315e-08
     12.10400000000013	-1.369510273620315e-08
     12.10433333333346	-1.369510273620315e-08
     12.10466666666679	-1.369510273620315e-08
     12.10500000000013	-1.369510273620315e-08
     12.10533333333346	-1.369510273620315e-08
      12.1056666666668	-1.369510273620315e-08
     12.10600000000013	-1.369510273620315e-08
     12.10633333333346	-1.369510273620315e-08
      12.1066666666668	-1.369510273620315e-08
     12.10700000000013	-1.369510273620315e-08
     12.10733333333346	-1.369510273620315e-08
      12.1076666666668	-1.369510273620315e-08
     12.10800000000013	-1.369510273620315e-08
     12.10833333333347	-1.369510273620315e-08
      12.1086666666668	-1.369510273620315e-08
     12.10900000000013	-1.369510273620315e-08
     12.10933333333347	-1.369510273620315e-08
      12.1096666666668	-1.369510273620315e-08
     12.11000000000013	-1.369510273620315e-08
     12.11033333333347	-1.369510273620315e-08
      12.1106666666668	-1.369510273620315e-08
     12.11100000000014	-1.369510273620315e-08
     12.11133333333347	-1.369510273620315e-08
      12.1116666666668	-1.369510273620315e-08
     12.11200000000014	-1.369510273620315e-08
     12.11233333333347	-1.369510273620315e-08
      12.1126666666668	-1.369510273620315e-08
     12.11300000000014	-1.369510273620315e-08
     12.11333333333347	-1.369510273620315e-08
     12.11366666666681	-1.369510273620315e-08
     12.11400000000014	-1.369510273620315e-08
     12.11433333333347	-1.369510273620315e-08
     12.11466666666681	-1.369510273620315e-08
     12.11500000000014	-1.369510273620315e-08
     12.11533333333347	-1.369510273620315e-08
     12.11566666666681	-1.369510273620315e-08
     12.11600000000014	-1.369510273620315e-08
     12.11633333333348	-1.369510273620315e-08
     12.11666666666681	-1.369510273620315e-08
     12.11700000000014	-1.369510273620315e-08
     12.11733333333348	-1.369510273620315e-08
     12.11766666666681	-1.369510273620315e-08
     12.11800000000014	-1.369510273620315e-08
     12.11833333333348	-1.369510273620315e-08
     12.11866666666681	-1.369510273620315e-08
     12.11900000000015	-1.369510273620315e-08
     12.11933333333348	-1.369510273620315e-08
     12.11966666666681	-1.369510273620315e-08
     12.12000000000015	-1.369510273620315e-08
     12.12033333333348	-1.369510273620315e-08
     12.12066666666681	-1.369510273620315e-08
     12.12100000000015	-1.369510273620315e-08
     12.12133333333348	-1.369510273620315e-08
     12.12166666666682	-1.369510273620315e-08
     12.12200000000015	-1.369510273620315e-08
     12.12233333333348	-1.369510273620315e-08
     12.12266666666682	-1.369510273620315e-08
     12.12300000000015	-1.369510273620315e-08
     12.12333333333348	-1.369510273620315e-08
     12.12366666666682	-1.369510273620315e-08
     12.12400000000015	-1.369510273620315e-08
     12.12433333333349	-1.369510273620315e-08
     12.12466666666682	-1.369510273620315e-08
     12.12500000000015	-1.369510273620315e-08
     12.12533333333349	-1.369510273620315e-08
     12.12566666666682	-1.369510273620315e-08
     12.12600000000015	-1.369510273620315e-08
     12.12633333333349	-1.369510273620315e-08
     12.12666666666682	-1.369510273620315e-08
     12.12700000000016	-1.369510273620315e-08
     12.12733333333349	-1.369510273620315e-08
     12.12766666666682	-1.369510273620315e-08
     12.12800000000016	-1.369510273620315e-08
     12.12833333333349	-1.369510273620315e-08
     12.12866666666682	-1.369510273620315e-08
     12.12900000000016	-1.369510273620315e-08
     12.12933333333349	-1.369510273620315e-08
     12.12966666666683	-1.369510273620315e-08
     12.13000000000016	-1.369510273620315e-08
     12.13033333333349	-1.369510273620315e-08
     12.13066666666683	-1.369510273620315e-08
     12.13100000000016	-1.369510273620315e-08
     12.13133333333349	-1.369510273620315e-08
     12.13166666666683	-1.369510273620315e-08
     12.13200000000016	-1.369510273620315e-08
      12.1323333333335	-1.369510273620315e-08
     12.13266666666683	-1.369510273620315e-08
     12.13300000000016	-1.369510273620315e-08
      12.1333333333335	-1.369510273620315e-08
     12.13366666666683	-1.369510273620315e-08
     12.13400000000016	-1.369510273620315e-08
      12.1343333333335	-1.369510273620315e-08
     12.13466666666683	-1.369510273620315e-08
     12.13500000000016	-1.369510273620315e-08
      12.1353333333335	-1.369510273620315e-08
     12.13566666666683	-1.369510273620315e-08
     12.13600000000017	-1.369510273620315e-08
      12.1363333333335	-1.369510273620315e-08
     12.13666666666683	-1.369510273620315e-08
     12.13700000000017	-1.369510273620315e-08
      12.1373333333335	-1.369510273620315e-08
     12.13766666666683	-1.369510273620315e-08
     12.13800000000017	-1.369510273620315e-08
      12.1383333333335	-1.369510273620315e-08
     12.13866666666684	-1.369510273620315e-08
     12.13900000000017	-1.369510273620315e-08
      12.1393333333335	-1.369510273620315e-08
     12.13966666666684	-1.369510273620315e-08
     12.14000000000017	-1.369510273620315e-08
      12.1403333333335	-1.369510273620315e-08
     12.14066666666684	-1.369510273620315e-08
     12.14100000000017	-1.369510273620315e-08
     12.14133333333351	-1.369510273620315e-08
     12.14166666666684	-1.369510273620315e-08
     12.14200000000017	-1.369510273620315e-08
     12.14233333333351	-1.369510273620315e-08
     12.14266666666684	-1.369510273620315e-08
     12.14300000000017	-1.369510273620315e-08
     12.14333333333351	-1.369510273620315e-08
     12.14366666666684	-1.369510273620315e-08
     12.14400000000018	-1.369510273620315e-08
     12.14433333333351	-1.369510273620315e-08
     12.14466666666684	-1.369510273620315e-08
     12.14500000000018	-1.369510273620315e-08
     12.14533333333351	-1.369510273620315e-08
     12.14566666666684	-1.369510273620315e-08
     12.14600000000018	-1.369510273620315e-08
     12.14633333333351	-1.369510273620315e-08
     12.14666666666685	-1.369510273620315e-08
     12.14700000000018	-1.369510273620315e-08
     12.14733333333351	-1.369510273620315e-08
     12.14766666666685	-1.369510273620315e-08
     12.14800000000018	-1.369510273620315e-08
     12.14833333333351	-1.369510273620315e-08
     12.14866666666685	-1.369510273620315e-08
     12.14900000000018	-1.369510273620315e-08
     12.14933333333352	-1.369510273620315e-08
     12.14966666666685	-1.369510273620315e-08
     12.15000000000018	-1.369510273620315e-08
     12.15033333333352	-1.369510273620315e-08
     12.15066666666685	-1.369510273620315e-08
     12.15100000000018	-1.369510273620315e-08
     12.15133333333352	-1.369510273620315e-08
     12.15166666666685	-1.369510273620315e-08
     12.15200000000019	-1.369510273620315e-08
     12.15233333333352	-1.369510273620315e-08
     12.15266666666685	-1.369510273620315e-08
     12.15300000000019	-1.369510273620315e-08
     12.15333333333352	-1.369510273620315e-08
     12.15366666666685	-1.369510273620315e-08
     12.15400000000019	-1.369510273620315e-08
     12.15433333333352	-1.369510273620315e-08
     12.15466666666686	-1.369510273620315e-08
     12.15500000000019	-1.369510273620315e-08
     12.15533333333352	-1.369510273620315e-08
     12.15566666666686	-1.369510273620315e-08
     12.15600000000019	-1.369510273620315e-08
     12.15633333333352	-1.369510273620315e-08
     12.15666666666686	-1.369510273620315e-08
     12.15700000000019	-1.369510273620315e-08
     12.15733333333353	-1.369510273620315e-08
     12.15766666666686	-1.369510273620315e-08
     12.15800000000019	-1.369510273620315e-08
     12.15833333333353	-1.369510273620315e-08
     12.15866666666686	-1.369510273620315e-08
     12.15900000000019	-1.369510273620315e-08
     12.15933333333353	-1.369510273620315e-08
     12.15966666666686	-1.369510273620315e-08
      12.1600000000002	-1.369510273620315e-08
     12.16033333333353	-1.369510273620315e-08
     12.16066666666686	-1.369510273620315e-08
      12.1610000000002	-1.369510273620315e-08
     12.16133333333353	-1.369510273620315e-08
     12.16166666666686	-1.369510273620315e-08
      12.1620000000002	-1.369510273620315e-08
     12.16233333333353	-1.369510273620315e-08
     12.16266666666687	-1.369510273620315e-08
      12.1630000000002	-1.369510273620315e-08
     12.16333333333353	-1.369510273620315e-08
     12.16366666666687	-1.369510273620315e-08
      12.1640000000002	-1.369510273620315e-08
     12.16433333333353	-1.369510273620315e-08
     12.16466666666687	-1.369510273620315e-08
      12.1650000000002	-1.369510273620315e-08
     12.16533333333354	-1.369510273620315e-08
     12.16566666666687	-1.369510273620315e-08
      12.1660000000002	-1.369510273620315e-08
     12.16633333333354	-1.369510273620315e-08
     12.16666666666687	-1.369510273620315e-08
      12.1670000000002	-1.369510273620315e-08
     12.16733333333354	-1.369510273620315e-08
     12.16766666666687	-1.369510273620315e-08
     12.16800000000021	-1.369510273620315e-08
     12.16833333333354	-1.369510273620315e-08
     12.16866666666687	-1.369510273620315e-08
     12.16900000000021	-1.369510273620315e-08
     12.16933333333354	-1.369510273620315e-08
     12.16966666666687	-1.369510273620315e-08
     12.17000000000021	-1.369510273620315e-08
     12.17033333333354	-1.369510273620315e-08
     12.17066666666688	-1.369510273620315e-08
     12.17100000000021	-1.369510273620315e-08
     12.17133333333354	-1.369510273620315e-08
     12.17166666666688	-1.369510273620315e-08
     12.17200000000021	-1.369510273620315e-08
     12.17233333333354	-1.369510273620315e-08
     12.17266666666688	-1.369510273620315e-08
     12.17300000000021	-1.369510273620315e-08
     12.17333333333355	-1.369510273620315e-08
     12.17366666666688	-1.369510273620315e-08
     12.17400000000021	-1.369510273620315e-08
     12.17433333333355	-1.369510273620315e-08
     12.17466666666688	-1.369510273620315e-08
     12.17500000000021	-1.369510273620315e-08
     12.17533333333355	-1.369510273620315e-08
     12.17566666666688	-1.369510273620315e-08
     12.17600000000022	-1.369510273620315e-08
     12.17633333333355	-1.369510273620315e-08
     12.17666666666688	-1.369510273620315e-08
     12.17700000000022	-1.369510273620315e-08
     12.17733333333355	-1.369510273620315e-08
     12.17766666666688	-1.369510273620315e-08
     12.17800000000022	-1.369510273620315e-08
     12.17833333333355	-1.369510273620315e-08
     12.17866666666689	-1.369510273620315e-08
     12.17900000000022	-1.369510273620315e-08
     12.17933333333355	-1.369510273620315e-08
     12.17966666666689	-1.369510273620315e-08
     12.18000000000022	-1.369510273620315e-08
     12.18033333333355	-1.369510273620315e-08
     12.18066666666689	-1.369510273620315e-08
     12.18100000000022	-1.369510273620315e-08
     12.18133333333355	-1.369510273620315e-08
     12.18166666666689	-1.369510273620315e-08
     12.18200000000022	-1.369510273620315e-08
     12.18233333333356	-1.369510273620315e-08
     12.18266666666689	-1.369510273620315e-08
     12.18300000000022	-1.369510273620315e-08
     12.18333333333356	-1.369510273620315e-08
     12.18366666666689	-1.369510273620315e-08
     12.18400000000022	-1.369510273620315e-08
     12.18433333333356	-1.369510273620315e-08
     12.18466666666689	-1.369510273620315e-08
     12.18500000000023	-1.369510273620315e-08
     12.18533333333356	-1.369510273620315e-08
     12.18566666666689	-1.369510273620315e-08
     12.18600000000023	-1.369510273620315e-08
     12.18633333333356	-1.369510273620315e-08
     12.18666666666689	-1.369510273620315e-08
     12.18700000000023	-1.369510273620315e-08
     12.18733333333356	-1.369510273620315e-08
      12.1876666666669	-1.369510273620315e-08
     12.18800000000023	-1.369510273620315e-08
     12.18833333333356	-1.369510273620315e-08
      12.1886666666669	-1.369510273620315e-08
     12.18900000000023	-1.369510273620315e-08
     12.18933333333356	-1.369510273620315e-08
      12.1896666666669	-1.369510273620315e-08
     12.19000000000023	-1.369510273620315e-08
     12.19033333333357	-1.369510273620315e-08
      12.1906666666669	-1.369510273620315e-08
     12.19100000000023	-1.369510273620315e-08
     12.19133333333357	-1.369510273620315e-08
      12.1916666666669	-1.369510273620315e-08
     12.19200000000023	-1.369510273620315e-08
     12.19233333333357	-1.369510273620315e-08
      12.1926666666669	-1.369510273620315e-08
     12.19300000000024	-1.369510273620315e-08
     12.19333333333357	-1.369510273620315e-08
      12.1936666666669	-1.369510273620315e-08
     12.19400000000024	-1.369510273620315e-08
     12.19433333333357	-1.369510273620315e-08
      12.1946666666669	-1.369510273620315e-08
     12.19500000000024	-1.369510273620315e-08
     12.19533333333357	-1.369510273620315e-08
     12.19566666666691	-1.369510273620315e-08
     12.19600000000024	-1.369510273620315e-08
     12.19633333333357	-1.369510273620315e-08
     12.19666666666691	-1.369510273620315e-08
     12.19700000000024	-1.369510273620315e-08
     12.19733333333357	-1.369510273620315e-08
     12.19766666666691	-1.369510273620315e-08
     12.19800000000024	-1.369510273620315e-08
     12.19833333333358	-1.369510273620315e-08
     12.19866666666691	-1.369510273620315e-08
     12.19900000000024	-1.369510273620315e-08
     12.19933333333358	-1.369510273620315e-08
     12.19966666666691	-1.369510273620315e-08
     12.20000000000024	-1.369510273620315e-08
     12.20033333333358	-1.369510273620315e-08
     12.20066666666691	-1.369510273620315e-08
     12.20100000000025	-1.369510273620315e-08
     12.20133333333358	-1.369510273620315e-08
     12.20166666666691	-1.369510273620315e-08
     12.20200000000025	-1.369510273620315e-08
     12.20233333333358	-1.369510273620315e-08
     12.20266666666691	-1.369510273620315e-08
     12.20300000000025	-1.369510273620315e-08
     12.20333333333358	-1.369510273620315e-08
     12.20366666666692	-1.369510273620315e-08
     12.20400000000025	-1.369510273620315e-08
     12.20433333333358	-1.369510273620315e-08
     12.20466666666692	-1.369510273620315e-08
     12.20500000000025	-1.369510273620315e-08
     12.20533333333358	-1.369510273620315e-08
     12.20566666666692	-1.369510273620315e-08
     12.20600000000025	-1.369510273620315e-08
     12.20633333333359	-1.369510273620315e-08
     12.20666666666692	-1.369510273620315e-08
     12.20700000000025	-1.369510273620315e-08
     12.20733333333359	-1.369510273620315e-08
     12.20766666666692	-1.369510273620315e-08
     12.20800000000025	-1.369510273620315e-08
     12.20833333333359	-1.369510273620315e-08
     12.20866666666692	-1.369510273620315e-08
     12.20900000000026	-1.369510273620315e-08
     12.20933333333359	-1.369510273620315e-08
     12.20966666666692	-1.369510273620315e-08
     12.21000000000026	-1.369510273620315e-08
     12.21033333333359	-1.369510273620315e-08
     12.21066666666692	-1.369510273620315e-08
     12.21100000000026	-1.369510273620315e-08
     12.21133333333359	-1.369510273620315e-08
     12.21166666666693	-1.369510273620315e-08
     12.21200000000026	-1.369510273620315e-08
     12.21233333333359	-1.369510273620315e-08
     12.21266666666693	-1.369510273620315e-08
     12.21300000000026	-1.369510273620315e-08
     12.21333333333359	-1.369510273620315e-08
     12.21366666666693	-1.369510273620315e-08
     12.21400000000026	-1.369510273620315e-08
      12.2143333333336	-1.369510273620315e-08
     12.21466666666693	-1.369510273620315e-08
     12.21500000000026	-1.369510273620315e-08
      12.2153333333336	-1.369510273620315e-08
     12.21566666666693	-1.369510273620315e-08
     12.21600000000026	-1.369510273620315e-08
      12.2163333333336	-1.369510273620315e-08
     12.21666666666693	-1.369510273620315e-08
     12.21700000000027	-1.369510273620315e-08
      12.2173333333336	-1.369510273620315e-08
     12.21766666666693	-1.369510273620315e-08
     12.21800000000027	-1.369510273620315e-08
      12.2183333333336	-1.369510273620315e-08
     12.21866666666693	-1.369510273620315e-08
     12.21900000000027	-1.369510273620315e-08
      12.2193333333336	-1.369510273620315e-08
     12.21966666666694	-1.369510273620315e-08
     12.22000000000027	-1.369510273620315e-08
      12.2203333333336	-1.369510273620315e-08
     12.22066666666694	-1.369510273620315e-08
     12.22100000000027	-1.369510273620315e-08
      12.2213333333336	-1.369510273620315e-08
     12.22166666666694	-1.369510273620315e-08
     12.22200000000027	-1.369510273620315e-08
     12.22233333333361	-1.369510273620315e-08
     12.22266666666694	-1.369510273620315e-08
     12.22300000000027	-1.369510273620315e-08
     12.22333333333361	-1.369510273620315e-08
     12.22366666666694	-1.369510273620315e-08
     12.22400000000027	-1.369510273620315e-08
     12.22433333333361	-1.369510273620315e-08
     12.22466666666694	-1.369510273620315e-08
     12.22500000000027	-1.369510273620315e-08
     12.22533333333361	-1.369510273620315e-08
     12.22566666666694	-1.369510273620315e-08
     12.22600000000028	-1.369510273620315e-08
     12.22633333333361	-1.369510273620315e-08
     12.22666666666694	-1.369510273620315e-08
     12.22700000000028	-1.369510273620315e-08
     12.22733333333361	-1.369510273620315e-08
     12.22766666666694	-1.369510273620315e-08
     12.22800000000028	-1.369510273620315e-08
     12.22833333333361	-1.369510273620315e-08
     12.22866666666695	-1.369510273620315e-08
     12.22900000000028	-1.369510273620315e-08
     12.22933333333361	-1.369510273620315e-08
     12.22966666666695	-1.369510273620315e-08
     12.23000000000028	-1.369510273620315e-08
     12.23033333333361	-1.369510273620315e-08
     12.23066666666695	-1.369510273620315e-08
     12.23100000000028	-1.369510273620315e-08
     12.23133333333362	-1.369510273620315e-08
     12.23166666666695	-1.369510273620315e-08
     12.23200000000028	-1.369510273620315e-08
     12.23233333333362	-1.369510273620315e-08
     12.23266666666695	-1.369510273620315e-08
     12.23300000000028	-1.369510273620315e-08
     12.23333333333362	-1.369510273620315e-08
     12.23366666666695	-1.369510273620315e-08
     12.23400000000029	-1.369510273620315e-08
     12.23433333333362	-1.369510273620315e-08
     12.23466666666695	-1.369510273620315e-08
     12.23500000000029	-1.369510273620315e-08
     12.23533333333362	-1.369510273620315e-08
     12.23566666666695	-1.369510273620315e-08
     12.23600000000029	-1.369510273620315e-08
     12.23633333333362	-1.369510273620315e-08
     12.23666666666696	-1.369510273620315e-08
     12.23700000000029	-1.369510273620315e-08
     12.23733333333362	-1.369510273620315e-08
     12.23766666666696	-1.369510273620315e-08
     12.23800000000029	-1.369510273620315e-08
     12.23833333333362	-1.369510273620315e-08
     12.23866666666696	-1.369510273620315e-08
     12.23900000000029	-1.369510273620315e-08
     12.23933333333363	-1.369510273620315e-08
     12.23966666666696	-1.369510273620315e-08
     12.24000000000029	-1.369510273620315e-08
     12.24033333333363	-1.369510273620315e-08
     12.24066666666696	-1.369510273620315e-08
     12.24100000000029	-1.369510273620315e-08
     12.24133333333363	-1.369510273620315e-08
     12.24166666666696	-1.369510273620315e-08
      12.2420000000003	-1.369510273620315e-08
     12.24233333333363	-1.369510273620315e-08
     12.24266666666696	-1.369510273620315e-08
      12.2430000000003	-1.369510273620315e-08
     12.24333333333363	-1.369510273620315e-08
     12.24366666666696	-1.369510273620315e-08
      12.2440000000003	-1.369510273620315e-08
     12.24433333333363	-1.369510273620315e-08
     12.24466666666697	-1.369510273620315e-08
      12.2450000000003	-1.369510273620315e-08
     12.24533333333363	-1.369510273620315e-08
     12.24566666666697	-1.369510273620315e-08
      12.2460000000003	-1.369510273620315e-08
     12.24633333333363	-1.369510273620315e-08
     12.24666666666697	-1.369510273620315e-08
      12.2470000000003	-1.369510273620315e-08
     12.24733333333364	-1.369510273620315e-08
     12.24766666666697	-1.369510273620315e-08
      12.2480000000003	-1.369510273620315e-08
     12.24833333333364	-1.369510273620315e-08
     12.24866666666697	-1.369510273620315e-08
      12.2490000000003	-1.369510273620315e-08
     12.24933333333364	-1.369510273620315e-08
     12.24966666666697	-1.369510273620315e-08
     12.25000000000031	-1.369510273620315e-08
     12.25033333333364	-1.369510273620315e-08
     12.25066666666697	-1.369510273620315e-08
     12.25100000000031	-1.369510273620315e-08
     12.25133333333364	-1.369510273620315e-08
     12.25166666666697	-1.369510273620315e-08
     12.25200000000031	-1.369510273620315e-08
     12.25233333333364	-1.369510273620315e-08
     12.25266666666698	-1.369510273620315e-08
     12.25300000000031	-1.369510273620315e-08
     12.25333333333364	-1.369510273620315e-08
     12.25366666666698	-1.369510273620315e-08
     12.25400000000031	-1.369510273620315e-08
     12.25433333333364	-1.369510273620315e-08
     12.25466666666698	-1.369510273620315e-08
     12.25500000000031	-1.369510273620315e-08
     12.25533333333365	-1.369510273620315e-08
     12.25566666666698	-1.369510273620315e-08
     12.25600000000031	-1.369510273620315e-08
     12.25633333333365	-1.369510273620315e-08
     12.25666666666698	-1.369510273620315e-08
     12.25700000000031	-1.369510273620315e-08
     12.25733333333365	-1.369510273620315e-08
     12.25766666666698	-1.369510273620315e-08
     12.25800000000032	-1.369510273620315e-08
     12.25833333333365	-1.369510273620315e-08
     12.25866666666698	-1.369510273620315e-08
     12.25900000000032	-1.369510273620315e-08
     12.25933333333365	-1.369510273620315e-08
     12.25966666666698	-1.369510273620315e-08
     12.26000000000032	-1.369510273620315e-08
     12.26033333333365	-1.369510273620315e-08
     12.26066666666699	-1.369510273620315e-08
     12.26100000000032	-1.369510273620315e-08
     12.26133333333365	-1.369510273620315e-08
     12.26166666666699	-1.369510273620315e-08
     12.26200000000032	-1.369510273620315e-08
     12.26233333333365	-1.369510273620315e-08
     12.26266666666699	-1.369510273620315e-08
     12.26300000000032	-1.369510273620315e-08
     12.26333333333366	-1.369510273620315e-08
     12.26366666666699	-1.369510273620315e-08
     12.26400000000032	-1.369510273620315e-08
     12.26433333333366	-1.369510273620315e-08
     12.26466666666699	-1.369510273620315e-08
     12.26500000000032	-1.369510273620315e-08
     12.26533333333366	-1.369510273620315e-08
     12.26566666666699	-1.369510273620315e-08
     12.26600000000033	-1.369510273620315e-08
     12.26633333333366	-1.369510273620315e-08
     12.26666666666699	-1.369510273620315e-08
     12.26700000000033	-1.369510273620315e-08
     12.26733333333366	-1.369510273620315e-08
     12.26766666666699	-1.369510273620315e-08
     12.26800000000033	-1.369510273620315e-08
     12.26833333333366	-1.369510273620315e-08
       12.268666666667	-1.369510273620315e-08
     12.26900000000033	-1.369510273620315e-08
     12.26933333333366	-1.369510273620315e-08
       12.269666666667	-1.369510273620315e-08
     12.27000000000033	-1.369510273620315e-08
     12.27033333333366	-1.369510273620315e-08
       12.270666666667	-1.369510273620315e-08
     12.27100000000033	-1.369510273620315e-08
     12.27133333333366	-1.369510273620315e-08
       12.271666666667	-1.369510273620315e-08
     12.27200000000033	-1.369510273620315e-08
     12.27233333333367	-1.369510273620315e-08
       12.272666666667	-1.369510273620315e-08
     12.27300000000033	-1.369510273620315e-08
     12.27333333333367	-1.369510273620315e-08
       12.273666666667	-1.369510273620315e-08
     12.27400000000033	-1.369510273620315e-08
     12.27433333333367	-1.369510273620315e-08
       12.274666666667	-1.369510273620315e-08
     12.27500000000034	-1.369510273620315e-08
     12.27533333333367	-1.369510273620315e-08
       12.275666666667	-1.369510273620315e-08
     12.27600000000034	-1.369510273620315e-08
     12.27633333333367	-1.369510273620315e-08
       12.276666666667	-1.369510273620315e-08
     12.27700000000034	-1.369510273620315e-08
     12.27733333333367	-1.369510273620315e-08
     12.27766666666701	-1.369510273620315e-08
     12.27800000000034	-1.369510273620315e-08
     12.27833333333367	-1.369510273620315e-08
     12.27866666666701	-1.369510273620315e-08
     12.27900000000034	-1.369510273620315e-08
     12.27933333333367	-1.369510273620315e-08
     12.27966666666701	-1.369510273620315e-08
     12.28000000000034	-1.369510273620315e-08
     12.28033333333368	-1.369510273620315e-08
     12.28066666666701	-1.369510273620315e-08
     12.28100000000034	-1.369510273620315e-08
     12.28133333333368	-1.369510273620315e-08
     12.28166666666701	-1.369510273620315e-08
     12.28200000000034	-1.369510273620315e-08
     12.28233333333368	-1.369510273620315e-08
     12.28266666666701	-1.369510273620315e-08
     12.28300000000035	-1.369510273620315e-08
     12.28333333333368	-1.369510273620315e-08
     12.28366666666701	-1.369510273620315e-08
     12.28400000000035	-1.369510273620315e-08
     12.28433333333368	-1.369510273620315e-08
     12.28466666666701	-1.369510273620315e-08
     12.28500000000035	-1.369510273620315e-08
     12.28533333333368	-1.369510273620315e-08
     12.28566666666702	-1.369510273620315e-08
     12.28600000000035	-1.369510273620315e-08
     12.28633333333368	-1.369510273620315e-08
     12.28666666666702	-1.369510273620315e-08
     12.28700000000035	-1.369510273620315e-08
     12.28733333333368	-1.369510273620315e-08
     12.28766666666702	-1.369510273620315e-08
     12.28800000000035	-1.369510273620315e-08
     12.28833333333369	-1.369510273620315e-08
     12.28866666666702	-1.369510273620315e-08
     12.28900000000035	-1.369510273620315e-08
     12.28933333333369	-1.369510273620315e-08
     12.28966666666702	-1.369510273620315e-08
     12.29000000000035	-1.369510273620315e-08
     12.29033333333369	-1.369510273620315e-08
     12.29066666666702	-1.369510273620315e-08
     12.29100000000036	-1.369510273620315e-08
     12.29133333333369	-1.369510273620315e-08
     12.29166666666702	-1.369510273620315e-08
     12.29200000000036	-1.369510273620315e-08
     12.29233333333369	-1.369510273620315e-08
     12.29266666666702	-1.369510273620315e-08
     12.29300000000036	-1.369510273620315e-08
     12.29333333333369	-1.369510273620315e-08
     12.29366666666703	-1.369510273620315e-08
     12.29400000000036	-1.369510273620315e-08
     12.29433333333369	-1.369510273620315e-08
     12.29466666666703	-1.369510273620315e-08
     12.29500000000036	-1.369510273620315e-08
     12.29533333333369	-1.369510273620315e-08
     12.29566666666703	-1.369510273620315e-08
     12.29600000000036	-1.369510273620315e-08
      12.2963333333337	-1.369510273620315e-08
     12.29666666666703	-1.369510273620315e-08
     12.29700000000036	-1.369510273620315e-08
      12.2973333333337	-1.369510273620315e-08
     12.29766666666703	-1.369510273620315e-08
     12.29800000000036	-1.369510273620315e-08
      12.2983333333337	-1.369510273620315e-08
     12.29866666666703	-1.369510273620315e-08
     12.29900000000037	-1.369510273620315e-08
      12.2993333333337	-1.369510273620315e-08
     12.29966666666703	-1.369510273620315e-08
     12.30000000000037	-1.369510273620315e-08
      12.3003333333337	-1.369510273620315e-08
     12.30066666666703	-1.369510273620315e-08
     12.30100000000037	-1.369510273620315e-08
      12.3013333333337	-1.369510273620315e-08
     12.30166666666704	-1.369510273620315e-08
     12.30200000000037	-1.369510273620315e-08
      12.3023333333337	-1.369510273620315e-08
     12.30266666666704	-1.369510273620315e-08
     12.30300000000037	-1.369510273620315e-08
      12.3033333333337	-1.369510273620315e-08
     12.30366666666704	-1.369510273620315e-08
     12.30400000000037	-1.369510273620315e-08
     12.30433333333371	-1.369510273620315e-08
     12.30466666666704	-1.369510273620315e-08
     12.30500000000037	-1.369510273620315e-08
     12.30533333333371	-1.369510273620315e-08
     12.30566666666704	-1.369510273620315e-08
     12.30600000000037	-1.369510273620315e-08
     12.30633333333371	-1.369510273620315e-08
     12.30666666666704	-1.369510273620315e-08
     12.30700000000038	-1.369510273620315e-08
     12.30733333333371	-1.369510273620315e-08
     12.30766666666704	-1.369510273620315e-08
     12.30800000000038	-1.369510273620315e-08
     12.30833333333371	-1.369510273620315e-08
     12.30866666666704	-1.369510273620315e-08
     12.30900000000038	-1.369510273620315e-08
     12.30933333333371	-1.369510273620315e-08
     12.30966666666705	-1.369510273620315e-08
     12.31000000000038	-1.369510273620315e-08
     12.31033333333371	-1.369510273620315e-08
     12.31066666666705	-1.369510273620315e-08
     12.31100000000038	-1.369510273620315e-08
     12.31133333333371	-1.369510273620315e-08
     12.31166666666705	-1.369510273620315e-08
     12.31200000000038	-1.369510273620315e-08
     12.31233333333372	-1.369510273620315e-08
     12.31266666666705	-1.369510273620315e-08
     12.31300000000038	-1.369510273620315e-08
     12.31333333333372	-1.369510273620315e-08
     12.31366666666705	-1.369510273620315e-08
     12.31400000000038	-1.369510273620315e-08
     12.31433333333372	-1.369510273620315e-08
     12.31466666666705	-1.369510273620315e-08
     12.31500000000038	-1.369510273620315e-08
     12.31533333333372	-1.369510273620315e-08
     12.31566666666705	-1.369510273620315e-08
     12.31600000000039	-1.369510273620315e-08
     12.31633333333372	-1.369510273620315e-08
     12.31666666666705	-1.369510273620315e-08
     12.31700000000039	-1.369510273620315e-08
     12.31733333333372	-1.369510273620315e-08
     12.31766666666705	-1.369510273620315e-08
     12.31800000000039	-1.369510273620315e-08
     12.31833333333372	-1.369510273620315e-08
     12.31866666666706	-1.369510273620315e-08
     12.31900000000039	-1.369510273620315e-08
     12.31933333333372	-1.369510273620315e-08
     12.31966666666706	-1.369510273620315e-08
     12.32000000000039	-1.369510273620315e-08
     12.32033333333372	-1.369510273620315e-08
     12.32066666666706	-1.369510273620315e-08
     12.32100000000039	-1.369510273620315e-08
     12.32133333333373	-1.369510273620315e-08
     12.32166666666706	-1.369510273620315e-08
     12.32200000000039	-1.369510273620315e-08
     12.32233333333373	-1.369510273620315e-08
     12.32266666666706	-1.369510273620315e-08
     12.32300000000039	-1.369510273620315e-08
     12.32333333333373	-1.369510273620315e-08
     12.32366666666706	-1.369510273620315e-08
      12.3240000000004	-1.369510273620315e-08
     12.32433333333373	-1.369510273620315e-08
     12.32466666666706	-1.369510273620315e-08
      12.3250000000004	-1.369510273620315e-08
     12.32533333333373	-1.369510273620315e-08
     12.32566666666706	-1.369510273620315e-08
      12.3260000000004	-1.369510273620315e-08
     12.32633333333373	-1.369510273620315e-08
     12.32666666666707	-1.369510273620315e-08
      12.3270000000004	-1.369510273620315e-08
     12.32733333333373	-1.369510273620315e-08
     12.32766666666707	-1.369510273620315e-08
      12.3280000000004	-1.369510273620315e-08
     12.32833333333373	-1.369510273620315e-08
     12.32866666666707	-1.369510273620315e-08
      12.3290000000004	-1.369510273620315e-08
     12.32933333333374	-1.369510273620315e-08
     12.32966666666707	-1.369510273620315e-08
      12.3300000000004	-1.369510273620315e-08
     12.33033333333374	-1.369510273620315e-08
     12.33066666666707	-1.369510273620315e-08
      12.3310000000004	-1.369510273620315e-08
     12.33133333333374	-1.369510273620315e-08
     12.33166666666707	-1.369510273620315e-08
     12.33200000000041	-1.369510273620315e-08

     13.00033333333333	-1.239453668209582e-08
     13.00066666666667	-1.239453668209582e-08
                13.001	-1.239453668209582e-08
     13.00133333333333	-1.239453668209582e-08
     13.00166666666667	-1.239453668209582e-08
                13.002	-1.239453668209582e-08
     13.00233333333334	-1.239453668209582e-08
     13.00266666666667	-1.239453668209582e-08
                13.003	-1.239453668209582e-08
     13.00333333333334	-1.239453668209582e-08
     13.00366666666667	-1.239453668209582e-08
                13.004	-1.239453668209582e-08
     13.00433333333334	-1.239453668209582e-08
     13.00466666666667	-1.239453668209582e-08
     13.00500000000001	-1.239453668209582e-08
     13.00533333333334	-1.239453668209582e-08
     13.00566666666667	-1.239453668209582e-08
     13.00600000000001	-1.239453668209582e-08
     13.00633333333334	-1.239453668209582e-08
     13.00666666666667	-1.239453668209582e-08
     13.00700000000001	-1.239453668209582e-08
     13.00733333333334	-1.239453668209582e-08
     13.00766666666668	-1.239453668209582e-08
     13.00800000000001	-1.239453668209582e-08
     13.00833333333334	-1.239453668209582e-08
     13.00866666666668	-1.239453668209582e-08
     13.00900000000001	-1.239453668209582e-08
     13.00933333333334	-1.239453668209582e-08
     13.00966666666668	-1.239453668209582e-08
     13.01000000000001	-1.239453668209582e-08
     13.01033333333335	-1.239453668209582e-08
     13.01066666666668	-1.239453668209582e-08
     13.01100000000001	-1.239453668209582e-08
     13.01133333333335	-1.239453668209582e-08
     13.01166666666668	-1.239453668209582e-08
     13.01200000000001	-1.239453668209582e-08
     13.01233333333335	-1.239453668209582e-08
     13.01266666666668	-1.239453668209582e-08
     13.01300000000002	-1.239453668209582e-08
     13.01333333333335	-1.239453668209582e-08
     13.01366666666668	-1.239453668209582e-08
     13.01400000000002	-1.239453668209582e-08
     13.01433333333335	-1.239453668209582e-08
     13.01466666666668	-1.239453668209582e-08
     13.01500000000002	-1.239453668209582e-08
     13.01533333333335	-1.239453668209582e-08
     13.01566666666669	-1.239453668209582e-08
     13.01600000000002	-1.239453668209582e-08
     13.01633333333335	-1.239453668209582e-08
     13.01666666666669	-1.239453668209582e-08
     13.01700000000002	-1.239453668209582e-08
     13.01733333333335	-1.239453668209582e-08
     13.01766666666669	-1.239453668209582e-08
     13.01800000000002	-1.239453668209582e-08
     13.01833333333336	-1.239453668209582e-08
     13.01866666666669	-1.239453668209582e-08
     13.01900000000002	-1.239453668209582e-08
     13.01933333333336	-1.239453668209582e-08
     13.01966666666669	-1.239453668209582e-08
     13.02000000000002	-1.239453668209582e-08
     13.02033333333336	-1.239453668209582e-08
     13.02066666666669	-1.239453668209582e-08
     13.02100000000003	-1.239453668209582e-08
     13.02133333333336	-1.239453668209582e-08
     13.02166666666669	-1.239453668209582e-08
     13.02200000000003	-1.239453668209582e-08
     13.02233333333336	-1.239453668209582e-08
     13.02266666666669	-1.239453668209582e-08
     13.02300000000003	-1.239453668209582e-08
     13.02333333333336	-1.239453668209582e-08
      13.0236666666667	-1.239453668209582e-08
     13.02400000000003	-1.239453668209582e-08
     13.02433333333336	-1.239453668209582e-08
      13.0246666666667	-1.239453668209582e-08
     13.02500000000003	-1.239453668209582e-08
     13.02533333333336	-1.239453668209582e-08
      13.0256666666667	-1.239453668209582e-08
     13.02600000000003	-1.239453668209582e-08
     13.02633333333337	-1.239453668209582e-08
      13.0266666666667	-1.239453668209582e-08
     13.02700000000003	-1.239453668209582e-08
     13.02733333333337	-1.239453668209582e-08
      13.0276666666667	-1.239453668209582e-08
     13.02800000000003	-1.239453668209582e-08
     13.02833333333337	-1.239453668209582e-08
      13.0286666666667	-1.239453668209582e-08
     13.02900000000004	-1.239453668209582e-08
     13.02933333333337	-1.239453668209582e-08
      13.0296666666667	-1.239453668209582e-08
     13.03000000000004	-1.239453668209582e-08
     13.03033333333337	-1.239453668209582e-08
      13.0306666666667	-1.239453668209582e-08
     13.03100000000004	-1.239453668209582e-08
     13.03133333333337	-1.239453668209582e-08
     13.03166666666671	-1.239453668209582e-08
     13.03200000000004	-1.239453668209582e-08
     13.03233333333337	-1.239453668209582e-08
     13.03266666666671	-1.239453668209582e-08
     13.03300000000004	-1.239453668209582e-08
     13.03333333333337	-1.239453668209582e-08
     13.03366666666671	-1.239453668209582e-08
     13.03400000000004	-1.239453668209582e-08
     13.03433333333338	-1.239453668209582e-08
     13.03466666666671	-1.239453668209582e-08
     13.03500000000004	-1.239453668209582e-08
     13.03533333333338	-1.239453668209582e-08
     13.03566666666671	-1.239453668209582e-08
     13.03600000000004	-1.239453668209582e-08
     13.03633333333338	-1.239453668209582e-08
     13.03666666666671	-1.239453668209582e-08
     13.03700000000005	-1.239453668209582e-08
     13.03733333333338	-1.239453668209582e-08
     13.03766666666671	-1.239453668209582e-08
     13.03800000000005	-1.239453668209582e-08
     13.03833333333338	-1.239453668209582e-08
     13.03866666666671	-1.239453668209582e-08
     13.03900000000005	-1.239453668209582e-08
     13.03933333333338	-1.239453668209582e-08
     13.03966666666672	-1.239453668209582e-08
     13.04000000000005	-1.239453668209582e-08
     13.04033333333338	-1.239453668209582e-08
     13.04066666666672	-1.239453668209582e-08
     13.04100000000005	-1.239453668209582e-08
     13.04133333333338	-1.239453668209582e-08
     13.04166666666672	-1.239453668209582e-08
     13.04200000000005	-1.239453668209582e-08
     13.04233333333339	-1.239453668209582e-08
     13.04266666666672	-1.239453668209582e-08
     13.04300000000005	-1.239453668209582e-08
     13.04333333333339	-1.239453668209582e-08
     13.04366666666672	-1.239453668209582e-08
     13.04400000000005	-1.239453668209582e-08
     13.04433333333339	-1.239453668209582e-08
     13.04466666666672	-1.239453668209582e-08
     13.04500000000005	-1.239453668209582e-08
     13.04533333333339	-1.239453668209582e-08
     13.04566666666672	-1.239453668209582e-08
     13.04600000000006	-1.239453668209582e-08
     13.04633333333339	-1.239453668209582e-08
     13.04666666666672	-1.239453668209582e-08
     13.04700000000006	-1.239453668209582e-08
     13.04733333333339	-1.239453668209582e-08
     13.04766666666672	-1.239453668209582e-08
     13.04800000000006	-1.239453668209582e-08
     13.04833333333339	-1.239453668209582e-08
     13.04866666666673	-1.239453668209582e-08
     13.04900000000006	-1.239453668209582e-08
     13.04933333333339	-1.239453668209582e-08
     13.04966666666673	-1.239453668209582e-08
     13.05000000000006	-1.239453668209582e-08
     13.05033333333339	-1.239453668209582e-08
     13.05066666666673	-1.239453668209582e-08
     13.05100000000006	-1.239453668209582e-08
      13.0513333333334	-1.239453668209582e-08
     13.05166666666673	-1.239453668209582e-08
     13.05200000000006	-1.239453668209582e-08
      13.0523333333334	-1.239453668209582e-08
     13.05266666666673	-1.239453668209582e-08
     13.05300000000006	-1.239453668209582e-08
      13.0533333333334	-1.239453668209582e-08
     13.05366666666673	-1.239453668209582e-08
     13.05400000000007	-1.239453668209582e-08
      13.0543333333334	-1.239453668209582e-08
     13.05466666666673	-1.239453668209582e-08
     13.05500000000007	-1.239453668209582e-08
      13.0553333333334	-1.239453668209582e-08
     13.05566666666673	-1.239453668209582e-08
     13.05600000000007	-1.239453668209582e-08
      13.0563333333334	-1.239453668209582e-08
     13.05666666666674	-1.239453668209582e-08
     13.05700000000007	-1.239453668209582e-08
      13.0573333333334	-1.239453668209582e-08
     13.05766666666674	-1.239453668209582e-08
     13.05800000000007	-1.239453668209582e-08
      13.0583333333334	-1.239453668209582e-08
     13.05866666666674	-1.239453668209582e-08
     13.05900000000007	-1.239453668209582e-08
     13.05933333333341	-1.239453668209582e-08
     13.05966666666674	-1.239453668209582e-08
     13.06000000000007	-1.239453668209582e-08
     13.06033333333341	-1.239453668209582e-08
     13.06066666666674	-1.239453668209582e-08
     13.06100000000007	-1.239453668209582e-08
     13.06133333333341	-1.239453668209582e-08
     13.06166666666674	-1.239453668209582e-08
     13.06200000000008	-1.239453668209582e-08
     13.06233333333341	-1.239453668209582e-08
     13.06266666666674	-1.239453668209582e-08
     13.06300000000008	-1.239453668209582e-08
     13.06333333333341	-1.239453668209582e-08
     13.06366666666674	-1.239453668209582e-08
     13.06400000000008	-1.239453668209582e-08
     13.06433333333341	-1.239453668209582e-08
     13.06466666666675	-1.239453668209582e-08
     13.06500000000008	-1.239453668209582e-08
     13.06533333333341	-1.239453668209582e-08
     13.06566666666675	-1.239453668209582e-08
     13.06600000000008	-1.239453668209582e-08
     13.06633333333341	-1.239453668209582e-08
     13.06666666666675	-1.239453668209582e-08
     13.06700000000008	-1.239453668209582e-08
     13.06733333333342	-1.239453668209582e-08
     13.06766666666675	-1.239453668209582e-08
     13.06800000000008	-1.239453668209582e-08
     13.06833333333342	-1.239453668209582e-08
     13.06866666666675	-1.239453668209582e-08
     13.06900000000008	-1.239453668209582e-08
     13.06933333333342	-1.239453668209582e-08
     13.06966666666675	-1.239453668209582e-08
     13.07000000000009	-1.239453668209582e-08
     13.07033333333342	-1.239453668209582e-08
     13.07066666666675	-1.239453668209582e-08
     13.07100000000009	-1.239453668209582e-08
     13.07133333333342	-1.239453668209582e-08
     13.07166666666675	-1.239453668209582e-08
     13.07200000000009	-1.239453668209582e-08
     13.07233333333342	-1.239453668209582e-08
     13.07266666666676	-1.239453668209582e-08
     13.07300000000009	-1.239453668209582e-08
     13.07333333333342	-1.239453668209582e-08
     13.07366666666676	-1.239453668209582e-08
     13.07400000000009	-1.239453668209582e-08
     13.07433333333342	-1.239453668209582e-08
     13.07466666666676	-1.239453668209582e-08
     13.07500000000009	-1.239453668209582e-08
     13.07533333333343	-1.239453668209582e-08
     13.07566666666676	-1.239453668209582e-08
     13.07600000000009	-1.239453668209582e-08
     13.07633333333343	-1.239453668209582e-08
     13.07666666666676	-1.239453668209582e-08
     13.07700000000009	-1.239453668209582e-08
     13.07733333333343	-1.239453668209582e-08
     13.07766666666676	-1.239453668209582e-08
      13.0780000000001	-1.239453668209582e-08
     13.07833333333343	-1.239453668209582e-08
     13.07866666666676	-1.239453668209582e-08
      13.0790000000001	-1.239453668209582e-08
     13.07933333333343	-1.239453668209582e-08
     13.07966666666676	-1.239453668209582e-08
      13.0800000000001	-1.239453668209582e-08
     13.08033333333343	-1.239453668209582e-08
     13.08066666666677	-1.239453668209582e-08
      13.0810000000001	-1.239453668209582e-08
     13.08133333333343	-1.239453668209582e-08
     13.08166666666677	-1.239453668209582e-08
      13.0820000000001	-1.239453668209582e-08
     13.08233333333343	-1.239453668209582e-08
     13.08266666666677	-1.239453668209582e-08
      13.0830000000001	-1.239453668209582e-08
     13.08333333333344	-1.239453668209582e-08
     13.08366666666677	-1.239453668209582e-08
      13.0840000000001	-1.239453668209582e-08
     13.08433333333344	-1.239453668209582e-08
     13.08466666666677	-1.239453668209582e-08
      13.0850000000001	-1.239453668209582e-08
     13.08533333333344	-1.239453668209582e-08
     13.08566666666677	-1.239453668209582e-08
     13.08600000000011	-1.239453668209582e-08
     13.08633333333344	-1.239453668209582e-08
     13.08666666666677	-1.239453668209582e-08
     13.08700000000011	-1.239453668209582e-08
     13.08733333333344	-1.239453668209582e-08
     13.08766666666677	-1.239453668209582e-08
     13.08800000000011	-1.239453668209582e-08
     13.08833333333344	-1.239453668209582e-08
     13.08866666666678	-1.239453668209582e-08
     13.08900000000011	-1.239453668209582e-08
     13.08933333333344	-1.239453668209582e-08
     13.08966666666678	-1.239453668209582e-08
     13.09000000000011	-1.239453668209582e-08
     13.09033333333344	-1.239453668209582e-08
     13.09066666666678	-1.239453668209582e-08
     13.09100000000011	-1.239453668209582e-08
     13.09133333333344	-1.239453668209582e-08
     13.09166666666678	-1.239453668209582e-08
     13.09200000000011	-1.239453668209582e-08
     13.09233333333345	-1.239453668209582e-08
     13.09266666666678	-1.239453668209582e-08
     13.09300000000011	-1.239453668209582e-08
     13.09333333333345	-1.239453668209582e-08
     13.09366666666678	-1.239453668209582e-08
     13.09400000000011	-1.239453668209582e-08
     13.09433333333345	-1.239453668209582e-08
     13.09466666666678	-1.239453668209582e-08
     13.09500000000012	-1.239453668209582e-08
     13.09533333333345	-1.239453668209582e-08
     13.09566666666678	-1.239453668209582e-08
     13.09600000000012	-1.239453668209582e-08
     13.09633333333345	-1.239453668209582e-08
     13.09666666666678	-1.239453668209582e-08
     13.09700000000012	-1.239453668209582e-08
     13.09733333333345	-1.239453668209582e-08
     13.09766666666679	-1.239453668209582e-08
     13.09800000000012	-1.239453668209582e-08
     13.09833333333345	-1.239453668209582e-08
     13.09866666666679	-1.239453668209582e-08
     13.09900000000012	-1.239453668209582e-08
     13.09933333333345	-1.239453668209582e-08
     13.09966666666679	-1.239453668209582e-08
     13.10000000000012	-1.239453668209582e-08
     13.10033333333346	-1.239453668209582e-08
     13.10066666666679	-1.239453668209582e-08
     13.10100000000012	-1.239453668209582e-08
     13.10133333333346	-1.239453668209582e-08
     13.10166666666679	-1.239453668209582e-08
     13.10200000000012	-1.239453668209582e-08
     13.10233333333346	-1.239453668209582e-08
     13.10266666666679	-1.239453668209582e-08
     13.10300000000013	-1.239453668209582e-08
     13.10333333333346	-1.239453668209582e-08
     13.10366666666679	-1.239453668209582e-08
     13.10400000000013	-1.239453668209582e-08
     13.10433333333346	-1.239453668209582e-08
     13.10466666666679	-1.239453668209582e-08
     13.10500000000013	-1.239453668209582e-08
     13.10533333333346	-1.239453668209582e-08
      13.1056666666668	-1.239453668209582e-08
     13.10600000000013	-1.239453668209582e-08
     13.10633333333346	-1.239453668209582e-08
      13.1066666666668	-1.239453668209582e-08
     13.10700000000013	-1.239453668209582e-08
     13.10733333333346	-1.239453668209582e-08
      13.1076666666668	-1.239453668209582e-08
     13.10800000000013	-1.239453668209582e-08
     13.10833333333347	-1.239453668209582e-08
      13.1086666666668	-1.239453668209582e-08
     13.10900000000013	-1.239453668209582e-08
     13.10933333333347	-1.239453668209582e-08
      13.1096666666668	-1.239453668209582e-08
     13.11000000000013	-1.239453668209582e-08
     13.11033333333347	-1.239453668209582e-08
      13.1106666666668	-1.239453668209582e-08
     13.11100000000014	-1.239453668209582e-08
     13.11133333333347	-1.239453668209582e-08
      13.1116666666668	-1.239453668209582e-08
     13.11200000000014	-1.239453668209582e-08
     13.11233333333347	-1.239453668209582e-08
      13.1126666666668	-1.239453668209582e-08
     13.11300000000014	-1.239453668209582e-08
     13.11333333333347	-1.239453668209582e-08
     13.11366666666681	-1.239453668209582e-08
     13.11400000000014	-1.239453668209582e-08
     13.11433333333347	-1.239453668209582e-08
     13.11466666666681	-1.239453668209582e-08
     13.11500000000014	-1.239453668209582e-08
     13.11533333333347	-1.239453668209582e-08
     13.11566666666681	-1.239453668209582e-08
     13.11600000000014	-1.239453668209582e-08
     13.11633333333348	-1.239453668209582e-08
     13.11666666666681	-1.239453668209582e-08
     13.11700000000014	-1.239453668209582e-08
     13.11733333333348	-1.239453668209582e-08
     13.11766666666681	-1.239453668209582e-08
     13.11800000000014	-1.239453668209582e-08
     13.11833333333348	-1.239453668209582e-08
     13.11866666666681	-1.239453668209582e-08
     13.11900000000015	-1.239453668209582e-08
     13.11933333333348	-1.239453668209582e-08
     13.11966666666681	-1.239453668209582e-08
     13.12000000000015	-1.239453668209582e-08
     13.12033333333348	-1.239453668209582e-08
     13.12066666666681	-1.239453668209582e-08
     13.12100000000015	-1.239453668209582e-08
     13.12133333333348	-1.239453668209582e-08
     13.12166666666682	-1.239453668209582e-08
     13.12200000000015	-1.239453668209582e-08
     13.12233333333348	-1.239453668209582e-08
     13.12266666666682	-1.239453668209582e-08
     13.12300000000015	-1.239453668209582e-08
     13.12333333333348	-1.239453668209582e-08
     13.12366666666682	-1.239453668209582e-08
     13.12400000000015	-1.239453668209582e-08
     13.12433333333349	-1.239453668209582e-08
     13.12466666666682	-1.239453668209582e-08
     13.12500000000015	-1.239453668209582e-08
     13.12533333333349	-1.239453668209582e-08
     13.12566666666682	-1.239453668209582e-08
     13.12600000000015	-1.239453668209582e-08
     13.12633333333349	-1.239453668209582e-08
     13.12666666666682	-1.239453668209582e-08
     13.12700000000016	-1.239453668209582e-08
     13.12733333333349	-1.239453668209582e-08
     13.12766666666682	-1.239453668209582e-08
     13.12800000000016	-1.239453668209582e-08
     13.12833333333349	-1.239453668209582e-08
     13.12866666666682	-1.239453668209582e-08
     13.12900000000016	-1.239453668209582e-08
     13.12933333333349	-1.239453668209582e-08
     13.12966666666683	-1.239453668209582e-08
     13.13000000000016	-1.239453668209582e-08
     13.13033333333349	-1.239453668209582e-08
     13.13066666666683	-1.239453668209582e-08
     13.13100000000016	-1.239453668209582e-08
     13.13133333333349	-1.239453668209582e-08
     13.13166666666683	-1.239453668209582e-08
     13.13200000000016	-1.239453668209582e-08
      13.1323333333335	-1.239453668209582e-08
     13.13266666666683	-1.239453668209582e-08
     13.13300000000016	-1.239453668209582e-08
      13.1333333333335	-1.239453668209582e-08
     13.13366666666683	-1.239453668209582e-08
     13.13400000000016	-1.239453668209582e-08
      13.1343333333335	-1.239453668209582e-08
     13.13466666666683	-1.239453668209582e-08
     13.13500000000016	-1.239453668209582e-08
      13.1353333333335	-1.239453668209582e-08
     13.13566666666683	-1.239453668209582e-08
     13.13600000000017	-1.239453668209582e-08
      13.1363333333335	-1.239453668209582e-08
     13.13666666666683	-1.239453668209582e-08
     13.13700000000017	-1.239453668209582e-08
      13.1373333333335	-1.239453668209582e-08
     13.13766666666683	-1.239453668209582e-08
     13.13800000000017	-1.239453668209582e-08
      13.1383333333335	-1.239453668209582e-08
     13.13866666666684	-1.239453668209582e-08
     13.13900000000017	-1.239453668209582e-08
      13.1393333333335	-1.239453668209582e-08
     13.13966666666684	-1.239453668209582e-08
     13.14000000000017	-1.239453668209582e-08
      13.1403333333335	-1.239453668209582e-08
     13.14066666666684	-1.239453668209582e-08
     13.14100000000017	-1.239453668209582e-08
     13.14133333333351	-1.239453668209582e-08
     13.14166666666684	-1.239453668209582e-08
     13.14200000000017	-1.239453668209582e-08
     13.14233333333351	-1.239453668209582e-08
     13.14266666666684	-1.239453668209582e-08
     13.14300000000017	-1.239453668209582e-08
     13.14333333333351	-1.239453668209582e-08
     13.14366666666684	-1.239453668209582e-08
     13.14400000000018	-1.239453668209582e-08
     13.14433333333351	-1.239453668209582e-08
     13.14466666666684	-1.239453668209582e-08
     13.14500000000018	-1.239453668209582e-08
     13.14533333333351	-1.239453668209582e-08
     13.14566666666684	-1.239453668209582e-08
     13.14600000000018	-1.239453668209582e-08
     13.14633333333351	-1.239453668209582e-08
     13.14666666666685	-1.239453668209582e-08
     13.14700000000018	-1.239453668209582e-08
     13.14733333333351	-1.239453668209582e-08
     13.14766666666685	-1.239453668209582e-08
     13.14800000000018	-1.239453668209582e-08
     13.14833333333351	-1.239453668209582e-08
     13.14866666666685	-1.239453668209582e-08
     13.14900000000018	-1.239453668209582e-08
     13.14933333333352	-1.239453668209582e-08
     13.14966666666685	-1.239453668209582e-08
     13.15000000000018	-1.239453668209582e-08
     13.15033333333352	-1.239453668209582e-08
     13.15066666666685	-1.239453668209582e-08
     13.15100000000018	-1.239453668209582e-08
     13.15133333333352	-1.239453668209582e-08
     13.15166666666685	-1.239453668209582e-08
     13.15200000000019	-1.239453668209582e-08
     13.15233333333352	-1.239453668209582e-08
     13.15266666666685	-1.239453668209582e-08
     13.15300000000019	-1.239453668209582e-08
     13.15333333333352	-1.239453668209582e-08
     13.15366666666685	-1.239453668209582e-08
     13.15400000000019	-1.239453668209582e-08
     13.15433333333352	-1.239453668209582e-08
     13.15466666666686	-1.239453668209582e-08
     13.15500000000019	-1.239453668209582e-08
     13.15533333333352	-1.239453668209582e-08
     13.15566666666686	-1.239453668209582e-08
     13.15600000000019	-1.239453668209582e-08
     13.15633333333352	-1.239453668209582e-08
     13.15666666666686	-1.239453668209582e-08
     13.15700000000019	-1.239453668209582e-08
     13.15733333333353	-1.239453668209582e-08
     13.15766666666686	-1.239453668209582e-08
     13.15800000000019	-1.239453668209582e-08
     13.15833333333353	-1.239453668209582e-08
     13.15866666666686	-1.239453668209582e-08
     13.15900000000019	-1.239453668209582e-08
     13.15933333333353	-1.239453668209582e-08
     13.15966666666686	-1.239453668209582e-08
      13.1600000000002	-1.239453668209582e-08
     13.16033333333353	-1.239453668209582e-08
     13.16066666666686	-1.239453668209582e-08
      13.1610000000002	-1.239453668209582e-08
     13.16133333333353	-1.239453668209582e-08
     13.16166666666686	-1.239453668209582e-08
      13.1620000000002	-1.239453668209582e-08
     13.16233333333353	-1.239453668209582e-08
     13.16266666666687	-1.239453668209582e-08
      13.1630000000002	-1.239453668209582e-08
     13.16333333333353	-1.239453668209582e-08
     13.16366666666687	-1.239453668209582e-08
      13.1640000000002	-1.239453668209582e-08
     13.16433333333353	-1.239453668209582e-08
     13.16466666666687	-1.239453668209582e-08
      13.1650000000002	-1.239453668209582e-08
     13.16533333333354	-1.239453668209582e-08
     13.16566666666687	-1.239453668209582e-08
      13.1660000000002	-1.239453668209582e-08
     13.16633333333354	-1.239453668209582e-08
     13.16666666666687	-1.239453668209582e-08
      13.1670000000002	-1.239453668209582e-08
     13.16733333333354	-1.239453668209582e-08
     13.16766666666687	-1.239453668209582e-08
     13.16800000000021	-1.239453668209582e-08
     13.16833333333354	-1.239453668209582e-08
     13.16866666666687	-1.239453668209582e-08
     13.16900000000021	-1.239453668209582e-08
     13.16933333333354	-1.239453668209582e-08
     13.16966666666687	-1.239453668209582e-08
     13.17000000000021	-1.239453668209582e-08
     13.17033333333354	-1.239453668209582e-08
     13.17066666666688	-1.239453668209582e-08
     13.17100000000021	-1.239453668209582e-08
     13.17133333333354	-1.239453668209582e-08
     13.17166666666688	-1.239453668209582e-08
     13.17200000000021	-1.239453668209582e-08
     13.17233333333354	-1.239453668209582e-08
     13.17266666666688	-1.239453668209582e-08
     13.17300000000021	-1.239453668209582e-08
     13.17333333333355	-1.239453668209582e-08
     13.17366666666688	-1.239453668209582e-08
     13.17400000000021	-1.239453668209582e-08
     13.17433333333355	-1.239453668209582e-08
     13.17466666666688	-1.239453668209582e-08
     13.17500000000021	-1.239453668209582e-08
     13.17533333333355	-1.239453668209582e-08
     13.17566666666688	-1.239453668209582e-08
     13.17600000000022	-1.239453668209582e-08
     13.17633333333355	-1.239453668209582e-08
     13.17666666666688	-1.239453668209582e-08
     13.17700000000022	-1.239453668209582e-08
     13.17733333333355	-1.239453668209582e-08
     13.17766666666688	-1.239453668209582e-08
     13.17800000000022	-1.239453668209582e-08
     13.17833333333355	-1.239453668209582e-08
     13.17866666666689	-1.239453668209582e-08
     13.17900000000022	-1.239453668209582e-08
     13.17933333333355	-1.239453668209582e-08
     13.17966666666689	-1.239453668209582e-08
     13.18000000000022	-1.239453668209582e-08
     13.18033333333355	-1.239453668209582e-08
     13.18066666666689	-1.239453668209582e-08
     13.18100000000022	-1.239453668209582e-08
     13.18133333333355	-1.239453668209582e-08
     13.18166666666689	-1.239453668209582e-08
     13.18200000000022	-1.239453668209582e-08
     13.18233333333356	-1.239453668209582e-08
     13.18266666666689	-1.239453668209582e-08
     13.18300000000022	-1.239453668209582e-08
     13.18333333333356	-1.239453668209582e-08
     13.18366666666689	-1.239453668209582e-08
     13.18400000000022	-1.239453668209582e-08
     13.18433333333356	-1.239453668209582e-08
     13.18466666666689	-1.239453668209582e-08
     13.18500000000023	-1.239453668209582e-08
     13.18533333333356	-1.239453668209582e-08
     13.18566666666689	-1.239453668209582e-08
     13.18600000000023	-1.239453668209582e-08
     13.18633333333356	-1.239453668209582e-08
     13.18666666666689	-1.239453668209582e-08
     13.18700000000023	-1.239453668209582e-08
     13.18733333333356	-1.239453668209582e-08
      13.1876666666669	-1.239453668209582e-08
     13.18800000000023	-1.239453668209582e-08
     13.18833333333356	-1.239453668209582e-08
      13.1886666666669	-1.239453668209582e-08
     13.18900000000023	-1.239453668209582e-08
     13.18933333333356	-1.239453668209582e-08
      13.1896666666669	-1.239453668209582e-08
     13.19000000000023	-1.239453668209582e-08
     13.19033333333357	-1.239453668209582e-08
      13.1906666666669	-1.239453668209582e-08
     13.19100000000023	-1.239453668209582e-08
     13.19133333333357	-1.239453668209582e-08
      13.1916666666669	-1.239453668209582e-08
     13.19200000000023	-1.239453668209582e-08
     13.19233333333357	-1.239453668209582e-08
      13.1926666666669	-1.239453668209582e-08
     13.19300000000024	-1.239453668209582e-08
     13.19333333333357	-1.239453668209582e-08
      13.1936666666669	-1.239453668209582e-08
     13.19400000000024	-1.239453668209582e-08
     13.19433333333357	-1.239453668209582e-08
      13.1946666666669	-1.239453668209582e-08
     13.19500000000024	-1.239453668209582e-08
     13.19533333333357	-1.239453668209582e-08
     13.19566666666691	-1.239453668209582e-08
     13.19600000000024	-1.239453668209582e-08
     13.19633333333357	-1.239453668209582e-08
     13.19666666666691	-1.239453668209582e-08
     13.19700000000024	-1.239453668209582e-08
     13.19733333333357	-1.239453668209582e-08
     13.19766666666691	-1.239453668209582e-08
     13.19800000000024	-1.239453668209582e-08
     13.19833333333358	-1.239453668209582e-08
     13.19866666666691	-1.239453668209582e-08
     13.19900000000024	-1.239453668209582e-08
     13.19933333333358	-1.239453668209582e-08
     13.19966666666691	-1.239453668209582e-08
     13.20000000000024	-1.239453668209582e-08
     13.20033333333358	-1.239453668209582e-08
     13.20066666666691	-1.239453668209582e-08
     13.20100000000025	-1.239453668209582e-08
     13.20133333333358	-1.239453668209582e-08
     13.20166666666691	-1.239453668209582e-08
     13.20200000000025	-1.239453668209582e-08
     13.20233333333358	-1.239453668209582e-08
     13.20266666666691	-1.239453668209582e-08
     13.20300000000025	-1.239453668209582e-08
     13.20333333333358	-1.239453668209582e-08
     13.20366666666692	-1.239453668209582e-08
     13.20400000000025	-1.239453668209582e-08
     13.20433333333358	-1.239453668209582e-08
     13.20466666666692	-1.239453668209582e-08
     13.20500000000025	-1.239453668209582e-08
     13.20533333333358	-1.239453668209582e-08
     13.20566666666692	-1.239453668209582e-08
     13.20600000000025	-1.239453668209582e-08
     13.20633333333359	-1.239453668209582e-08
     13.20666666666692	-1.239453668209582e-08
     13.20700000000025	-1.239453668209582e-08
     13.20733333333359	-1.239453668209582e-08
     13.20766666666692	-1.239453668209582e-08
     13.20800000000025	-1.239453668209582e-08
     13.20833333333359	-1.239453668209582e-08
     13.20866666666692	-1.239453668209582e-08
     13.20900000000026	-1.239453668209582e-08
     13.20933333333359	-1.239453668209582e-08
     13.20966666666692	-1.239453668209582e-08
     13.21000000000026	-1.239453668209582e-08
     13.21033333333359	-1.239453668209582e-08
     13.21066666666692	-1.239453668209582e-08
     13.21100000000026	-1.239453668209582e-08
     13.21133333333359	-1.239453668209582e-08
     13.21166666666693	-1.239453668209582e-08
     13.21200000000026	-1.239453668209582e-08
     13.21233333333359	-1.239453668209582e-08
     13.21266666666693	-1.239453668209582e-08
     13.21300000000026	-1.239453668209582e-08
     13.21333333333359	-1.239453668209582e-08
     13.21366666666693	-1.239453668209582e-08
     13.21400000000026	-1.239453668209582e-08
      13.2143333333336	-1.239453668209582e-08
     13.21466666666693	-1.239453668209582e-08
     13.21500000000026	-1.239453668209582e-08
      13.2153333333336	-1.239453668209582e-08
     13.21566666666693	-1.239453668209582e-08
     13.21600000000026	-1.239453668209582e-08
      13.2163333333336	-1.239453668209582e-08
     13.21666666666693	-1.239453668209582e-08
     13.21700000000027	-1.239453668209582e-08
      13.2173333333336	-1.239453668209582e-08
     13.21766666666693	-1.239453668209582e-08
     13.21800000000027	-1.239453668209582e-08
      13.2183333333336	-1.239453668209582e-08
     13.21866666666693	-1.239453668209582e-08
     13.21900000000027	-1.239453668209582e-08
      13.2193333333336	-1.239453668209582e-08
     13.21966666666694	-1.239453668209582e-08
     13.22000000000027	-1.239453668209582e-08
      13.2203333333336	-1.239453668209582e-08
     13.22066666666694	-1.239453668209582e-08
     13.22100000000027	-1.239453668209582e-08
      13.2213333333336	-1.239453668209582e-08
     13.22166666666694	-1.239453668209582e-08
     13.22200000000027	-1.239453668209582e-08
     13.22233333333361	-1.239453668209582e-08
     13.22266666666694	-1.239453668209582e-08
     13.22300000000027	-1.239453668209582e-08
     13.22333333333361	-1.239453668209582e-08
     13.22366666666694	-1.239453668209582e-08
     13.22400000000027	-1.239453668209582e-08
     13.22433333333361	-1.239453668209582e-08
     13.22466666666694	-1.239453668209582e-08
     13.22500000000027	-1.239453668209582e-08
     13.22533333333361	-1.239453668209582e-08
     13.22566666666694	-1.239453668209582e-08
     13.22600000000028	-1.239453668209582e-08
     13.22633333333361	-1.239453668209582e-08
     13.22666666666694	-1.239453668209582e-08
     13.22700000000028	-1.239453668209582e-08
     13.22733333333361	-1.239453668209582e-08
     13.22766666666694	-1.239453668209582e-08
     13.22800000000028	-1.239453668209582e-08
     13.22833333333361	-1.239453668209582e-08
     13.22866666666695	-1.239453668209582e-08
     13.22900000000028	-1.239453668209582e-08
     13.22933333333361	-1.239453668209582e-08
     13.22966666666695	-1.239453668209582e-08
     13.23000000000028	-1.239453668209582e-08
     13.23033333333361	-1.239453668209582e-08
     13.23066666666695	-1.239453668209582e-08
     13.23100000000028	-1.239453668209582e-08
     13.23133333333362	-1.239453668209582e-08
     13.23166666666695	-1.239453668209582e-08
     13.23200000000028	-1.239453668209582e-08
     13.23233333333362	-1.239453668209582e-08
     13.23266666666695	-1.239453668209582e-08
     13.23300000000028	-1.239453668209582e-08
     13.23333333333362	-1.239453668209582e-08
     13.23366666666695	-1.239453668209582e-08
     13.23400000000029	-1.239453668209582e-08
     13.23433333333362	-1.239453668209582e-08
     13.23466666666695	-1.239453668209582e-08
     13.23500000000029	-1.239453668209582e-08
     13.23533333333362	-1.239453668209582e-08
     13.23566666666695	-1.239453668209582e-08
     13.23600000000029	-1.239453668209582e-08
     13.23633333333362	-1.239453668209582e-08
     13.23666666666696	-1.239453668209582e-08
     13.23700000000029	-1.239453668209582e-08
     13.23733333333362	-1.239453668209582e-08
     13.23766666666696	-1.239453668209582e-08
     13.23800000000029	-1.239453668209582e-08
     13.23833333333362	-1.239453668209582e-08
     13.23866666666696	-1.239453668209582e-08
     13.23900000000029	-1.239453668209582e-08
     13.23933333333363	-1.239453668209582e-08
     13.23966666666696	-1.239453668209582e-08
     13.24000000000029	-1.239453668209582e-08
     13.24033333333363	-1.239453668209582e-08
     13.24066666666696	-1.239453668209582e-08
     13.24100000000029	-1.239453668209582e-08
     13.24133333333363	-1.239453668209582e-08
     13.24166666666696	-1.239453668209582e-08
      13.2420000000003	-1.239453668209582e-08
     13.24233333333363	-1.239453668209582e-08
     13.24266666666696	-1.239453668209582e-08
      13.2430000000003	-1.239453668209582e-08
     13.24333333333363	-1.239453668209582e-08
     13.24366666666696	-1.239453668209582e-08
      13.2440000000003	-1.239453668209582e-08
     13.24433333333363	-1.239453668209582e-08
     13.24466666666697	-1.239453668209582e-08
      13.2450000000003	-1.239453668209582e-08
     13.24533333333363	-1.239453668209582e-08
     13.24566666666697	-1.239453668209582e-08
      13.2460000000003	-1.239453668209582e-08
     13.24633333333363	-1.239453668209582e-08
     13.24666666666697	-1.239453668209582e-08
      13.2470000000003	-1.239453668209582e-08
     13.24733333333364	-1.239453668209582e-08
     13.24766666666697	-1.239453668209582e-08
      13.2480000000003	-1.239453668209582e-08
     13.24833333333364	-1.239453668209582e-08
     13.24866666666697	-1.239453668209582e-08
      13.2490000000003	-1.239453668209582e-08
     13.24933333333364	-1.239453668209582e-08
     13.24966666666697	-1.239453668209582e-08
     13.25000000000031	-1.239453668209582e-08
     13.25033333333364	-1.239453668209582e-08
     13.25066666666697	-1.239453668209582e-08
     13.25100000000031	-1.239453668209582e-08
     13.25133333333364	-1.239453668209582e-08
     13.25166666666697	-1.239453668209582e-08
     13.25200000000031	-1.239453668209582e-08
     13.25233333333364	-1.239453668209582e-08
     13.25266666666698	-1.239453668209582e-08
     13.25300000000031	-1.239453668209582e-08
     13.25333333333364	-1.239453668209582e-08
     13.25366666666698	-1.239453668209582e-08
     13.25400000000031	-1.239453668209582e-08
     13.25433333333364	-1.239453668209582e-08
     13.25466666666698	-1.239453668209582e-08
     13.25500000000031	-1.239453668209582e-08
     13.25533333333365	-1.239453668209582e-08
     13.25566666666698	-1.239453668209582e-08
     13.25600000000031	-1.239453668209582e-08
     13.25633333333365	-1.239453668209582e-08
     13.25666666666698	-1.239453668209582e-08
     13.25700000000031	-1.239453668209582e-08
     13.25733333333365	-1.239453668209582e-08
     13.25766666666698	-1.239453668209582e-08
     13.25800000000032	-1.239453668209582e-08
     13.25833333333365	-1.239453668209582e-08
     13.25866666666698	-1.239453668209582e-08
     13.25900000000032	-1.239453668209582e-08
     13.25933333333365	-1.239453668209582e-08
     13.25966666666698	-1.239453668209582e-08
     13.26000000000032	-1.239453668209582e-08
     13.26033333333365	-1.239453668209582e-08
     13.26066666666699	-1.239453668209582e-08
     13.26100000000032	-1.239453668209582e-08
     13.26133333333365	-1.239453668209582e-08
     13.26166666666699	-1.239453668209582e-08
     13.26200000000032	-1.239453668209582e-08
     13.26233333333365	-1.239453668209582e-08
     13.26266666666699	-1.239453668209582e-08
     13.26300000000032	-1.239453668209582e-08
     13.26333333333366	-1.239453668209582e-08
     13.26366666666699	-1.239453668209582e-08
     13.26400000000032	-1.239453668209582e-08
     13.26433333333366	-1.239453668209582e-08
     13.26466666666699	-1.239453668209582e-08
     13.26500000000032	-1.239453668209582e-08
     13.26533333333366	-1.239453668209582e-08
     13.26566666666699	-1.239453668209582e-08
     13.26600000000033	-1.239453668209582e-08
     13.26633333333366	-1.239453668209582e-08
     13.26666666666699	-1.239453668209582e-08
     13.26700000000033	-1.239453668209582e-08
     13.26733333333366	-1.239453668209582e-08
     13.26766666666699	-1.239453668209582e-08
     13.26800000000033	-1.239453668209582e-08
     13.26833333333366	-1.239453668209582e-08
       13.268666666667	-1.239453668209582e-08
     13.26900000000033	-1.239453668209582e-08
     13.26933333333366	-1.239453668209582e-08
       13.269666666667	-1.239453668209582e-08
     13.27000000000033	-1.239453668209582e-08
     13.27033333333366	-1.239453668209582e-08
       13.270666666667	-1.239453668209582e-08
     13.27100000000033	-1.239453668209582e-08
     13.27133333333366	-1.239453668209582e-08
       13.271666666667	-1.239453668209582e-08
     13.27200000000033	-1.239453668209582e-08
     13.27233333333367	-1.239453668209582e-08
       13.272666666667	-1.239453668209582e-08
     13.27300000000033	-1.239453668209582e-08
     13.27333333333367	-1.239453668209582e-08
       13.273666666667	-1.239453668209582e-08
     13.27400000000033	-1.239453668209582e-08
     13.27433333333367	-1.239453668209582e-08
       13.274666666667	-1.239453668209582e-08
     13.27500000000034	-1.239453668209582e-08
     13.27533333333367	-1.239453668209582e-08
       13.275666666667	-1.239453668209582e-08
     13.27600000000034	-1.239453668209582e-08
     13.27633333333367	-1.239453668209582e-08
       13.276666666667	-1.239453668209582e-08
     13.27700000000034	-1.239453668209582e-08
     13.27733333333367	-1.239453668209582e-08
     13.27766666666701	-1.239453668209582e-08
     13.27800000000034	-1.239453668209582e-08
     13.27833333333367	-1.239453668209582e-08
     13.27866666666701	-1.239453668209582e-08
     13.27900000000034	-1.239453668209582e-08
     13.27933333333367	-1.239453668209582e-08
     13.27966666666701	-1.239453668209582e-08
     13.28000000000034	-1.239453668209582e-08
     13.28033333333368	-1.239453668209582e-08
     13.28066666666701	-1.239453668209582e-08
     13.28100000000034	-1.239453668209582e-08
     13.28133333333368	-1.239453668209582e-08
     13.28166666666701	-1.239453668209582e-08
     13.28200000000034	-1.239453668209582e-08
     13.28233333333368	-1.239453668209582e-08
     13.28266666666701	-1.239453668209582e-08
     13.28300000000035	-1.239453668209582e-08
     13.28333333333368	-1.239453668209582e-08
     13.28366666666701	-1.239453668209582e-08
     13.28400000000035	-1.239453668209582e-08
     13.28433333333368	-1.239453668209582e-08
     13.28466666666701	-1.239453668209582e-08
     13.28500000000035	-1.239453668209582e-08
     13.28533333333368	-1.239453668209582e-08
     13.28566666666702	-1.239453668209582e-08
     13.28600000000035	-1.239453668209582e-08
     13.28633333333368	-1.239453668209582e-08
     13.28666666666702	-1.239453668209582e-08
     13.28700000000035	-1.239453668209582e-08
     13.28733333333368	-1.239453668209582e-08
     13.28766666666702	-1.239453668209582e-08
     13.28800000000035	-1.239453668209582e-08
     13.28833333333369	-1.239453668209582e-08
     13.28866666666702	-1.239453668209582e-08
     13.28900000000035	-1.239453668209582e-08
     13.28933333333369	-1.239453668209582e-08
     13.28966666666702	-1.239453668209582e-08
     13.29000000000035	-1.239453668209582e-08
     13.29033333333369	-1.239453668209582e-08
     13.29066666666702	-1.239453668209582e-08
     13.29100000000036	-1.239453668209582e-08
     13.29133333333369	-1.239453668209582e-08
     13.29166666666702	-1.239453668209582e-08
     13.29200000000036	-1.239453668209582e-08
     13.29233333333369	-1.239453668209582e-08
     13.29266666666702	-1.239453668209582e-08
     13.29300000000036	-1.239453668209582e-08
     13.29333333333369	-1.239453668209582e-08
     13.29366666666703	-1.239453668209582e-08
     13.29400000000036	-1.239453668209582e-08
     13.29433333333369	-1.239453668209582e-08
     13.29466666666703	-1.239453668209582e-08
     13.29500000000036	-1.239453668209582e-08
     13.29533333333369	-1.239453668209582e-08
     13.29566666666703	-1.239453668209582e-08
     13.29600000000036	-1.239453668209582e-08
      13.2963333333337	-1.239453668209582e-08
     13.29666666666703	-1.239453668209582e-08
     13.29700000000036	-1.239453668209582e-08
      13.2973333333337	-1.239453668209582e-08
     13.29766666666703	-1.239453668209582e-08
     13.29800000000036	-1.239453668209582e-08
      13.2983333333337	-1.239453668209582e-08
     13.29866666666703	-1.239453668209582e-08
     13.29900000000037	-1.239453668209582e-08
      13.2993333333337	-1.239453668209582e-08
     13.29966666666703	-1.239453668209582e-08
     13.30000000000037	-1.239453668209582e-08
      13.3003333333337	-1.239453668209582e-08
     13.30066666666703	-1.239453668209582e-08
     13.30100000000037	-1.239453668209582e-08
      13.3013333333337	-1.239453668209582e-08
     13.30166666666704	-1.239453668209582e-08
     13.30200000000037	-1.239453668209582e-08
      13.3023333333337	-1.239453668209582e-08
     13.30266666666704	-1.239453668209582e-08
     13.30300000000037	-1.239453668209582e-08
      13.3033333333337	-1.239453668209582e-08
     13.30366666666704	-1.239453668209582e-08
     13.30400000000037	-1.239453668209582e-08
     13.30433333333371	-1.239453668209582e-08
     13.30466666666704	-1.239453668209582e-08
     13.30500000000037	-1.239453668209582e-08
     13.30533333333371	-1.239453668209582e-08
     13.30566666666704	-1.239453668209582e-08
     13.30600000000037	-1.239453668209582e-08
     13.30633333333371	-1.239453668209582e-08
     13.30666666666704	-1.239453668209582e-08
     13.30700000000038	-1.239453668209582e-08
     13.30733333333371	-1.239453668209582e-08
     13.30766666666704	-1.239453668209582e-08
     13.30800000000038	-1.239453668209582e-08
     13.30833333333371	-1.239453668209582e-08
     13.30866666666704	-1.239453668209582e-08
     13.30900000000038	-1.239453668209582e-08
     13.30933333333371	-1.239453668209582e-08
     13.30966666666705	-1.239453668209582e-08
     13.31000000000038	-1.239453668209582e-08
     13.31033333333371	-1.239453668209582e-08
     13.31066666666705	-1.239453668209582e-08
     13.31100000000038	-1.239453668209582e-08
     13.31133333333371	-1.239453668209582e-08
     13.31166666666705	-1.239453668209582e-08
     13.31200000000038	-1.239453668209582e-08
     13.31233333333372	-1.239453668209582e-08
     13.31266666666705	-1.239453668209582e-08
     13.31300000000038	-1.239453668209582e-08
     13.31333333333372	-1.239453668209582e-08
     13.31366666666705	-1.239453668209582e-08
     13.31400000000038	-1.239453668209582e-08
     13.31433333333372	-1.239453668209582e-08
     13.31466666666705	-1.239453668209582e-08
     13.31500000000038	-1.239453668209582e-08
     13.31533333333372	-1.239453668209582e-08
     13.31566666666705	-1.239453668209582e-08
     13.31600000000039	-1.239453668209582e-08
     13.31633333333372	-1.239453668209582e-08
     13.31666666666705	-1.239453668209582e-08
     13.31700000000039	-1.239453668209582e-08
     13.31733333333372	-1.239453668209582e-08
     13.31766666666705	-1.239453668209582e-08
     13.31800000000039	-1.239453668209582e-08
     13.31833333333372	-1.239453668209582e-08
     13.31866666666706	-1.239453668209582e-08

     14.00033333333333	-1.129858258356306e-08
     14.00066666666667	-1.129858258356306e-08
                14.001	-1.129858258356306e-08
     14.00133333333333	-1.129858258356306e-08
     14.00166666666667	-1.129858258356306e-08
                14.002	-1.129858258356306e-08
     14.00233333333334	-1.129858258356306e-08
     14.00266666666667	-1.129858258356306e-08
                14.003	-1.129858258356306e-08
     14.00333333333334	-1.129858258356306e-08
     14.00366666666667	-1.129858258356306e-08
                14.004	-1.129858258356306e-08
     14.00433333333334	-1.129858258356306e-08
     14.00466666666667	-1.129858258356306e-08
     14.00500000000001	-1.129858258356306e-08
     14.00533333333334	-1.129858258356306e-08
     14.00566666666667	-1.129858258356306e-08
     14.00600000000001	-1.129858258356306e-08
     14.00633333333334	-1.129858258356306e-08
     14.00666666666667	-1.129858258356306e-08
     14.00700000000001	-1.129858258356306e-08
     14.00733333333334	-1.129858258356306e-08
     14.00766666666668	-1.129858258356306e-08
     14.00800000000001	-1.129858258356306e-08
     14.00833333333334	-1.129858258356306e-08
     14.00866666666668	-1.129858258356306e-08
     14.00900000000001	-1.129858258356306e-08
     14.00933333333334	-1.129858258356306e-08
     14.00966666666668	-1.129858258356306e-08
     14.01000000000001	-1.129858258356306e-08
     14.01033333333335	-1.129858258356306e-08
     14.01066666666668	-1.129858258356306e-08
     14.01100000000001	-1.129858258356306e-08
     14.01133333333335	-1.129858258356306e-08
     14.01166666666668	-1.129858258356306e-08
     14.01200000000001	-1.129858258356306e-08
     14.01233333333335	-1.129858258356306e-08
     14.01266666666668	-1.129858258356306e-08
     14.01300000000002	-1.129858258356306e-08
     14.01333333333335	-1.129858258356306e-08
     14.01366666666668	-1.129858258356306e-08
     14.01400000000002	-1.129858258356306e-08
     14.01433333333335	-1.129858258356306e-08
     14.01466666666668	-1.129858258356306e-08
     14.01500000000002	-1.129858258356306e-08
     14.01533333333335	-1.129858258356306e-08
     14.01566666666669	-1.129858258356306e-08
     14.01600000000002	-1.129858258356306e-08
     14.01633333333335	-1.129858258356306e-08
     14.01666666666669	-1.129858258356306e-08
     14.01700000000002	-1.129858258356306e-08
     14.01733333333335	-1.129858258356306e-08
     14.01766666666669	-1.129858258356306e-08
     14.01800000000002	-1.129858258356306e-08
     14.01833333333336	-1.129858258356306e-08
     14.01866666666669	-1.129858258356306e-08
     14.01900000000002	-1.129858258356306e-08
     14.01933333333336	-1.129858258356306e-08
     14.01966666666669	-1.129858258356306e-08
     14.02000000000002	-1.129858258356306e-08
     14.02033333333336	-1.129858258356306e-08
     14.02066666666669	-1.129858258356306e-08
     14.02100000000003	-1.129858258356306e-08
     14.02133333333336	-1.129858258356306e-08
     14.02166666666669	-1.129858258356306e-08
     14.02200000000003	-1.129858258356306e-08
     14.02233333333336	-1.129858258356306e-08
     14.02266666666669	-1.129858258356306e-08
     14.02300000000003	-1.129858258356306e-08
     14.02333333333336	-1.129858258356306e-08
      14.0236666666667	-1.129858258356306e-08
     14.02400000000003	-1.129858258356306e-08
     14.02433333333336	-1.129858258356306e-08
      14.0246666666667	-1.129858258356306e-08
     14.02500000000003	-1.129858258356306e-08
     14.02533333333336	-1.129858258356306e-08
      14.0256666666667	-1.129858258356306e-08
     14.02600000000003	-1.129858258356306e-08
     14.02633333333337	-1.129858258356306e-08
      14.0266666666667	-1.129858258356306e-08
     14.02700000000003	-1.129858258356306e-08
     14.02733333333337	-1.129858258356306e-08
      14.0276666666667	-1.129858258356306e-08
     14.02800000000003	-1.129858258356306e-08
     14.02833333333337	-1.129858258356306e-08
      14.0286666666667	-1.129858258356306e-08
     14.02900000000004	-1.129858258356306e-08
     14.02933333333337	-1.129858258356306e-08
      14.0296666666667	-1.129858258356306e-08
     14.03000000000004	-1.129858258356306e-08
     14.03033333333337	-1.129858258356306e-08
      14.0306666666667	-1.129858258356306e-08
     14.03100000000004	-1.129858258356306e-08
     14.03133333333337	-1.129858258356306e-08
     14.03166666666671	-1.129858258356306e-08
     14.03200000000004	-1.129858258356306e-08
     14.03233333333337	-1.129858258356306e-08
     14.03266666666671	-1.129858258356306e-08
     14.03300000000004	-1.129858258356306e-08
     14.03333333333337	-1.129858258356306e-08
     14.03366666666671	-1.129858258356306e-08
     14.03400000000004	-1.129858258356306e-08
     14.03433333333338	-1.129858258356306e-08
     14.03466666666671	-1.129858258356306e-08
     14.03500000000004	-1.129858258356306e-08
     14.03533333333338	-1.129858258356306e-08
     14.03566666666671	-1.129858258356306e-08
     14.03600000000004	-1.129858258356306e-08
     14.03633333333338	-1.129858258356306e-08
     14.03666666666671	-1.129858258356306e-08
     14.03700000000005	-1.129858258356306e-08
     14.03733333333338	-1.129858258356306e-08
     14.03766666666671	-1.129858258356306e-08
     14.03800000000005	-1.129858258356306e-08
     14.03833333333338	-1.129858258356306e-08
     14.03866666666671	-1.129858258356306e-08
     14.03900000000005	-1.129858258356306e-08
     14.03933333333338	-1.129858258356306e-08
     14.03966666666672	-1.129858258356306e-08
     14.04000000000005	-1.129858258356306e-08
     14.04033333333338	-1.129858258356306e-08
     14.04066666666672	-1.129858258356306e-08
     14.04100000000005	-1.129858258356306e-08
     14.04133333333338	-1.129858258356306e-08
     14.04166666666672	-1.129858258356306e-08
     14.04200000000005	-1.129858258356306e-08
     14.04233333333339	-1.129858258356306e-08
     14.04266666666672	-1.129858258356306e-08
     14.04300000000005	-1.129858258356306e-08
     14.04333333333339	-1.129858258356306e-08
     14.04366666666672	-1.129858258356306e-08
     14.04400000000005	-1.129858258356306e-08
     14.04433333333339	-1.129858258356306e-08
     14.04466666666672	-1.129858258356306e-08
     14.04500000000005	-1.129858258356306e-08
     14.04533333333339	-1.129858258356306e-08
     14.04566666666672	-1.129858258356306e-08
     14.04600000000006	-1.129858258356306e-08
     14.04633333333339	-1.129858258356306e-08
     14.04666666666672	-1.129858258356306e-08
     14.04700000000006	-1.129858258356306e-08
     14.04733333333339	-1.129858258356306e-08
     14.04766666666672	-1.129858258356306e-08
     14.04800000000006	-1.129858258356306e-08
     14.04833333333339	-1.129858258356306e-08
     14.04866666666673	-1.129858258356306e-08
     14.04900000000006	-1.129858258356306e-08
     14.04933333333339	-1.129858258356306e-08
     14.04966666666673	-1.129858258356306e-08
     14.05000000000006	-1.129858258356306e-08
     14.05033333333339	-1.129858258356306e-08
     14.05066666666673	-1.129858258356306e-08
     14.05100000000006	-1.129858258356306e-08
      14.0513333333334	-1.129858258356306e-08
     14.05166666666673	-1.129858258356306e-08
     14.05200000000006	-1.129858258356306e-08
      14.0523333333334	-1.129858258356306e-08
     14.05266666666673	-1.129858258356306e-08
     14.05300000000006	-1.129858258356306e-08
      14.0533333333334	-1.129858258356306e-08
     14.05366666666673	-1.129858258356306e-08
     14.05400000000007	-1.129858258356306e-08
      14.0543333333334	-1.129858258356306e-08
     14.05466666666673	-1.129858258356306e-08
     14.05500000000007	-1.129858258356306e-08
      14.0553333333334	-1.129858258356306e-08
     14.05566666666673	-1.129858258356306e-08
     14.05600000000007	-1.129858258356306e-08
      14.0563333333334	-1.129858258356306e-08
     14.05666666666674	-1.129858258356306e-08
     14.05700000000007	-1.129858258356306e-08
      14.0573333333334	-1.129858258356306e-08
     14.05766666666674	-1.129858258356306e-08
     14.05800000000007	-1.129858258356306e-08
      14.0583333333334	-1.129858258356306e-08
     14.05866666666674	-1.129858258356306e-08
     14.05900000000007	-1.129858258356306e-08
     14.05933333333341	-1.129858258356306e-08
     14.05966666666674	-1.129858258356306e-08
     14.06000000000007	-1.129858258356306e-08
     14.06033333333341	-1.129858258356306e-08
     14.06066666666674	-1.129858258356306e-08
     14.06100000000007	-1.129858258356306e-08
     14.06133333333341	-1.129858258356306e-08
     14.06166666666674	-1.129858258356306e-08
     14.06200000000008	-1.129858258356306e-08
     14.06233333333341	-1.129858258356306e-08
     14.06266666666674	-1.129858258356306e-08
     14.06300000000008	-1.129858258356306e-08
     14.06333333333341	-1.129858258356306e-08
     14.06366666666674	-1.129858258356306e-08
     14.06400000000008	-1.129858258356306e-08
     14.06433333333341	-1.129858258356306e-08
     14.06466666666675	-1.129858258356306e-08
     14.06500000000008	-1.129858258356306e-08
     14.06533333333341	-1.129858258356306e-08
     14.06566666666675	-1.129858258356306e-08
     14.06600000000008	-1.129858258356306e-08
     14.06633333333341	-1.129858258356306e-08
     14.06666666666675	-1.129858258356306e-08
     14.06700000000008	-1.129858258356306e-08
     14.06733333333342	-1.129858258356306e-08
     14.06766666666675	-1.129858258356306e-08
     14.06800000000008	-1.129858258356306e-08
     14.06833333333342	-1.129858258356306e-08
     14.06866666666675	-1.129858258356306e-08
     14.06900000000008	-1.129858258356306e-08
     14.06933333333342	-1.129858258356306e-08
     14.06966666666675	-1.129858258356306e-08
     14.07000000000009	-1.129858258356306e-08
     14.07033333333342	-1.129858258356306e-08
     14.07066666666675	-1.129858258356306e-08
     14.07100000000009	-1.129858258356306e-08
     14.07133333333342	-1.129858258356306e-08
     14.07166666666675	-1.129858258356306e-08
     14.07200000000009	-1.129858258356306e-08
     14.07233333333342	-1.129858258356306e-08
     14.07266666666676	-1.129858258356306e-08
     14.07300000000009	-1.129858258356306e-08
     14.07333333333342	-1.129858258356306e-08
     14.07366666666676	-1.129858258356306e-08
     14.07400000000009	-1.129858258356306e-08
     14.07433333333342	-1.129858258356306e-08
     14.07466666666676	-1.129858258356306e-08
     14.07500000000009	-1.129858258356306e-08
     14.07533333333343	-1.129858258356306e-08
     14.07566666666676	-1.129858258356306e-08
     14.07600000000009	-1.129858258356306e-08
     14.07633333333343	-1.129858258356306e-08
     14.07666666666676	-1.129858258356306e-08
     14.07700000000009	-1.129858258356306e-08
     14.07733333333343	-1.129858258356306e-08
     14.07766666666676	-1.129858258356306e-08
      14.0780000000001	-1.129858258356306e-08
     14.07833333333343	-1.129858258356306e-08
     14.07866666666676	-1.129858258356306e-08
      14.0790000000001	-1.129858258356306e-08
     14.07933333333343	-1.129858258356306e-08
     14.07966666666676	-1.129858258356306e-08
      14.0800000000001	-1.129858258356306e-08
     14.08033333333343	-1.129858258356306e-08
     14.08066666666677	-1.129858258356306e-08
      14.0810000000001	-1.129858258356306e-08
     14.08133333333343	-1.129858258356306e-08
     14.08166666666677	-1.129858258356306e-08
      14.0820000000001	-1.129858258356306e-08
     14.08233333333343	-1.129858258356306e-08
     14.08266666666677	-1.129858258356306e-08
      14.0830000000001	-1.129858258356306e-08
     14.08333333333344	-1.129858258356306e-08
     14.08366666666677	-1.129858258356306e-08
      14.0840000000001	-1.129858258356306e-08
     14.08433333333344	-1.129858258356306e-08
     14.08466666666677	-1.129858258356306e-08
      14.0850000000001	-1.129858258356306e-08
     14.08533333333344	-1.129858258356306e-08
     14.08566666666677	-1.129858258356306e-08
     14.08600000000011	-1.129858258356306e-08
     14.08633333333344	-1.129858258356306e-08
     14.08666666666677	-1.129858258356306e-08
     14.08700000000011	-1.129858258356306e-08
     14.08733333333344	-1.129858258356306e-08
     14.08766666666677	-1.129858258356306e-08
     14.08800000000011	-1.129858258356306e-08
     14.08833333333344	-1.129858258356306e-08
     14.08866666666678	-1.129858258356306e-08
     14.08900000000011	-1.129858258356306e-08
     14.08933333333344	-1.129858258356306e-08
     14.08966666666678	-1.129858258356306e-08
     14.09000000000011	-1.129858258356306e-08
     14.09033333333344	-1.129858258356306e-08
     14.09066666666678	-1.129858258356306e-08
     14.09100000000011	-1.129858258356306e-08
     14.09133333333344	-1.129858258356306e-08
     14.09166666666678	-1.129858258356306e-08
     14.09200000000011	-1.129858258356306e-08
     14.09233333333345	-1.129858258356306e-08
     14.09266666666678	-1.129858258356306e-08
     14.09300000000011	-1.129858258356306e-08
     14.09333333333345	-1.129858258356306e-08
     14.09366666666678	-1.129858258356306e-08
     14.09400000000011	-1.129858258356306e-08
     14.09433333333345	-1.129858258356306e-08
     14.09466666666678	-1.129858258356306e-08
     14.09500000000012	-1.129858258356306e-08
     14.09533333333345	-1.129858258356306e-08
     14.09566666666678	-1.129858258356306e-08
     14.09600000000012	-1.129858258356306e-08
     14.09633333333345	-1.129858258356306e-08
     14.09666666666678	-1.129858258356306e-08
     14.09700000000012	-1.129858258356306e-08
     14.09733333333345	-1.129858258356306e-08
     14.09766666666679	-1.129858258356306e-08
     14.09800000000012	-1.129858258356306e-08
     14.09833333333345	-1.129858258356306e-08
     14.09866666666679	-1.129858258356306e-08
     14.09900000000012	-1.129858258356306e-08
     14.09933333333345	-1.129858258356306e-08
     14.09966666666679	-1.129858258356306e-08
     14.10000000000012	-1.129858258356306e-08
     14.10033333333346	-1.129858258356306e-08
     14.10066666666679	-1.129858258356306e-08
     14.10100000000012	-1.129858258356306e-08
     14.10133333333346	-1.129858258356306e-08
     14.10166666666679	-1.129858258356306e-08
     14.10200000000012	-1.129858258356306e-08
     14.10233333333346	-1.129858258356306e-08
     14.10266666666679	-1.129858258356306e-08
     14.10300000000013	-1.129858258356306e-08
     14.10333333333346	-1.129858258356306e-08
     14.10366666666679	-1.129858258356306e-08
     14.10400000000013	-1.129858258356306e-08
     14.10433333333346	-1.129858258356306e-08
     14.10466666666679	-1.129858258356306e-08
     14.10500000000013	-1.129858258356306e-08
     14.10533333333346	-1.129858258356306e-08
      14.1056666666668	-1.129858258356306e-08
     14.10600000000013	-1.129858258356306e-08
     14.10633333333346	-1.129858258356306e-08
      14.1066666666668	-1.129858258356306e-08
     14.10700000000013	-1.129858258356306e-08
     14.10733333333346	-1.129858258356306e-08
      14.1076666666668	-1.129858258356306e-08
     14.10800000000013	-1.129858258356306e-08
     14.10833333333347	-1.129858258356306e-08
      14.1086666666668	-1.129858258356306e-08
     14.10900000000013	-1.129858258356306e-08
     14.10933333333347	-1.129858258356306e-08
      14.1096666666668	-1.129858258356306e-08
     14.11000000000013	-1.129858258356306e-08
     14.11033333333347	-1.129858258356306e-08
      14.1106666666668	-1.129858258356306e-08
     14.11100000000014	-1.129858258356306e-08
     14.11133333333347	-1.129858258356306e-08
      14.1116666666668	-1.129858258356306e-08
     14.11200000000014	-1.129858258356306e-08
     14.11233333333347	-1.129858258356306e-08
      14.1126666666668	-1.129858258356306e-08
     14.11300000000014	-1.129858258356306e-08
     14.11333333333347	-1.129858258356306e-08
     14.11366666666681	-1.129858258356306e-08
     14.11400000000014	-1.129858258356306e-08
     14.11433333333347	-1.129858258356306e-08
     14.11466666666681	-1.129858258356306e-08
     14.11500000000014	-1.129858258356306e-08
     14.11533333333347	-1.129858258356306e-08
     14.11566666666681	-1.129858258356306e-08
     14.11600000000014	-1.129858258356306e-08
     14.11633333333348	-1.129858258356306e-08
     14.11666666666681	-1.129858258356306e-08
     14.11700000000014	-1.129858258356306e-08
     14.11733333333348	-1.129858258356306e-08
     14.11766666666681	-1.129858258356306e-08
     14.11800000000014	-1.129858258356306e-08
     14.11833333333348	-1.129858258356306e-08
     14.11866666666681	-1.129858258356306e-08
     14.11900000000015	-1.129858258356306e-08
     14.11933333333348	-1.129858258356306e-08
     14.11966666666681	-1.129858258356306e-08
     14.12000000000015	-1.129858258356306e-08
     14.12033333333348	-1.129858258356306e-08
     14.12066666666681	-1.129858258356306e-08
     14.12100000000015	-1.129858258356306e-08
     14.12133333333348	-1.129858258356306e-08
     14.12166666666682	-1.129858258356306e-08
     14.12200000000015	-1.129858258356306e-08
     14.12233333333348	-1.129858258356306e-08
     14.12266666666682	-1.129858258356306e-08
     14.12300000000015	-1.129858258356306e-08
     14.12333333333348	-1.129858258356306e-08
     14.12366666666682	-1.129858258356306e-08
     14.12400000000015	-1.129858258356306e-08
     14.12433333333349	-1.129858258356306e-08
     14.12466666666682	-1.129858258356306e-08
     14.12500000000015	-1.129858258356306e-08
     14.12533333333349	-1.129858258356306e-08
     14.12566666666682	-1.129858258356306e-08
     14.12600000000015	-1.129858258356306e-08
     14.12633333333349	-1.129858258356306e-08
     14.12666666666682	-1.129858258356306e-08
     14.12700000000016	-1.129858258356306e-08
     14.12733333333349	-1.129858258356306e-08
     14.12766666666682	-1.129858258356306e-08
     14.12800000000016	-1.129858258356306e-08
     14.12833333333349	-1.129858258356306e-08
     14.12866666666682	-1.129858258356306e-08
     14.12900000000016	-1.129858258356306e-08
     14.12933333333349	-1.129858258356306e-08
     14.12966666666683	-1.129858258356306e-08
     14.13000000000016	-1.129858258356306e-08
     14.13033333333349	-1.129858258356306e-08
     14.13066666666683	-1.129858258356306e-08
     14.13100000000016	-1.129858258356306e-08
     14.13133333333349	-1.129858258356306e-08
     14.13166666666683	-1.129858258356306e-08
     14.13200000000016	-1.129858258356306e-08
      14.1323333333335	-1.129858258356306e-08
     14.13266666666683	-1.129858258356306e-08
     14.13300000000016	-1.129858258356306e-08
      14.1333333333335	-1.129858258356306e-08
     14.13366666666683	-1.129858258356306e-08
     14.13400000000016	-1.129858258356306e-08
      14.1343333333335	-1.129858258356306e-08
     14.13466666666683	-1.129858258356306e-08
     14.13500000000016	-1.129858258356306e-08
      14.1353333333335	-1.129858258356306e-08
     14.13566666666683	-1.129858258356306e-08
     14.13600000000017	-1.129858258356306e-08
      14.1363333333335	-1.129858258356306e-08
     14.13666666666683	-1.129858258356306e-08
     14.13700000000017	-1.129858258356306e-08
      14.1373333333335	-1.129858258356306e-08
     14.13766666666683	-1.129858258356306e-08
     14.13800000000017	-1.129858258356306e-08
      14.1383333333335	-1.129858258356306e-08
     14.13866666666684	-1.129858258356306e-08
     14.13900000000017	-1.129858258356306e-08
      14.1393333333335	-1.129858258356306e-08
     14.13966666666684	-1.129858258356306e-08
     14.14000000000017	-1.129858258356306e-08
      14.1403333333335	-1.129858258356306e-08
     14.14066666666684	-1.129858258356306e-08
     14.14100000000017	-1.129858258356306e-08
     14.14133333333351	-1.129858258356306e-08
     14.14166666666684	-1.129858258356306e-08
     14.14200000000017	-1.129858258356306e-08
     14.14233333333351	-1.129858258356306e-08
     14.14266666666684	-1.129858258356306e-08
     14.14300000000017	-1.129858258356306e-08
     14.14333333333351	-1.129858258356306e-08
     14.14366666666684	-1.129858258356306e-08
     14.14400000000018	-1.129858258356306e-08
     14.14433333333351	-1.129858258356306e-08
     14.14466666666684	-1.129858258356306e-08
     14.14500000000018	-1.129858258356306e-08
     14.14533333333351	-1.129858258356306e-08
     14.14566666666684	-1.129858258356306e-08
     14.14600000000018	-1.129858258356306e-08
     14.14633333333351	-1.129858258356306e-08
     14.14666666666685	-1.129858258356306e-08
     14.14700000000018	-1.129858258356306e-08
     14.14733333333351	-1.129858258356306e-08
     14.14766666666685	-1.129858258356306e-08
     14.14800000000018	-1.129858258356306e-08
     14.14833333333351	-1.129858258356306e-08
     14.14866666666685	-1.129858258356306e-08
     14.14900000000018	-1.129858258356306e-08
     14.14933333333352	-1.129858258356306e-08
     14.14966666666685	-1.129858258356306e-08
     14.15000000000018	-1.129858258356306e-08
     14.15033333333352	-1.129858258356306e-08
     14.15066666666685	-1.129858258356306e-08
     14.15100000000018	-1.129858258356306e-08
     14.15133333333352	-1.129858258356306e-08
     14.15166666666685	-1.129858258356306e-08
     14.15200000000019	-1.129858258356306e-08
     14.15233333333352	-1.129858258356306e-08
     14.15266666666685	-1.129858258356306e-08
     14.15300000000019	-1.129858258356306e-08
     14.15333333333352	-1.129858258356306e-08
     14.15366666666685	-1.129858258356306e-08
     14.15400000000019	-1.129858258356306e-08
     14.15433333333352	-1.129858258356306e-08
     14.15466666666686	-1.129858258356306e-08
     14.15500000000019	-1.129858258356306e-08
     14.15533333333352	-1.129858258356306e-08
     14.15566666666686	-1.129858258356306e-08
     14.15600000000019	-1.129858258356306e-08
     14.15633333333352	-1.129858258356306e-08
     14.15666666666686	-1.129858258356306e-08
     14.15700000000019	-1.129858258356306e-08
     14.15733333333353	-1.129858258356306e-08
     14.15766666666686	-1.129858258356306e-08
     14.15800000000019	-1.129858258356306e-08
     14.15833333333353	-1.129858258356306e-08
     14.15866666666686	-1.129858258356306e-08
     14.15900000000019	-1.129858258356306e-08
     14.15933333333353	-1.129858258356306e-08
     14.15966666666686	-1.129858258356306e-08
      14.1600000000002	-1.129858258356306e-08
     14.16033333333353	-1.129858258356306e-08
     14.16066666666686	-1.129858258356306e-08
      14.1610000000002	-1.129858258356306e-08
     14.16133333333353	-1.129858258356306e-08
     14.16166666666686	-1.129858258356306e-08
      14.1620000000002	-1.129858258356306e-08
     14.16233333333353	-1.129858258356306e-08
     14.16266666666687	-1.129858258356306e-08
      14.1630000000002	-1.129858258356306e-08
     14.16333333333353	-1.129858258356306e-08
     14.16366666666687	-1.129858258356306e-08
      14.1640000000002	-1.129858258356306e-08
     14.16433333333353	-1.129858258356306e-08
     14.16466666666687	-1.129858258356306e-08
      14.1650000000002	-1.129858258356306e-08
     14.16533333333354	-1.129858258356306e-08
     14.16566666666687	-1.129858258356306e-08
      14.1660000000002	-1.129858258356306e-08
     14.16633333333354	-1.129858258356306e-08
     14.16666666666687	-1.129858258356306e-08
      14.1670000000002	-1.129858258356306e-08
     14.16733333333354	-1.129858258356306e-08
     14.16766666666687	-1.129858258356306e-08
     14.16800000000021	-1.129858258356306e-08
     14.16833333333354	-1.129858258356306e-08
     14.16866666666687	-1.129858258356306e-08
     14.16900000000021	-1.129858258356306e-08
     14.16933333333354	-1.129858258356306e-08
     14.16966666666687	-1.129858258356306e-08
     14.17000000000021	-1.129858258356306e-08
     14.17033333333354	-1.129858258356306e-08
     14.17066666666688	-1.129858258356306e-08
     14.17100000000021	-1.129858258356306e-08
     14.17133333333354	-1.129858258356306e-08
     14.17166666666688	-1.129858258356306e-08
     14.17200000000021	-1.129858258356306e-08
     14.17233333333354	-1.129858258356306e-08
     14.17266666666688	-1.129858258356306e-08
     14.17300000000021	-1.129858258356306e-08
     14.17333333333355	-1.129858258356306e-08
     14.17366666666688	-1.129858258356306e-08
     14.17400000000021	-1.129858258356306e-08
     14.17433333333355	-1.129858258356306e-08
     14.17466666666688	-1.129858258356306e-08
     14.17500000000021	-1.129858258356306e-08
     14.17533333333355	-1.129858258356306e-08
     14.17566666666688	-1.129858258356306e-08
     14.17600000000022	-1.129858258356306e-08
     14.17633333333355	-1.129858258356306e-08
     14.17666666666688	-1.129858258356306e-08
     14.17700000000022	-1.129858258356306e-08
     14.17733333333355	-1.129858258356306e-08
     14.17766666666688	-1.129858258356306e-08
     14.17800000000022	-1.129858258356306e-08
     14.17833333333355	-1.129858258356306e-08
     14.17866666666689	-1.129858258356306e-08
     14.17900000000022	-1.129858258356306e-08
     14.17933333333355	-1.129858258356306e-08
     14.17966666666689	-1.129858258356306e-08
     14.18000000000022	-1.129858258356306e-08
     14.18033333333355	-1.129858258356306e-08
     14.18066666666689	-1.129858258356306e-08
     14.18100000000022	-1.129858258356306e-08
     14.18133333333355	-1.129858258356306e-08
     14.18166666666689	-1.129858258356306e-08
     14.18200000000022	-1.129858258356306e-08
     14.18233333333356	-1.129858258356306e-08
     14.18266666666689	-1.129858258356306e-08
     14.18300000000022	-1.129858258356306e-08
     14.18333333333356	-1.129858258356306e-08
     14.18366666666689	-1.129858258356306e-08
     14.18400000000022	-1.129858258356306e-08
     14.18433333333356	-1.129858258356306e-08
     14.18466666666689	-1.129858258356306e-08
     14.18500000000023	-1.129858258356306e-08
     14.18533333333356	-1.129858258356306e-08
     14.18566666666689	-1.129858258356306e-08
     14.18600000000023	-1.129858258356306e-08
     14.18633333333356	-1.129858258356306e-08
     14.18666666666689	-1.129858258356306e-08
     14.18700000000023	-1.129858258356306e-08
     14.18733333333356	-1.129858258356306e-08
      14.1876666666669	-1.129858258356306e-08
     14.18800000000023	-1.129858258356306e-08
     14.18833333333356	-1.129858258356306e-08
      14.1886666666669	-1.129858258356306e-08
     14.18900000000023	-1.129858258356306e-08
     14.18933333333356	-1.129858258356306e-08
      14.1896666666669	-1.129858258356306e-08
     14.19000000000023	-1.129858258356306e-08
     14.19033333333357	-1.129858258356306e-08
      14.1906666666669	-1.129858258356306e-08
     14.19100000000023	-1.129858258356306e-08
     14.19133333333357	-1.129858258356306e-08
      14.1916666666669	-1.129858258356306e-08
     14.19200000000023	-1.129858258356306e-08
     14.19233333333357	-1.129858258356306e-08
      14.1926666666669	-1.129858258356306e-08
     14.19300000000024	-1.129858258356306e-08
     14.19333333333357	-1.129858258356306e-08
      14.1936666666669	-1.129858258356306e-08
     14.19400000000024	-1.129858258356306e-08
     14.19433333333357	-1.129858258356306e-08
      14.1946666666669	-1.129858258356306e-08
     14.19500000000024	-1.129858258356306e-08
     14.19533333333357	-1.129858258356306e-08
     14.19566666666691	-1.129858258356306e-08
     14.19600000000024	-1.129858258356306e-08
     14.19633333333357	-1.129858258356306e-08
     14.19666666666691	-1.129858258356306e-08
     14.19700000000024	-1.129858258356306e-08
     14.19733333333357	-1.129858258356306e-08
     14.19766666666691	-1.129858258356306e-08
     14.19800000000024	-1.129858258356306e-08
     14.19833333333358	-1.129858258356306e-08
     14.19866666666691	-1.129858258356306e-08
     14.19900000000024	-1.129858258356306e-08
     14.19933333333358	-1.129858258356306e-08
     14.19966666666691	-1.129858258356306e-08
     14.20000000000024	-1.129858258356306e-08
     14.20033333333358	-1.129858258356306e-08
     14.20066666666691	-1.129858258356306e-08
     14.20100000000025	-1.129858258356306e-08
     14.20133333333358	-1.129858258356306e-08
     14.20166666666691	-1.129858258356306e-08
     14.20200000000025	-1.129858258356306e-08
     14.20233333333358	-1.129858258356306e-08
     14.20266666666691	-1.129858258356306e-08
     14.20300000000025	-1.129858258356306e-08
     14.20333333333358	-1.129858258356306e-08
     14.20366666666692	-1.129858258356306e-08
     14.20400000000025	-1.129858258356306e-08
     14.20433333333358	-1.129858258356306e-08
     14.20466666666692	-1.129858258356306e-08
     14.20500000000025	-1.129858258356306e-08
     14.20533333333358	-1.129858258356306e-08
     14.20566666666692	-1.129858258356306e-08
     14.20600000000025	-1.129858258356306e-08
     14.20633333333359	-1.129858258356306e-08
     14.20666666666692	-1.129858258356306e-08
     14.20700000000025	-1.129858258356306e-08
     14.20733333333359	-1.129858258356306e-08
     14.20766666666692	-1.129858258356306e-08
     14.20800000000025	-1.129858258356306e-08
     14.20833333333359	-1.129858258356306e-08
     14.20866666666692	-1.129858258356306e-08
     14.20900000000026	-1.129858258356306e-08
     14.20933333333359	-1.129858258356306e-08
     14.20966666666692	-1.129858258356306e-08
     14.21000000000026	-1.129858258356306e-08
     14.21033333333359	-1.129858258356306e-08
     14.21066666666692	-1.129858258356306e-08
     14.21100000000026	-1.129858258356306e-08
     14.21133333333359	-1.129858258356306e-08
     14.21166666666693	-1.129858258356306e-08
     14.21200000000026	-1.129858258356306e-08
     14.21233333333359	-1.129858258356306e-08
     14.21266666666693	-1.129858258356306e-08
     14.21300000000026	-1.129858258356306e-08
     14.21333333333359	-1.129858258356306e-08
     14.21366666666693	-1.129858258356306e-08
     14.21400000000026	-1.129858258356306e-08
      14.2143333333336	-1.129858258356306e-08
     14.21466666666693	-1.129858258356306e-08
     14.21500000000026	-1.129858258356306e-08
      14.2153333333336	-1.129858258356306e-08
     14.21566666666693	-1.129858258356306e-08
     14.21600000000026	-1.129858258356306e-08
      14.2163333333336	-1.129858258356306e-08
     14.21666666666693	-1.129858258356306e-08
     14.21700000000027	-1.129858258356306e-08
      14.2173333333336	-1.129858258356306e-08
     14.21766666666693	-1.129858258356306e-08
     14.21800000000027	-1.129858258356306e-08
      14.2183333333336	-1.129858258356306e-08
     14.21866666666693	-1.129858258356306e-08
     14.21900000000027	-1.129858258356306e-08
      14.2193333333336	-1.129858258356306e-08
     14.21966666666694	-1.129858258356306e-08
     14.22000000000027	-1.129858258356306e-08
      14.2203333333336	-1.129858258356306e-08
     14.22066666666694	-1.129858258356306e-08
     14.22100000000027	-1.129858258356306e-08
      14.2213333333336	-1.129858258356306e-08
     14.22166666666694	-1.129858258356306e-08
     14.22200000000027	-1.129858258356306e-08
     14.22233333333361	-1.129858258356306e-08
     14.22266666666694	-1.129858258356306e-08
     14.22300000000027	-1.129858258356306e-08
     14.22333333333361	-1.129858258356306e-08
     14.22366666666694	-1.129858258356306e-08
     14.22400000000027	-1.129858258356306e-08
     14.22433333333361	-1.129858258356306e-08
     14.22466666666694	-1.129858258356306e-08
     14.22500000000027	-1.129858258356306e-08
     14.22533333333361	-1.129858258356306e-08
     14.22566666666694	-1.129858258356306e-08
     14.22600000000028	-1.129858258356306e-08
     14.22633333333361	-1.129858258356306e-08
     14.22666666666694	-1.129858258356306e-08
     14.22700000000028	-1.129858258356306e-08
     14.22733333333361	-1.129858258356306e-08
     14.22766666666694	-1.129858258356306e-08
     14.22800000000028	-1.129858258356306e-08
     14.22833333333361	-1.129858258356306e-08
     14.22866666666695	-1.129858258356306e-08
     14.22900000000028	-1.129858258356306e-08
     14.22933333333361	-1.129858258356306e-08
     14.22966666666695	-1.129858258356306e-08
     14.23000000000028	-1.129858258356306e-08
     14.23033333333361	-1.129858258356306e-08
     14.23066666666695	-1.129858258356306e-08
     14.23100000000028	-1.129858258356306e-08
     14.23133333333362	-1.129858258356306e-08
     14.23166666666695	-1.129858258356306e-08
     14.23200000000028	-1.129858258356306e-08
     14.23233333333362	-1.129858258356306e-08
     14.23266666666695	-1.129858258356306e-08
     14.23300000000028	-1.129858258356306e-08
     14.23333333333362	-1.129858258356306e-08
     14.23366666666695	-1.129858258356306e-08
     14.23400000000029	-1.129858258356306e-08
     14.23433333333362	-1.129858258356306e-08
     14.23466666666695	-1.129858258356306e-08
     14.23500000000029	-1.129858258356306e-08
     14.23533333333362	-1.129858258356306e-08
     14.23566666666695	-1.129858258356306e-08
     14.23600000000029	-1.129858258356306e-08
     14.23633333333362	-1.129858258356306e-08
     14.23666666666696	-1.129858258356306e-08
     14.23700000000029	-1.129858258356306e-08
     14.23733333333362	-1.129858258356306e-08
     14.23766666666696	-1.129858258356306e-08
     14.23800000000029	-1.129858258356306e-08
     14.23833333333362	-1.129858258356306e-08
     14.23866666666696	-1.129858258356306e-08
     14.23900000000029	-1.129858258356306e-08
     14.23933333333363	-1.129858258356306e-08
     14.23966666666696	-1.129858258356306e-08
     14.24000000000029	-1.129858258356306e-08
     14.24033333333363	-1.129858258356306e-08
     14.24066666666696	-1.129858258356306e-08
     14.24100000000029	-1.129858258356306e-08
     14.24133333333363	-1.129858258356306e-08
     14.24166666666696	-1.129858258356306e-08
      14.2420000000003	-1.129858258356306e-08
     14.24233333333363	-1.129858258356306e-08
     14.24266666666696	-1.129858258356306e-08
      14.2430000000003	-1.129858258356306e-08
     14.24333333333363	-1.129858258356306e-08
     14.24366666666696	-1.129858258356306e-08
      14.2440000000003	-1.129858258356306e-08
     14.24433333333363	-1.129858258356306e-08
     14.24466666666697	-1.129858258356306e-08
      14.2450000000003	-1.129858258356306e-08
     14.24533333333363	-1.129858258356306e-08
     14.24566666666697	-1.129858258356306e-08
      14.2460000000003	-1.129858258356306e-08
     14.24633333333363	-1.129858258356306e-08
     14.24666666666697	-1.129858258356306e-08
      14.2470000000003	-1.129858258356306e-08
     14.24733333333364	-1.129858258356306e-08
     14.24766666666697	-1.129858258356306e-08
      14.2480000000003	-1.129858258356306e-08
     14.24833333333364	-1.129858258356306e-08
     14.24866666666697	-1.129858258356306e-08
      14.2490000000003	-1.129858258356306e-08
     14.24933333333364	-1.129858258356306e-08
     14.24966666666697	-1.129858258356306e-08
     14.25000000000031	-1.129858258356306e-08
     14.25033333333364	-1.129858258356306e-08
     14.25066666666697	-1.129858258356306e-08
     14.25100000000031	-1.129858258356306e-08
     14.25133333333364	-1.129858258356306e-08
     14.25166666666697	-1.129858258356306e-08
     14.25200000000031	-1.129858258356306e-08
     14.25233333333364	-1.129858258356306e-08
     14.25266666666698	-1.129858258356306e-08
     14.25300000000031	-1.129858258356306e-08
     14.25333333333364	-1.129858258356306e-08
     14.25366666666698	-1.129858258356306e-08
     14.25400000000031	-1.129858258356306e-08
     14.25433333333364	-1.129858258356306e-08
     14.25466666666698	-1.129858258356306e-08
     14.25500000000031	-1.129858258356306e-08
     14.25533333333365	-1.129858258356306e-08
     14.25566666666698	-1.129858258356306e-08
     14.25600000000031	-1.129858258356306e-08
     14.25633333333365	-1.129858258356306e-08
     14.25666666666698	-1.129858258356306e-08
     14.25700000000031	-1.129858258356306e-08
     14.25733333333365	-1.129858258356306e-08
     14.25766666666698	-1.129858258356306e-08
     14.25800000000032	-1.129858258356306e-08
     14.25833333333365	-1.129858258356306e-08
     14.25866666666698	-1.129858258356306e-08
     14.25900000000032	-1.129858258356306e-08
     14.25933333333365	-1.129858258356306e-08
     14.25966666666698	-1.129858258356306e-08
     14.26000000000032	-1.129858258356306e-08
     14.26033333333365	-1.129858258356306e-08
     14.26066666666699	-1.129858258356306e-08
     14.26100000000032	-1.129858258356306e-08
     14.26133333333365	-1.129858258356306e-08
     14.26166666666699	-1.129858258356306e-08
     14.26200000000032	-1.129858258356306e-08
     14.26233333333365	-1.129858258356306e-08
     14.26266666666699	-1.129858258356306e-08
     14.26300000000032	-1.129858258356306e-08
     14.26333333333366	-1.129858258356306e-08
     14.26366666666699	-1.129858258356306e-08
     14.26400000000032	-1.129858258356306e-08
     14.26433333333366	-1.129858258356306e-08
     14.26466666666699	-1.129858258356306e-08
     14.26500000000032	-1.129858258356306e-08
     14.26533333333366	-1.129858258356306e-08
     14.26566666666699	-1.129858258356306e-08
     14.26600000000033	-1.129858258356306e-08
     14.26633333333366	-1.129858258356306e-08
     14.26666666666699	-1.129858258356306e-08
     14.26700000000033	-1.129858258356306e-08
     14.26733333333366	-1.129858258356306e-08
     14.26766666666699	-1.129858258356306e-08
     14.26800000000033	-1.129858258356306e-08
     14.26833333333366	-1.129858258356306e-08
       14.268666666667	-1.129858258356306e-08
     14.26900000000033	-1.129858258356306e-08
     14.26933333333366	-1.129858258356306e-08
       14.269666666667	-1.129858258356306e-08
     14.27000000000033	-1.129858258356306e-08
     14.27033333333366	-1.129858258356306e-08
       14.270666666667	-1.129858258356306e-08
     14.27100000000033	-1.129858258356306e-08
     14.27133333333366	-1.129858258356306e-08
       14.271666666667	-1.129858258356306e-08
     14.27200000000033	-1.129858258356306e-08
     14.27233333333367	-1.129858258356306e-08
       14.272666666667	-1.129858258356306e-08
     14.27300000000033	-1.129858258356306e-08
     14.27333333333367	-1.129858258356306e-08
       14.273666666667	-1.129858258356306e-08
     14.27400000000033	-1.129858258356306e-08
     14.27433333333367	-1.129858258356306e-08
       14.274666666667	-1.129858258356306e-08
     14.27500000000034	-1.129858258356306e-08
     14.27533333333367	-1.129858258356306e-08
       14.275666666667	-1.129858258356306e-08
     14.27600000000034	-1.129858258356306e-08
     14.27633333333367	-1.129858258356306e-08
       14.276666666667	-1.129858258356306e-08
     14.27700000000034	-1.129858258356306e-08
     14.27733333333367	-1.129858258356306e-08
     14.27766666666701	-1.129858258356306e-08
     14.27800000000034	-1.129858258356306e-08
     14.27833333333367	-1.129858258356306e-08
     14.27866666666701	-1.129858258356306e-08
     14.27900000000034	-1.129858258356306e-08
     14.27933333333367	-1.129858258356306e-08
     14.27966666666701	-1.129858258356306e-08
     14.28000000000034	-1.129858258356306e-08
     14.28033333333368	-1.129858258356306e-08
     14.28066666666701	-1.129858258356306e-08
     14.28100000000034	-1.129858258356306e-08
     14.28133333333368	-1.129858258356306e-08
     14.28166666666701	-1.129858258356306e-08
     14.28200000000034	-1.129858258356306e-08
     14.28233333333368	-1.129858258356306e-08
     14.28266666666701	-1.129858258356306e-08
     14.28300000000035	-1.129858258356306e-08
     14.28333333333368	-1.129858258356306e-08
     14.28366666666701	-1.129858258356306e-08
     14.28400000000035	-1.129858258356306e-08
     14.28433333333368	-1.129858258356306e-08
     14.28466666666701	-1.129858258356306e-08
     14.28500000000035	-1.129858258356306e-08
     14.28533333333368	-1.129858258356306e-08
     14.28566666666702	-1.129858258356306e-08
     14.28600000000035	-1.129858258356306e-08
     14.28633333333368	-1.129858258356306e-08
     14.28666666666702	-1.129858258356306e-08
     14.28700000000035	-1.129858258356306e-08
     14.28733333333368	-1.129858258356306e-08
     14.28766666666702	-1.129858258356306e-08
     14.28800000000035	-1.129858258356306e-08
     14.28833333333369	-1.129858258356306e-08
     14.28866666666702	-1.129858258356306e-08
     14.28900000000035	-1.129858258356306e-08
     14.28933333333369	-1.129858258356306e-08
     14.28966666666702	-1.129858258356306e-08
     14.29000000000035	-1.129858258356306e-08
     14.29033333333369	-1.129858258356306e-08
     14.29066666666702	-1.129858258356306e-08
     14.29100000000036	-1.129858258356306e-08
     14.29133333333369	-1.129858258356306e-08
     14.29166666666702	-1.129858258356306e-08
     14.29200000000036	-1.129858258356306e-08
     14.29233333333369	-1.129858258356306e-08
     14.29266666666702	-1.129858258356306e-08
     14.29300000000036	-1.129858258356306e-08
     14.29333333333369	-1.129858258356306e-08
     14.29366666666703	-1.129858258356306e-08
     14.29400000000036	-1.129858258356306e-08
     14.29433333333369	-1.129858258356306e-08
     14.29466666666703	-1.129858258356306e-08
     14.29500000000036	-1.129858258356306e-08
     14.29533333333369	-1.129858258356306e-08
     14.29566666666703	-1.129858258356306e-08
     14.29600000000036	-1.129858258356306e-08
      14.2963333333337	-1.129858258356306e-08
     14.29666666666703	-1.129858258356306e-08
     14.29700000000036	-1.129858258356306e-08
      14.2973333333337	-1.129858258356306e-08
     14.29766666666703	-1.129858258356306e-08
     14.29800000000036	-1.129858258356306e-08
      14.2983333333337	-1.129858258356306e-08
     14.29866666666703	-1.129858258356306e-08
     14.29900000000037	-1.129858258356306e-08
      14.2993333333337	-1.129858258356306e-08
     14.29966666666703	-1.129858258356306e-08
     14.30000000000037	-1.129858258356306e-08

