 0.0003333333333333333	-1.520011036838513
 0.0006666666666666666	-0.9429023160555992
                 0.001	0.3313318244395098
  0.001333333333333333	0.8197683674974353
  0.001666666666666667	0.3163066591559942
                 0.002	-0.3352740956969095
  0.002333333333333334	-0.4541922057599436
  0.002666666666666667	-0.1284378946750469
                 0.003	0.1582835681969982
  0.003333333333333334	0.1429941623552128
  0.003666666666666667	-0.04620568802126639
  0.004000000000000001	-0.1590670595699399
  0.004333333333333334	-0.1188700232124226
  0.004666666666666667	-0.02755739218576749
                 0.005	0.001446073277497136
  0.005333333333333333	-0.03599727980156496
  0.005666666666666666	-0.07752400724234575
  0.005999999999999999	-0.08176699995343079
  0.006333333333333332	-0.06103106449220849
  0.006666666666666665	-0.04846464031721788
  0.006999999999999998	-0.05522395948262096
  0.007333333333333331	-0.06910104387818213
  0.007666666666666665	-0.0745488519788957
  0.007999999999999998	-0.07048405214141776
  0.008333333333333331	-0.06595147832159558
  0.008666666666666665	-0.06711020460761609
  0.008999999999999998	-0.0727989343521166
  0.009333333333333331	-0.07729061500362568
  0.009666666666666664	-0.07770752186337374
  0.009999999999999997	-0.0760667768886415
   0.01033333333333333	-0.07585599509999563
   0.01066666666666666	-0.07794519624469894
                 0.011	-0.08061489709365476
   0.01133333333333333	-0.08233688494812173
   0.01166666666666666	-0.08271815514754922
                 0.012	-0.08268772251163843
   0.01233333333333333	-0.0833241609024744
   0.01266666666666666	-0.08453983380601127
   0.01299999999999999	-0.08586805055769473
   0.01333333333333333	-0.08684540527819826
   0.01366666666666666	-0.08743960915406697
   0.01399999999999999	-0.08797280150592211
   0.01433333333333333	-0.08855433664737664
   0.01466666666666666	-0.08922724271666518
   0.01499999999999999	-0.09000922702077982
   0.01533333333333333	-0.09077523390640621
   0.01566666666666666	-0.09141073004110849
   0.01599999999999999	-0.09198339977262021
   0.01633333333333333	-0.0924360417709985
   0.01666666666666666	-0.09291967111915056
                 0.017	-0.09346644643636269
   0.01733333333333333	-0.09402988689824468
   0.01766666666666667	-0.09454668901221991
                 0.018	-0.0950077700694969
   0.01833333333333334	-0.09542515966083358
   0.01866666666666667	-0.09582981854969064
   0.01900000000000001	-0.09622903857854161
   0.01933333333333334	-0.09664279600390589
   0.01966666666666668	-0.09703493329251062
   0.02000000000000001	-0.09738804609554967
   0.02033333333333335	-0.09772107144349701
   0.02066666666666668	-0.09804990902938091
   0.02100000000000002	-0.09837096899830954
   0.02133333333333335	-0.09867545434390805
   0.02166666666666668	-0.09894734512302636
   0.02200000000000002	-0.09920776544922325
   0.02233333333333335	-0.0994669444100745
   0.02266666666666669	-0.09971377383147857
   0.02300000000000002	-0.09994330324154671
   0.02333333333333336	-0.1001560729013779
   0.02366666666666669	-0.100355231446108
   0.02400000000000003	-0.1005429887599156
   0.02433333333333336	-0.1007176709534052
    0.0246666666666667	-0.1008803058347585
   0.02500000000000003	-0.1010313285668929
   0.02533333333333337	-0.1011709575229935
    0.0256666666666667	-0.1012987690218785
   0.02600000000000004	-0.1014135934145134
   0.02633333333333337	-0.1015160250483951
   0.02666666666666671	-0.1016067634161246
   0.02700000000000004	-0.1016867688918145
   0.02733333333333338	-0.1017563029009218
   0.02766666666666671	-0.1018157357795975
   0.02800000000000005	-0.1018641341011174
   0.02833333333333338	-0.1019008201761639
   0.02866666666666672	-0.1019261449670023
   0.02900000000000005	-0.1019411505454967
   0.02933333333333338	-0.1019467694534501
   0.02966666666666672	-0.1019432021401928
   0.03000000000000005	-0.1019300073369846
   0.03033333333333339	-0.1019066441537278
   0.03066666666666672	-0.1018729926995845
   0.03100000000000006	-0.1018292884478725
   0.03133333333333339	-0.101776642261487
   0.03166666666666672	-0.1017152833496301
   0.03200000000000006	-0.1016452330329814
   0.03233333333333339	-0.1015661536564822
   0.03266666666666672	-0.1014777801503464
   0.03300000000000005	-0.1013802669753157
   0.03333333333333338	-0.1012740514781735
   0.03366666666666671	-0.1011593615565668
   0.03400000000000004	-0.1010361517655156
   0.03433333333333338	-0.1009043541670691
   0.03466666666666671	-0.100764006513876
   0.03500000000000004	-0.1006152242743961
   0.03533333333333337	-0.100458253992677
    0.0356666666666667	-0.1002932811064587
   0.03600000000000003	-0.100120315824797
   0.03633333333333336	-0.09993927847652913
   0.03666666666666669	-0.09975020029461924
   0.03700000000000003	-0.09955315188961332
   0.03733333333333336	-0.09934833824731575
   0.03766666666666669	-0.09913561821413906
   0.03800000000000002	-0.0989159424695676
   0.03833333333333335	-0.09868891483091928
   0.03866666666666668	-0.09845436779333223
   0.03900000000000001	-0.0982123780817116
   0.03933333333333335	-0.09796320586206429
   0.03966666666666668	-0.09770719731643362
   0.04000000000000001	-0.09744440217362436
   0.04033333333333334	-0.09717478386744891
   0.04066666666666667	-0.09689847343319098
                 0.041	-0.09661565115765908
   0.04133333333333333	-0.09632653018157843
   0.04166666666666666	-0.09603130278238591
                 0.042	-0.09573002821510498
   0.04233333333333333	-0.09542275375812521
   0.04266666666666666	-0.09510962452616717
   0.04299999999999999	-0.09479084558137436
   0.04333333333333332	-0.09446664364045408
   0.04366666666666665	-0.09413720408011277
   0.04399999999999998	-0.09380265691096616
   0.04433333333333331	-0.09346310583385037
   0.04466666666666665	-0.09311868987922126
   0.04499999999999998	-0.09276962244765111
   0.04533333333333331	-0.09241610917836739
   0.04566666666666664	-0.0920583396441382
   0.04599999999999997	-0.09169648883068049
    0.0463333333333333	-0.09133070491638479
   0.04666666666666663	-0.09096109796491175
   0.04699999999999997	-0.09058796510539345
    0.0473333333333333	-0.09021149703200725
   0.04766666666666663	-0.08983183145766339
   0.04799999999999996	-0.08944911261129267
   0.04833333333333329	-0.08906354347926711
   0.04866666666666662	-0.08867536654870742
   0.04899999999999995	-0.08828479353109346
   0.04933333333333328	-0.087891944081399
   0.04966666666666662	-0.08756651224412595
   0.04999999999999995	-0.08715149221931004
   0.05033333333333328	-0.08676663479639547
   0.05066666666666661	-0.08638777711539404
   0.05099999999999994	-0.08599171220458061
   0.05133333333333327	-0.08558444030050572
    0.0516666666666666	-0.08517981235248762
   0.05199999999999994	-0.08478127921211777
   0.05233333333333327	-0.08438053784297427
    0.0526666666666666	-0.08397915818140558
   0.05299999999999993	-0.08357697506181862
   0.05333333333333326	-0.0831748470556903
   0.05366666666666659	-0.08277422327777406
   0.05399999999999992	-0.08237455882251773
   0.05433333333333325	-0.08197099243217364
   0.05466666666666659	-0.08156847265974349
   0.05499999999999992	-0.08116849920568378
   0.05533333333333325	-0.08077030562083304
   0.05566666666666658	-0.0803744720893011
   0.05599999999999991	-0.07997821645496253
   0.05633333333333324	-0.07958127265457064
   0.05666666666666657	-0.07918497541917524
    0.0569999999999999	-0.07879321880151842
   0.05733333333333324	-0.07840268180302287
   0.05766666666666657	-0.07801334650377079
    0.0579999999999999	-0.07762548456196201
   0.05833333333333323	-0.07723997483893512
   0.05866666666666656	-0.07685744767344067
   0.05899999999999989	-0.07647661136679107
   0.05933333333333322	-0.0760960923197969
   0.05966666666666656	-0.07571843769830265
   0.05999999999999989	-0.07534444429581996
   0.06033333333333322	-0.07497361161420997
   0.06066666666666655	-0.07460514483106052
   0.06099999999999988	-0.07423941734762113
   0.06133333333333321	-0.07387424424068652
   0.06166666666666654	-0.07351193155000291
   0.06199999999999987	-0.07315351952722213
   0.06233333333333321	-0.07279869149052748
   0.06266666666666654	-0.07244675018674698
   0.06299999999999988	-0.07206905307229532
   0.06333333333333321	-0.07169782932277707
   0.06366666666666655	-0.07134963613874205
   0.06399999999999989	-0.07101891436153386
   0.06433333333333323	-0.07069359566505051
   0.06466666666666657	-0.07036135231708195
   0.06499999999999991	-0.07002269764438072
   0.06533333333333324	-0.06968625704418285
   0.06566666666666658	-0.06936046002049484
   0.06599999999999992	-0.06904463826363065
   0.06633333333333326	-0.06873124502032996
    0.0666666666666666	-0.06841745121057372
   0.06699999999999993	-0.06810529190989854
   0.06733333333333327	-0.06779610303501928
   0.06766666666666661	-0.06749312265112058
   0.06799999999999995	-0.06719572222288984
   0.06833333333333329	-0.06690128533237202
   0.06866666666666663	-0.06660835939991934
   0.06899999999999996	-0.06631961610986213
    0.0693333333333333	-0.06603784496251802
   0.06966666666666664	-0.06575805700029712
   0.06999999999999998	-0.06548047938891691
   0.07033333333333332	-0.06520695769880688
   0.07066666666666666	-0.06493828647889914
   0.07099999999999999	-0.06467365089201658
   0.07133333333333333	-0.0644124937804495
   0.07166666666666667	-0.06415431309085906
   0.07200000000000001	-0.06390010828327131
   0.07233333333333335	-0.06365039958606937
   0.07266666666666668	-0.06340427553545969
   0.07300000000000002	-0.06316164920966415
   0.07333333333333336	-0.06292230296119912
    0.0736666666666667	-0.06268650942270504
   0.07400000000000004	-0.06245464070468572
   0.07433333333333338	-0.06222677764987142
   0.07466666666666671	-0.0620026982618972
   0.07500000000000005	-0.06178206468577688
   0.07533333333333339	-0.06156471199832398
   0.07566666666666673	-0.06135070779078539
   0.07600000000000007	-0.06114022375823763
   0.07633333333333341	-0.06093337810427494
   0.07666666666666674	-0.06073018969514946
   0.07700000000000008	-0.06053041703786888
   0.07733333333333342	-0.06033392619010847
   0.07766666666666676	-0.06014063329443842
    0.0780000000000001	-0.05995059603034443
   0.07833333333333344	-0.05976391886374088
   0.07866666666666677	-0.05958056752604493
   0.07900000000000011	-0.05940041159754684
   0.07933333333333345	-0.05922337512652891
   0.07966666666666679	-0.05904941140697954
   0.08000000000000013	-0.05887853624639754
   0.08033333333333346	-0.05871073552880599
    0.0806666666666668	-0.05854594596690648
   0.08100000000000014	-0.05838409425176271
   0.08133333333333348	-0.05822513447631985
   0.08166666666666682	-0.05806904614572873
   0.08200000000000016	-0.05791580658083098
   0.08233333333333349	-0.0577653711208465
   0.08266666666666683	-0.05761769338122383
   0.08300000000000017	-0.05747271637146947
   0.08333333333333351	-0.05733042628308067
   0.08366666666666685	-0.05719081341363575
   0.08400000000000019	-0.05706435278702301
   0.08433333333333352	-0.05693358270124066
   0.08466666666666686	-0.05679649894961721
    0.0850000000000002	-0.05666287047101726
   0.08533333333333354	-0.0565373204316766
   0.08566666666666688	-0.05641531291745395
   0.08600000000000022	-0.05629261293695416
   0.08633333333333355	-0.05617074343597434
   0.08666666666666689	-0.05605250077818432
   0.08700000000000023	-0.05593871587169968
   0.08733333333333357	-0.05582731500495998
   0.08766666666666691	-0.05571620139812743
   0.08800000000000024	-0.05560577783003732
   0.08833333333333358	-0.05549823990219312
   0.08866666666666692	-0.05539456813659581
   0.08900000000000026	-0.05529372263807394
    0.0893333333333336	-0.05519416459917727
   0.08966666666666694	-0.05509559376622442
   0.09000000000000027	-0.05499893029741221
   0.09033333333333361	-0.05490500305798544
   0.09066666666666695	-0.05481361727488441
   0.09100000000000029	-0.05472403628205086
   0.09133333333333363	-0.05463575074270476
   0.09166666666666697	-0.05454913384617739
    0.0920000000000003	-0.05446478784089281
   0.09233333333333364	-0.05438279653032912
   0.09266666666666698	-0.05430273283316735
   0.09300000000000032	-0.05422413718075189
   0.09333333333333366	-0.05414697190091923
     0.093666666666667	-0.05407157380107389
   0.09400000000000033	-0.0539982604958124
   0.09433333333333367	-0.05392700156372771
   0.09466666666666701	-0.05385750236818106
   0.09500000000000035	-0.05378946427353162
   0.09533333333333369	-0.05372279958777955
   0.09566666666666702	-0.05365765535658747
   0.09600000000000036	-0.05359427866261991
    0.0963333333333337	-0.05353272296343695
   0.09666666666666704	-0.05347283825860697
   0.09700000000000038	-0.0534144124140508
   0.09733333333333372	-0.0533573326478128
   0.09766666666666705	-0.05330163428023035
   0.09800000000000039	-0.05324742197217983
   0.09833333333333373	-0.05319475718611368
   0.09866666666666707	-0.0531436022856275
   0.09900000000000041	-0.05309385166337483
   0.09933333333333375	-0.05304540395822855
   0.09966666666666708	-0.05299821363969962
    0.1000000000000004	-0.05295229167902529
    0.1003333333333338	-0.05290766619631326
    0.1006666666666671	-0.05286434322629936
    0.1010000000000004	-0.05282229290626217
    0.1013333333333338	-0.05278146255834008
    0.1016666666666671	-0.05274180070276752
    0.1020000000000005	-0.05270327390725386
    0.1023333333333338	-0.05266586739655321
    0.1026666666666671	-0.05262957414275594
    0.1030000000000005	-0.05259438172736314
    0.1033333333333338	-0.05256026559728739
    0.1036666666666671	-0.05252719124847393
    0.1040000000000005	-0.05249512188589457
    0.1043333333333338	-0.05246402537334009
    0.1046666666666672	-0.05243387670646824
    0.1050000000000005	-0.05240465629229973
    0.1053333333333338	-0.0523763465297413
    0.1056666666666672	-0.05234892877066933
    0.1060000000000005	-0.05232238133622857
    0.1063333333333338	-0.05229667865500984
    0.1066666666666672	-0.05227179186779141
    0.1070000000000005	-0.05224769109868136
    0.1073333333333339	-0.05222434850309714
    0.1076666666666672	-0.05220174033775021
    0.1080000000000005	-0.05217984672751307
    0.1083333333333339	-0.05215864946593553
    0.1086666666666672	-0.05213813449404509
    0.1090000000000006	-0.05211826922767179
    0.1093333333333339	-0.05209903152697191
    0.1096666666666672	-0.05208040179543273
    0.1100000000000006	-0.05205894915383853
    0.1103333333333339	-0.05204377287628782
    0.1106666666666672	-0.05202616253252484
    0.1110000000000006	-0.0520082539562552
    0.1113333333333339	-0.05199289210842265
    0.1116666666666673	-0.05197819078764463
    0.1120000000000006	-0.05196359963024189
    0.1123333333333339	-0.05194925763409745
    0.1126666666666673	-0.05193533616678909
    0.1130000000000006	-0.05192173924500238
     0.113333333333334	-0.05190849281752183
    0.1136666666666673	-0.05189567371599165
    0.1140000000000006	-0.05188329816245825
     0.114333333333334	-0.05187127218507246
    0.1146666666666673	-0.05185956692631855
    0.1150000000000006	-0.05184816639294076
     0.115333333333334	-0.05183700896150219
    0.1156666666666673	-0.05182614314185974
    0.1160000000000007	-0.05181555756335031
     0.116333333333334	-0.05180518684639483
    0.1166666666666673	-0.05179499980716339
    0.1170000000000007	-0.05178502867055744
     0.117333333333334	-0.05177532394129751
    0.1176666666666673	-0.05176589386983094
    0.1180000000000007	-0.05175664238579508
     0.118333333333334	-0.05174753271662708
    0.1186666666666674	-0.05173855875785944
    0.1190000000000007	-0.05172974225320712
     0.119333333333334	-0.05172109747205224
    0.1196666666666674	-0.0517125662490413
    0.1200000000000007	-0.05170422509562053
    0.1203333333333341	-0.05169603033224049
    0.1206666666666674	-0.05168791937924527
    0.1210000000000007	-0.05167987582123814
    0.1213333333333341	-0.05167192546529614
    0.1216666666666674	-0.0516640940697587
    0.1220000000000007	-0.05165637840045081
    0.1223333333333341	-0.05164875230683125
    0.1226666666666674	-0.05164119216866359
    0.1230000000000008	-0.05163369157987515
    0.1233333333333341	-0.05162625731148698
    0.1236666666666674	-0.05161889584895087
    0.1240000000000008	-0.05161160425661956
    0.1243333333333341	-0.05160437162515318
    0.1246666666666675	-0.05159718702838906
    0.1250000000000008	-0.05159004558037349
    0.1253333333333341	-0.0515829474232125
    0.1256666666666674	-0.05157589616166246
    0.1260000000000008	-0.05156888807883616
    0.1263333333333341	-0.05156192078878573
    0.1266666666666674	-0.05155498932334466
    0.1270000000000007	-0.05154808948103261
     0.127333333333334	-0.05154121863704533
    0.1276666666666674	-0.0515343746445525
    0.1280000000000007	-0.05152755521383601
     0.128333333333334	-0.05152075842251635
    0.1286666666666673	-0.05151398302898779
    0.1290000000000007	-0.05150722797783006
     0.129333333333334	-0.05150049027893724
    0.1296666666666673	-0.05149380769435838
    0.1300000000000006	-0.05148705829162327
     0.130333333333334	-0.05148037266582491
    0.1306666666666673	-0.05147370350011365
    0.1310000000000006	-0.05146704248689709
    0.1313333333333339	-0.05146038816984834
    0.1316666666666673	-0.05145370451718584
    0.1320000000000006	-0.05144707960716621
    0.1323333333333339	-0.05144048946814528
    0.1326666666666672	-0.05143388908888189
    0.1330000000000006	-0.05142725945962566
    0.1333333333333339	-0.05142062940013852
    0.1336666666666672	-0.05141402425959091
    0.1340000000000005	-0.05140744097394132
    0.1343333333333339	-0.05140086209072603
    0.1346666666666672	-0.05139427737618243
    0.1350000000000005	-0.05138768879527755
    0.1353333333333338	-0.05138110441805382
    0.1356666666666672	-0.05137452961865456
    0.1360000000000005	-0.0513679610057584
    0.1363333333333338	-0.05136139277986933
    0.1366666666666671	-0.05135482306853961
    0.1370000000000005	-0.05134825286950419
    0.1373333333333338	-0.05134168479485576
    0.1376666666666671	-0.05133512004180939
    0.1380000000000004	-0.05132855760972343
    0.1383333333333338	-0.05132199566099238
    0.1386666666666671	-0.05131543169141631
    0.1390000000000004	-0.05130886517322334
    0.1393333333333337	-0.0513022974032785
     0.139666666666667	-0.05129572961477266
    0.1400000000000004	-0.05128916129606107
    0.1403333333333337	-0.05128259079396982
     0.140666666666667	-0.05127601688265668
    0.1410000000000003	-0.05126943938418432
    0.1413333333333337	-0.05126285868563844
     0.141666666666667	-0.05125627500953147
    0.1420000000000003	-0.05124968805133338
    0.1423333333333336	-0.05124309711073782
     0.142666666666667	-0.0512399677321822
    0.1430000000000003	-0.05123619242620728
    0.1433333333333336	-0.05122952907176524
    0.1436666666666669	-0.05121766850142146
    0.1440000000000003	-0.05120732070436382
    0.1443333333333336	-0.05120109763161546
    0.1446666666666669	-0.05119726539072262
    0.1450000000000002	-0.0511955629671859
    0.1453333333333336	-0.05119115080095035
    0.1456666666666669	-0.0511831594431161
    0.1460000000000002	-0.05117428985444171
    0.1463333333333335	-0.05116696524678828
    0.1466666666666669	-0.05116119260920027
    0.1470000000000002	-0.05115236512192589
    0.1473333333333335	-0.05114354273765295
    0.1476666666666668	-0.05113982138671987
    0.1480000000000002	-0.05113682066791899
    0.1483333333333335	-0.05113106013073132
    0.1486666666666668	-0.05112296056050455
    0.1490000000000001	-0.05111485346146893
    0.1493333333333335	-0.05110802360198197
    0.1496666666666668	-0.05110206287588365
    0.1500000000000001	-0.05109596754193919
    0.1503333333333334	-0.05108933502274769
    0.1506666666666668	-0.05108245362317727
    0.1510000000000001	-0.05107571901351787
    0.1513333333333334	-0.05106921570764991
    0.1516666666666667	-0.05106275603666991
    0.1520000000000001	-0.05105615485260184
    0.1523333333333334	-0.05104941684370856
    0.1526666666666667	-0.05104267967013718
                 0.153	-0.05103604299338411
    0.1533333333333333	-0.05102948669551118
    0.1536666666666667	-0.05102292986129991
                 0.154	-0.05101632647406185
    0.1543333333333333	-0.05100968118669534
    0.1546666666666666	-0.0510030323252187
                 0.155	-0.05099641213489996
    0.1553333333333333	-0.05098982503349757
    0.1556666666666666	-0.0509832595503048
    0.1559999999999999	-0.05097669515035537
    0.1563333333333333	-0.05097011890150283
    0.1566666666666666	-0.05096353343709635
    0.1569999999999999	-0.05095695292241476
    0.1573333333333332	-0.05095039870835361
    0.1576666666666666	-0.05094387955573219
    0.1579999999999999	-0.05093739018312556
    0.1583333333333332	-0.05093091636737411
    0.1586666666666665	-0.05092444454916391
    0.1589999999999999	-0.0509179711183899
    0.1593333333333332	-0.05091150557562807
    0.1596666666666665	-0.05090506465498272
    0.1599999999999998	-0.0508986610212377
    0.1603333333333332	-0.05089229529678418
    0.1606666666666665	-0.05088595787354228
    0.1609999999999998	-0.05087963802849298
    0.1613333333333331	-0.0508733323217598
    0.1616666666666665	-0.05086704593139378
    0.1619999999999998	-0.0508607877780087
    0.1623333333333331	-0.05085456440170619
    0.1626666666666664	-0.05084837718053384
    0.1629999999999998	-0.05084222371150499
    0.1633333333333331	-0.05083610119275942
    0.1636666666666664	-0.05083000895510009
    0.1639999999999997	-0.05082394880366639
    0.1643333333333331	-0.05081792353937579
    0.1646666666666664	-0.05081193528496639
    0.1649999999999997	-0.05080598479164254
     0.165333333333333	-0.05080007186563731
    0.1656666666666664	-0.05079419629963097
    0.1659999999999997	-0.05078835847511073
     0.166333333333333	-0.05078255951991578
    0.1666666666666663	-0.05077680097892089
    0.1669999999999996	-0.05077108430333688
     0.167333333333333	-0.0507654103331821
    0.1676666666666663	-0.05075977913715989
    0.1679999999999996	-0.05075419025645912
    0.1683333333333329	-0.05074864326941975
    0.1686666666666663	-0.05074313783719286
    0.1689999999999996	-0.05073767573052604
    0.1693333333333329	-0.05073225793362828
    0.1696666666666662	-0.05072688524967836
    0.1699999999999996	-0.05072155800015716
    0.1703333333333329	-0.05071627593635629
    0.1706666666666662	-0.05071103864224047
    0.1709999999999995	-0.05070584596267051
    0.1713333333333329	-0.05070069808542482
    0.1716666666666662	-0.05069559538959849
    0.1719999999999995	-0.05069053826564587
    0.1723333333333328	-0.05068552696681717
    0.1726666666666662	-0.0506805615142476
    0.1729999999999995	-0.05067564170197734
    0.1733333333333328	-0.05067076721008768
    0.1736666666666661	-0.05066593777535377
    0.1739999999999995	-0.05066115332476544
    0.1743333333333328	-0.05065641395033495
    0.1746666666666661	-0.05065171977813526
    0.1749999999999994	-0.05064707087675701
    0.1753333333333328	-0.05064246716646358
    0.1756666666666661	-0.05063790824891372
    0.1759999999999994	-0.05063339351179511
    0.1763333333333327	-0.05062892270219937
    0.1766666666666661	-0.05062449533396641
    0.1769999999999994	-0.05062011170509405
    0.1773333333333327	-0.05061577211577967
     0.177666666666666	-0.05061147637352768
    0.1779999999999994	-0.05060722386065192
    0.1783333333333327	-0.05060301402952005
     0.178666666666666	-0.05059884668740026
    0.1789999999999993	-0.05059472181478061
    0.1793333333333327	-0.05059063926333771
     0.179666666666666	-0.05058659869932079
    0.1799999999999993	-0.05058259976401036
    0.1803333333333326	-0.05057864220554725
    0.1806666666666659	-0.05057472585719001
    0.1809999999999993	-0.05057085053725878
    0.1813333333333326	-0.05056701599708059
    0.1816666666666659	-0.05056322195218474
    0.1819999999999992	-0.05055946813658693
    0.1823333333333326	-0.05055575431587894
    0.1826666666666659	-0.05055208025869185
    0.1829999999999992	-0.05054844596834509
    0.1833333333333325	-0.05054485058487442
    0.1836666666666659	-0.05054129402250594
    0.1839999999999992	-0.05053777637098028
    0.1843333333333325	-0.05053429751175214
    0.1846666666666658	-0.05053085702683256
    0.1849999999999992	-0.05052745445968104
    0.1853333333333325	-0.05052408955686057
    0.1856666666666658	-0.05052076223005592
    0.1859999999999991	-0.0505174723626947
    0.1863333333333325	-0.05051421970759326
    0.1866666666666658	-0.05051100393977789
    0.1869999999999991	-0.05050782475642808
    0.1873333333333324	-0.05050468192046283
    0.1876666666666658	-0.05050157523736896
    0.1879999999999991	-0.05049850451213447
    0.1883333333333324	-0.05049546952562862
    0.1886666666666657	-0.05049247003642791
    0.1889999999999991	-0.0504895057943152
    0.1893333333333324	-0.05048657655284154
    0.1896666666666657	-0.05048368207620449
     0.189999999999999	-0.05048082213973416
    0.1903333333333324	-0.05047799652472584
    0.1906666666666657	-0.05047520501032469
     0.190999999999999	-0.05047244716241397
    0.1913333333333323	-0.05046972322871462
    0.1916666666666657	-0.0504670328309595
     0.191999999999999	-0.05046437545844547
    0.1923333333333323	-0.05046175080256554
    0.1926666666666656	-0.05045915881976477
     0.192999999999999	-0.05045659946500772
    0.1933333333333323	-0.05045407248167606
    0.1936666666666656	-0.05045157748080206
    0.1939999999999989	-0.05044911413580852
    0.1943333333333322	-0.05044668224844376
    0.1946666666666656	-0.05044428166732252
    0.1949999999999989	-0.05044191219335965
    0.1953333333333322	-0.05043957356249044
    0.1956666666666655	-0.05043726548847401
    0.1959999999999989	-0.05043498770350514
    0.1963333333333322	-0.05043273996300154
    0.1966666666666655	-0.05043052202742086
    0.1969999999999988	-0.05042833364895786
    0.1973333333333322	-0.05042617457237431
    0.1976666666666655	-0.05042404453962994
    0.1979999999999988	-0.05042194328888042
    0.1983333333333321	-0.05041987055050923
    0.1986666666666655	-0.05041782604769933
    0.1989999999999988	-0.05041580950280146
    0.1993333333333321	-0.05041382064294989
    0.1996666666666654	-0.05041185919848631
    0.1999999999999988	-0.05040992489533314
    0.2003333333333321	-0.05040801744912866
    0.2006666666666654	-0.05040613656703676
    0.2009999999999987	-0.05040428195483303
    0.2013333333333321	-0.05040245332170867
    0.2016666666666654	-0.05040065037857942
    0.2019999999999987	-0.05039887283279731
     0.202333333333332	-0.05039712038520334
    0.2026666666666654	-0.0503953925976128
    0.2029999999999987	-0.05039368946152169
     0.203333333333332	-0.05039201063424285
    0.2036666666666653	-0.0503903556304998
    0.2039999999999987	-0.05038872405184013
     0.204333333333332	-0.05038711569672264
    0.2046666666666653	-0.05038553039893347
    0.2049999999999986	-0.05038396785496797
     0.205333333333332	-0.05038242765554823
    0.2056666666666653	-0.05038090942356213
    0.2059999999999986	-0.05037941287209841
    0.2063333333333319	-0.05037793760224413
    0.2066666666666652	-0.05037648366894801
    0.2069999999999986	-0.05037505069102589
    0.2073333333333319	-0.05037363813580448
    0.2076666666666652	-0.05037224559435045
    0.2079999999999985	-0.05037087182185787
    0.2083333333333319	-0.05036952047128597
    0.2086666666666652	-0.05036818641756834
    0.2089999999999985	-0.05036687257879682
    0.2093333333333318	-0.05036557462627416
    0.2096666666666652	-0.05036429833173213
    0.2099999999999985	-0.05036303760287197
    0.2103333333333318	-0.05036179780111387
    0.2106666666666651	-0.05036057165181982
    0.2109999999999985	-0.0503593660126563
    0.2113333333333318	-0.05035817794413427
    0.2116666666666651	-0.05035700122815683
    0.2119999999999984	-0.0503558456054549
    0.2123333333333318	-0.05035470764117867
    0.2126666666666651	-0.05035357955203407
    0.2129999999999984	-0.05035247136409812
    0.2133333333333317	-0.05035137936443247
    0.2136666666666651	-0.05035030068931113
    0.2139999999999984	-0.05034923634571181
    0.2143333333333317	-0.05034818697437057
     0.214666666666665	-0.05034690082807029
    0.2149999999999984	-0.05034596500078234
    0.2153333333333317	-0.05034516214760689
     0.215666666666665	-0.05034425439084492
    0.2159999999999983	-0.05034320820120469
    0.2163333333333317	-0.05034214657059776
     0.216666666666665	-0.05034093957353526
    0.2169999999999983	-0.05034010833717661
    0.2173333333333316	-0.05033940884649103
     0.217666666666665	-0.05033858318305478
    0.2179999999999983	-0.05033759303386606
    0.2183333333333316	-0.05033638884983686
    0.2186666666666649	-0.05033532382647733
    0.2189999999999983	-0.05033474399978959
    0.2193333333333316	-0.05033419933488861
    0.2196666666666649	-0.05033339923595082
    0.2199999999999982	-0.05033239215456248
    0.2203333333333315	-0.05033123057118034
    0.2206666666666649	-0.05033025969092905
    0.2209999999999982	-0.05032976907987301
    0.2213333333333315	-0.05032929303128348
    0.2216666666666648	-0.05032854825204446
    0.2219999999999982	-0.05032759641500178
    0.2223333333333315	-0.05032650371423197
    0.2226666666666648	-0.05032560502085257
    0.2229999999999981	-0.05032516490444027
    0.2233333333333315	-0.05032473398710165
    0.2236666666666648	-0.05032404303797169
    0.2239999999999981	-0.05032315486317145
    0.2243333333333314	-0.05032213244245937
    0.2246666666666648	-0.05032129543954373
    0.2249999999999981	-0.05032089368019376
    0.2253333333333314	-0.05032050259295383
    0.2256666666666647	-0.05031986525775842
    0.2259999999999981	-0.05031903921395905
    0.2263333333333314	-0.05031808099996435
    0.2266666666666647	-0.05031729740533312
     0.226999999999998	-0.05031692767686991
    0.2273333333333314	-0.05031657165990754
    0.2276666666666647	-0.05031598342091088
     0.227999999999998	-0.05031521423876017
    0.2283333333333313	-0.05031448409251306
    0.2286666666666647	-0.05031371176201754
     0.228999999999998	-0.05031306380785278
    0.2293333333333313	-0.05031270723645005
    0.2296666666666646	-0.05031232986023979
     0.229999999999998	-0.05031176266114491
    0.2303333333333313	-0.05031106719336157
    0.2306666666666646	-0.05031040839609108
    0.2309999999999979	-0.05030970493003032
    0.2313333333333313	-0.05030910476805319
    0.2316666666666646	-0.05030877132783117
    0.2319999999999979	-0.05030842167500644
    0.2323333333333312	-0.05030789776667083
    0.2326666666666646	-0.05030725388863055
    0.2329999999999979	-0.05030664654656017
    0.2333333333333312	-0.05030599847720571
    0.2336666666666645	-0.05030544460030129
    0.2339999999999978	-0.05030513654121505
    0.2343333333333312	-0.050304810693611
    0.2346666666666645	-0.05030432249856783
    0.2349999999999978	-0.05030372696928165
    0.2353333333333311	-0.05030316819420694
    0.2356666666666645	-0.05030256800310947
    0.2359999999999978	-0.05030219419666089
    0.2363333333333311	-0.05030186791131785
    0.2366666666666644	-0.05030144762980265
    0.2369999999999978	-0.05030093173629514
    0.2373333333333311	-0.05030028018669824
    0.2376666666666644	-0.05029972394888303
    0.2379999999999977	-0.05029946236468479
    0.2383333333333311	-0.05029922232202767
    0.2386666666666644	-0.05029882002837263
    0.2389999999999977	-0.05029828889786317
     0.239333333333331	-0.05029776588058586
    0.2396666666666644	-0.05029734611583972
    0.2399999999999977	-0.05029685402993338
     0.240333333333331	-0.05029651646309018
    0.2406666666666643	-0.05029620796661582
    0.2409999999999977	-0.05029583195516231
     0.241333333333331	-0.05029538772475166
    0.2416666666666643	-0.05029494386193933
    0.2419999999999976	-0.05029441896067538
     0.242333333333331	-0.05029408698032393
    0.2426666666666643	-0.0502938226205427
    0.2429999999999976	-0.0502934926281691
    0.2433333333333309	-0.05029307695365636
    0.2436666666666643	-0.05029264509447391
    0.2439999999999976	-0.05029225402633155
    0.2443333333333309	-0.05029179121348269
    0.2446666666666642	-0.05029148820592978
    0.2449999999999976	-0.05029122952818849
    0.2453333333333309	-0.05029090841981452
    0.2456666666666642	-0.05029051741046726
    0.2459999999999975	-0.05029011928350351
    0.2463333333333309	-0.05028975873881213
    0.2466666666666642	-0.05028943431266495
    0.2469999999999975	-0.05028911714300373
    0.2473333333333308	-0.05028878538187184
    0.2476666666666641	-0.05028844048980589
    0.2479999999999975	-0.05028809743639404
    0.2483333333333308	-0.05028776718085906
    0.2486666666666641	-0.0502874487810331
    0.2489999999999974	-0.05028713392761204
    0.2493333333333308	-0.05028681659198293
    0.2496666666666641	-0.05028649690556292
    0.2499999999999974	-0.05028617884190682
    0.2503333333333307	-0.05028586628935176
    0.2506666666666641	-0.05028556033383071
    0.2509999999999974	-0.05028525914990058
    0.2513333333333308	-0.0502849597901982
    0.2516666666666642	-0.05028466056650465
    0.2519999999999975	-0.05028436180568169
    0.2523333333333309	-0.05028406546495259
    0.2526666666666642	-0.05028377346496676
    0.2529999999999976	-0.05028348617080902
    0.2533333333333309	-0.0502832022639657
    0.2536666666666643	-0.0502829199824376
    0.2539999999999976	-0.05028263855490261
     0.254333333333331	-0.05028235863161273
    0.2546666666666643	-0.05028208152603958
    0.2549999999999977	-0.05028180805442027
     0.255333333333331	-0.05028153794780069
    0.2556666666666644	-0.05028127029076293
    0.2559999999999977	-0.050281004263065
    0.2563333333333311	-0.05028073977171783
    0.2566666666666644	-0.05028047735757288
    0.2569999999999978	-0.05028021762627041
    0.2573333333333311	-0.05027996076123923
    0.2576666666666645	-0.05027970647441501
    0.2579999999999978	-0.05027945431888699
    0.2583333333333312	-0.05027920403453799
    0.2586666666666645	-0.05027895566015565
    0.2589999999999979	-0.05027870940012835
    0.2593333333333313	-0.05027846542220064
    0.2596666666666646	-0.05027822375462823
     0.259999999999998	-0.05027798431522286
    0.2603333333333313	-0.05027774699520079
    0.2606666666666647	-0.05027751171709682
     0.260999999999998	-0.05027727844568382
    0.2613333333333314	-0.05027704717471851
    0.2616666666666647	-0.0502768179138478
    0.2619999999999981	-0.05027659068019047
    0.2623333333333314	-0.05027636548710474
    0.2626666666666648	-0.05027614232897505
    0.2629999999999981	-0.050275921173321
    0.2633333333333315	-0.0502757019744292
    0.2636666666666648	-0.05027548468483341
    0.2639999999999982	-0.0502752692920806
    0.2643333333333315	-0.05027505582130211
    0.2646666666666649	-0.05027484429611623
    0.2649999999999982	-0.0502746347030954
    0.2653333333333316	-0.05027442699877226
    0.2656666666666649	-0.0502742211383892
    0.2659999999999983	-0.05027401709464603
    0.2663333333333316	-0.05027381486066671
     0.266666666666665	-0.05027361444353983
    0.2669999999999983	-0.05027341585224292
    0.2673333333333317	-0.05027321908487379
    0.2676666666666651	-0.05027302412286468
    0.2679999999999984	-0.05027283093586816
    0.2683333333333318	-0.05027263949341682
    0.2686666666666651	-0.05027244977522964
    0.2689999999999985	-0.05027226177371554
    0.2693333333333318	-0.05027207548800937
    0.2696666666666652	-0.05027189091469605
    0.2699999999999985	-0.0502717080421658
    0.2703333333333319	-0.05027152685186961
    0.2706666666666652	-0.05027134732413845
    0.2709999999999986	-0.050271169443491
    0.2713333333333319	-0.05027099319982802
    0.2716666666666653	-0.05027081858566584
    0.2719999999999986	-0.05027064559222663
     0.272333333333332	-0.0502704742073459
    0.2726666666666653	-0.05027030441610799
    0.2729999999999987	-0.05027013620307695
     0.273333333333332	-0.05026996955435827
    0.2736666666666654	-0.05026980445844909
    0.2739999999999987	-0.05026964090581896
    0.2743333333333321	-0.05026947888773577
    0.2746666666666654	-0.05026931839496262
    0.2749999999999988	-0.05026915941686971
    0.2753333333333322	-0.05026900194134594
    0.2756666666666655	-0.05026884595548856
    0.2759999999999989	-0.05026869144663565
    0.2763333333333322	-0.05026853840315994
    0.2766666666666656	-0.05026838681460515
    0.2769999999999989	-0.05026823667123147
    0.2773333333333323	-0.05026808796336616
    0.2776666666666656	-0.05026794068098822
     0.277999999999999	-0.05026779481370704
    0.2783333333333323	-0.05026765035099133
    0.2786666666666657	-0.05026750728237885
     0.278999999999999	-0.05026736559754251
    0.2793333333333324	-0.05026722528622103
    0.2796666666666657	-0.05026708633818265
    0.2799999999999991	-0.05026694874324945
    0.2803333333333324	-0.05026681249139184
    0.2806666666666658	-0.05026667757277512
    0.2809999999999991	-0.05026654397771838
    0.2813333333333325	-0.05026641169660134
    0.2816666666666658	-0.05026628071976078
    0.2819999999999992	-0.05026615103747283
    0.2823333333333325	-0.05026602263998615
    0.2826666666666659	-0.0502658955175725
    0.2829999999999993	-0.05026576966056415
    0.2833333333333326	-0.05026564505934076
     0.283666666666666	-0.05026552170430324
    0.2839999999999993	-0.05026539958586373
    0.2843333333333327	-0.05026527869443091
     0.284666666666666	-0.05026515902042508
    0.2849999999999994	-0.05026504055428227
    0.2853333333333327	-0.05026492328645974
    0.2856666666666661	-0.05026480720742042
    0.2859999999999994	-0.0502646923076277
    0.2863333333333328	-0.05026457857753753
    0.2866666666666661	-0.05026446600759038
    0.2869999999999995	-0.05026435458822566
    0.2873333333333328	-0.05026424430987959
    0.2876666666666662	-0.05026413516301232
    0.2879999999999995	-0.0502640271381076
    0.2883333333333329	-0.05026392022567364
    0.2886666666666662	-0.05026381441623634
    0.2889999999999996	-0.05026370970033453
    0.2893333333333329	-0.05026360606852352
    0.2896666666666663	-0.05026350351136957
    0.2899999999999996	-0.05026340201947297
     0.290333333333333	-0.0502633015834717
    0.2906666666666664	-0.05026320219405078
    0.2909999999999997	-0.05026310384193652
    0.2913333333333331	-0.0502630065179027
    0.2916666666666664	-0.0502629102127634
    0.2919999999999998	-0.05026281491738163
    0.2923333333333331	-0.05026272062266576
    0.2926666666666665	-0.05026262731957046
    0.2929999999999998	-0.05026253499910568
    0.2933333333333332	-0.05026244365233335
    0.2936666666666665	-0.0502623532703719
    0.2939999999999999	-0.05026226384439202
    0.2943333333333332	-0.05026217536561846
    0.2946666666666666	-0.05026208782532578
    0.2949999999999999	-0.05026200121484639
    0.2953333333333333	-0.05026191552556211
    0.2956666666666666	-0.05026183074891096
                 0.296	-0.05026174687638169
    0.2963333333333333	-0.05026166389951487
    0.2966666666666667	-0.05026158180990372
                 0.297	-0.05026150059918923
    0.2973333333333334	-0.05026142025906079
    0.2976666666666667	-0.05026134078125696
    0.2980000000000001	-0.05026126215756169
    0.2983333333333335	-0.05026118437980945
    0.2986666666666668	-0.05026110743988117
    0.2990000000000002	-0.05026103132970085
    0.2993333333333335	-0.05026095604124328
    0.2996666666666669	-0.0502608815665242
    0.3000000000000002	-0.05026080789760711
    0.3003333333333336	-0.05026073502659681
    0.3006666666666669	-0.05026066294564364
    0.3010000000000003	-0.05026059164694699
    0.3013333333333336	-0.05026052112274574
     0.301666666666667	-0.05026045136532644
    0.3020000000000003	-0.05026038236702098
    0.3023333333333337	-0.05026031412020671
     0.302666666666667	-0.05026024661730498
    0.3030000000000004	-0.05026017985078614
    0.3033333333333337	-0.05026011381316194
    0.3036666666666671	-0.05026004849699839
    0.3040000000000004	-0.05025998389490613
    0.3043333333333338	-0.0502599199995386
    0.3046666666666671	-0.05025985680360383
    0.3050000000000005	-0.05025979429986276
    0.3053333333333338	-0.05025973248111904
    0.3056666666666672	-0.05025967134023183
    0.3060000000000005	-0.05025961087010877
    0.3063333333333339	-0.05025955106371225
    0.3066666666666673	-0.05025949191405619
    0.3070000000000006	-0.05025943341420844
     0.307333333333334	-0.05025937555728761
    0.3076666666666673	-0.05025931833647065
    0.3080000000000007	-0.05025926174498795
     0.308333333333334	-0.0502592057761234
    0.3086666666666674	-0.05025915042321671
    0.3090000000000007	-0.05025909567966696
    0.3093333333333341	-0.05025904153892533
    0.3096666666666674	-0.05025898799450244
    0.3100000000000008	-0.0502589350399617
    0.3103333333333341	-0.05025888266892815
    0.3106666666666675	-0.0502588308750796
    0.3110000000000008	-0.05025877965215444
    0.3113333333333342	-0.05025872899394303
    0.3116666666666675	-0.05025867889429611
    0.3120000000000009	-0.0502586293471218
    0.3123333333333342	-0.05025858034638261
    0.3126666666666676	-0.05025853188610142
    0.3130000000000009	-0.05025848396035133
    0.3133333333333343	-0.0502584365632656
    0.3136666666666676	-0.0502583896890366
     0.314000000000001	-0.05025834333190261
    0.3143333333333344	-0.05025829748616673
    0.3146666666666677	-0.0502582521461825
    0.3150000000000011	-0.05025820730636047
    0.3153333333333344	-0.05025816296116321
    0.3156666666666678	-0.05025811910510794
    0.3160000000000011	-0.05025807573276583
    0.3163333333333345	-0.05025803283876218
    0.3166666666666678	-0.05025799041777244
    0.3170000000000012	-0.05025794846452671
    0.3173333333333345	-0.05025790697380701
    0.3176666666666679	-0.05025786594044543
    0.3180000000000012	-0.05025782535932574
    0.3183333333333346	-0.05025778522538345
    0.3186666666666679	-0.05025774553360167
    0.3190000000000013	-0.05025770627901748
    0.3193333333333346	-0.05025766745671381
     0.319666666666668	-0.0502576290618253
    0.3200000000000013	-0.05025759108953422
    0.3203333333333347	-0.05025755353507037
     0.320666666666668	-0.05025751639371327
    0.3210000000000014	-0.05025747966078464
    0.3213333333333347	-0.05025744333166234
    0.3216666666666681	-0.05025740740176689
    0.3220000000000015	-0.05025737186656453
    0.3223333333333348	-0.05025733672156885
    0.3226666666666682	-0.05025730196233635
    0.3230000000000015	-0.05025726758447187
    0.3233333333333349	-0.05025723358362845
    0.3236666666666682	-0.05025719995549881
    0.3240000000000016	-0.05025716669582213
    0.3243333333333349	-0.05025713380038402
    0.3246666666666683	-0.05025710126501264
    0.3250000000000016	-0.05025706908558129
     0.325333333333335	-0.05025703725800187
    0.3256666666666683	-0.05025700577823728
    0.3260000000000017	-0.05025697464228868
     0.326333333333335	-0.05025694384620009
    0.3266666666666684	-0.05025691338605984
    0.3270000000000017	-0.05025688325800076
    0.3273333333333351	-0.05025685345819166
    0.3276666666666684	-0.05025682398284633
    0.3280000000000018	-0.05025679482822241
    0.3283333333333351	-0.05025676599061672
    0.3286666666666685	-0.05025673746636806
    0.3290000000000018	-0.05025670925185396
    0.3293333333333352	-0.05025668134349282
    0.3296666666666686	-0.05025665373774471
    0.3300000000000019	-0.05025662643111311
    0.3303333333333353	-0.05025659942013659
    0.3306666666666686	-0.0502565727013921
     0.331000000000002	-0.05025654627149871
    0.3313333333333353	-0.05025652012711486
    0.3316666666666687	-0.05025649426493783
     0.332000000000002	-0.05025646868170186
    0.3323333333333354	-0.05025644337417771
    0.3326666666666687	-0.0502564183391775
    0.3330000000000021	-0.05025639357354941
    0.3333333333333354	-0.05025636907418029
    0.3336666666666688	-0.0502563448379915
    0.3340000000000021	-0.05025632086194107
    0.3343333333333355	-0.05025629714302544
    0.3346666666666688	-0.05025627367827451
    0.3350000000000022	-0.05025625046475721
    0.3353333333333355	-0.0502562274995765
    0.3356666666666689	-0.05025620477986871
    0.3360000000000022	-0.05025618230280435
    0.3363333333333356	-0.0502561600655904
    0.3366666666666689	-0.05025613806546957
    0.3370000000000023	-0.05025611629971539
    0.3373333333333356	-0.05025609476563277
     0.337666666666669	-0.05025607346056409
    0.3380000000000024	-0.0502560523818814
    0.3383333333333357	-0.050256031526992
    0.3386666666666691	-0.05025601089333208
    0.3390000000000024	-0.0502559904783676
    0.3393333333333358	-0.05025597027960076
    0.3396666666666691	-0.05025595029456509
    0.3400000000000025	-0.05025593052082124
    0.3403333333333358	-0.0502559109559572
    0.3406666666666692	-0.05025589159759495
    0.3410000000000025	-0.05025587244338818
    0.3413333333333359	-0.05025585349101642
    0.3416666666666692	-0.05025583473818795
    0.3420000000000026	-0.05025581618264003
    0.3423333333333359	-0.05025579782213606
    0.3426666666666693	-0.05025577965447123
    0.3430000000000026	-0.05025576167746722
     0.343333333333336	-0.05025574388897069
    0.3436666666666693	-0.05025572628685523
    0.3440000000000027	-0.05025570886902118
     0.344333333333336	-0.05025569163339643
    0.3446666666666694	-0.05025567457793272
    0.3450000000000027	-0.05025565770061009
    0.3453333333333361	-0.05025564099943089
    0.3456666666666695	-0.05025562447242161
    0.3460000000000028	-0.05025560811763483
    0.3463333333333362	-0.05025559193314959
    0.3466666666666695	-0.05025557591706525
    0.3470000000000029	-0.05025556006750409
    0.3473333333333362	-0.05025554438261581
    0.3476666666666696	-0.05025552886056943
    0.3480000000000029	-0.0502555134995581
    0.3483333333333363	-0.05025549829779896
    0.3486666666666696	-0.05025548325352845
     0.349000000000003	-0.05025546836500376
    0.3493333333333363	-0.05025545363050825
    0.3496666666666697	-0.05025543904834414
     0.350000000000003	-0.05025542461683374
    0.3503333333333364	-0.05025541033431968
    0.3506666666666697	-0.05025539619916949
    0.3510000000000031	-0.05025538220976735
    0.3513333333333364	-0.05025536836451558
    0.3516666666666698	-0.05025535466183841
    0.3520000000000031	-0.05025534110017976
    0.3523333333333365	-0.0502553276780054
    0.3526666666666698	-0.05025531439379243
    0.3530000000000032	-0.05025530124604609
    0.3533333333333366	-0.05025528823328245
    0.3536666666666699	-0.05025527535403893
    0.3540000000000033	-0.05025526260687002
    0.3543333333333366	-0.05025524999035099
      0.35466666666667	-0.0502552375030705
    0.3550000000000033	-0.05025522514363685
    0.3553333333333367	-0.05025521291067282
      0.35566666666667	-0.05025520080282235
    0.3560000000000034	-0.05025518881874413
    0.3563333333333367	-0.05025517695711081
    0.3566666666666701	-0.05025516521661375
    0.3570000000000034	-0.05025515359595956
    0.3573333333333368	-0.05025514209387291
    0.3576666666666701	-0.0502551307090874
    0.3580000000000035	-0.05025511944036132
    0.3583333333333368	-0.05025510828646072
    0.3586666666666702	-0.05025509724616946
    0.3590000000000035	-0.05025508631828499
    0.3593333333333369	-0.05025507550162094
    0.3596666666666702	-0.05025506479500383
    0.3600000000000036	-0.05025505419727699
    0.3603333333333369	-0.05025504370729276
    0.3606666666666703	-0.05025503332391999
    0.3610000000000037	-0.05025502304604514
     0.361333333333337	-0.05025501287256087
    0.3616666666666704	-0.05025500280237537
    0.3620000000000037	-0.050254992834412
    0.3623333333333371	-0.0502549829676063
    0.3626666666666704	-0.05025497320090681
    0.3630000000000038	-0.05025496353327142
    0.3633333333333371	-0.0502549539636732
    0.3636666666666705	-0.05025494449109633
    0.3640000000000038	-0.05025493511453731
    0.3643333333333372	-0.05025492583300506
    0.3646666666666705	-0.05025491664551948
    0.3650000000000039	-0.05025490755111084
    0.3653333333333372	-0.05025489854882374
    0.3656666666666706	-0.05025488963771112
    0.3660000000000039	-0.05025488081683563
    0.3663333333333373	-0.05025487208527365
    0.3666666666666706	-0.05025486344211363
     0.367000000000004	-0.05025485488644955
    0.3673333333333373	-0.05025484641739099
    0.3676666666666707	-0.05025483803405412
     0.368000000000004	-0.05025482973556517
    0.3683333333333374	-0.05025482152106431
    0.3686666666666708	-0.0502548133896947
    0.3690000000000041	-0.05025480534061459
    0.3693333333333375	-0.05025479737299213
    0.3696666666666708	-0.05025478948600161
    0.3700000000000042	-0.05025478167882697
    0.3703333333333375	-0.05025477395066074
    0.3706666666666709	-0.05025476630070982
    0.3710000000000042	-0.05025475872818349
    0.3713333333333376	-0.0502547512323026
    0.3716666666666709	-0.05025474381229541
    0.3720000000000043	-0.0502547364673988
    0.3723333333333376	-0.05025472919686025
     0.372666666666671	-0.05025472199993448
    0.3730000000000043	-0.05025471487588202
    0.3733333333333377	-0.05025470782397209
     0.373666666666671	-0.05025470084348091
    0.3740000000000044	-0.05025469393369975
    0.3743333333333377	-0.0502546870939219
    0.3746666666666711	-0.05025468032344303
    0.3750000000000044	-0.05025467362157379
    0.3753333333333378	-0.05025466698763082
    0.3756666666666711	-0.05025466042093749
    0.3760000000000045	-0.05025465392082162
    0.3763333333333378	-0.05025464748662192
    0.3766666666666712	-0.05025464111768334
    0.3770000000000046	-0.05025463481335581
    0.3773333333333379	-0.05025462857299885
    0.3776666666666713	-0.05025462239597451
    0.3780000000000046	-0.05025461628165281
     0.378333333333338	-0.05025461022941364
    0.3786666666666713	-0.05025460423864032
    0.3790000000000047	-0.05025459830872442
     0.379333333333338	-0.05025459243906064
    0.3796666666666714	-0.05025458662905256
    0.3800000000000047	-0.05025458087810793
    0.3803333333333381	-0.05025457518563949
    0.3806666666666714	-0.05025456955107278
    0.3810000000000048	-0.05025456397383241
    0.3813333333333381	-0.05025455845334984
    0.3816666666666715	-0.05025455298906224
    0.3820000000000048	-0.05025454758041451
    0.3823333333333382	-0.05025454222685563
    0.3826666666666715	-0.05025453692784117
    0.3830000000000049	-0.05025453168282849
    0.3833333333333382	-0.05025452649128536
    0.3836666666666716	-0.05025452135268257
    0.3840000000000049	-0.05025451626649584
    0.3843333333333383	-0.0502545112322056
    0.3846666666666717	-0.05025450624929718
     0.385000000000005	-0.05025450131726315
    0.3853333333333384	-0.05025449643560063
    0.3856666666666717	-0.05025449160381099
    0.3860000000000051	-0.05025448682139873
    0.3863333333333384	-0.05025448208787389
    0.3866666666666718	-0.05025447740275348
    0.3870000000000051	-0.0502544727655594
    0.3873333333333385	-0.05025446817581461
    0.3876666666666718	-0.05025446363304938
    0.3880000000000052	-0.05025445913679893
    0.3883333333333385	-0.05025445468660027
    0.3886666666666719	-0.05025445028199616
    0.3890000000000052	-0.05025444592253588
    0.3893333333333386	-0.05025444160777196
    0.3896666666666719	-0.05025443733725993
    0.3900000000000053	-0.05025443311055774
    0.3903333333333386	-0.05025442892723241
     0.390666666666672	-0.05025442478685338
    0.3910000000000053	-0.05025442068899177
    0.3913333333333387	-0.05025441663322806
     0.391666666666672	-0.05025441261914149
    0.3920000000000054	-0.05025440864631621
    0.3923333333333388	-0.05025440471434195
    0.3926666666666721	-0.05025440082281024
    0.3930000000000055	-0.05025439697132258
    0.3933333333333388	-0.05025439315947845
    0.3936666666666722	-0.05025438938688129
    0.3940000000000055	-0.05025438565313738
    0.3943333333333389	-0.05025438195785922
    0.3946666666666722	-0.05025437830066593
    0.3950000000000056	-0.05025437468117829
    0.3953333333333389	-0.05025437109901627
    0.3956666666666723	-0.05025436755380545
    0.3960000000000056	-0.0502543640451772
     0.396333333333339	-0.05025436057276593
    0.3966666666666723	-0.05025435713621027
    0.3970000000000057	-0.05025435373515033
     0.397333333333339	-0.05025435036922849
    0.3976666666666724	-0.05025434703809399
    0.3980000000000057	-0.05025434374139617
    0.3983333333333391	-0.0502543404787906
    0.3986666666666724	-0.05025433724993555
    0.3990000000000058	-0.05025433405449029
    0.3993333333333391	-0.05025433089212072
    0.3996666666666725	-0.0502543277624915
    0.4000000000000059	-0.05025432466527508
    0.4003333333333392	-0.05025432160014314
    0.4006666666666726	-0.05025431856677418
    0.4010000000000059	-0.05025431556484861
    0.4013333333333393	-0.05025431259404753
    0.4016666666666726	-0.05025430965405756
     0.402000000000006	-0.05025430674444749
    0.4023333333333393	-0.05025430386519007
    0.4026666666666727	-0.05025430101595019
     0.403000000000006	-0.05025429819619918
    0.4033333333333394	-0.05025429540553007
    0.4036666666666727	-0.05025429264381333
    0.4040000000000061	-0.05025428991095195
    0.4043333333333394	-0.05025428720662598
    0.4046666666666728	-0.05025428453038758
    0.4050000000000061	-0.05025428188186346
    0.4053333333333395	-0.05025427926081905
    0.4056666666666728	-0.05025427666706778
    0.4060000000000062	-0.05025427410037407
    0.4063333333333395	-0.05025427156040507
    0.4066666666666729	-0.05025426904693712
    0.4070000000000062	-0.0502542665596061
    0.4073333333333396	-0.05025426409805828
    0.4076666666666729	-0.05025426166212462
    0.4080000000000063	-0.0502542592516809
    0.4083333333333397	-0.05025425686646452
     0.408666666666673	-0.05025425450610044
    0.4090000000000064	-0.05025425217025874
    0.4093333333333397	-0.05025424985871817
    0.4096666666666731	-0.05025424757149612
    0.4100000000000064	-0.05025424530791307
    0.4103333333333398	-0.05025424306795669
    0.4106666666666731	-0.05025424085146821
    0.4110000000000065	-0.05025423865809894
    0.4113333333333398	-0.05025423648758527
    0.4116666666666732	-0.05025423433976998
    0.4120000000000065	-0.05025423221445711
    0.4123333333333399	-0.05025423011176095
    0.4126666666666732	-0.05025422803042787
    0.4130000000000066	-0.05025422597065195
    0.4133333333333399	-0.05025422393262666
    0.4136666666666733	-0.05025422191657293
    0.4140000000000066	-0.05025421992091451
      0.41433333333334	-0.05025421794591164
    0.4146666666666733	-0.05025421599179477
    0.4150000000000067	-0.05025421405870865
      0.41533333333334	-0.05025421214530371
    0.4156666666666734	-0.05025421025171087
    0.4160000000000068	-0.05025420837808862
    0.4163333333333401	-0.05025420652420557
    0.4166666666666735	-0.05025420468972999
    0.4170000000000068	-0.05025420287444416
    0.4173333333333402	-0.05025420107834228
    0.4176666666666735	-0.05025419930075591
    0.4180000000000069	-0.05025419754176391
    0.4183333333333402	-0.05025419580126614
    0.4186666666666736	-0.05025419407896094
    0.4190000000000069	-0.05025419237467305
    0.4193333333333403	-0.05025419068831943
    0.4196666666666736	-0.05025418901972652
     0.420000000000007	-0.05025418736852237
    0.4203333333333403	-0.05025418573463553
    0.4206666666666737	-0.05025418411782732
     0.421000000000007	-0.0502541825178267
    0.4213333333333404	-0.05025418093457885
    0.4216666666666737	-0.05025417936808039
    0.4220000000000071	-0.05025417781796121
    0.4223333333333404	-0.05025417628407763
    0.4226666666666738	-0.05025417476637661
    0.4230000000000071	-0.05025417326428105
    0.4233333333333405	-0.05025417177806871
    0.4236666666666739	-0.05025417030772342
    0.4240000000000072	-0.05025416885257285
    0.4243333333333406	-0.05025416741250731
    0.4246666666666739	-0.05025416598763274
    0.4250000000000073	-0.05025416457787778
    0.4253333333333406	-0.05025416318249864
     0.425666666666674	-0.05025416180198611
    0.4260000000000073	-0.05025416043641385
    0.4263333333333407	-0.05025415908508432
     0.426666666666674	-0.05025415774998784
    0.4270000000000074	-0.05025415642256208
    0.4273333333333407	-0.05025415511445992
    0.4276666666666741	-0.05025415381929138
    0.4280000000000074	-0.05025415253648777
    0.4283333333333408	-0.05025415126700918
    0.4286666666666741	-0.05025415001126259
    0.4290000000000075	-0.05025414876894361
    0.4293333333333408	-0.05025414753953468
    0.4296666666666742	-0.05025414632294493
    0.4300000000000075	-0.05025414511917219
    0.4303333333333409	-0.05025414392790065
    0.4306666666666742	-0.05025414274912564
    0.4310000000000076	-0.05025414158260235
     0.431333333333341	-0.05025414042838348
    0.4316666666666743	-0.05025413928650543
    0.4320000000000077	-0.05025413815665708
     0.432333333333341	-0.05025413703841759
    0.4326666666666744	-0.05025413593146855
    0.4330000000000077	-0.050254134836238
    0.4333333333333411	-0.05025413375267177
    0.4336666666666744	-0.05025413268036407
    0.4340000000000078	-0.05025413161976134
    0.4343333333333411	-0.05025413057013087
    0.4346666666666745	-0.05025412953120623
    0.4350000000000078	-0.05025412850313025
    0.4353333333333412	-0.0502541274858742
    0.4356666666666745	-0.05025412647922862
    0.4360000000000079	-0.05025412548308372
    0.4363333333333412	-0.05025412449732324
    0.4366666666666746	-0.05025412352205135
    0.4370000000000079	-0.05025412255472062
    0.4373333333333413	-0.05025412160426014
    0.4376666666666746	-0.05025412065760092
     0.438000000000008	-0.05025411971595774
    0.4383333333333413	-0.05025411879903335
    0.4386666666666747	-0.05025411788377018
    0.4390000000000081	-0.05025411696948852
    0.4393333333333414	-0.0502541160783744
    0.4396666666666748	-0.0502541151902918
    0.4400000000000081	-0.05025411431441108
    0.4403333333333415	-0.05025411344069115
    0.4406666666666748	-0.05025411258434129
    0.4410000000000082	-0.05025411173010223
    0.4413333333333415	-0.0502541108922517
    0.4416666666666749	-0.05025411005630218
    0.4420000000000082	-0.05025410923420541
    0.4423333333333416	-0.05025410841361485
    0.4426666666666749	-0.05025410761103427
    0.4430000000000083	-0.05025410680918575
    0.4433333333333416	-0.05025410602230403
     0.443666666666675	-0.05025410523315864
    0.4440000000000083	-0.05025410446581949
    0.4443333333333417	-0.05025410369520461
     0.444666666666675	-0.05025410294246289
    0.4450000000000084	-0.05025410218521665
    0.4453333333333417	-0.05025410144860457
    0.4456666666666751	-0.05025410070861253
    0.4460000000000084	-0.05025409998782585
    0.4463333333333418	-0.05025409926201794
    0.4466666666666751	-0.05025409855639462
    0.4470000000000085	-0.05025409784566798
    0.4473333333333419	-0.05025409715431351
    0.4476666666666752	-0.05025409645775029
    0.4480000000000086	-0.05025409578310995
    0.4483333333333419	-0.05025409510707459
    0.4486666666666753	-0.05025409442436952
    0.4490000000000086	-0.05025409376751331
     0.449333333333342	-0.0502540931274066
    0.4496666666666753	-0.05025409247104681
    0.4500000000000087	-0.05025409182763901
     0.450333333333342	-0.05025409119689022
    0.4506666666666754	-0.0502540905106104
    0.4510000000000087	-0.0502540899214104
    0.4513333333333421	-0.05025408936012318
    0.4516666666666754	-0.0502540887130177
    0.4520000000000088	-0.05025408808362096
    0.4523333333333421	-0.05025408754334743
    0.4526666666666755	-0.05025408695254485
    0.4530000000000088	-0.05025408636666333
    0.4533333333333422	-0.05025408579965121
    0.4536666666666755	-0.05025408522475294
    0.4540000000000089	-0.0502540846746272
    0.4543333333333422	-0.05025408414529416
    0.4546666666666756	-0.05025408359003451
     0.455000000000009	-0.05025408304220388
    0.4553333333333423	-0.05025408251694553
    0.4556666666666757	-0.05025408198910753
     0.456000000000009	-0.05025408144458491
    0.4563333333333424	-0.05025408092416168
    0.4566666666666757	-0.05025408042193617
    0.4570000000000091	-0.05025407992230271
    0.4573333333333424	-0.05025407939455987
    0.4576666666666758	-0.05025407888439973
    0.4580000000000091	-0.0502540783941243
    0.4583333333333425	-0.05025407791577229
    0.4586666666666758	-0.05025407741153611
    0.4590000000000092	-0.05025407692186484
    0.4593333333333425	-0.05025407644879936
    0.4596666666666759	-0.05025407599187229
    0.4600000000000092	-0.05025407551374462
    0.4603333333333426	-0.05025407502222663
    0.4606666666666759	-0.05025407456191829
    0.4610000000000093	-0.05025407412410341
    0.4613333333333426	-0.05025407368625497
     0.461666666666676	-0.05025407324093666
    0.4620000000000093	-0.05025407277027877
    0.4623333333333427	-0.05025407232319648
    0.4626666666666761	-0.05025407190269439
    0.4630000000000094	-0.05025407148985346
    0.4633333333333428	-0.05025407107305212
    0.4636666666666761	-0.05025407062598343
    0.4640000000000095	-0.0502540701959957
    0.4643333333333428	-0.05025406979288245
    0.4646666666666762	-0.05025406940242984
    0.4650000000000095	-0.05025406900338144
    0.4653333333333429	-0.05025406859420142
    0.4656666666666762	-0.05025406818528073
    0.4660000000000096	-0.05025406778889449
    0.4663333333333429	-0.05025406740576306
    0.4666666666666763	-0.05025406702919199
    0.4670000000000096	-0.05025406665149419
     0.467333333333343	-0.05025406627223959
    0.4676666666666763	-0.0502540658960255
    0.4680000000000097	-0.05025406552536393
     0.468333333333343	-0.05025406516212815
    0.4686666666666764	-0.05025406480261194
    0.4690000000000097	-0.05025406444669551
    0.4693333333333431	-0.05025406409458311
    0.4696666666666764	-0.05025406374413279
    0.4700000000000098	-0.05025406339666674
    0.4703333333333432	-0.05025406305349876
    0.4706666666666765	-0.05025406271386823
    0.4710000000000099	-0.0502540623785323
    0.4713333333333432	-0.05025406204827118
    0.4716666666666766	-0.05025406172139677
    0.4720000000000099	-0.05025406139599394
    0.4723333333333433	-0.05025406107415339
    0.4726666666666766	-0.05025406075626115
      0.47300000000001	-0.05025406044108503
    0.4733333333333433	-0.05025406013017335
    0.4736666666666767	-0.0502540598228857
      0.47400000000001	-0.05025405951849139
    0.4743333333333434	-0.05025405921673056

     1.000333333333333	-0.05084651290185446
     1.000666666666667	-0.05201981809741853
                 1.001	-0.05222059504217842
     1.001333333333333	-0.05064759794637425
     1.001666666666666	-0.04905524615714238
                 1.002	-0.04906582095021398
     1.002333333333333	-0.05068095797210992
     1.002666666666666	-0.05206907644983221
                 1.003	-0.05174635752236523
     1.003333333333333	-0.05030623166994804
     1.003666666666666	-0.04939837116950792
                 1.004	-0.04981413227426612
     1.004333333333333	-0.05085786254274142
     1.004666666666666	-0.05136931552855554
     1.004999999999999	-0.05098371724571105
     1.005333333333333	-0.05031859923731812
     1.005666666666666	-0.05006187264008051
     1.005999999999999	-0.05035645325350725
     1.006333333333333	-0.05076485166301965
     1.006666666666666	-0.05087972905663432
     1.006999999999999	-0.05069550619658093
     1.007333333333333	-0.0504855226903988
     1.007666666666666	-0.05046086044910663
     1.007999999999999	-0.05059706243575912
     1.008333333333332	-0.05073249223568686
     1.008666666666666	-0.05076149066094956
     1.008999999999999	-0.0507154697638674
     1.009333333333332	-0.05068052633883073
     1.009666666666666	-0.05070261139726599
     1.009999999999999	-0.05076541970437477
     1.010333333333332	-0.05082360328362419
     1.010666666666665	-0.05085406808165622
     1.010999999999999	-0.05087015387938292
     1.011333333333332	-0.05088729430418927
     1.011666666666665	-0.05092218299674581
     1.011999999999999	-0.05096779856336731
     1.012333333333332	-0.05101289437682918
     1.012666666666665	-0.05105192762701239
     1.012999999999999	-0.05108995859793919
     1.013333333333332	-0.0511296105812181
     1.013666666666665	-0.05117013976549157
     1.013999999999998	-0.05121422801804014
     1.014333333333332	-0.05126019454166595
     1.014666666666665	-0.0513078380534148
     1.014999999999998	-0.0513562975633373
     1.015333333333332	-0.05140125107250845
     1.015666666666665	-0.05144820162161254
     1.015999999999998	-0.05149606471767422
     1.016333333333332	-0.05154434882534904
     1.016666666666665	-0.05159407604988245
     1.016999999999998	-0.05164479459867864
     1.017333333333331	-0.05169456934797376
     1.017666666666665	-0.05174282005067888
     1.017999999999998	-0.05179092099337784
     1.018333333333331	-0.05183978445966382
     1.018666666666665	-0.05188911644603933
     1.018999999999998	-0.05193730577239956
     1.019333333333331	-0.05198571228022716
     1.019666666666665	-0.0520328321983333
     1.019999999999998	-0.05207856673577885
     1.020333333333331	-0.05212352977845125
     1.020666666666664	-0.05216821628636237
     1.020999999999998	-0.05221234546692732
     1.021333333333331	-0.05225527166389354
     1.021666666666664	-0.05229665287801161
     1.021999999999998	-0.05233660167853125
     1.022333333333331	-0.05237542342881322
     1.022666666666664	-0.0524131413588429
     1.022999999999997	-0.05244956338866441
     1.023333333333331	-0.05248449518122798
     1.023666666666664	-0.05251785052068893
     1.023999999999997	-0.05254966754558562
     1.024333333333331	-0.05258003342988486
     1.024666666666664	-0.05260893342723427
     1.024999999999997	-0.05263631593251451
     1.025333333333331	-0.0526620927588651
     1.025666666666664	-0.05268625114616595
     1.025999999999997	-0.05270883269994288
      1.02633333333333	-0.05272984699436809
     1.026666666666664	-0.0527493387834475
     1.026999999999997	-0.05276733099670452
      1.02733333333333	-0.05278380943661787
     1.027666666666664	-0.05279878079537213
     1.027999999999997	-0.05281229131540052
      1.02833333333333	-0.05282436628692047
     1.028666666666664	-0.05283505520715003
     1.028999999999997	-0.05284441286663211
      1.02933333333333	-0.05285250473717792
     1.029666666666663	-0.05285937263853963
     1.029999999999997	-0.05286503499524642
      1.03033333333333	-0.05286938910046819
     1.030666666666663	-0.05287271828733262
     1.030999999999997	-0.05287557018609768
      1.03133333333333	-0.05287682169263828
     1.031666666666663	-0.05287740321603329
     1.031999999999996	-0.05287706067139277
      1.03233333333333	-0.05287610048123931
     1.032666666666663	-0.05287440531424449
     1.032999999999996	-0.05287200615296829
      1.03333333333333	-0.05286906843502175
     1.033666666666663	-0.05286567108901942
     1.033999999999996	-0.05286179763576754
      1.03433333333333	-0.05285748150346976
     1.034666666666663	-0.05285285148382307
     1.034999999999996	-0.05284803799676419
     1.035333333333329	-0.05284308385860627
     1.035666666666663	-0.05283798479196494
     1.035999999999996	-0.05283273970897857
     1.036333333333329	-0.05283423821790884
     1.036666666666663	-0.05283430314723417
     1.036999999999996	-0.05282841871905546
     1.037333333333329	-0.05281898529244282
     1.037666666666663	-0.05281131031216309
     1.037999999999996	-0.05280798486241278
     1.038333333333329	-0.05280158496263086
     1.038666666666662	-0.05279375679773309
     1.038999999999996	-0.05278925287201383
     1.039333333333329	-0.05278814048009289
     1.039666666666662	-0.05278646011885273
     1.039999999999996	-0.05278042849404616
     1.040333333333329	-0.05277538845743895
     1.040666666666662	-0.05277232668429778
     1.040999999999995	-0.05277158547338807
     1.041333333333329	-0.0527726466378633
     1.041666666666662	-0.05277077927761591
     1.041999999999995	-0.05276840886021149
     1.042333333333329	-0.05276715320810148
     1.042666666666662	-0.05276715077598129
     1.042999999999995	-0.05276782074607308
     1.043333333333329	-0.05276859929835012
     1.043666666666662	-0.05276946896809905
     1.043999999999995	-0.05277057859584314
     1.044333333333328	-0.05277196394245505
     1.044666666666662	-0.0527735870373359
     1.044999999999995	-0.05277558926131566
     1.045333333333328	-0.05277804807654554
     1.045666666666662	-0.05278062061755509
     1.045999999999995	-0.05278518311310045
     1.046333333333328	-0.05278995588542257
     1.046666666666662	-0.05279359726089312
     1.046999999999995	-0.05279618439692934
     1.047333333333328	-0.05279864820537824
     1.047666666666661	-0.0528016449643082
     1.047999999999995	-0.05280532697780834
     1.048333333333328	-0.0528091529742848
     1.048666666666661	-0.0528126472594421
     1.048999999999995	-0.05281587768642582
     1.049333333333328	-0.05281912350761654
     1.049666666666661	-0.05282235867577219
     1.049999999999994	-0.0528253945379354
     1.050333333333328	-0.05282818792406464
     1.050666666666661	-0.05283083951742355
     1.050999999999994	-0.05283339079562371
     1.051333333333328	-0.05283529816142094
     1.051666666666661	-0.05283773930720462
     1.051999999999994	-0.05284097022458107
     1.052333333333328	-0.05284152270187772
     1.052666666666661	-0.0528409508981236
     1.052999999999994	-0.05284113445092944
     1.053333333333327	-0.05284227852970073
     1.053666666666661	-0.05284406028131029
     1.053999999999994	-0.05284694232025908
     1.054333333333327	-0.05284917202511222
     1.054666666666661	-0.05284862199540281
     1.054999999999994	-0.05284679923992482
     1.055333333333327	-0.05284581695486922
     1.055666666666661	-0.05284577613857148
     1.055999999999994	-0.05284714791877616
     1.056333333333327	-0.05284627798469702
      1.05666666666666	-0.05284284520006447
     1.056999999999994	-0.05284208200192516
     1.057333333333327	-0.05284120537282693
      1.05766666666666	-0.05283928178037715
     1.057999999999994	-0.05283417468418247
     1.058333333333327	-0.05283372436758788
      1.05866666666666	-0.05283136054923745
     1.058999999999994	-0.0528283547307553
     1.059333333333327	-0.05282154691904997
      1.05966666666666	-0.05281788795214424
     1.059999999999993	-0.05281473230284498
     1.060333333333327	-0.05281091685668195
      1.06066666666666	-0.05280491057250461
     1.060999999999993	-0.05280188108059503
     1.061333333333327	-0.05279796866077165
      1.06166666666666	-0.05279242802239711
     1.061999999999993	-0.05278444752490001
     1.062333333333326	-0.05278137242973848
      1.06266666666666	-0.05277799078126508
     1.062999999999993	-0.05277279129376976
     1.063333333333326	-0.05276451559587512
      1.06366666666666	-0.0527600591886565
     1.063999999999993	-0.05275593308032676
     1.064333333333326	-0.05274795046899126
      1.06466666666666	-0.05274345009717591
     1.064999999999993	-0.05273996840715142
     1.065333333333326	-0.05273170460695023
     1.065666666666659	-0.05272610795719936
     1.065999999999993	-0.05272166803479107
     1.066333333333326	-0.05271425907514315
     1.066666666666659	-0.05271237813512743
     1.066999999999993	-0.05270767952816979
     1.067333333333326	-0.05270124075756644
     1.067666666666659	-0.05269350977161057
     1.067999999999993	-0.05268838195819738
     1.068333333333326	-0.05268426412396916
     1.068666666666659	-0.05267792105415773
     1.068999999999992	-0.05267337318935669
     1.069333333333326	-0.05266674524462867
     1.069666666666659	-0.05266250647293307
     1.069999999999992	-0.0526573727979154
     1.070333333333326	-0.05265225556397437
     1.070666666666659	-0.05264652329231457
     1.070999999999992	-0.05264189535653865
     1.071333333333325	-0.05263828039099629
     1.071666666666659	-0.05263452343928866
     1.071999999999992	-0.05263048249252525
     1.072333333333325	-0.0526267683147039
     1.072666666666659	-0.0526223217424487
     1.072999999999992	-0.05261825138491552
     1.073333333333325	-0.05261498384003677
     1.073666666666659	-0.05261268708525109
     1.073999999999992	-0.05260924067825359
     1.074333333333325	-0.05260592229066002
     1.074666666666658	-0.05260265387840782
     1.074999999999992	-0.05260074859515343
     1.075333333333325	-0.05259805521421931
     1.075666666666658	-0.05259596058313624
     1.075999999999992	-0.05259316712541109
     1.076333333333325	-0.0525917034617847
     1.076666666666658	-0.05258974175113558
     1.076999999999992	-0.05258744198994677
     1.077333333333325	-0.05258702221352586
     1.077666666666658	-0.05258536608937053
     1.077999999999991	-0.05258310151656877
     1.078333333333325	-0.0525820291175557
     1.078666666666658	-0.05258052870407888
     1.078999999999991	-0.05257927219145637
     1.079333333333325	-0.05257934772673687
     1.079666666666658	-0.05257789632518915
     1.079999999999991	-0.05257646208878457
     1.080333333333324	-0.05257663235669634
     1.080666666666658	-0.05257632905995905
     1.080999999999991	-0.05257561456606227
     1.081333333333324	-0.0525755709917857
     1.081666666666658	-0.05257524237345441
     1.081999999999991	-0.05257477591443391
     1.082333333333324	-0.0525753991073065
     1.082666666666658	-0.05257495670647104
     1.082999999999991	-0.05257457207399806
     1.083333333333324	-0.0525751946795425
     1.083666666666657	-0.05257533007991811
     1.083999999999991	-0.05257524949478082
     1.084333333333324	-0.05257576687484252
     1.084666666666657	-0.05257588967119398
     1.084999999999991	-0.05257665596585341
     1.085333333333324	-0.05257785598871733
     1.085666666666657	-0.05257806951353705
     1.085999999999991	-0.05257760288467056
     1.086333333333324	-0.05257792987275336
     1.086666666666657	-0.05257836644617371
      1.08699999999999	-0.05257874645520132
     1.087333333333324	-0.05257915217602972
     1.087666666666657	-0.05257948407338321
      1.08799999999999	-0.05257974975466064
     1.088333333333324	-0.0525800078793452
     1.088666666666657	-0.05258032399418457
      1.08899999999999	-0.05258059289311143
     1.089333333333323	-0.05258083237227116
     1.089666666666657	-0.05258117274193615
      1.08999999999999	-0.05258147824318225
     1.090333333333323	-0.0525815979805133
     1.090666666666657	-0.05258184784276701
      1.09099999999999	-0.05258209293317018
     1.091333333333323	-0.05258213477662366
     1.091666666666657	-0.0525823868871163
      1.09199999999999	-0.05258264356329882
     1.092333333333323	-0.0525826135540851
     1.092666666666656	-0.05258271858599039
      1.09299999999999	-0.05258303056345556
     1.093333333333323	-0.052583001001603
     1.093666666666656	-0.05258302753958995
      1.09399999999999	-0.0525832698982692
     1.094333333333323	-0.05258314508550524
     1.094666666666656	-0.05258325704630106
      1.09499999999999	-0.05258338188225482
     1.095333333333323	-0.05258318677778686
     1.095666666666656	-0.05258329021787107
     1.095999999999989	-0.05258336429741375
     1.096333333333323	-0.05258326747465041
     1.096666666666656	-0.05258331798024172
     1.096999999999989	-0.05258338843232532
     1.097333333333323	-0.05258322044941852
     1.097666666666656	-0.05258323012869336
     1.097999999999989	-0.05258329939154067
     1.098333333333323	-0.05258318894883872
     1.098666666666656	-0.05258321476202025
     1.098999999999989	-0.0525832239481096
     1.099333333333322	-0.05258308886849081
     1.099666666666656	-0.05258310700881837
     1.099999999999989	-0.0525831902699449
     1.100333333333322	-0.05258310080539161
     1.100666666666656	-0.05258311569753824
     1.100999999999989	-0.05258317404901851
     1.101333333333322	-0.05258308647307201
     1.101666666666655	-0.05258313694464539
     1.101999999999989	-0.0525832323294859
     1.102333333333322	-0.05258318992515401
     1.102666666666655	-0.05258326137084343
     1.102999999999989	-0.05258336460776895
     1.103333333333322	-0.05258339247040996
     1.103666666666655	-0.05258338461557748
     1.103999999999989	-0.05258354784275819
     1.104333333333322	-0.05258373876230295
     1.104666666666655	-0.05258380799439442
     1.104999999999988	-0.05258385531930633
     1.105333333333322	-0.05258401443103666
     1.105666666666655	-0.05258419666608403
     1.105999999999988	-0.05258434699322683
     1.106333333333322	-0.05258449927847576
     1.106666666666655	-0.05258467980767131
     1.106999999999988	-0.05258490182783359
     1.107333333333322	-0.05258511649209266
     1.107666666666655	-0.05258531157665588
     1.107999999999988	-0.05258556171271665
     1.108333333333321	-0.05258584200202505
     1.108666666666655	-0.05258610494932774
     1.108999999999988	-0.05258636999073665
     1.109333333333321	-0.05258665531251831
     1.109666666666655	-0.0525869627047109
     1.109999999999988	-0.05258728204177839
     1.110333333333321	-0.05258760594352789
     1.110666666666654	-0.05258793602887645
     1.110999999999988	-0.05258827826856524
     1.111333333333321	-0.05258863500386879
     1.111666666666654	-0.05258900273329339
     1.111999999999988	-0.05258937711244505
     1.112333333333321	-0.05258975710189031
     1.112666666666654	-0.05259014513751101
     1.112999999999988	-0.05259054315478022
     1.113333333333321	-0.05259094999680994
     1.113666666666654	-0.05259136297459434
     1.113999999999987	-0.05259177995687986
     1.114333333333321	-0.05259220150608333
     1.114666666666654	-0.05259262884955944
     1.114999999999987	-0.05259306191587013
     1.115333333333321	-0.05259349877713095
     1.115666666666654	-0.05259393808367901
     1.115999999999987	-0.0525943795942851
     1.116333333333321	-0.05259482351482142
     1.116666666666654	-0.05259526955038436
     1.116999999999987	-0.05259571732028187
      1.11733333333332	-0.05259616585250331
     1.117666666666654	-0.05259661433963773
     1.117999999999987	-0.05259706244944014
      1.11833333333332	-0.05259751008988082
     1.118666666666654	-0.05259795697335651
     1.118999999999987	-0.05259840236558102
      1.11933333333332	-0.05259884605415897
     1.119666666666653	-0.05259928751860017
     1.119999999999987	-0.05259972632600278
      1.12033333333332	-0.0526001622286395
     1.120666666666653	-0.05260059484358207
     1.120999999999987	-0.05260102446743078
      1.12133333333332	-0.05260145031599935
     1.121666666666653	-0.05260187209692901
     1.121999999999987	-0.05260228991572131
      1.12233333333332	-0.05260270333629838
     1.122666666666653	-0.05260311195454619
     1.122999999999986	-0.0526035206644421
      1.12333333333332	-0.05260391144711259
     1.123666666666653	-0.05260430956076879
     1.123999999999986	-0.05260469891393569
      1.12433333333332	-0.05260507573217751
     1.124666666666653	-0.05260546145301032
     1.124999999999986	-0.05260583642804382
      1.12533333333332	-0.05260620014787869
     1.125666666666653	-0.05260655882119408
     1.125999999999986	-0.05260691534240095
     1.126333333333319	-0.0526072681695583
     1.126666666666653	-0.05260761501627944
     1.126999999999986	-0.05260795475215062
     1.127333333333319	-0.05260828807700953
     1.127666666666653	-0.05260861616815501
     1.127999999999986	-0.05260893982259027
     1.128333333333319	-0.05260925860253827
     1.128666666666652	-0.05260957175354822
     1.128999999999986	-0.0526098790112422
     1.129333333333319	-0.05261018091147104
     1.129666666666652	-0.05261047430387872
     1.129999999999986	-0.05261077246205681
     1.130333333333319	-0.05261105764708318
     1.130666666666652	-0.05261133911850068
     1.130999999999986	-0.05261161721132229
     1.131333333333319	-0.05261189062882974
     1.131666666666652	-0.05261215933421939
     1.131999999999985	-0.05261242253996837
     1.132333333333319	-0.0526126808602697
     1.132666666666652	-0.05261293547518126
     1.132999999999985	-0.05261318633368324
     1.133333333333319	-0.05261343296267688
     1.133666666666652	-0.05261367515649309
     1.133999999999985	-0.05261391298403119
     1.134333333333319	-0.05261414715972342
     1.134666666666652	-0.05261437777423884
     1.134999999999985	-0.0526146048008681
     1.135333333333318	-0.05261482791709139
     1.135666666666652	-0.05261504741993189
     1.135999999999985	-0.05261526344231188
     1.136333333333318	-0.05261547601540081
     1.136666666666652	-0.05261568542651174
     1.136999999999985	-0.05261589161638234
     1.137333333333318	-0.05261609450614802
     1.137666666666652	-0.0526162941021694
     1.137999999999985	-0.05261649067913746
     1.138333333333318	-0.05261668431577855
     1.138666666666651	-0.05261687499874768
     1.138999999999985	-0.05261706275812632
     1.139333333333318	-0.05261724762512968
     1.139666666666651	-0.05261742965455407
     1.139999999999985	-0.05261760893525045
     1.140333333333318	-0.05261778546433214
     1.140666666666651	-0.05261795927898392
     1.140999999999984	-0.05261813042635025
     1.141333333333318	-0.05261829894749435
     1.141666666666651	-0.05261846486260753
     1.141999999999984	-0.05261862817920007
     1.142333333333318	-0.0526187889083356
     1.142666666666651	-0.0526189470710027
     1.142999999999984	-0.052619102693315
     1.143333333333318	-0.05261925584134668
     1.143666666666651	-0.05261940642977793
     1.143999999999984	-0.05261955448422614
     1.144333333333317	-0.05261970006075226
     1.144666666666651	-0.05261984319647672
     1.144999999999984	-0.05261998389005879
     1.145333333333317	-0.0526201221260811
     1.145666666666651	-0.05262025791882237
     1.145999999999984	-0.05262039127183918
     1.146333333333317	-0.05262052215595014
     1.146666666666651	-0.0526206505223914
     1.146999999999984	-0.05262077642698793
     1.147333333333317	-0.05262089992992734
      1.14766666666665	-0.05262102104859059
     1.147999999999984	-0.052621139757137
     1.148333333333317	-0.052621256025583
      1.14866666666665	-0.05262136985727914
     1.148999999999984	-0.05262148127979588
     1.149333333333317	-0.05262159035358583
      1.14966666666665	-0.05262169707571312
     1.149999999999983	-0.05262180142490789
     1.150333333333317	-0.0526219033939564
      1.15066666666665	-0.05262200300091049
     1.150999999999983	-0.05262210028390567
     1.151333333333317	-0.05262219528672914
      1.15166666666665	-0.05262228802862731
     1.151999999999983	-0.05262237824528864
     1.152333333333317	-0.05262246673381918
      1.15266666666665	-0.05262255319883036
     1.152999999999983	-0.0526226372211041
     1.153333333333316	-0.0526227187871771
      1.15366666666665	-0.05262279824022376
     1.153999999999983	-0.05262287584931834
     1.154333333333316	-0.05262295157409261
      1.15466666666665	-0.05262302523059535
     1.154999999999983	-0.05262309676418948
     1.155333333333316	-0.05262316630804732
      1.15566666666665	-0.05262323403202557
     1.155999999999983	-0.05262330000214505
     1.156333333333316	-0.05262336418938648
     1.156666666666649	-0.05262342657106151
     1.156999999999983	-0.0526234872038534
     1.157333333333316	-0.05262354615465565
     1.157666666666649	-0.05262360351918526
     1.157999999999983	-0.05262365935276454
     1.158333333333316	-0.05262371367377074
     1.158666666666649	-0.05262376651332368
     1.158999999999982	-0.05262381790112564
     1.159333333333316	-0.05262386789164472
     1.159666666666649	-0.05262391657208652
     1.159999999999982	-0.05262396400942188
     1.160333333333316	-0.05262401022146866
     1.160666666666649	-0.0526240552334098
     1.160999999999982	-0.05262409909710659
     1.161333333333316	-0.05262414187989423
     1.161666666666649	-0.05262420121021955
     1.161999999999982	-0.05262423310500867
     1.162333333333315	-0.05262425934553219
     1.162666666666649	-0.0526243112644665
     1.162999999999982	-0.05262434585724656
     1.163333333333315	-0.05262439132968633
     1.163666666666649	-0.0526244179216107
     1.163999999999982	-0.05262445904327794
     1.164333333333315	-0.0526244857417455
     1.164666666666649	-0.05262452735486493
     1.164999999999982	-0.05262456939675742
     1.165333333333315	-0.05262460220290684
     1.165666666666648	-0.05262462998052291
     1.165999999999982	-0.05262464263907464
     1.166333333333315	-0.05262468268301378
     1.166666666666648	-0.05262472566107775
     1.166999999999982	-0.05262475895610205
     1.167333333333315	-0.0526247853077461
     1.167666666666648	-0.05262481065226784
     1.167999999999981	-0.05262483763928324
     1.168333333333315	-0.05262486684996402
     1.168666666666648	-0.0526248974944921
     1.168999999999981	-0.05262492726659831
     1.169333333333315	-0.05262495492319372
     1.169666666666648	-0.05262498144309803
     1.169999999999981	-0.05262500841525362
     1.170333333333315	-0.05262503619765933
     1.170666666666648	-0.05262506412048413
     1.170999999999981	-0.05262509156369452
     1.171333333333314	-0.05262511843483465
     1.171666666666648	-0.05262514499232569
     1.171999999999981	-0.05262517151386657
     1.172333333333314	-0.05262519814164238
     1.172666666666648	-0.05262522487052041
     1.172999999999981	-0.05262525154940505
     1.173333333333314	-0.05262527801959918
     1.173666666666648	-0.0526253042147158
     1.173999999999981	-0.05262533022954826
     1.174333333333314	-0.05262535621454415
     1.174666666666647	-0.05262538229912327
     1.174999999999981	-0.05262540841560951
     1.175333333333314	-0.05262543445189343
     1.175666666666647	-0.05262546028280984
     1.175999999999981	-0.0526254858378224
     1.176333333333314	-0.0526255112805458
     1.176666666666647	-0.05262553676459845
     1.176999999999981	-0.05262556230119864
     1.177333333333314	-0.05262558777925889
     1.177666666666647	-0.05262561308492068
      1.17799999999998	-0.05262563818496689
     1.178333333333314	-0.05262566312451713
     1.178666666666647	-0.05262568796975345
      1.17899999999998	-0.05262571275161652
     1.179333333333314	-0.05262573745002685
     1.179666666666647	-0.05262576201909402
      1.17999999999998	-0.05262578642290525
     1.180333333333313	-0.05262581065281468
     1.180666666666647	-0.052625834720476
      1.18099999999998	-0.05262585864041676
     1.181333333333313	-0.05262588241710699
     1.181666666666647	-0.05262589904450538
      1.18199999999998	-0.05262591974834853
     1.182333333333313	-0.05262595075027685
     1.182666666666647	-0.05262598039612377
      1.18299999999998	-0.05262600300358343
     1.183333333333313	-0.05262601463058345
     1.183666666666646	-0.05262602980944035
      1.18399999999998	-0.05262605312394952
     1.184333333333313	-0.05262608124152786
     1.184666666666646	-0.05262611364655261
      1.18499999999998	-0.05262613879806835
     1.185333333333313	-0.05262614781287914
     1.185666666666646	-0.05262615781455973
      1.18599999999998	-0.05262617852880068
     1.186333333333313	-0.05262620702309392
     1.186666666666646	-0.05262623282501287
     1.186999999999979	-0.0526262520098932
     1.187333333333313	-0.05262626688682669
     1.187666666666646	-0.05262628379334573
     1.187999999999979	-0.05262630481664152
     1.188333333333313	-0.05262632709274065
     1.188666666666646	-0.05262634731289268
     1.188999999999979	-0.05262636513472727
     1.189333333333312	-0.05262638238960982
     1.189666666666646	-0.05262640049475872
     1.189999999999979	-0.0526264196556512
     1.190333333333312	-0.05262643849997401
     1.190666666666646	-0.05262645635609827
     1.190999999999979	-0.05262647411538426
     1.191333333333312	-0.05262649139647124
     1.191666666666646	-0.05262650872285971
     1.191999999999979	-0.05262652610079594
     1.192333333333312	-0.05262654341902744
     1.192666666666645	-0.05262656993741568
     1.192999999999979	-0.05262658440348476
     1.193333333333312	-0.05262659359159756
     1.193666666666645	-0.05262660590716287
     1.193999999999979	-0.05262662381069107
     1.194333333333312	-0.05262664427641844
     1.194666666666645	-0.05262666267502878
     1.194999999999979	-0.0526266778201505
     1.195333333333312	-0.05262670071883665
     1.195666666666645	-0.05262671306071377
     1.195999999999978	-0.0526267223096205
     1.196333333333312	-0.05262673497350064
     1.196666666666645	-0.05262675246779357
     1.196999999999978	-0.05262677176164733
     1.197333333333312	-0.05262679762759897
     1.197666666666645	-0.05262680911340409
     1.197999999999978	-0.05262681532639485
     1.198333333333311	-0.05262682603972179
     1.198666666666645	-0.05262684357775604
     1.198999999999978	-0.05262686347171698
     1.199333333333311	-0.05262688917615888
     1.199666666666645	-0.05262690871819389
     1.199999999999978	-0.0526269115859321
     1.200333333333311	-0.05262691505179585
     1.200666666666645	-0.05262692871497403
     1.200999999999978	-0.05262694999448704
     1.201333333333311	-0.05262697091505671
     1.201666666666644	-0.05262699367337198
     1.201999999999978	-0.05262700208977859
     1.202333333333311	-0.05262700760463801
     1.202666666666644	-0.0526270190407727
     1.202999999999978	-0.05262703727206219
     1.203333333333311	-0.05262706375053575
     1.203666666666644	-0.05262708475349582
     1.203999999999978	-0.05262708888401586
     1.204333333333311	-0.05262709211998914
     1.204666666666644	-0.05262710439297253
     1.204999999999977	-0.05262712423576521
     1.205333333333311	-0.05262714449871784
     1.205666666666644	-0.05262715967639303
     1.205999999999977	-0.05262717722633626
     1.206333333333311	-0.05262718643481171
     1.206666666666644	-0.05262719522013587
     1.206999999999977	-0.05262720892390636
      1.20733333333331	-0.05262722586078079
     1.207666666666644	-0.05262724225196588
     1.207999999999977	-0.05262725684764582
      1.20833333333331	-0.05262726963273535
     1.208666666666644	-0.05262728226321793
     1.208999999999977	-0.0526272959703881
      1.20933333333331	-0.05262731051929696
     1.209666666666644	-0.0526273252844424
     1.209999999999977	-0.05262733943918069
      1.21033333333331	-0.05262735293017646
     1.210666666666643	-0.05262736636247844
     1.210999999999977	-0.05262737990989879
      1.21133333333331	-0.0526273937168435
     1.211666666666643	-0.05262740761253939
     1.211999999999977	-0.05262742129984341
      1.21233333333331	-0.05262743488405009
     1.212666666666643	-0.05262744843192182
     1.212999999999977	-0.05262746176686287
      1.21333333333331	-0.05262747505533937
     1.213666666666643	-0.05262748842064705
     1.213999999999976	-0.05262750181783428
      1.21433333333331	-0.05262751508438668
     1.214666666666643	-0.0526275282783714
     1.214999999999976	-0.05262754134014468
      1.21533333333331	-0.05262755430019305
     1.215666666666643	-0.05262756728572222
     1.215999999999976	-0.05262758028657177
      1.21633333333331	-0.05262759320234175
     1.216666666666643	-0.05262760596402342
     1.216999999999976	-0.05262761859525491
     1.217333333333309	-0.05262763116387721
     1.217666666666643	-0.05262764370969072
     1.217999999999976	-0.05262765621832863
     1.218333333333309	-0.05262766864877092
     1.218666666666643	-0.05262768097141399
     1.218999999999976	-0.05262769318476447
     1.219333333333309	-0.05262770530547092
     1.219666666666642	-0.0526277173500251
     1.219999999999976	-0.05262772932269709
     1.220333333333309	-0.05262774121725628
     1.220666666666642	-0.05262775302494774
     1.220999999999976	-0.05262776473944684
     1.221333333333309	-0.05262777635804353
     1.221666666666642	-0.05262778788085898
     1.221999999999976	-0.05262779930967955
     1.222333333333309	-0.05262781064584088
     1.222666666666642	-0.05262782188958526
     1.222999999999975	-0.05262783303987053
     1.223333333333309	-0.05262784409453802
     1.223666666666642	-0.05262785505108131
     1.223999999999975	-0.05262786590804835
     1.224333333333309	-0.05262787666576542
     1.224666666666642	-0.05262788732558948
     1.224999999999975	-0.05262789788848343
     1.225333333333309	-0.05262790835408147
     1.225666666666642	-0.05262791872081878
     1.225999999999975	-0.05262792898688218
     1.226333333333308	-0.05262793915132544
     1.226666666666642	-0.05262794921457684
     1.226999999999975	-0.05262795917809981
     1.227333333333308	-0.05262796904349405
     1.227666666666642	-0.05262797881163805
     1.227999999999975	-0.05262798848236332
     1.228333333333308	-0.05262799805483068
     1.228666666666641	-0.05262800752832181
     1.228999999999975	-0.05262801690288914
     1.229333333333308	-0.05262802617944827
     1.229666666666641	-0.05262803535936095
     1.229999999999975	-0.05262804444384959
     1.230333333333308	-0.05262805343366966
     1.230666666666641	-0.05262806232914762
     1.230999999999975	-0.05262807113050492
     1.231333333333308	-0.05262807983818035
     1.231666666666641	-0.05262808845297198
     1.231999999999974	-0.05262809697597746
     1.232333333333308	-0.05262810540828924
     1.232666666666641	-0.05262811375084821
     1.232999999999974	-0.05262812200435433
     1.233333333333308	-0.05262813016934419
     1.233666666666641	-0.05262813824640609
     1.233999999999974	-0.05262814623633916
     1.234333333333308	-0.05262815414020171
     1.234666666666641	-0.0526281619591313
     1.234999999999974	-0.05262816969421802
     1.235333333333307	-0.05262817734645941
     1.235666666666641	-0.05262818491660477
     1.235999999999974	-0.05262819240597083
     1.236333333333307	-0.05262819981399584
     1.236666666666641	-0.0526282071416242
     1.236999999999974	-0.05262821439052867
     1.237333333333307	-0.05262822157510907
      1.23766666666664	-0.05262822864922226
     1.237999999999974	-0.05262823567576676
     1.238333333333307	-0.05262824261884533
      1.23866666666664	-0.0526282494833238
     1.238999999999974	-0.05262825627849076
     1.239333333333307	-0.05262826300077739
      1.23966666666664	-0.05262826965143051
     1.239999999999974	-0.05262827623753887
     1.240333333333307	-0.05262828274686033
      1.24066666666664	-0.05262828917450761
     1.240999999999973	-0.05262829553260666
     1.241333333333307	-0.05262830182894951
      1.24166666666664	-0.05262830806485181
     1.241999999999973	-0.05262831423276776
     1.242333333333307	-0.05262832033068844
      1.24266666666664	-0.05262832635477462
     1.242999999999973	-0.05262833231091094
     1.243333333333307	-0.05262833821765441
      1.24366666666664	-0.05262834406260631
     1.243999999999973	-0.0526283498383784
     1.244333333333306	-0.05262835554517457
      1.24466666666664	-0.05262836119274002
     1.244999999999973	-0.05262836678015191
     1.245333333333306	-0.05262837229368593
      1.24566666666664	-0.05262837778513119
     1.245999999999973	-0.0526283831929486
     1.246333333333306	-0.0526283885169935
      1.24666666666664	-0.05262839381149628
     1.246999999999973	-0.05262839903164897
     1.247333333333306	-0.05262840421844026
     1.247666666666639	-0.05262840932449633
     1.247999999999973	-0.05262841437890948
     1.248333333333306	-0.05262841939407212
     1.248666666666639	-0.05262842432541495
     1.248999999999973	-0.05262842921950581
     1.249333333333306	-0.0526284340427658
     1.249666666666639	-0.05262843883322822
     1.249999999999972	-0.0526284435530586
     1.250333333333306	-0.05262844823629001
     1.250666666666639	-0.0526284528462922
     1.250999999999972	-0.05262845742134012
     1.251333333333306	-0.05262846192724761
     1.251666666666639	-0.05262846640202742
     1.251999999999972	-0.05262847081452748
     1.252333333333306	-0.05262847516216125
     1.252666666666639	-0.0526284794892831
     1.252999999999972	-0.05262848375349226
     1.253333333333305	-0.05262848796175144
     1.253666666666639	-0.05262849212316865
     1.253999999999972	-0.05262849623965404
     1.254333333333305	-0.05262850031176877
     1.254666666666639	-0.05262850433840117
     1.254999999999972	-0.05262850831402918
     1.255333333333305	-0.05262851223947562
     1.255666666666639	-0.05262851611911153
     1.255999999999972	-0.0526285199559139
     1.256333333333305	-0.05262852374916446
     1.256666666666638	-0.05262852749795446
     1.256999999999972	-0.05262853120169751
     1.257333333333305	-0.05262853486048635
     1.257666666666638	-0.05262853847570564
     1.257999999999972	-0.05262854204892301
     1.258333333333305	-0.05262854558069688
     1.258666666666638	-0.05262854907020328
     1.258999999999971	-0.05262855251776408
     1.259333333333305	-0.0526285559241026
     1.259666666666638	-0.05262855928993866
     1.259999999999971	-0.05262856261587705
     1.260333333333305	-0.05262856590227227
     1.260666666666638	-0.05262856914929579
     1.260999999999971	-0.05262857235726084
     1.261333333333305	-0.05262857552678346
     1.261666666666638	-0.05262857865856678
     1.261999999999971	-0.05262858175309704
     1.262333333333304	-0.05262858481063054
     1.262666666666638	-0.05262858783140787
     1.262999999999971	-0.05262859081585185
     1.263333333333304	-0.05262859376456191
     1.263666666666638	-0.05262859667826295
     1.263999999999971	-0.05262859955881595
     1.264333333333304	-0.05262860240024289
     1.264666666666638	-0.05262860521322014
     1.264999999999971	-0.05262860798980869
     1.265333333333304	-0.05262861073558504
     1.265666666666637	-0.05262861343886448
     1.265999999999971	-0.0526286161246238
     1.266333333333304	-0.05262861877191836
     1.266666666666637	-0.05262862138407122
     1.266999999999971	-0.05262862396709012
     1.267333333333304	-0.05262862652172128
     1.267666666666637	-0.05262862904570657
      1.26799999999997	-0.05262863153871753
     1.268333333333304	-0.05262863400227543
     1.268666666666637	-0.0526286364377417
      1.26899999999997	-0.05262863884353953
     1.269333333333304	-0.05262864122095788
     1.269666666666637	-0.05262864357077147
      1.26999999999997	-0.05262864589323782
     1.270333333333304	-0.05262864818823286
     1.270666666666637	-0.05262865045637518
      1.27099999999997	-0.05262865269809928
     1.271333333333303	-0.05262865491362575
     1.271666666666637	-0.05262865710350411
      1.27199999999997	-0.05262865926740154
     1.272333333333303	-0.05262866140611942
     1.272666666666637	-0.05262866352038707
      1.27299999999997	-0.05262866561042884
     1.273333333333303	-0.05262866767658875
     1.273666666666637	-0.05262866971796424
      1.27399999999997	-0.05262867173544398
     1.274333333333303	-0.05262867373010024
     1.274666666666636	-0.05262867570234357
      1.27499999999997	-0.05262867765202054
     1.275333333333303	-0.05262867957902491
     1.275666666666636	-0.05262868148415852
      1.27599999999997	-0.05262868336675493
     1.276333333333303	-0.05262868573696876
     1.276666666666636	-0.05262868740669691
     1.276999999999969	-0.05262868882301868
     1.277333333333303	-0.05262869044211321
     1.277666666666636	-0.05262869234722009
     1.277999999999969	-0.05262869429748075
     1.278333333333303	-0.05262869609233058
     1.278666666666636	-0.05262869774233171
     1.278999999999969	-0.05262869935373422
     1.279333333333303	-0.05262870101161508
     1.279666666666636	-0.05262870271173853
     1.279999999999969	-0.05262870439286156
     1.280333333333302	-0.05262870601869794
     1.280666666666636	-0.05262870760350755
     1.280999999999969	-0.0526287091766375
     1.281333333333302	-0.05262871074750037
     1.281666666666636	-0.05262871230844218
     1.281999999999969	-0.05262871385116878
     1.282333333333302	-0.05262871537119215
     1.282666666666636	-0.0526287168695445
     1.282999999999969	-0.05262871834692141
     1.283333333333302	-0.05262871980835127
     1.283666666666635	-0.05262872125880008
     1.283999999999969	-0.05262872269916737
     1.284333333333302	-0.05262872412552679
     1.284666666666635	-0.05262872553254719
     1.284999999999969	-0.05262872691822806
     1.285333333333302	-0.05262872828564003
     1.285666666666635	-0.05262872963948999
     1.285999999999969	-0.0526287309840066
     1.286333333333302	-0.05262873231735907
     1.286666666666635	-0.05262873363346147
     1.286999999999968	-0.0526287349329753
     1.287333333333302	-0.05262873621620953
     1.287666666666635	-0.05262873748451698
     1.287999999999968	-0.05262873874126028
     1.288333333333302	-0.05262873998808267
     1.288666666666635	-0.05262874122367014
     1.288999999999968	-0.05262874244488129
     1.289333333333301	-0.05262874364974693
     1.289666666666635	-0.05262874483944627
     1.289999999999968	-0.05262874601794218
     1.290333333333301	-0.05262874718388401
     1.290666666666635	-0.05262874833903787
     1.290999999999968	-0.05262874948354728
     1.291333333333301	-0.05262875061465277
     1.291666666666635	-0.05262875173437337
     1.291999999999968	-0.05262875284282477
     1.292333333333301	-0.05262875393861741
     1.292666666666634	-0.05262875502357282
     1.292999999999968	-0.05262875609731629
     1.293333333333301	-0.05262875716042327
     1.293666666666634	-0.05262875821307751
     1.293999999999968	-0.05262875925544729
     1.294333333333301	-0.05262876028611693
     1.294666666666634	-0.05262876130708885
     1.294999999999968	-0.05262876231595551
     1.295333333333301	-0.05262876331471728
     1.295666666666634	-0.05262876430486702
     1.295999999999967	-0.05262876528606746
     1.296333333333301	-0.05262876625569089
     1.296666666666634	-0.05262876721698068
     1.296999999999967	-0.05262876816854574
     1.297333333333301	-0.05262876911094426
     1.297666666666634	-0.05262877004292867
     1.297999999999967	-0.0526287709650744
       1.2983333333333	-0.05262877188007782
     1.298666666666634	-0.05262877278639518
     1.298999999999967	-0.05262877368454007
       1.2993333333333	-0.05262877457103533
     1.299666666666634	-0.05262877544805095
     1.299999999999967	-0.05262877631800007
       1.3003333333333	-0.05262877717970179
     1.300666666666634	-0.05262877803500347
     1.300999999999967	-0.05262877888288392
       1.3013333333333	-0.05262877972005218
     1.301666666666633	-0.05262878054739657
     1.301999999999967	-0.05262878136748698
       1.3023333333333	-0.05262878218105856
     1.302666666666633	-0.05262878299006263
     1.302999999999967	-0.05262878378798504
       1.3033333333333	-0.05262878457394094
     1.303666666666633	-0.0526287853562175
     1.303999999999967	-0.05262878613410592
       1.3043333333333	-0.05262878690594092
     1.304666666666633	-0.05262878766185444
     1.304999999999966	-0.05262878841166088
       1.3053333333333	-0.05262878915907373
     1.305666666666633	-0.0526287899020859
     1.305999999999966	-0.05262879063791846
       1.3063333333333	-0.05262879135655928
     1.306666666666633	-0.05262879206981717
     1.306999999999966	-0.05262879278345331
     1.307333333333299	-0.05262879349312378
     1.307666666666633	-0.05262879419242478
     1.307999999999966	-0.0526287948796835
     1.308333333333299	-0.05262879556054669
     1.308666666666633	-0.05262879623919142
     1.308999999999966	-0.05262879691359806
     1.309333333333299	-0.05262879758070425
     1.309666666666633	-0.05262879823858884
     1.309999999999966	-0.05262879888900807
     1.310333333333299	-0.05262879953438217
     1.310666666666632	-0.05262880017515554
     1.310999999999966	-0.05262880081061146
     1.311333333333299	-0.05262880143924224
     1.311666666666632	-0.0526288020608276
     1.311999999999966	-0.05262880267580732
     1.312333333333299	-0.05262880333384221
     1.312666666666632	-0.05262880391015425
     1.312999999999966	-0.05262880447571962
     1.313333333333299	-0.0526288050935482
     1.313666666666632	-0.05262880568968879
     1.313999999999965	-0.05262880622334178
     1.314333333333299	-0.05262880681421314
     1.314666666666632	-0.05262880739297939
     1.314999999999965	-0.05262880793478167
     1.315333333333299	-0.0526288084714811
     1.315666666666632	-0.05262880903193657
     1.315999999999965	-0.05262880957416724
     1.316333333333298	-0.05262881010024831
     1.316666666666632	-0.05262881061844964
     1.316999999999965	-0.05262881116063391
     1.317333333333298	-0.05262881168644357
     1.317666666666632	-0.05262881219608143
     1.317999999999965	-0.05262881269605095
     1.318333333333298	-0.05262881321941647
     1.318666666666632	-0.05262881372872268
     1.318999999999965	-0.05262881422322212
     1.319333333333298	-0.0526288147068871
     1.319666666666631	-0.05262881521405461
     1.319999999999965	-0.05262881570703472
     1.320333333333298	-0.05262881618313353
     1.320666666666631	-0.05262881665348289
     1.320999999999965	-0.05262881712225514
     1.321333333333298	-0.05262881761323261
     1.321666666666631	-0.0526288180846987
     1.321999999999965	-0.05262881853506794
     1.322333333333298	-0.05262881897942094
     1.322666666666631	-0.05262881942543345
     1.322999999999964	-0.05262881989810896
     1.323333333333298	-0.05262882035150848
     1.323666666666631	-0.05262882078097039
     1.323999999999964	-0.05262882120181128
     1.324333333333298	-0.0526288216238185
     1.324666666666631	-0.05262882207559479
     1.324999999999964	-0.05262882251077268
     1.325333333333298	-0.05262882292147331
     1.325666666666631	-0.05262882332175287
     1.325999999999964	-0.05262882372778641
     1.326333333333297	-0.05262882414036931
     1.326666666666631	-0.05262882456911643
     1.326999999999964	-0.05262882497180443
     1.327333333333297	-0.05262882535117536
     1.327666666666631	-0.05262882572544263
     1.327999999999964	-0.05262882611237565
     1.328333333333297	-0.05262882650649853
      1.32866666666663	-0.05262882691268145
     1.328999999999964	-0.05262882729059399
     1.329333333333297	-0.05262882764612602
      1.32966666666663	-0.0526288279971111
     1.329999999999964	-0.05262882835924713
     1.330333333333297	-0.05262882873418091
      1.33066666666663	-0.0526288291067115
     1.330999999999964	-0.05262882946589625
     1.331333333333297	-0.05262882981044172
      1.33166666666663	-0.05262883014779542
     1.331999999999963	-0.052628830487633
     1.332333333333297	-0.05262883083011663
      1.33266666666663	-0.05262883117182588
     1.332999999999963	-0.05262883150767748
     1.333333333333297	-0.05262883183844565
      1.33366666666663	-0.0526288321635961
     1.333999999999963	-0.05262883248412327
     1.334333333333297	-0.05262883280237152
      1.33466666666663	-0.05262883311847022
     1.334999999999963	-0.05262883343255606
     1.335333333333296	-0.05262883374537695
      1.33566666666663	-0.05262883405415666
     1.335999999999963	-0.05262883435698822
     1.336333333333296	-0.05262883465751508
      1.33666666666663	-0.0526288349544609
     1.336999999999963	-0.05262883524765027

     2.000333333333333	-0.05288530451825404
     2.000666666666667	-0.05424591738464463
                 2.001	-0.05482586003534284
     2.001333333333333	-0.05335207453065741
     2.001666666666666	-0.05145728106672014
                 2.002	-0.05126370927111421
     2.002333333333333	-0.05295957188186151
     2.002666666666666	-0.05456587457966658
                 2.003	-0.05434371509217784
     2.003333333333333	-0.05282140544613938
     2.003666666666666	-0.05176137720942328
                 2.004	-0.0521517168113605
     2.004333333333333	-0.05328333433540251
     2.004666666666666	-0.05387253829338747
     2.004999999999999	-0.05348309077967183
     2.005333333333333	-0.05276662998863364
     2.005666666666666	-0.05248509159335545
     2.005999999999999	-0.05279470404367571
     2.006333333333333	-0.05323197236199337
     2.006666666666666	-0.05335766016815782
     2.006999999999999	-0.053164650624766
     2.007333333333333	-0.05294570966888539
     2.007666666666666	-0.05292374228675193
     2.007999999999999	-0.05306804249703087
     2.008333333333332	-0.05320736292821371
     2.008666666666666	-0.05323401396741585
     2.008999999999999	-0.0531851957313472
     2.009333333333332	-0.05315113627584971
     2.009666666666666	-0.05317593692615436
     2.009999999999999	-0.05323906587262332
     2.010333333333332	-0.05329409230686942
     2.010666666666665	-0.05332009260663584
     2.010999999999999	-0.05333369537781391
     2.011333333333332	-0.05335119310943253
     2.011666666666665	-0.05338494078235935
     2.011999999999999	-0.05342666676808987
     2.012333333333332	-0.05346689190834746
     2.012666666666665	-0.05350123326368523
     2.012999999999999	-0.05353548072945303
     2.013333333333332	-0.05357193046269558
     2.013666666666665	-0.05360847828727434
     2.013999999999998	-0.05364664967749758
     2.014333333333332	-0.05368664000711254
     2.014666666666665	-0.05372849647647967
     2.014999999999998	-0.05377182280662193
     2.015333333333332	-0.05381155674427685
     2.015666666666665	-0.05385209866713524
     2.015999999999998	-0.05389295717157606
     2.016333333333332	-0.05393438438503704
     2.016666666666665	-0.05397771366382343
     2.016999999999998	-0.05402174222196612
     2.017333333333331	-0.05406434141385869
     2.017666666666665	-0.05410513370917558
     2.017999999999998	-0.05414573711372768
     2.018333333333331	-0.05418723896862196
     2.018666666666665	-0.05422928004222943
     2.018999999999998	-0.05427011449590797
     2.019333333333331	-0.05431093302567339
     2.019666666666665	-0.05435035414792704
     2.019999999999998	-0.05438845129870332
     2.020333333333331	-0.05442592415511909
     2.020666666666664	-0.05446322127024122
     2.020999999999998	-0.05449999053517681
     2.021333333333331	-0.05453559894157438
     2.021666666666664	-0.05456980108693069
     2.021999999999998	-0.05460273431855424
     2.022333333333331	-0.05463465292343
     2.022666666666664	-0.05466555358114995
     2.022999999999997	-0.05469531906076485
     2.023333333333331	-0.0547238451628005
     2.023666666666664	-0.05475106132896761
     2.023999999999997	-0.05477697287180211
     2.024333333333331	-0.05480159068659959
     2.024666666666664	-0.05482490896927254
     2.024999999999997	-0.05484692143242226
     2.025333333333331	-0.05486764379253246
     2.025666666666664	-0.05488702114749405
     2.025999999999997	-0.05490505806363046
      2.02633333333333	-0.05492180562744175
     2.026666666666664	-0.05493728949216063
     2.026999999999997	-0.05495152053740179
      2.02733333333333	-0.05496450590651811
     2.027666666666664	-0.05497626160151216
     2.027999999999997	-0.05498681445493921
      2.02833333333333	-0.05499619499731041
     2.028666666666664	-0.05500446975624548
     2.028999999999997	-0.05501168771871812
      2.02933333333333	-0.05501787764300774
     2.029666666666663	-0.05502308386282368
     2.029999999999997	-0.05502731362195899
      2.03033333333333	-0.05503046959500032
     2.030666666666663	-0.05503286029587009
     2.030999999999997	-0.05503490911890314
      2.03133333333333	-0.05503578686238052
     2.031666666666663	-0.05503576135474433
     2.031999999999996	-0.05503532461874783
      2.03233333333333	-0.05503440685393349
     2.032666666666663	-0.05503293325904221
     2.032999999999996	-0.05503092617266198
      2.03333333333333	-0.05502842828024038
     2.033666666666663	-0.055025509746575
     2.033999999999996	-0.05502228089918894
      2.03433333333333	-0.05501883795330283
     2.034666666666663	-0.055015218770118
     2.034999999999996	-0.05501141785997781
     2.035333333333329	-0.05500744070151036
     2.035666666666663	-0.05500334803370768
     2.035999999999996	-0.05499920707322652
     2.036333333333329	-0.05500091958020037
     2.036666666666663	-0.05500151429251306
     2.036999999999996	-0.05499700548087728
     2.037333333333329	-0.05498931014359978
     2.037666666666663	-0.05498305171203298
     2.037999999999996	-0.05498060497162904
     2.038333333333329	-0.05497551483576679
     2.038666666666662	-0.05496952835662094
     2.038999999999996	-0.05496624616476897
     2.039333333333329	-0.05496552414862284
     2.039666666666662	-0.05496455139156769
     2.039999999999996	-0.05495987881065615
     2.040333333333329	-0.05495615333972207
     2.040666666666662	-0.05495404567625083
     2.040999999999995	-0.05495378223660046
     2.041333333333329	-0.05495453849913368
     2.041666666666662	-0.05495387722614918
     2.041999999999995	-0.05495198895966344
     2.042333333333329	-0.05495106815219027
     2.042666666666662	-0.05495138708558756
     2.042999999999995	-0.05495229953181711
     2.043333333333329	-0.05495318136640119
     2.043666666666662	-0.05495401329977615
     2.043999999999995	-0.0549550160386231
     2.044333333333328	-0.05495629486567109
     2.044666666666662	-0.05495780055925971
     2.044999999999995	-0.05495957654441865
     2.045333333333328	-0.05496158404116561
     2.045666666666662	-0.05496372048935769
     2.045999999999995	-0.05496753854673633
     2.046333333333328	-0.05497144302319648
     2.046666666666662	-0.05497435849532339
     2.046999999999995	-0.05497639377436089
     2.047333333333328	-0.05497825224694998
     2.047666666666661	-0.05498045925845502
     2.047999999999995	-0.05498320847279118
     2.048333333333328	-0.05498613071825456
     2.048666666666661	-0.05498881388633006
     2.048999999999995	-0.05499123843943471
     2.049333333333328	-0.0549935786481555
     2.049666666666661	-0.05499586077129819
     2.049999999999994	-0.05499798687626337
     2.050333333333328	-0.05499989801308124
     2.050666666666661	-0.05500168319345353
     2.050999999999994	-0.05500346015719754
     2.051333333333328	-0.05500444567084146
     2.051666666666661	-0.05500589649229974
     2.051999999999994	-0.05500706017510754
     2.052333333333328	-0.05500677852823854
     2.052666666666661	-0.05500632563598217
     2.052999999999994	-0.05500655369730995
     2.053333333333327	-0.05500745138129861
     2.053666666666661	-0.05500940577573557
     2.053999999999994	-0.05501109785208916
     2.054333333333327	-0.05501089862383099
     2.054666666666661	-0.05500854338807187
     2.054999999999994	-0.05500712415356133
     2.055333333333327	-0.05500625961256306
     2.055666666666661	-0.05500713293664
     2.055999999999994	-0.05500640134980915
     2.056333333333327	-0.05500338059311465
      2.05666666666666	-0.0550019772526806
     2.056999999999994	-0.05500087278733216
     2.057333333333327	-0.05499889460644539
      2.05766666666666	-0.05499432207757615
     2.057999999999994	-0.05499361100957939
     2.058333333333327	-0.05499106366559382
      2.05866666666666	-0.05498821971218081
     2.058999999999994	-0.05498224689786607
     2.059333333333327	-0.05497880042310554
      2.05966666666666	-0.0549757136226324
     2.059999999999993	-0.05497210321352496
     2.060333333333327	-0.05496673110152376
      2.06066666666666	-0.05496386569881054
     2.060999999999993	-0.05496021755704945
     2.061333333333327	-0.05495519160680942
      2.06166666666666	-0.05494814837403382
     2.061999999999993	-0.05494517138472872
     2.062333333333326	-0.05494218544133801
      2.06266666666666	-0.05493741645573005
     2.062999999999993	-0.05493001598840921
     2.063333333333326	-0.05492592055995577
      2.06366666666666	-0.05492211441756605
     2.063999999999993	-0.05491532650512152
     2.064333333333326	-0.05491128048697724
      2.06466666666666	-0.05490786506843084
     2.064999999999993	-0.054900607058662
     2.065333333333326	-0.05489562225495797
     2.065666666666659	-0.0548917414932402
     2.065999999999993	-0.05488522714876887
     2.066333333333326	-0.05488173043226124
     2.066666666666659	-0.05487919810089421
     2.066999999999993	-0.05487269113750019
     2.067333333333326	-0.05486786074621244
     2.067666666666659	-0.05486367715425628
     2.067999999999993	-0.05485716469627146
     2.068333333333326	-0.05485302958949211
     2.068666666666659	-0.05484794409658697
     2.068999999999992	-0.05484399713206569
     2.069333333333326	-0.05483887809211032
     2.069666666666659	-0.05483516208743098
     2.069999999999992	-0.05483064482338786
     2.070333333333326	-0.05482597801033892
     2.070666666666659	-0.05482115848624308
     2.070999999999992	-0.05481749287401483
     2.071333333333325	-0.05481408481441435
     2.071666666666659	-0.05481085051889675
     2.071999999999992	-0.0548079446564019
     2.072333333333325	-0.05480418442427303
     2.072666666666659	-0.05480044002689623
     2.072999999999992	-0.054797244359216
     2.073333333333325	-0.05479498218212592
     2.073666666666659	-0.05479199345828172
     2.073999999999992	-0.05478926464406102
     2.074333333333325	-0.05478661877382812
     2.074666666666658	-0.0547848353564347
     2.074999999999992	-0.05478230773788224
     2.075333333333325	-0.05477998392819149
     2.075666666666658	-0.05477769976227459
     2.075999999999992	-0.05477657590201755
     2.076333333333325	-0.05477488280772289
     2.076666666666658	-0.05477265464436491
     2.076999999999992	-0.05477207065278857
     2.077333333333325	-0.05477041504921548
     2.077666666666658	-0.05476873297792278
     2.077999999999991	-0.05476814788733481
     2.078333333333325	-0.05476639661504382
     2.078666666666658	-0.05476463381269803
     2.078999999999991	-0.05476403792209939
     2.079333333333325	-0.05476476077359976
     2.079666666666658	-0.05476353699558149
     2.079999999999991	-0.05476189877048937
     2.080333333333324	-0.05476107166826014
     2.080666666666658	-0.05476152120968607
     2.080999999999991	-0.05476149821463776
     2.081333333333324	-0.05476093979550601
     2.081666666666658	-0.05476086974479845
     2.081999999999991	-0.05476053846949873
     2.082333333333324	-0.05476014220787002
     2.082666666666658	-0.05476044356322397
     2.082999999999991	-0.05476025956437609
     2.083333333333324	-0.05476010230224773
     2.083666666666657	-0.05476055920799985
     2.083999999999991	-0.05476061244171506
     2.084333333333324	-0.05476048513608618
     2.084666666666657	-0.0547614305985007
     2.084999999999991	-0.05476198455756171
     2.085333333333324	-0.05476187576800232
     2.085666666666657	-0.05476185195477409
     2.085999999999991	-0.05476197496418762
     2.086333333333324	-0.05476210043315183
     2.086666666666657	-0.05476237718132291
      2.08699999999999	-0.05476260802051994
     2.087333333333324	-0.05476277302596521
     2.087666666666657	-0.0547629496775144
      2.08799999999999	-0.05476314364982015
     2.088333333333324	-0.05476325513839796
     2.088666666666657	-0.05476332271059621
      2.08899999999999	-0.05476345894170065
     2.089333333333323	-0.05476373697127626
     2.089666666666657	-0.05476383613667089
      2.08999999999999	-0.05476396508130701
     2.090333333333323	-0.05476404281961324
     2.090666666666657	-0.05476396720843217
      2.09099999999999	-0.05476410354350313
     2.091333333333323	-0.05476427123567203
     2.091666666666657	-0.0547641961058022
      2.09199999999999	-0.05476428387468943
     2.092333333333323	-0.05476436347134751
     2.092666666666656	-0.05476421236358204
      2.09299999999999	-0.0547642243308373
     2.093333333333323	-0.05476438406908537
     2.093666666666656	-0.05476421946654386
      2.09399999999999	-0.05476422988535234
     2.094333333333323	-0.05476424846511779
     2.094666666666656	-0.05476400260845322
      2.09499999999999	-0.05476403351006528
     2.095333333333323	-0.0547640868145663
     2.095666666666656	-0.05476385559798681
     2.095999999999989	-0.05476381130706283
     2.096333333333323	-0.05476383275948293
     2.096666666666656	-0.05476365236152841
     2.096999999999989	-0.0547636076375705
     2.097333333333323	-0.05476358956486226
     2.097666666666656	-0.05476339641352728
     2.097999999999989	-0.05476332109593188
     2.098333333333323	-0.0547633125813022
     2.098666666666656	-0.05476317534944933
     2.098999999999989	-0.05476312428104357
     2.099333333333322	-0.0547631088745781
     2.099666666666656	-0.05476295154647777
     2.099999999999989	-0.05476291117519048
     2.100333333333322	-0.05476292204169866
     2.100666666666656	-0.05476279716228642
     2.100999999999989	-0.05476278446707001
     2.101333333333322	-0.05476280794327156
     2.101666666666655	-0.05476270914071071
     2.101999999999989	-0.05476272370977164
     2.102333333333322	-0.054762771675106
     2.102666666666655	-0.05476275271876109
     2.102999999999989	-0.05476268548035348
     2.103333333333322	-0.05476279173372638
     2.103666666666655	-0.05476290378319212
     2.103999999999989	-0.05476291243751558
     2.104333333333322	-0.05476291330839456
     2.104666666666655	-0.05476302093935961
     2.104999999999988	-0.0547631449554051
     2.105333333333322	-0.05476323201294016
     2.105666666666655	-0.0547633200172811
     2.105999999999988	-0.0547634255895727
     2.106333333333322	-0.05476360186989139
     2.106666666666655	-0.05476376719362239
     2.106999999999988	-0.05476392255663704
     2.107333333333322	-0.05476406668307101
     2.107666666666655	-0.05476427575531484
     2.107999999999988	-0.05476449994037458
     2.108333333333321	-0.05476468504942983
     2.108666666666655	-0.05476490587241885
     2.108999999999988	-0.05476515615739121
     2.109333333333321	-0.05476541431585204
     2.109666666666655	-0.05476567118139329
     2.109999999999988	-0.05476593208285271
     2.110333333333321	-0.05476620619613645
     2.110666666666654	-0.05476649689286336
     2.110999999999988	-0.05476679945461101
     2.111333333333321	-0.05476710711509263
     2.111666666666654	-0.05476741850334896
     2.111999999999988	-0.05476773753706325
     2.112333333333321	-0.05476806730292539
     2.112666666666654	-0.05476840645198428
     2.112999999999988	-0.05476875146272262
     2.113333333333321	-0.05476909999739933
     2.113666666666654	-0.0547694527774259
     2.113999999999987	-0.05476981144813345
     2.114333333333321	-0.05477017565585969
     2.114666666666654	-0.05477054422885298
     2.114999999999987	-0.05477091539526994
     2.115333333333321	-0.05477128866449826
     2.115666666666654	-0.05477166436651547
     2.115999999999987	-0.05477204260255173
     2.116333333333321	-0.05477242273997799
     2.116666666666654	-0.05477280381857208
     2.116999999999987	-0.05477318519073701
      2.11733333333332	-0.05477356659886691
     2.117666666666654	-0.05477394813147513
     2.117999999999987	-0.05477432937036013
      2.11833333333332	-0.05477470959987141
     2.118666666666654	-0.0547750882467727
     2.118999999999987	-0.05477546496672698
      2.11933333333332	-0.05477583995493552
     2.119666666666653	-0.05477621295816924
     2.119999999999987	-0.0547765832810713
      2.12033333333332	-0.05477695063862462
     2.120666666666653	-0.05477731500089546
     2.120999999999987	-0.05477767645427357
      2.12133333333332	-0.05477803440402065
     2.121666666666653	-0.05477839248414887
     2.121999999999987	-0.05477873572170347
      2.12233333333332	-0.05477908500553037
     2.122666666666653	-0.05477942301696699
     2.122999999999986	-0.0547797667437329
      2.12333333333332	-0.05478010068662255
     2.123666666666653	-0.05478042591478836
     2.123999999999986	-0.05478074375066343
      2.12433333333332	-0.05478107163397912
     2.124666666666653	-0.05478139013310826
     2.124999999999986	-0.05478169782051515
      2.12533333333332	-0.05478199979405151
     2.125666666666653	-0.05478230000752428
     2.125999999999986	-0.05478259807903092
     2.126333333333319	-0.05478289162826756
     2.126666666666653	-0.0547831789803609
     2.126999999999986	-0.05478346025167551
     2.127333333333319	-0.05478373696952409
     2.127666666666653	-0.05478401021112535
     2.127999999999986	-0.05478427643113276
     2.128333333333319	-0.05478454675887791
     2.128666666666652	-0.05478480741440078
     2.128999999999986	-0.05478505701933356
     2.129333333333319	-0.05478530757350188
     2.129666666666652	-0.05478555777920183
     2.129999999999986	-0.05478580306742994
     2.130333333333319	-0.05478604252726262
     2.130666666666652	-0.05478627619166462
     2.130999999999986	-0.05478650578105602
     2.131333333333319	-0.05478673319089833
     2.131666666666652	-0.05478695818367627
     2.131999999999985	-0.05478717919498873
     2.132333333333319	-0.05478739564590149
     2.132666666666652	-0.05478760804744805
     2.132999999999985	-0.05478781751920964
     2.133333333333319	-0.05478802432108439
     2.133666666666652	-0.05478822793718465
     2.133999999999985	-0.05478842810376942
     2.134333333333319	-0.05478862519037433
     2.134666666666652	-0.05478881933301427
     2.134999999999985	-0.05478901062435949
     2.135333333333318	-0.05478919909946532
     2.135666666666652	-0.05478938485603255
     2.135999999999985	-0.05478956774616039
     2.136333333333318	-0.05478974805083767
     2.136666666666652	-0.05478992576707396
     2.136999999999985	-0.05479010099337885
     2.137333333333318	-0.05479027366638965
     2.137666666666652	-0.05479044379266242
     2.137999999999985	-0.05479061154472226
     2.138333333333318	-0.05479077699280528
     2.138666666666651	-0.05479094011998632
     2.138999999999985	-0.054791100949297
     2.139333333333318	-0.05479125941779755
     2.139666666666651	-0.05479141562462087
     2.139999999999985	-0.05479156966600412
     2.140333333333318	-0.05479172157505996
     2.140666666666651	-0.0547918713329353
     2.140999999999984	-0.05479201892134319
     2.141333333333318	-0.05479216434760662
     2.141666666666651	-0.05479230757717683
     2.141999999999984	-0.05479244875052183
     2.142333333333318	-0.05479258785154586
     2.142666666666651	-0.05479272489360786
     2.142999999999984	-0.05479285979528351
     2.143333333333318	-0.05479299251262952
     2.143666666666651	-0.05479312307041272
     2.143999999999984	-0.05479325158575331
     2.144333333333317	-0.0547933778800879
     2.144666666666651	-0.05479350194690876
     2.144999999999984	-0.05479362404405085
     2.145333333333317	-0.05479374428893929
     2.145666666666651	-0.05479386251947367
     2.145999999999984	-0.05479397859411512
     2.146333333333317	-0.05479409242890966
     2.146666666666651	-0.05479420427749374
     2.146999999999984	-0.05479431394053758
     2.147333333333317	-0.05479442133291052
      2.14766666666665	-0.05479452649393885
     2.147999999999984	-0.05479462959808602
     2.148333333333317	-0.05479473067236926
      2.14866666666665	-0.05479482972422418
     2.148999999999984	-0.05479492668313245
     2.149333333333317	-0.05479502146276503
      2.14966666666665	-0.05479511405864867
     2.149999999999983	-0.05479520455552811
     2.150333333333317	-0.05479529303618524
      2.15066666666665	-0.05479537950511395
     2.150999999999983	-0.05479546391420659
     2.151333333333317	-0.05479554623153876
      2.15166666666665	-0.05479562650328693
     2.151999999999983	-0.05479570479787436
     2.152333333333317	-0.05479578100806973
      2.15266666666665	-0.05479585559142656
     2.152999999999983	-0.05479592830563764
     2.153333333333316	-0.05479599894446874
      2.15366666666665	-0.05479606751416096
     2.153999999999983	-0.05479613424559005
     2.154333333333316	-0.05479619932288506
      2.15466666666665	-0.05479626272896024
     2.154999999999983	-0.05479632435059287
     2.155333333333316	-0.05479638416002967
      2.15566666666665	-0.05479644226080591
     2.155999999999983	-0.05479649876253515
     2.156333333333316	-0.05479655373472908
     2.156666666666649	-0.05479660718009445
     2.156999999999983	-0.0547966590915683
     2.157333333333316	-0.0547967095031471
     2.157666666666649	-0.05479675848719549
     2.157999999999983	-0.05479680610461032
     2.158333333333316	-0.05479685240797466
     2.158666666666649	-0.05479689742329338
     2.158999999999982	-0.0547969411831752
     2.159333333333316	-0.05479698373401888
     2.159666666666649	-0.05479702512903721
     2.159999999999982	-0.0547970654042942
     2.160333333333316	-0.05479710460666077
     2.160666666666649	-0.05479714278151134
     2.160999999999982	-0.05479717997434295
     2.161333333333316	-0.05479721622953917
     2.161666666666649	-0.05479725159073404
     2.161999999999982	-0.05479728609953406
     2.162333333333315	-0.05479733365883757
     2.162666666666649	-0.05479735999896634
     2.162999999999982	-0.05479738080008942
     2.163333333333315	-0.05479742241892238
     2.163666666666649	-0.05479745058011169
     2.163999999999982	-0.05479748756527356
     2.164333333333315	-0.05479750945874033
     2.164666666666649	-0.05479754274520308
     2.164999999999982	-0.05479757603470269
     2.165333333333315	-0.05479759069561821
     2.165666666666648	-0.05479762378397412
     2.165999999999982	-0.05479765827191776
     2.166333333333315	-0.05479768448836275
     2.166666666666648	-0.05479770731780634
     2.166999999999982	-0.05479773140336504
     2.167333333333315	-0.05479775621859663
     2.167666666666648	-0.05479778098090712
     2.167999999999981	-0.05479780617333689
     2.168333333333315	-0.05479783124726019
     2.168666666666648	-0.05479785533583293
     2.168999999999981	-0.05479787860622679
     2.169333333333315	-0.05479790182153434
     2.169666666666648	-0.0547979253485046
     2.169999999999981	-0.05479794899500475
     2.170333333333315	-0.0547979724085955
     2.170666666666648	-0.05479799542640201
     2.170999999999981	-0.05479801814101665
     2.171333333333314	-0.05479804075316826
     2.171666666666648	-0.05479806339663575
     2.171999999999981	-0.05479808608671816
     2.172333333333314	-0.05479810871139047
     2.172666666666648	-0.05479813115032444
     2.172999999999981	-0.05479815337166154
     2.173333333333314	-0.05479817544968835
     2.173666666666648	-0.0547981974948663
     2.173999999999981	-0.05479821955760172
     2.174333333333314	-0.05479824159453844
     2.174666666666647	-0.05479826352307433
     2.174999999999981	-0.0547982853008139
     2.175333333333314	-0.05479830695507791
     2.175666666666647	-0.05479832854082339
     2.175999999999981	-0.05479835008897821
     2.176333333333314	-0.054798371601747
     2.176666666666647	-0.05479839298809612
     2.176999999999981	-0.05479841423733973
     2.177333333333314	-0.05479843536446168
     2.177666666666647	-0.05479845638968411
      2.17799999999998	-0.05479847731445255
     2.178333333333314	-0.05479849813286999
     2.178666666666647	-0.05479851883776478
      2.17899999999998	-0.05479853941814376
     2.179333333333314	-0.05479855985936009
     2.179666666666647	-0.05479858015098928
      2.17999999999998	-0.05479860029364909
     2.180333333333313	-0.05479862029542622
     2.180666666666647	-0.05479864015219699
      2.18099999999998	-0.05479865987470293
     2.181333333333313	-0.05479867389383579
     2.181666666666647	-0.05479869118665681
      2.18199999999998	-0.05479871658518006
     2.182333333333313	-0.05479874080046148
     2.182666666666647	-0.05479875982824491
      2.18299999999998	-0.05479876897886012
     2.183333333333313	-0.05479878154513756
     2.183666666666646	-0.05479880097323536
      2.18399999999998	-0.05479882438113846
     2.184333333333313	-0.0547988506961242
     2.184666666666646	-0.05479887092312668
      2.18499999999998	-0.05479887816601289
     2.185333333333313	-0.054798886696561
     2.185666666666646	-0.05479890390533204
      2.18599999999998	-0.05479892705131935
     2.186333333333313	-0.05479894791704445
     2.186666666666646	-0.054798963463044
     2.186999999999979	-0.0547989822629139
     2.187333333333313	-0.0547989936919916
     2.187666666666646	-0.05479900561487702
     2.187999999999979	-0.05479902097386657
     2.188333333333313	-0.05479903854866221
     2.188666666666646	-0.05479905600415877
     2.188999999999979	-0.05479907136007631
     2.189333333333312	-0.05479908491883107
     2.189666666666646	-0.05479909791528554
     2.189999999999979	-0.05479911258512433
     2.190333333333312	-0.05479912858885878
     2.190666666666646	-0.05479915107449992
     2.190999999999979	-0.05479916285062006
     2.191333333333312	-0.05479917013174641
     2.191666666666646	-0.05479918032868798
     2.191999999999979	-0.05479919539790204
     2.192333333333312	-0.05479921285314327
     2.192666666666645	-0.05479922837176001
     2.192999999999979	-0.05479924822827258
     2.193333333333312	-0.05479925723930154
     2.193666666666645	-0.05479926346204383
     2.193999999999979	-0.05479927377712741
     2.194333333333312	-0.05479928899263396
     2.194666666666645	-0.05479930563289102
     2.194999999999979	-0.05479932727020085
     2.195333333333312	-0.05479933626702622
     2.195666666666645	-0.05479934083302244
     2.195999999999978	-0.05479934946610356
     2.196333333333312	-0.05479936400610753
     2.196666666666645	-0.05479938818299648
     2.196999999999978	-0.05479940783619201
     2.197333333333312	-0.05479941013195127
     2.197666666666645	-0.0547994106514768
     2.197999999999978	-0.05479942021152651
     2.198333333333311	-0.05479943793087881
     2.198666666666645	-0.05479945598469608
     2.198999999999978	-0.05479947588777441
     2.199333333333311	-0.05479948948444629
     2.199666666666645	-0.05479949042680194
     2.199999999999978	-0.05479949354205386
     2.200333333333311	-0.05479950539684795
     2.200666666666645	-0.05479952292647746
     2.200999999999978	-0.05479953942251544
     2.201333333333311	-0.05479955726897995
     2.201666666666644	-0.05479957016766777
     2.201999999999978	-0.05479957238585677
     2.202333333333311	-0.05479957656796746
     2.202666666666644	-0.05479958833850429
     2.202999999999978	-0.05479960490441354
     2.203333333333311	-0.05479962053784382
     2.203666666666644	-0.05479963767311753
     2.203999999999978	-0.05479965044867352
     2.204333333333311	-0.05479965353532159
     2.204666666666644	-0.05479965829575489
     2.204999999999977	-0.05479966993397728
     2.205333333333311	-0.05479968582707002
     2.205666666666644	-0.05479970083581994
     2.205999999999977	-0.05479971209325017
     2.206333333333311	-0.05479972108833758
     2.206666666666644	-0.05479973060843426
     2.206999999999977	-0.05479974212394548
      2.20733333333331	-0.05479975493103287
     2.207666666666644	-0.05479976726869742
     2.207999999999977	-0.05479977855394053
      2.20833333333331	-0.05479978905510457
     2.208666666666644	-0.05479979979293352
     2.208999999999977	-0.0547998111544526
      2.20933333333331	-0.05479982278714465
     2.209666666666644	-0.05479983424825272
     2.209999999999977	-0.05479984546436478
      2.21033333333331	-0.05479985648137725
     2.210666666666643	-0.05479986739574216
     2.210999999999977	-0.05479987829377511
      2.21133333333331	-0.05479988949777596
     2.211666666666643	-0.05479990084815916
     2.211999999999977	-0.05479991194098102
      2.21233333333331	-0.05479992278609642
     2.212666666666643	-0.0547999335303356
     2.212999999999977	-0.05479994431117011
      2.21333333333331	-0.05479995517726862
     2.213666666666643	-0.05479996601013663
     2.213999999999976	-0.05479997687028043
      2.21433333333331	-0.05479998768927016
     2.214666666666643	-0.05479999832671324
     2.214999999999976	-0.05480000882197576
      2.21533333333331	-0.05480001927297089
     2.215666666666643	-0.05480002981857088
     2.215999999999976	-0.05480004033137193
      2.21633333333331	-0.05480005079123183
     2.216666666666643	-0.0548000611463571
     2.216999999999976	-0.0548000713954573
     2.217333333333309	-0.05480008157752144
     2.217666666666643	-0.05480009172410329
     2.217999999999976	-0.05480010183788264
     2.218333333333309	-0.0548001118990613
     2.218666666666643	-0.05480012188643443
     2.218999999999976	-0.05480013179302685
     2.219333333333309	-0.05480014162454073
     2.219666666666642	-0.05480015138903494
     2.219999999999976	-0.05480016108887063
     2.220333333333309	-0.0548001707213903
     2.220666666666642	-0.05480018028354616
     2.220999999999976	-0.05480018977385404
     2.221333333333309	-0.05480019919121849
     2.221666666666642	-0.05480020853387993
     2.221999999999976	-0.05480021779993622
     2.222333333333309	-0.05480022698854491
     2.222666666666642	-0.05480023610038234
     2.222999999999975	-0.05480024513671772
     2.223333333333309	-0.05480025409780385
     2.223666666666642	-0.05480026298205501
     2.223999999999975	-0.05480027178684267
     2.224333333333309	-0.05480028051026761
     2.224666666666642	-0.05480028915238552
     2.224999999999975	-0.05480029771491945
     2.225333333333309	-0.05480030619982316
     2.225666666666642	-0.0548003146077945
     2.225999999999975	-0.05480032293782824
     2.226333333333308	-0.05480033118799749
     2.226666666666642	-0.05480033935681477
     2.226999999999975	-0.0548003474441981
     2.227333333333308	-0.05480035545144006
     2.227666666666642	-0.05480036338033605
     2.227999999999975	-0.0548003712321509
     2.228333333333308	-0.05480037900711136
     2.228666666666641	-0.054800386704669
     2.228999999999975	-0.05480039432423051
     2.229333333333308	-0.05480040186580563
     2.229666666666641	-0.05480040933014974
     2.229999999999975	-0.05480041671842362
     2.230333333333308	-0.05480042403169582
     2.230666666666641	-0.05480043127063881
     2.230999999999975	-0.05480043843557585
     2.231333333333308	-0.05480044552675254
     2.231666666666641	-0.05480045254458286
     2.231999999999974	-0.05480045948975828
     2.232333333333308	-0.05480046636313798
     2.232666666666641	-0.05480047316562043
     2.232999999999974	-0.05480047989799777
     2.233333333333308	-0.05480048656088704
     2.233666666666641	-0.05480049315483193
     2.233999999999974	-0.05480049968036473
     2.234333333333308	-0.05480050613806454
     2.234666666666641	-0.05480051252865487
     2.234999999999974	-0.05480051885292525
     2.235333333333307	-0.05480052511212738
     2.235666666666641	-0.05480053130604541
     2.235999999999974	-0.05480053743548254
     2.236333333333307	-0.05480054350169036
     2.236666666666641	-0.05480054950564237
     2.236999999999974	-0.05480055545770721
     2.237333333333307	-0.05480056132063481
      2.23766666666664	-0.05480056714565482
     2.237999999999974	-0.05480057290657809
     2.238333333333307	-0.05480057860261246
      2.23866666666664	-0.05480058424216957
     2.238999999999974	-0.0548005898233547
     2.239333333333307	-0.05480059534988933
      2.23966666666664	-0.05480060082029099
     2.239999999999974	-0.05480060623129677
     2.240333333333307	-0.05480061157568526
      2.24066666666664	-0.05480061686322396
     2.240999999999973	-0.05480062210266811
     2.241333333333307	-0.05480062729445616
      2.24166666666664	-0.05480063243047662
     2.241999999999973	-0.05480063750676662
     2.242333333333307	-0.05480064252445975
      2.24266666666664	-0.05480064748839313
     2.242999999999973	-0.05480065240703592
     2.243333333333307	-0.05480065728135951
      2.24366666666664	-0.05480066209939415
     2.243999999999973	-0.05480066685938317
     2.244333333333306	-0.05480067156873577
      2.24466666666664	-0.05480067622837551
     2.244999999999973	-0.05480068084056339
     2.245333333333306	-0.05480068540238899
      2.24566666666664	-0.05480068991527105
     2.245999999999973	-0.05480069437900127
     2.246333333333306	-0.05480069878446072
      2.24666666666664	-0.0548007031697717
     2.246999999999973	-0.05480070748680839
     2.247333333333306	-0.0548007117394987
     2.247666666666639	-0.05480071597422494
     2.247999999999973	-0.05480072015193853
     2.248333333333306	-0.05480072427153281
     2.248666666666639	-0.05480072837296094
     2.248999999999973	-0.05480073241372838
     2.249333333333306	-0.05480073639679962
     2.249666666666639	-0.05480074034057811
     2.249999999999972	-0.05480074424720628
     2.250333333333306	-0.05480074811310283
     2.250666666666639	-0.05480075193331661
     2.250999999999972	-0.05480075570631788
     2.251333333333306	-0.05480075943456719
     2.251666666666639	-0.05480076311964943
     2.251999999999972	-0.0548007667636206
     2.252333333333306	-0.05480077036810981
     2.252666666666639	-0.05480077393153894
     2.252999999999972	-0.05480077745185138
     2.253333333333305	-0.05480078093001729
     2.253666666666639	-0.0548007843688083
     2.253999999999972	-0.05480078776828156
     2.254333333333305	-0.05480079112939269
     2.254666666666639	-0.05480079444863098
     2.254999999999972	-0.05480079772862445
     2.255333333333305	-0.05480080097007347
     2.255666666666639	-0.05480080417370448
     2.255999999999972	-0.05480080733991724
     2.256333333333305	-0.05480081046878578
     2.256666666666638	-0.05480081356117956
     2.256999999999972	-0.05480081661558187
     2.257333333333305	-0.05480081963223078
     2.257666666666638	-0.05480082261324615
     2.257999999999972	-0.05480082555965328
     2.258333333333305	-0.05480082847129678
     2.258666666666638	-0.05480083134781066
     2.258999999999971	-0.05480083418927494
     2.259333333333305	-0.05480083699627666
     2.259666666666638	-0.05480083976792777
     2.259999999999971	-0.05480084251029647
     2.260333333333305	-0.05480084521831891
     2.260666666666638	-0.05480084789059393
     2.260999999999971	-0.05480085053434295
     2.261333333333305	-0.05480085314519598
     2.261666666666638	-0.05480085572350046
     2.261999999999971	-0.05480085826908743
     2.262333333333304	-0.05480086079099077
     2.262666666666638	-0.05480086327089061
     2.262999999999971	-0.05480086573415586
     2.263333333333304	-0.05480086816176512
     2.263666666666638	-0.05480087054985913
     2.263999999999971	-0.05480087292737271
     2.264333333333304	-0.05480087526983494
     2.264666666666638	-0.05480087757822295
     2.264999999999971	-0.05480087985387188
     2.265333333333304	-0.05480088212245981
     2.265666666666637	-0.05480088435472857
     2.265999999999971	-0.05480088655326376
     2.266333333333304	-0.0548008887267899
     2.266666666666637	-0.05480089087825943
     2.266999999999971	-0.05480089300534195
     2.267333333333304	-0.05480089510674228
     2.267666666666637	-0.05480089718023158
      2.26799999999997	-0.05480089922813492
     2.268333333333304	-0.05480090125276935
     2.268666666666637	-0.0548009032551849
      2.26899999999997	-0.05480090523425793
     2.269333333333304	-0.05480090718907316
     2.269666666666637	-0.05480090911907794
      2.26999999999997	-0.05480091102614422
     2.270333333333304	-0.05480091291224949
     2.270666666666637	-0.05480091477623895
      2.27099999999997	-0.05480091661789612
     2.271333333333303	-0.05480091843807561
     2.271666666666637	-0.05480092023601228
      2.27199999999997	-0.05480092201268237
     2.272333333333303	-0.05480092376899215
     2.272666666666637	-0.05480092550572106
      2.27299999999997	-0.05480092722128778
     2.273333333333303	-0.05480092891617191
     2.273666666666637	-0.05480093059137367
      2.27399999999997	-0.05480093224746656
     2.274333333333303	-0.05480093388499974
     2.274666666666636	-0.05480093550247149
      2.27499999999997	-0.05480093710119455
     2.275333333333303	-0.05480093868080656
     2.275666666666636	-0.0548009402422515
      2.27599999999997	-0.05480094178603998
     2.276333333333303	-0.05480094331207957
     2.276666666666636	-0.05480094482084546
     2.276999999999969	-0.05480094631085689
     2.277333333333303	-0.05480094778322445
     2.277666666666636	-0.05480094923916267
     2.277999999999969	-0.05480095067888539
     2.278333333333303	-0.054800952102043
     2.278666666666636	-0.05480095350833584
     2.278999999999969	-0.0548009548980614
     2.279333333333303	-0.05480095627181211
     2.279666666666636	-0.05480095762996049
     2.279999999999969	-0.05480095897262564
     2.280333333333302	-0.05480096030044723
     2.280666666666636	-0.05480096161201924
     2.280999999999969	-0.05480096290808204
     2.281333333333302	-0.05480096418968028
     2.281666666666636	-0.05480096545717252
     2.281999999999969	-0.05480096671027664
     2.282333333333302	-0.0548009679487545
     2.282666666666636	-0.05480096917280268
     2.282999999999969	-0.05480097038290263
     2.283333333333302	-0.05480097157944181
     2.283666666666635	-0.05480097276254133
     2.283999999999969	-0.0548009739321807
     2.284333333333302	-0.05480097508841865
     2.284666666666635	-0.0548009762314875
     2.284999999999969	-0.05480097736168973
     2.285333333333302	-0.05480097847974834
     2.285666666666635	-0.05480097958458134
     2.285999999999969	-0.05480098067671978
     2.286333333333302	-0.0548009817568829
     2.286666666666635	-0.05480098282531665
     2.286999999999968	-0.0548009838818985
     2.287333333333302	-0.05480098492652832
     2.287666666666635	-0.05480098595938883
     2.287999999999968	-0.0548009869808255
     2.288333333333302	-0.05480098799111277
     2.288666666666635	-0.05480098899035567
     2.288999999999968	-0.05480098997858234
     2.289333333333301	-0.05480099095587387
     2.289666666666635	-0.05480099192288475
     2.289999999999968	-0.05480099287878324
     2.290333333333301	-0.0548009938241104
     2.290666666666635	-0.05480099475949514
     2.290999999999968	-0.0548009956850991
     2.291333333333301	-0.05480099660073635
     2.291666666666635	-0.05480099750632157
     2.291999999999968	-0.05480099840206831
     2.292333333333301	-0.05480099928832025
     2.292666666666634	-0.05480100016530793
     2.292999999999968	-0.05480100103307286
     2.293333333333301	-0.05480100189207145
     2.293666666666634	-0.05480100274124654
     2.293999999999968	-0.0548010035811754
     2.294333333333301	-0.05480100441267269
     2.294666666666634	-0.0548010052359914
     2.294999999999968	-0.05480100605084987
     2.295333333333301	-0.05480100685698821
     2.295666666666634	-0.05480100765454567
     2.295999999999967	-0.05480100844390304
     2.296333333333301	-0.05480100922587794
     2.296666666666634	-0.05480100999929528
     2.296999999999967	-0.05480101076443948
     2.297333333333301	-0.05480101152192918
     2.297666666666634	-0.05480101227208945
     2.297999999999967	-0.05480101301483219
       2.2983333333333	-0.0548010137499936
     2.298666666666634	-0.05480101447760367
     2.298999999999967	-0.05480101519787444
       2.2993333333333	-0.05480101591102269
     2.299666666666634	-0.05480101661713611
     2.299999999999967	-0.05480101731621331
       2.3003333333333	-0.0548010180082806
     2.300666666666634	-0.05480101869346581
     2.300999999999967	-0.05480101937194098
       2.3013333333333	-0.05480102004380809
     2.301666666666633	-0.05480102070970187
     2.301999999999967	-0.05480102136760952
       2.3023333333333	-0.05480102201943925
     2.302666666666633	-0.05480102266554476
     2.302999999999967	-0.05480102330552761
       2.3033333333333	-0.05480102393958894
     2.303666666666633	-0.05480102456576958
     2.303999999999967	-0.05480102518627485
       2.3043333333333	-0.0548010258022242
     2.304666666666633	-0.05480102645825163
     2.304999999999966	-0.05480102702939336
       2.3053333333333	-0.0548010275858464
     2.305666666666633	-0.05480102821568106
     2.305999999999966	-0.05480102882334385
       2.3063333333333	-0.054801029344748
     2.306666666666633	-0.05480102991717282
     2.306999999999966	-0.05480103049798899
     2.307333333333299	-0.05480103105983933
     2.307666666666633	-0.05480103160573975
     2.307999999999966	-0.05480103213488465
     2.308333333333299	-0.05480103267034334
     2.308666666666633	-0.05480103320715434
     2.308999999999966	-0.05480103374103443
     2.309333333333299	-0.0548010342660593
     2.309666666666633	-0.05480103477692125
     2.309999999999966	-0.05480103529694743
     2.310333333333299	-0.05480103581196983
     2.310666666666632	-0.05480103631379666
     2.310999999999966	-0.05480103682142197
     2.311333333333299	-0.05480103732342045
     2.311666666666632	-0.05480103781725868
     2.311999999999966	-0.05480103830514835
     2.312333333333299	-0.05480103879055523
     2.312666666666632	-0.05480103927394888
     2.312999999999966	-0.05480103975421786
     2.313333333333299	-0.05480104022828122
     2.313666666666632	-0.05480104069634549
     2.313999999999965	-0.05480104115914976
     2.314333333333299	-0.05480104161980863
     2.314666666666632	-0.05480104207856433
     2.314999999999965	-0.0548010425312085
     2.315333333333299	-0.05480104297947107
     2.315666666666632	-0.05480104342257651
     2.315999999999965	-0.05480104386155795
     2.316333333333298	-0.05480104429706453
     2.316666666666632	-0.0548010447289738
     2.316999999999965	-0.05480104515675211
     2.317333333333298	-0.05480104558026656
     2.317666666666632	-0.05480104599966373
     2.317999999999965	-0.0548010464151243
     2.318333333333298	-0.05480104682671188
     2.318666666666632	-0.05480104723439686
     2.318999999999965	-0.05480104763889545
     2.319333333333298	-0.05480104803771902
     2.319666666666631	-0.05480104843394872
     2.319999999999965	-0.05480104882622696
     2.320333333333298	-0.05480104921443159
     2.320666666666631	-0.05480104959872334
     2.320999999999965	-0.05480104997938404
     2.321333333333298	-0.05480105035643578
     2.321666666666631	-0.05480105073056026
     2.321999999999965	-0.054801051099803
     2.322333333333298	-0.05480105146473898
     2.322666666666631	-0.05480105182638469
     2.322999999999964	-0.05480105218507444
     2.323333333333298	-0.05480105254044387
     2.323666666666631	-0.05480105289284186
     2.323999999999964	-0.05480105324019671
     2.324333333333298	-0.05480105358335053
     2.324666666666631	-0.05480105392356808
     2.324999999999964	-0.05480105426207067
     2.325333333333298	-0.05480105459627078
     2.325666666666631	-0.0548010549260837
     2.325999999999964	-0.05480105525248576
     2.326333333333297	-0.05480105557627529
     2.326666666666631	-0.05480105589804183
     2.326999999999964	-0.05480105621544725
     2.327333333333297	-0.0548010565286574
     2.327666666666631	-0.0548010568395288
     2.327999999999964	-0.05480105714705173
     2.328333333333297	-0.05480105745134412
      2.32866666666663	-0.05480105775262815
     2.328999999999964	-0.054801058051823
     2.329333333333297	-0.05480105834714234
      2.32966666666663	-0.0548010586388373
     2.329999999999964	-0.05480105892771472

     3.000333333333333	-0.05480729116707111
     3.000666666666667	-0.05630145572083529
                 3.001	-0.05715978596598276
     3.001333333333333	-0.05576928520142786
     3.001666666666666	-0.05371472780445045
                 3.002	-0.05334722123885759
     3.002333333333333	-0.05505927997445022
     3.002666666666666	-0.05678777286150501
                 3.003	-0.05664640569488189
     3.003333333333333	-0.05509469094466452
     3.003666666666666	-0.0539562658397609
                 3.004	-0.05431171206789997
     3.004333333333333	-0.05547614696653339
     3.004666666666666	-0.05611353752112451
     3.004999999999999	-0.05573663437022506
     3.005333333333333	-0.05498536623811149
     3.005666666666666	-0.05469148537035198
     3.005999999999999	-0.05501343433476065
     3.006333333333333	-0.05546956095604318
     3.006666666666666	-0.05560058938583243
     3.006999999999999	-0.05539888741964793
     3.007333333333333	-0.05517209256196413
     3.007666666666666	-0.0551520529870624
     3.007999999999999	-0.0553035859610266
     3.008333333333332	-0.05544709878628448
     3.008666666666666	-0.05547128101833654
     3.008999999999999	-0.05541719828863583
     3.009333333333332	-0.05538129304208954
     3.009666666666666	-0.05540825057638016
     3.009999999999999	-0.05547370551556864
     3.010333333333332	-0.05552713549501541
     3.010666666666665	-0.0555486564132532
     3.010999999999999	-0.05555850873100505
     3.011333333333332	-0.05557514382840638
     3.011666666666665	-0.05560856338062188
     3.011999999999999	-0.05564868442919993
     3.012333333333332	-0.05568547563297334
     3.012666666666665	-0.05571546300928854
     3.012999999999999	-0.055745770094475
     3.013333333333332	-0.05577894873268427
     3.013666666666665	-0.0558134966039399
     3.013999999999998	-0.05584845548392382
     3.014333333333332	-0.05588393777100027
     3.014666666666665	-0.05592035120671058
     3.014999999999998	-0.0559588428858482
     3.015333333333332	-0.0559948232231892
     3.015666666666665	-0.05603138532692877
     3.015999999999998	-0.05606750650883715
     3.016333333333332	-0.05610353682328787
     3.016666666666665	-0.05614150857041164
     3.016999999999998	-0.05618040130367654
     3.017333333333331	-0.05621790371124839
     3.017666666666665	-0.05625346995601297
     3.017999999999998	-0.05628869559236561
     3.018333333333331	-0.05632467216049653
     3.018666666666665	-0.05636118334295324
     3.018999999999998	-0.05639662069836326
     3.019333333333331	-0.05643198685275304
     3.019666666666665	-0.05646585253964244
     3.019999999999998	-0.05649842142647309
     3.020333333333331	-0.0565304837664419
     3.020666666666664	-0.05656245555131961
     3.020999999999998	-0.05659397211285895
     3.021333333333331	-0.05662439570393291
     3.021666666666664	-0.05665346502204369
     3.021999999999998	-0.05668130967313115
     3.022333333333331	-0.05670827180778755
     3.022666666666664	-0.05673440240941117
     3.022999999999997	-0.05675958503289903
     3.023333333333331	-0.05678364059286686
     3.023666666666664	-0.05680649288137975
     3.023999999999997	-0.05682817445381205
     3.024333333333331	-0.05684875703329649
     3.024666666666664	-0.05686822501572619
     3.024999999999997	-0.05688656847917264
     3.025333333333331	-0.0569037526902422
     3.025666666666664	-0.05691979861972359
     3.025999999999997	-0.05693474099938971
      3.02633333333333	-0.05694856377306218
     3.026666666666664	-0.05696129921022454
     3.026999999999997	-0.05697296456547021
      3.02733333333333	-0.05698357968117185
     3.027666666666664	-0.0569931760854283
     3.027999999999997	-0.05700175467843074
      3.02833333333333	-0.05700934624475508
     3.028666666666664	-0.05701602602139026
     3.028999999999997	-0.05702183703910762
      3.02933333333333	-0.05702680135717814
     3.029666666666663	-0.05703093869873713
     3.029999999999997	-0.05703426467905847
      3.03033333333333	-0.05703683507709234
     3.030666666666663	-0.05703850181286915
     3.030999999999997	-0.0570400444813103
      3.03133333333333	-0.05704048714075453
     3.031666666666663	-0.05704070411449338
     3.031999999999996	-0.05704030107014611
      3.03233333333333	-0.05703948851220921
     3.032666666666663	-0.05703810540778103
     3.032999999999996	-0.05703627428946696
      3.03333333333333	-0.05703417853618887
     3.033666666666663	-0.05703189052570577
     3.033999999999996	-0.05702936099995159
      3.03433333333333	-0.05702655769680421
     3.034666666666663	-0.05702354853902435
     3.034999999999996	-0.05702044137208015
     3.035333333333329	-0.05701729196575357
     3.035666666666663	-0.05701409561515004
     3.035999999999996	-0.05701595021155877
     3.036333333333329	-0.05701688859399273
     3.036666666666663	-0.05701335644955827
     3.036999999999996	-0.05700698783607313
     3.037333333333329	-0.0570017997146285
     3.037666666666663	-0.05700033303913745
     3.037999999999996	-0.05699544723471767
     3.038333333333329	-0.05698996272468175
     3.038666666666662	-0.05698742641012425
     3.038999999999996	-0.05698744636045151
     3.039333333333329	-0.05698681237596263
     3.039666666666662	-0.0569829546820234
     3.039999999999996	-0.05697973563199982
     3.040333333333329	-0.05697789499225021
     3.040666666666662	-0.05697770843683705
     3.040999999999995	-0.05697845084388331
     3.041333333333329	-0.0569778687209897
     3.041666666666662	-0.05697664409756052
     3.041999999999995	-0.0569759061420741
     3.042333333333329	-0.05697596541039816
     3.042666666666662	-0.05697656205373224
     3.042999999999995	-0.05697731838192022
     3.043333333333329	-0.05697813572029219
     3.043666666666662	-0.05697905096617614
     3.043999999999995	-0.05698009343651782
     3.044333333333328	-0.05698128025427351
     3.044666666666662	-0.05698271101602397
     3.044999999999995	-0.0569844028897315
     3.045333333333328	-0.05698618573949397
     3.045666666666662	-0.05698794213181448
     3.045999999999995	-0.05699112321395457
     3.046333333333328	-0.0569944151043123
     3.046666666666662	-0.05699688999423915
     3.046999999999995	-0.05699862732024651
     3.047333333333328	-0.05700010782366983
     3.047666666666661	-0.05700178796311804
     3.047999999999995	-0.05700392716656692
     3.048333333333328	-0.05700626488539556
     3.048666666666661	-0.05700842534926587
     3.048999999999995	-0.05701030176886651
     3.049333333333328	-0.05701202238632094
     3.049666666666661	-0.05701365063450646
     3.049999999999994	-0.05701513422935064
     3.050333333333328	-0.05701649873423394
     3.050666666666661	-0.05701774503542334
     3.050999999999994	-0.05701849675376067
     3.051333333333328	-0.05701956159301484
     3.051666666666661	-0.05702026635665422
     3.051999999999994	-0.05701967596703323
     3.052333333333328	-0.0570190288026356
     3.052666666666661	-0.05701906394168758
     3.052999999999994	-0.05701968016257471
     3.053333333333327	-0.05702127612971066
     3.053666666666661	-0.05702247417721065
     3.053999999999994	-0.05702175879597902
     3.054333333333327	-0.05701963813754394
     3.054666666666661	-0.05701700682646198
     3.054999999999994	-0.05701726028668712
     3.055333333333327	-0.05701719548883568
     3.055666666666661	-0.05701681271249721
     3.055999999999994	-0.05701439378146342
     3.056333333333327	-0.0570109621397497
      3.05666666666666	-0.05701006200187282
     3.056999999999994	-0.05700903821584759
     3.057333333333327	-0.05700736671010394
      3.05766666666666	-0.05700186552118869
     3.057999999999994	-0.05700035019935155
     3.058333333333327	-0.05699821565803937
      3.05866666666666	-0.05699563917453204
     3.058999999999994	-0.05699170078908249
     3.059333333333327	-0.056987128967854
      3.05966666666666	-0.05698278807162886
     3.059999999999993	-0.05697916137933396
     3.060333333333327	-0.05697607043997854
      3.06066666666666	-0.05697244980044028
     3.060999999999993	-0.05696782602185961
     3.061333333333327	-0.05696275375665764
      3.06166666666666	-0.05695825393056506
     3.061999999999993	-0.05695433725585746
     3.062333333333326	-0.05695073851799422
      3.06266666666666	-0.05694623270320152
     3.062999999999993	-0.05694114235186087
     3.063333333333326	-0.05693611929478097
      3.06366666666666	-0.05693146982748466
     3.063999999999993	-0.0569255770145066
     3.064333333333326	-0.05692265862254433
      3.06466666666666	-0.05691947807970105
     3.064999999999993	-0.05691295340515636
     3.065333333333326	-0.05690872051539388
     3.065666666666659	-0.05690474788829061
     3.065999999999993	-0.05689844449134628
     3.066333333333326	-0.0568965948179869
     3.066666666666659	-0.05689331758241731
     3.066999999999993	-0.0568888097789029
     3.067333333333326	-0.05688283958224557
     3.067666666666659	-0.05687836348231745
     3.067999999999993	-0.05687480813254842
     3.068333333333326	-0.05687008073728617
     3.068666666666659	-0.05686673748653758
     3.068999999999992	-0.05686188380477994
     3.069333333333326	-0.05685845968775823
     3.069666666666659	-0.05685435477258582
     3.069999999999992	-0.05685064369707018
     3.070333333333326	-0.05684633789292707
     3.070666666666659	-0.056842709627253
     3.070999999999992	-0.05683989412573871
     3.071333333333325	-0.05683697803127805
     3.071666666666659	-0.0568339162225006
     3.071999999999992	-0.05683113435409965
     3.072333333333325	-0.05682775008407303
     3.072666666666659	-0.05682461271069118
     3.072999999999992	-0.05682208146470888
     3.073333333333325	-0.05682029368551805
     3.073666666666659	-0.05681769392510118
     3.073999999999992	-0.05681512591576381
     3.074333333333325	-0.05681264828281381
     3.074666666666658	-0.0568111549452668
     3.074999999999992	-0.0568090749806641
     3.075333333333325	-0.056807335439886
     3.075666666666658	-0.0568053103509461
     3.075999999999992	-0.05680418060575136
     3.076333333333325	-0.05680262343918942
     3.076666666666658	-0.05680069128200157
     3.076999999999992	-0.05680031550944521
     3.077333333333325	-0.05679905198909219
     3.077666666666658	-0.05679731514517437
     3.077999999999991	-0.05679646369617242
     3.078333333333325	-0.05679505951595582
     3.078666666666658	-0.05679397224999008
     3.078999999999991	-0.05679429309757528
     3.079333333333325	-0.05679334881482324
     3.079666666666658	-0.05679189165979425
     3.079999999999991	-0.05679133906744544
     3.080333333333324	-0.05679125260516914
     3.080666666666658	-0.05679098098301449
     3.080999999999991	-0.05679092902683957
     3.081333333333324	-0.05679044516646928
     3.081666666666658	-0.05678983784668269
     3.081999999999991	-0.05678999070885948
     3.082333333333324	-0.0567896774638007
     3.082666666666658	-0.05678939435621977
     3.082999999999991	-0.05678966108488887
     3.083333333333324	-0.05678959454383744
     3.083666666666657	-0.05678939532851521
     3.083999999999991	-0.0567895879284611
     3.084333333333324	-0.05679013596063331
     3.084666666666657	-0.05678986868466904
     3.084999999999991	-0.05679005742760794
     3.085333333333324	-0.05679038434654131
     3.085666666666657	-0.05679039088587995
     3.085999999999991	-0.05679044957085973
     3.086333333333324	-0.05679042606733793
     3.086666666666657	-0.05679040513241634
      3.08699999999999	-0.05679051740581802
     3.087333333333324	-0.05679066048448386
     3.087666666666657	-0.05679073022215011
      3.08799999999999	-0.05679072542999616
     3.088333333333324	-0.05679077775637899
     3.088666666666657	-0.05679081017148038
      3.08899999999999	-0.05679077084833078
     3.089333333333323	-0.05679085312904401
     3.089666666666657	-0.05679091470209818
      3.08999999999999	-0.05679080602160078
     3.090333333333323	-0.05679082750323543
     3.090666666666657	-0.05679085667588379
      3.09099999999999	-0.05679069920510758
     3.091333333333323	-0.0567907177966843
     3.091666666666657	-0.05679074153487878
      3.09199999999999	-0.05679053048795694
     3.092333333333323	-0.0567905077018788
     3.092666666666656	-0.05679050881803131
      3.09299999999999	-0.05679027320600825
     3.093333333333323	-0.05679023510234635
     3.093666666666656	-0.05679021806386751
      3.09399999999999	-0.05678994550512731
     3.094333333333323	-0.05678988760073736
     3.094666666666656	-0.05678985077941298
      3.09499999999999	-0.05678956452050265
     3.095333333333323	-0.05678950067885171
     3.095666666666656	-0.05678942045728448
     3.095999999999989	-0.05678919110297371
     3.096333333333323	-0.05678909902522889
     3.096666666666656	-0.05678903617714444
     3.096999999999989	-0.05678879551552773
     3.097333333333323	-0.05678867126028611
     3.097666666666656	-0.05678860312148712
     3.097999999999989	-0.05678839908051001
     3.098333333333323	-0.05678829248131408
     3.098666666666656	-0.05678822917120398
     3.098999999999989	-0.0567880401277961
     3.099333333333322	-0.05678794797091533
     3.099666666666656	-0.05678789917264949
     3.099999999999989	-0.05678772752267065
     3.100333333333322	-0.0567876611549803
     3.100666666666656	-0.05678763276238726
     3.100999999999989	-0.05678749033038588
     3.101333333333322	-0.05678745207527904
     3.101666666666655	-0.05678744527766137
     3.101999999999989	-0.05678737507352262
     3.102333333333322	-0.05678728753983747
     3.102666666666655	-0.0567873191832932
     3.102999999999989	-0.05678734697174503
     3.103333333333322	-0.05678731546155624
     3.103666666666655	-0.05678728167006525
     3.103999999999989	-0.05678734483912175
     3.104333333333322	-0.05678741427925639
     3.104666666666655	-0.05678744109453589
     3.104999999999988	-0.05678747238748833
     3.105333333333322	-0.0567875477967311
     3.105666666666655	-0.05678764156571112
     3.105999999999988	-0.05678774832713893
     3.106333333333322	-0.05678785293678677
     3.106666666666655	-0.05678796049994305
     3.106999999999988	-0.05678812070356817
     3.107333333333322	-0.05678826381444683
     3.107666666666655	-0.05678841762559046
     3.107999999999988	-0.05678855964854906
     3.108333333333321	-0.05678876322665666
     3.108666666666655	-0.05678895042756629
     3.108999999999988	-0.05678915225717803
     3.109333333333321	-0.0567893666765939
     3.109666666666655	-0.05678958901785008
     3.109999999999988	-0.05678981901485218
     3.110333333333321	-0.05679005760072569
     3.110666666666654	-0.05679030503455899
     3.110999999999988	-0.05679056102403269
     3.111333333333321	-0.05679082527301502
     3.111666666666654	-0.05679109716405472
     3.111999999999988	-0.05679137577547579
     3.112333333333321	-0.05679166054829449
     3.112666666666654	-0.05679195116498741
     3.112999999999988	-0.05679224737746592
     3.113333333333321	-0.0567925487242972
     3.113666666666654	-0.05679285463904729
     3.113999999999987	-0.05679316420165367
     3.114333333333321	-0.05679347705634579
     3.114666666666654	-0.0567937931803813
     3.114999999999987	-0.05679411209335351
     3.115333333333321	-0.05679443321824062
     3.115666666666654	-0.05679475626488029
     3.115999999999987	-0.05679508072206933
     3.116333333333321	-0.05679540604707631
     3.116666666666654	-0.05679573185834203
     3.116999999999987	-0.05679605792337072
      3.11733333333332	-0.05679638395394539
     3.117666666666654	-0.05679670952312312
     3.117999999999987	-0.05679703410472729
      3.11833333333332	-0.05679735755889747
     3.118666666666654	-0.05679767961879465
     3.118999999999987	-0.056797999633686
      3.11933333333332	-0.05679831776181637
     3.119666666666653	-0.05679863735751995
     3.119999999999987	-0.05679894600595967
      3.12033333333332	-0.05679925978590102
     3.120666666666653	-0.05679956404951936
     3.120999999999987	-0.05679987391464039
      3.12133333333332	-0.05680017603448533
     3.121666666666653	-0.05680046755501113
     3.121999999999987	-0.05680076750803142
      3.12233333333332	-0.05680106058943126
     3.122666666666653	-0.0568013459751588
     3.122999999999986	-0.05680162784210635
      3.12333333333332	-0.0568019078980606
     3.123666666666653	-0.05680218508380917
     3.123999999999986	-0.05680245795891125
      3.12433333333332	-0.05680272610096906
     3.124666666666653	-0.05680298954209604
     3.124999999999986	-0.05680324893461852
      3.12533333333332	-0.05680350507986576
     3.125666666666653	-0.05680375772813717
     3.125999999999986	-0.05680400624069146
     3.126333333333319	-0.05680425036823912
     3.126666666666653	-0.05680449028076562
     3.126999999999986	-0.05680472647535419
     3.127333333333319	-0.05680495599980067
     3.127666666666653	-0.05680519024970577
     3.127999999999986	-0.05680541330909724
     3.128333333333319	-0.05680563381854672
     3.128666666666652	-0.05680585262597071
     3.128999999999986	-0.05680606814796022
     3.129333333333319	-0.05680627956768881
     3.129666666666652	-0.05680648631316058
     3.129999999999986	-0.05680668978385551
     3.130333333333319	-0.05680689092669858
     3.130666666666652	-0.05680708953867952
     3.130999999999986	-0.0568072847283915
     3.131333333333319	-0.05680747635278328
     3.131666666666652	-0.05680766495470773
     3.131999999999985	-0.05680785088984313
     3.132333333333319	-0.0568080343080425
     3.132666666666652	-0.05680821501309168
     3.132999999999985	-0.05680839299508113
     3.133333333333319	-0.05680856819113347
     3.133666666666652	-0.05680874089379644
     3.133999999999985	-0.05680891138291709
     3.134333333333319	-0.05680907943896914
     3.134666666666652	-0.0568092452562829
     3.134999999999985	-0.0568094087846021
     3.135333333333318	-0.05680957009045304
     3.135666666666652	-0.05680972907622726
     3.135999999999985	-0.05680988599788975
     3.136333333333318	-0.05681004088164226
     3.136666666666652	-0.05681019379480556
     3.136999999999985	-0.05681034467497077
     3.137333333333318	-0.05681049353978287
     3.137666666666652	-0.05681064046448075
     3.137999999999985	-0.05681078552060837
     3.138333333333318	-0.05681092875986645
     3.138666666666651	-0.05681107007512953
     3.138999999999985	-0.05681120938249441
     3.139333333333318	-0.05681134680985956
     3.139666666666651	-0.05681148247749676
     3.139999999999985	-0.0568116164642639
     3.140333333333318	-0.0568117487464714
     3.140666666666651	-0.05681187930695324
     3.140999999999984	-0.05681200797415626
     3.141333333333318	-0.05681213482770932
     3.141666666666651	-0.05681225984500619
     3.141999999999984	-0.05681238315671851
     3.142333333333318	-0.05681250472341508
     3.142666666666651	-0.05681262447789541
     3.142999999999984	-0.05681274246937838
     3.143333333333318	-0.05681285863478999
     3.143666666666651	-0.05681297292843784
     3.143999999999984	-0.05681308548814146
     3.144333333333317	-0.05681319588929899
     3.144666666666651	-0.05681330430005575
     3.144999999999984	-0.05681341115398846
     3.145333333333317	-0.05681351651018832
     3.145666666666651	-0.05681361998801061
     3.145999999999984	-0.05681372145324855
     3.146333333333317	-0.05681382102161683
     3.146666666666651	-0.05681391891938088
     3.146999999999984	-0.05681401491375557
     3.147333333333317	-0.05681410903594829
      3.14766666666665	-0.05681420100920238
     3.147999999999984	-0.05681429091677159
     3.148333333333317	-0.05681437897543837
      3.14866666666665	-0.05681446532076261
     3.148999999999984	-0.05681454987562952
     3.149333333333317	-0.05681463251206371
      3.14966666666665	-0.05681471318091804
     3.149999999999983	-0.05681479190675513
     3.150333333333317	-0.05681486876578752
      3.15066666666665	-0.05681494381487415
     3.150999999999983	-0.05681501705023028
     3.151333333333317	-0.05681508846114612
      3.15166666666665	-0.05681515802948278
     3.151999999999983	-0.05681522580808418
     3.152333333333317	-0.05681529182002513
      3.15266666666665	-0.05681535609130894
     3.152999999999983	-0.05681541861785373
     3.153333333333316	-0.05681547945480932
      3.15366666666665	-0.05681553867543829
     3.153999999999983	-0.05681559620476944
     3.154333333333316	-0.05681565205076045
      3.15466666666665	-0.05681570629024621
     3.154999999999983	-0.05681575901424864
     3.155333333333316	-0.05681581025332785
      3.15566666666665	-0.05681586000554756
     3.155999999999983	-0.05681590827990345
     3.156333333333316	-0.05681595511011069
     3.156666666666649	-0.05681600057716835
     3.156999999999983	-0.05681604471616158
     3.157333333333316	-0.05681608756534286
     3.157666666666649	-0.05681612914310359
     3.157999999999983	-0.05681616948098007
     3.158333333333316	-0.05681620871442986
     3.158666666666649	-0.05681624691199741
     3.158999999999982	-0.05681628396901246
     3.159333333333316	-0.05681631986068643
     3.159666666666649	-0.05681635465349794
     3.159999999999982	-0.05681638849682821
     3.160333333333316	-0.05681642146975337
     3.160666666666649	-0.05681645360451315
     3.160999999999982	-0.05681648489502904
     3.161333333333316	-0.05681651533808744
     3.161666666666649	-0.05681654497273353
     3.161999999999982	-0.05681657386772675
     3.162333333333315	-0.05681660208529943
     3.162666666666649	-0.05681662967159878
     3.162999999999982	-0.05681666809429296
     3.163333333333315	-0.05681668877276384
     3.163666666666649	-0.05681670477391605
     3.163999999999982	-0.05681673872344316
     3.164333333333315	-0.0568167612395935
     3.164666666666649	-0.05681679090231767
     3.164999999999982	-0.05681680857806885
     3.165333333333315	-0.0568168355108105
     3.165666666666648	-0.05681685292832584
     3.165999999999982	-0.05681687985507607
     3.166333333333315	-0.05681690748269022
     3.166666666666648	-0.05681692892308941
     3.166999999999982	-0.05681694749591988
     3.167333333333315	-0.05681695755063732
     3.167666666666648	-0.0568169838200798
     3.167999999999981	-0.05681701084902287
     3.168333333333315	-0.05681703254021048
     3.168666666666648	-0.05681705160240954
     3.168999999999981	-0.05681706983979738
     3.169333333333315	-0.05681708792217169
     3.169666666666648	-0.05681710701237186
     3.169999999999981	-0.05681712741793017
     3.170333333333315	-0.05681714796425896
     3.170666666666648	-0.05681716739684969
     3.170999999999981	-0.05681718580934208
     3.171333333333314	-0.0568172041337292
     3.171666666666648	-0.05681722294541833
     3.171999999999981	-0.05681724210574891
     3.172333333333314	-0.05681726116304166
     3.172666666666648	-0.05681727983092415
     3.172999999999981	-0.05681729816556598
     3.173333333333314	-0.05681731639882981
     3.173666666666648	-0.05681734019138465
     3.173999999999981	-0.0568173554688538
     3.174333333333314	-0.05681736957787842
     3.174666666666647	-0.05681739215170027
     3.174999999999981	-0.05681740799111306
     3.175333333333314	-0.05681742302733675
     3.175666666666647	-0.05681744571862644
     3.175999999999981	-0.05681746152813708
     3.176333333333314	-0.05681747592432992
     3.176666666666647	-0.05681749761020695
     3.176999999999981	-0.05681751348372663
     3.177333333333314	-0.05681752822915712
     3.177666666666647	-0.05681754934332819
      3.17799999999998	-0.05681756487741396
     3.178333333333314	-0.05681757935067615
     3.178666666666647	-0.05681759979663212
      3.17899999999998	-0.05681761549619452
     3.179333333333314	-0.05681763006060007
     3.179666666666647	-0.05681764957160988
      3.17999999999998	-0.05681766484573825
     3.180333333333313	-0.05681767916490259
     3.180666666666647	-0.05681769807494873
      3.18099999999998	-0.05681770875877425
     3.181333333333313	-0.05681772152952576
     3.181666666666647	-0.05681774498983962
      3.18199999999998	-0.05681776364041424
     3.182333333333313	-0.05681777720670449
     3.182666666666647	-0.05681778432798969
      3.18299999999998	-0.05681779772101336
     3.183333333333313	-0.05681781388658802
     3.183666666666646	-0.05681783113765123
      3.18399999999998	-0.05681785106132183
     3.184333333333313	-0.05681786779154107
     3.184666666666646	-0.05681787458695176
      3.18499999999998	-0.05681788255781427
     3.185333333333313	-0.05681789670323351
     3.185666666666646	-0.05681791508454959
      3.18599999999998	-0.05681793148173937
     3.186333333333313	-0.05681794885547493
     3.186666666666646	-0.05681796315321318
     3.186999999999979	-0.05681796857693033
     3.187333333333313	-0.0568179752583742
     3.187666666666646	-0.05681798817512921
     3.187999999999979	-0.05681800553670985
     3.188333333333313	-0.05681802102741267
     3.188666666666646	-0.05681803233306898
     3.188999999999979	-0.05681804080059678
     3.189333333333312	-0.05681805080167772
     3.189666666666646	-0.05681806345422594
     3.189999999999979	-0.05681808289087216
     3.190333333333312	-0.05681809335018446
     3.190666666666646	-0.0568180988939169
     3.190999999999979	-0.05681810615393388
     3.191333333333312	-0.05681811756047488
     3.191666666666646	-0.05681813171603262
     3.191999999999979	-0.0568181506457931
     3.192333333333312	-0.05681815914092707
     3.192666666666645	-0.05681816246801746
     3.192999999999979	-0.05681816902014227
     3.193333333333312	-0.05681818074920218
     3.193666666666645	-0.05681820111615413
     3.193999999999979	-0.05681821776991409
     3.194333333333312	-0.0568182195659532
     3.194666666666645	-0.05681821958540748
     3.194999999999979	-0.05681822731502713
     3.195333333333312	-0.05681824185440146
     3.195666666666645	-0.05681826298151509
     3.195999999999978	-0.05681827798411876
     3.196333333333312	-0.05681827748459483
     3.196666666666645	-0.05681827686914703
     3.196999999999978	-0.05681828501009684
     3.197333333333312	-0.05681830006045568
     3.197666666666645	-0.05681832071964957
     3.197999999999978	-0.05681833481729313
     3.198333333333311	-0.05681833405605089
     3.198666666666645	-0.05681833353122499
     3.198999999999978	-0.05681834157074184
     3.199333333333311	-0.05681835639407366
     3.199666666666645	-0.05681837642853994
     3.199999999999978	-0.05681838997562911
     3.200333333333311	-0.05681838955122805
     3.200666666666645	-0.05681838940495467
     3.200999999999978	-0.05681839729662781
     3.201333333333311	-0.0568184116805409
     3.201666666666644	-0.05681843097345335
     3.201999999999978	-0.05681844418475356
     3.202333333333311	-0.05681844443180462
     3.202666666666644	-0.05681844483487845
     3.202999999999978	-0.05681845265473705
     3.203333333333311	-0.05681846655745487
     3.203666666666644	-0.05681848002485749
     3.203999999999978	-0.05681849432944207
     3.204333333333311	-0.05681850410474135
     3.204666666666644	-0.05681850568872419
     3.204999999999977	-0.05681850900492608
     3.205333333333311	-0.05681851829372511
     3.205666666666644	-0.05681853121016343
     3.205999999999977	-0.05681854332790245
     3.206333333333311	-0.05681855219268195
     3.206666666666644	-0.05681855907972286
     3.206999999999977	-0.05681856640078043
      3.20733333333331	-0.05681857560902886
     3.207666666666644	-0.05681858586483077
     3.207999999999977	-0.05681859571174998
      3.20833333333331	-0.05681860467968654
     3.208666666666644	-0.05681861297912204
     3.208999999999977	-0.05681862142853794
      3.20933333333331	-0.05681863040050613
     3.209666666666644	-0.05681863966137869
     3.209999999999977	-0.05681864883429569
      3.21033333333331	-0.05681865779657497
     3.210666666666643	-0.05681866657228193
     3.210999999999977	-0.05681867524267747
      3.21133333333331	-0.05681868395647121
     3.211666666666643	-0.05681869281633396
     3.211999999999977	-0.05681870176900812
      3.21233333333331	-0.05681871065255224
     3.212666666666643	-0.05681871937281409
     3.212999999999977	-0.05681872796956488
      3.21333333333331	-0.0568187365557271
     3.213666666666643	-0.05681874519802234
     3.213999999999976	-0.05681875383750704
      3.21433333333331	-0.0568187625195182
     3.214666666666643	-0.05681877116736221
     3.214999999999976	-0.05681877963381353
      3.21533333333331	-0.05681878804859762
     3.215666666666643	-0.05681879640905323
     3.215999999999976	-0.0568188048046659
      3.21633333333331	-0.05681881321545584
     3.216666666666643	-0.05681882157864359
     3.216999999999976	-0.05681882984803212
     3.217333333333309	-0.05681883803211178
     3.217666666666643	-0.05681884616885594
     3.217999999999976	-0.05681885428254756
     3.218333333333309	-0.05681886236923996
     3.218666666666643	-0.05681887040975084
     3.218999999999976	-0.05681887838955956
     3.219333333333309	-0.05681888630727325
     3.219666666666642	-0.05681889416817863
     3.219999999999976	-0.0568189019764141
     3.220333333333309	-0.05681890973199119
     3.220666666666642	-0.05681891743269312
     3.220999999999976	-0.05681892507680071
     3.221333333333309	-0.05681893266393657
     3.221666666666642	-0.05681894019388651
     3.221999999999976	-0.05681894766547488
     3.222333333333309	-0.05681895507701044
     3.222666666666642	-0.05681896242753936
     3.222999999999975	-0.05681896971734571
     3.223333333333309	-0.05681897694722118
     3.223666666666642	-0.05681898411728044
     3.223999999999975	-0.0568189912264824
     3.224333333333309	-0.05681899827322116
     3.224666666666642	-0.05681900525644582
     3.224999999999975	-0.0568190121763544
     3.225333333333309	-0.05681901903412191
     3.225666666666642	-0.05681902583096781
     3.225999999999975	-0.05681903256724818
     3.226333333333308	-0.05681903924226052
     3.226666666666642	-0.05681904585479955
     3.226999999999975	-0.05681905240403169
     3.227333333333308	-0.05681905889006141
     3.227666666666642	-0.05681906531383223
     3.227999999999975	-0.05681907167654608
     3.228333333333308	-0.05681907797903406
     3.228666666666641	-0.05681908422148892
     3.228999999999975	-0.05681909040365845
     3.229333333333308	-0.05681909652529275
     3.229666666666641	-0.0568191025865039
     3.229999999999975	-0.05681910858785359
     3.230333333333308	-0.05681911453014477
     3.230666666666641	-0.05681912041412072
     3.230999999999975	-0.05681912624029208
     3.231333333333308	-0.0568191320089504
     3.231666666666641	-0.0568191377203437
     3.231999999999974	-0.05681914337483499
     3.232333333333308	-0.05681914897293278
     3.232666666666641	-0.0568191545152829
     3.232999999999974	-0.05681916000253927
     3.233333333333308	-0.05681916543529864
     3.233666666666641	-0.05681917081403094
     3.233999999999974	-0.05681917613913986
     3.234333333333308	-0.05681918141099299
     3.234666666666641	-0.05681918663001159
     3.234999999999974	-0.05681919179670061
     3.235333333333307	-0.05681919691199058
     3.235666666666641	-0.05681920197571824
     3.235999999999974	-0.0568192069884926
     3.236333333333307	-0.05681921195130289
     3.236666666666641	-0.05681921686492496
     3.236999999999974	-0.05681922173808358
     3.237333333333307	-0.05681922654010003
      3.23766666666664	-0.05681923131035653
     3.237999999999974	-0.05681923603112271
     3.238333333333307	-0.05681924070296272
      3.23866666666664	-0.05681924532690981
     3.238999999999974	-0.05681924990363948
     3.239333333333307	-0.0568192544381597
      3.23966666666664	-0.05681925892770666
     3.239999999999974	-0.05681926336847613
     3.240333333333307	-0.05681926775866992
      3.24066666666664	-0.05681927210349469
     3.240999999999973	-0.05681927640726252
     3.241333333333307	-0.05681928067205405
      3.24166666666664	-0.0568192848939746
     3.241999999999973	-0.05681928906812309
     3.242333333333307	-0.05681929319588109
      3.24266666666664	-0.0568192972811021
     3.242999999999973	-0.05681930132582857
     3.243333333333307	-0.05681930533106057
      3.24366666666664	-0.05681930929414485
     3.243999999999973	-0.05681931321699121
     3.244333333333306	-0.05681931709619104
      3.24466666666664	-0.05681932093261475
     3.244999999999973	-0.05681932472950887
     3.245333333333306	-0.0568193284865755
      3.24566666666664	-0.05681933220358263
     3.245999999999973	-0.05681933587973694
     3.246333333333306	-0.05681933951596894
      3.24666666666664	-0.05681934311430278
     3.246999999999973	-0.0568193466726001
     3.247333333333306	-0.05681935019282237
     3.247666666666639	-0.05681935367538537
     3.247999999999973	-0.05681935711769531
     3.248333333333306	-0.05681936052188373
     3.248666666666639	-0.05681936388911459
     3.248999999999973	-0.05681936721989412
     3.249333333333306	-0.05681937051192812
     3.249666666666639	-0.05681937376676124
     3.249999999999972	-0.05681937698576776
     3.250333333333306	-0.05681938016854843
     3.250666666666639	-0.05681938331500568
     3.250999999999972	-0.0568193864260442
     3.251333333333306	-0.0568193895019062
     3.251666666666639	-0.05681939254250193
     3.251999999999972	-0.05681939554674033
     3.252333333333306	-0.05681939851796472
     3.252666666666639	-0.05681940145467429
     3.252999999999972	-0.05681940435659878
     3.253333333333305	-0.05681940722307183
     3.253666666666639	-0.05681941005706156
     3.253999999999972	-0.05681941285913652
     3.254333333333305	-0.05681941562815738
     3.254666666666639	-0.05681941836436979
     3.254999999999972	-0.05681942106765981
     3.255333333333305	-0.05681942373897886
     3.255666666666639	-0.05681942637903649
     3.255999999999972	-0.05681942898795562
     3.256333333333305	-0.05681943156565565
     3.256666666666638	-0.05681943411232444
     3.256999999999972	-0.05681943662847078
     3.257333333333305	-0.05681943911461555
     3.257666666666638	-0.0568194415710555
     3.257999999999972	-0.05681944399793062
     3.258333333333305	-0.05681944639544735
     3.258666666666638	-0.05681944876398475
     3.258999999999971	-0.05681945110399316
     3.259333333333305	-0.05681945341583366
     3.259666666666638	-0.05681945569975021
     3.259999999999971	-0.05681945795596149
     3.260333333333305	-0.05681946018475413
     3.260666666666638	-0.05681946238650277
     3.260999999999971	-0.05681946456127729
     3.261333333333305	-0.05681946671030632
     3.261666666666638	-0.05681946883346025
     3.261999999999971	-0.05681947093052475
     3.262333333333304	-0.0568194730017876
     3.262666666666638	-0.05681947504791336
     3.262999999999971	-0.05681947706947432
     3.263333333333304	-0.05681947906671604
     3.263666666666638	-0.05681948103971631
     3.263999999999971	-0.05681948298865322
     3.264333333333304	-0.0568194849138994
     3.264666666666638	-0.05681948681589336
     3.264999999999971	-0.05681948869528573
     3.265333333333304	-0.05681949055358407
     3.265666666666637	-0.05681949238233931
     3.265999999999971	-0.0568194941970979
     3.266333333333304	-0.05681949598857031
     3.266666666666637	-0.05681949775585658
     3.266999999999971	-0.05681949950141241
     3.267333333333304	-0.0568195012273585
     3.267666666666637	-0.05681950293408006
      3.26799999999997	-0.05681950461950498
     3.268333333333304	-0.05681950628408294
     3.268666666666637	-0.05681950792773312
      3.26899999999997	-0.05681950955211824
     3.269333333333304	-0.05681951115861902
     3.269666666666637	-0.05681951274546098
      3.26999999999997	-0.0568195143131805
     3.270333333333304	-0.05681951586116973
     3.270666666666637	-0.0568195173907356
      3.27099999999997	-0.05681951890332811
     3.271333333333303	-0.05681952039811893
     3.271666666666637	-0.0568195218744691
      3.27199999999997	-0.05681952333204057
     3.272333333333303	-0.05681952477257616
     3.272666666666637	-0.0568195261975589
      3.27299999999997	-0.05681952760525427
     3.273333333333303	-0.05681952899550318
     3.273666666666637	-0.05681953036903549
      3.27399999999997	-0.05681953172709561
     3.274333333333303	-0.05681953306871828
     3.274666666666636	-0.05681953439423485
      3.27499999999997	-0.05681953570414716
     3.275333333333303	-0.05681953699864408
     3.275666666666636	-0.05681953827783028
      3.27599999999997	-0.05681953954181964
     3.276333333333303	-0.05681954079076244
     3.276666666666636	-0.05681954202543073
     3.276999999999969	-0.05681954324484791
     3.277333333333303	-0.05681954444960238
     3.277666666666636	-0.05681954564036583
     3.277999999999969	-0.05681954681733504
     3.278333333333303	-0.05681954798040121
     3.278666666666636	-0.05681954912955005
     3.278999999999969	-0.05681955026500259
     3.279333333333303	-0.05681955138707958
     3.279666666666636	-0.05681955249602223
     3.279999999999969	-0.05681955359252441
     3.280333333333302	-0.0568195546752843
     3.280666666666636	-0.05681955574483412
     3.280999999999969	-0.05681955680202538
     3.281333333333302	-0.05681955784722308
     3.281666666666636	-0.05681955888030403
     3.281999999999969	-0.05681955990106487
     3.282333333333302	-0.05681956090960141
     3.282666666666636	-0.05681956190624469
     3.282999999999969	-0.05681956289196594
     3.283333333333302	-0.05681956386554308
     3.283666666666635	-0.05681956482730795
     3.283999999999969	-0.05681956577794706
     3.284333333333302	-0.05681956671786737
     3.284666666666635	-0.05681956764705245
     3.284999999999969	-0.05681956856536909
     3.285333333333302	-0.0568195694728515
     3.285666666666635	-0.0568195703704335
     3.285999999999969	-0.05681957125684099
     3.286333333333302	-0.05681957213267091
     3.286666666666635	-0.05681957299870469
     3.286999999999968	-0.05681957385519322
     3.287333333333302	-0.05681957470199733
     3.287666666666635	-0.0568195755389598
     3.287999999999968	-0.05681957636690529
     3.288333333333302	-0.0568195771853075
     3.288666666666635	-0.05681957799313286
     3.288999999999968	-0.0568195787917003
     3.289333333333301	-0.05681957958202732
     3.289666666666635	-0.05681958036482995
     3.289999999999968	-0.05681958113786672
     3.290333333333301	-0.05681958190137579
     3.290666666666635	-0.05681958265642778
     3.290999999999968	-0.05681958340374823
     3.291333333333301	-0.05681958414395542
     3.291666666666635	-0.05681958487489944
     3.291999999999968	-0.05681958559690978
     3.292333333333301	-0.05681958631111093
     3.292666666666634	-0.05681958701817064
     3.292999999999968	-0.05681958771803247
     3.293333333333301	-0.05681958841021875
     3.293666666666634	-0.05681958909447644
     3.293999999999968	-0.05681958977112326
     3.294333333333301	-0.05681959044062872
     3.294666666666634	-0.05681959110318173
     3.294999999999968	-0.05681959175879131
     3.295333333333301	-0.05681959240736439
     3.295666666666634	-0.05681959304964525
     3.295999999999967	-0.05681959368423163
     3.296333333333301	-0.05681959431175794
     3.296666666666634	-0.05681959497708007
     3.296999999999967	-0.05681959556330264
     3.297333333333301	-0.05681959617285223
     3.297666666666634	-0.05681959673678431
     3.297999999999967	-0.05681959734840472
       3.2983333333333	-0.05681959795549558
     3.298666666666634	-0.05681959852727577
     3.298999999999967	-0.05681959907907119
       3.2993333333333	-0.05681959963031417
     3.299666666666634	-0.05681960018739576
     3.299999999999967	-0.0568196007458368
       3.3003333333333	-0.05681960129835179
     3.300666666666634	-0.05681960183660261
     3.300999999999967	-0.05681960236583957
       3.3013333333333	-0.05681960289322334
     3.301666666666633	-0.0568196034216485
     3.301999999999967	-0.05681960394856108
       3.3023333333333	-0.05681960446980725
     3.302666666666633	-0.05681960498350856
     3.302999999999967	-0.05681960549088975
       3.3033333333333	-0.05681960599534592
     3.303666666666633	-0.05681960649631264
     3.303999999999967	-0.0568196069933758
       3.3043333333333	-0.05681960748587363
     3.304666666666633	-0.05681960797321333
     3.304999999999966	-0.05681960845546169
       3.3053333333333	-0.05681960893314961
     3.305666666666633	-0.056819609406833
     3.305999999999966	-0.05681960987669894
       3.3063333333333	-0.05681961034226651
     3.306666666666633	-0.05681961080316755
     3.306999999999966	-0.05681961125936586
     3.307333333333299	-0.05681961171123687
     3.307666666666633	-0.05681961215903771
     3.307999999999966	-0.05681961260290656
     3.308333333333299	-0.05681961304356946
     3.308666666666633	-0.05681961347891639
     3.308999999999966	-0.05681961390947576
     3.309333333333299	-0.05681961433630349
     3.309666666666633	-0.05681961475975921
     3.309999999999966	-0.05681961517958572
     3.310333333333299	-0.05681961559512202
     3.310666666666632	-0.0568196160063061
     3.310999999999966	-0.05681961641348518
     3.311333333333299	-0.05681961681699226
     3.311666666666632	-0.05681961721677262
     3.311999999999966	-0.05681961761259044
     3.312333333333299	-0.05681961800440671
     3.312666666666632	-0.05681961839244482
     3.312999999999966	-0.05681961877671954
     3.313333333333299	-0.0568196191572186
     3.313666666666632	-0.05681961953483204
     3.313999999999965	-0.05681961990759218
     3.314333333333299	-0.05681962027597704
     3.314666666666632	-0.05681962064104056
     3.314999999999965	-0.05681962100317366
     3.315333333333299	-0.05681962136198179
     3.315666666666632	-0.05681962171692915
     3.315999999999965	-0.05681962206797957
     3.316333333333298	-0.05681962241632252
     3.316666666666632	-0.05681962276023818
     3.316999999999965	-0.05681962310016131
     3.317333333333298	-0.05681962343696412
     3.317666666666632	-0.05681962377097705
     3.317999999999965	-0.05681962410191579
     3.318333333333298	-0.05681962442926297
     3.318666666666632	-0.05681962475376398
     3.318999999999965	-0.05681962507400275
     3.319333333333298	-0.05681962539058903
     3.319666666666631	-0.05681962570431472
     3.319999999999965	-0.05681962601540154
     3.320333333333298	-0.05681962632355973
     3.320666666666631	-0.05681962662915237
     3.320999999999965	-0.05681962693058461
     3.321333333333298	-0.05681962722834248
     3.321666666666631	-0.05681962752337578
     3.321999999999965	-0.05681962781600692
     3.322333333333298	-0.05681962810672164
     3.322666666666631	-0.05681962839342557

     4.000333333333334	-0.05664192048626165
     4.000666666666667	-0.0582251146392712
     4.001000000000001	-0.05928541635385993
     4.001333333333335	-0.05796739589520022
     4.001666666666669	-0.05580672401044406
     4.002000000000002	-0.05531033391085972
     4.002333333333336	-0.05700431874358428
      4.00266666666667	-0.05881734724933187
     4.003000000000004	-0.05875318170492094
     4.003333333333337	-0.05719986512473184
     4.003666666666671	-0.05600729746800893
     4.004000000000005	-0.05632510251254979
     4.004333333333339	-0.05749399111522634
     4.004666666666672	-0.05816446610719787
     4.005000000000006	-0.05781002112995696
      4.00533333333334	-0.05705506332653094
     4.005666666666674	-0.05674511690907479
     4.006000000000007	-0.05705934304666415
     4.006333333333341	-0.05752128401117378
     4.006666666666675	-0.05766126321971968
     4.007000000000009	-0.05746143158914089
     4.007333333333342	-0.05723321982577565
     4.007666666666676	-0.05721177305543734
      4.00800000000001	-0.05736320365922141
     4.008333333333344	-0.0575071999692316
     4.008666666666677	-0.05753102192322326
     4.009000000000011	-0.05747593083302226
     4.009333333333345	-0.05743933422609025
     4.009666666666678	-0.05746646683670147
     4.010000000000012	-0.05753171462667946
     4.010333333333346	-0.05758328730527065
      4.01066666666668	-0.05760182425628663
     4.011000000000013	-0.05760915997484461
     4.011333333333347	-0.05762537735416404
     4.011666666666681	-0.05765750331858747
     4.012000000000015	-0.05769541910897
     4.012333333333348	-0.05772932398547201
     4.012666666666682	-0.05775637002844177
     4.013000000000016	-0.0577837861819963
      4.01333333333335	-0.05781426148695765
     4.013666666666683	-0.0578463185081283
     4.014000000000017	-0.05787823627830912
     4.014333333333351	-0.05791063562269567
     4.014666666666685	-0.05794335823193807
     4.015000000000018	-0.05797790014404765
     4.015333333333352	-0.05801046675531984
     4.015666666666686	-0.05804359158075672
      4.01600000000002	-0.05807595209805871
     4.016333333333353	-0.05810795430981402
     4.016666666666687	-0.05814187067187546
     4.017000000000021	-0.0581766466595247
     4.017333333333355	-0.05821006133004854
     4.017666666666688	-0.05824155795685496
     4.018000000000022	-0.05827265730438019
     4.018333333333356	-0.05830436388587516
     4.018666666666689	-0.05833655924436758
     4.019000000000023	-0.05836773868040319
     4.019333333333357	-0.05839888600573499
     4.019666666666691	-0.05842858264622365
     4.020000000000024	-0.05845701127765814
     4.020333333333358	-0.05848490806824862
     4.020666666666692	-0.05851272394162001
     4.021000000000026	-0.05854016336906369
     4.021333333333359	-0.05856662128408332
     4.021666666666693	-0.05859184144081182
     4.022000000000027	-0.05861594511773292
     4.022333333333361	-0.05863918246963444
     4.022666666666694	-0.05866164874899081
     4.023000000000028	-0.05868330050457993
     4.023333333333362	-0.05870399245471991
     4.023666666666696	-0.05872361869050739
     4.024000000000029	-0.05874217053192901
     4.024333333333363	-0.05875972394566887
     4.024666666666697	-0.05877629747236033
     4.025000000000031	-0.05879192305817958
     4.025333333333364	-0.05880652265547155
     4.025666666666698	-0.05882012211894305
     4.026000000000032	-0.05883270904285981
     4.026333333333366	-0.05884436853016323
     4.026666666666699	-0.05885512676021229
     4.027000000000033	-0.05886496572185967
     4.027333333333367	-0.05887386931820434
       4.0276666666667	-0.0588818839483844
     4.028000000000034	-0.05888901342363328
     4.028333333333368	-0.05889532918577193
     4.028666666666702	-0.05890086624598034
     4.029000000000035	-0.0589057038214996
     4.029333333333369	-0.05890983561283665
     4.029666666666703	-0.05891324919137185
     4.030000000000037	-0.05891597283369211
      4.03033333333337	-0.05891804499750405
     4.030666666666704	-0.05891951964188307
     4.031000000000038	-0.05892038999100951
     4.031333333333372	-0.05892117661809976
     4.031666666666705	-0.05892105804328625
     4.032000000000039	-0.05892074808107579
     4.032333333333373	-0.05892000078103649
     4.032666666666707	-0.05891893719081782
      4.03300000000004	-0.05891748858718505
     4.033333333333374	-0.05891573506402353
     4.033666666666708	-0.05891382306415566
     4.034000000000042	-0.05891175332680858
     4.034333333333375	-0.05890948744523754
     4.034666666666709	-0.05890707612863214
     4.035000000000043	-0.05890461691456864
     4.035333333333377	-0.05890212764011404
      4.03566666666671	-0.05889956893478331
     4.036000000000044	-0.0589014825057146
     4.036333333333378	-0.05890265566479327
     4.036666666666711	-0.05889993965009162
     4.037000000000045	-0.05889463864373381
     4.037333333333379	-0.05889031858582269
     4.037666666666713	-0.05888400910625835
     4.038000000000046	-0.05888205039874213
      4.03833333333338	-0.05888210862905636
     4.038666666666714	-0.05888240083385034
     4.039000000000048	-0.05888085368098134
     4.039333333333381	-0.05887687526600786
     4.039666666666715	-0.05887372686826521
     4.040000000000049	-0.05887255070709728
     4.040333333333383	-0.05887302847811987
     4.040666666666716	-0.05887375950962534
      4.04100000000005	-0.05887282426369323
     4.041333333333384	-0.05887259888438562
     4.041666666666718	-0.05887220764953405
     4.042000000000051	-0.05887199665189223
     4.042333333333385	-0.05887217459242017
     4.042666666666719	-0.05887274847085228
     4.043000000000053	-0.05887362286168289
     4.043333333333386	-0.05887463356776214
      4.04366666666672	-0.05887565308738443
     4.044000000000054	-0.05887666111461237
     4.044333333333388	-0.05887780250650236
     4.044666666666721	-0.05887920344161643
     4.045000000000055	-0.05888078905276686
     4.045333333333389	-0.05888238074246503
     4.045666666666722	-0.05888394016363248
     4.046000000000056	-0.058886725650013
      4.04633333333339	-0.05888961249596846
     4.046666666666724	-0.05889176842131141
     4.047000000000057	-0.058893255968376
     4.047333333333391	-0.05889445140292566
     4.047666666666725	-0.05889578715931341
     4.048000000000059	-0.05889753140173931
     4.048333333333392	-0.05889946917324006
     4.048666666666726	-0.05890122954991676
      4.04900000000006	-0.05890270327363022
     4.049333333333394	-0.05890400199200598
     4.049666666666727	-0.05890520467798499
     4.050000000000061	-0.05890630065303675
     4.050333333333395	-0.0589072752965553
     4.050666666666729	-0.05890813310538157
     4.051000000000062	-0.05890849701269444
     4.051333333333396	-0.05890882374012134
      4.05166666666673	-0.05890837853188012
     4.052000000000064	-0.05890772212733855
     4.052333333333397	-0.05890760089110177
     4.052666666666731	-0.05890799573447857
     4.053000000000065	-0.05890912627999689
     4.053333333333399	-0.05890989012278681
     4.053666666666732	-0.05890917518173652
     4.054000000000066	-0.05890735403352426
       4.0543333333334	-0.05890587641449047
     4.054666666666733	-0.05890441715506321
     4.055000000000067	-0.05890407783629047
     4.055333333333401	-0.05890280546878066
     4.055666666666735	-0.05890165861914502
     4.056000000000068	-0.05889969504356012
     4.056333333333402	-0.05889747780277985
     4.056666666666736	-0.05889503453501934
      4.05700000000007	-0.05889440137099314
     4.057333333333403	-0.05889214292163507
     4.057666666666737	-0.05888804208306754
     4.058000000000071	-0.05888544339334072
     4.058333333333405	-0.05888330623324285
     4.058666666666738	-0.05887957400958108
     4.059000000000072	-0.05887512646401984
     4.059333333333406	-0.0588719050814837
      4.05966666666674	-0.05886899743439927
     4.060000000000073	-0.05886558209530932
     4.060333333333407	-0.05886150507400863
     4.060666666666741	-0.05885717740686143
     4.061000000000075	-0.05885308956101686
     4.061333333333408	-0.05884912439817426
     4.061666666666742	-0.05884575404563796
     4.062000000000076	-0.05884191925742004
      4.06233333333341	-0.0588374906908493
     4.062666666666743	-0.05883289114895945
     4.063000000000077	-0.05882851612623034
     4.063333333333411	-0.05882442330337689
     4.063666666666744	-0.05882037691932746
     4.064000000000078	-0.05881483057877513
     4.064333333333412	-0.05881209420163678
     4.064666666666746	-0.05880873671404531
     4.065000000000079	-0.05880303449447463
     4.065333333333413	-0.05879926813396784
     4.065666666666747	-0.05879557684822221
     4.066000000000081	-0.05879007327951182
     4.066333333333414	-0.05878825006153961
     4.066666666666748	-0.05878511630026896
     4.067000000000082	-0.05878109509204928
     4.067333333333416	-0.0587766514765932
     4.067666666666749	-0.05877149479883473
     4.068000000000083	-0.05876799884158151
     4.068333333333417	-0.05876390402637634
     4.068666666666751	-0.0587612230513985
     4.069000000000084	-0.05875719249922136
     4.069333333333418	-0.0587542486731893
     4.069666666666752	-0.05875050637490561
     4.070000000000086	-0.05874699293340546
     4.070333333333419	-0.05874307995612124
     4.070666666666753	-0.05873986884366175
     4.071000000000087	-0.05873752254561374
     4.071333333333421	-0.0587349968093673
     4.071666666666754	-0.05873227913502242
     4.072000000000088	-0.05872984474925689
     4.072333333333422	-0.0587267895054806
     4.072666666666755	-0.05872396848411914
     4.073000000000089	-0.0587217275142233
     4.073333333333423	-0.05872020141204781
     4.073666666666757	-0.05871790544148307
      4.07400000000009	-0.0587158218755113
     4.074333333333424	-0.0587135342108962
     4.074666666666758	-0.05871212029410677
     4.075000000000092	-0.05871035965855907
     4.075333333333425	-0.05870864642911443
     4.075666666666759	-0.05870702227818993
     4.076000000000093	-0.05870615272290651
     4.076333333333427	-0.05870476562526607
      4.07666666666676	-0.05870293931077043
     4.077000000000094	-0.0587025304500851
     4.077333333333428	-0.05870144759200565
     4.077666666666762	-0.05869951063060614
     4.078000000000095	-0.05869899252592445
     4.078333333333429	-0.05869835878711748
     4.078666666666763	-0.05869722759440418
     4.079000000000097	-0.05869661965614833
      4.07933333333343	-0.05869590854145692
     4.079666666666764	-0.05869519543552212
     4.080000000000098	-0.05869513578078519
     4.080333333333432	-0.05869462665755784
     4.080666666666765	-0.05869395475143075
     4.081000000000099	-0.05869368990368482
     4.081333333333433	-0.05869352448806502
     4.081666666666766	-0.05869321763838891
       4.0820000000001	-0.05869324500839935
     4.082333333333434	-0.05869284764255795
     4.082666666666768	-0.05869246547370886
     4.083000000000101	-0.05869262699342506
     4.083333333333435	-0.05869257330791972
     4.083666666666769	-0.05869237987742323
     4.084000000000103	-0.05869295035180097
     4.084333333333436	-0.05869267095071403
      4.08466666666677	-0.05869259664951413
     4.085000000000104	-0.05869278325714725
     4.085333333333438	-0.05869287889356806
     4.085666666666771	-0.05869279434542907
     4.086000000000105	-0.05869269635843988
     4.086333333333439	-0.05869259889283565
     4.086666666666773	-0.05869255864579276
     4.087000000000106	-0.05869260182617422
      4.08733333333344	-0.05869265679508065
     4.087666666666774	-0.05869261678894455
     4.088000000000108	-0.05869247533743859
     4.088333333333441	-0.05869242851976236
     4.088666666666775	-0.0586924097408941
     4.089000000000109	-0.05869230366265289
     4.089333333333443	-0.05869229855554566
     4.089666666666776	-0.05869225780041212
      4.09000000000011	-0.05869204407314599
     4.090333333333444	-0.05869198009103327
     4.090666666666777	-0.05869194157974923
     4.091000000000111	-0.058691715898453
     4.091333333333445	-0.05869165434318574
     4.091666666666779	-0.05869159406232134
     4.092000000000112	-0.05869131034376328
     4.092333333333446	-0.05869115904174715
      4.09266666666678	-0.05869116519963039
     4.093000000000114	-0.0586908999169537
     4.093333333333447	-0.05869076897266979
     4.093666666666781	-0.05869064320518468
     4.094000000000115	-0.05869030966664218
     4.094333333333449	-0.05869020420276386
     4.094666666666782	-0.05869012348672697
     4.095000000000116	-0.05868981197313305
      4.09533333333345	-0.0586896489741655
     4.095666666666784	-0.0586895443083098
     4.096000000000117	-0.05868929036394925
     4.096333333333451	-0.05868913571429107
     4.096666666666785	-0.05868900735768463
     4.097000000000119	-0.05868873093553682
     4.097333333333452	-0.058688569693727
     4.097666666666786	-0.05868846462839462
      4.09800000000012	-0.058688239001062
     4.098333333333454	-0.05868809725631349
     4.098666666666787	-0.05868799002325174
     4.099000000000121	-0.05868776604143716
     4.099333333333455	-0.05868764345514524
     4.099666666666788	-0.05868756428828979
     4.100000000000122	-0.058687371756092
     4.100333333333456	-0.05868727643551898
      4.10066666666679	-0.05868721359374003
     4.101000000000123	-0.05868709054574264
     4.101333333333457	-0.05868694283843054
     4.101666666666791	-0.05868691287194588
     4.102000000000125	-0.05868688696297776
     4.102333333333458	-0.0586868010623561
     4.102666666666792	-0.05868669932070301
     4.103000000000126	-0.05868671468649895
      4.10333333333346	-0.0586867282162009
     4.103666666666793	-0.05868668834391683
     4.104000000000127	-0.05868665748546668
     4.104333333333461	-0.05868667067723424
     4.104666666666795	-0.0586867112139112
     4.105000000000128	-0.05868675558900555
     4.105333333333462	-0.05868680463913711
     4.105666666666796	-0.05868684479254811
      4.10600000000013	-0.05868693484918094
     4.106333333333463	-0.05868702499573469
     4.106666666666797	-0.05868711524276084
     4.107000000000131	-0.05868721676000271
     4.107333333333465	-0.05868733493096392
     4.107666666666798	-0.0586874677725748
     4.108000000000132	-0.05868759912307359
     4.108333333333466	-0.0586877669103745
     4.108666666666799	-0.0586879140342407
     4.109000000000133	-0.05868808564203905
     4.109333333333467	-0.05868828627903102
     4.109666666666801	-0.0586884588815412
     4.110000000000134	-0.05868864852686179
     4.110333333333468	-0.05868887278022657
     4.110666666666802	-0.05868907397629904
     4.111000000000136	-0.0586893044105346
     4.111333333333469	-0.05868951713410418
     4.111666666666803	-0.05868976332076477
     4.112000000000137	-0.05868999443336664
     4.112333333333471	-0.05869025201122633
     4.112666666666804	-0.05869049341018287
     4.113000000000138	-0.05869074740636696
     4.113333333333472	-0.05869101912767413
     4.113666666666806	-0.0586912774018909
     4.114000000000139	-0.05869154111946078
     4.114333333333473	-0.05869181544345055
     4.114666666666807	-0.05869208475338364
     4.115000000000141	-0.05869236164626512
     4.115333333333474	-0.05869263613229878
     4.115666666666808	-0.05869291599827466
     4.116000000000142	-0.05869319276126161
     4.116333333333476	-0.05869347418503223
     4.116666666666809	-0.05869375184396905
     4.117000000000143	-0.05869403337288975
     4.117333333333477	-0.05869431015146524
      4.11766666666681	-0.0586945913433669
     4.118000000000144	-0.0586948661675542
     4.118333333333478	-0.05869514580889161
     4.118666666666812	-0.05869541961184484
     4.119000000000145	-0.05869568765137477
     4.119333333333479	-0.05869596451147429
     4.119666666666813	-0.05869623492559025
     4.120000000000147	-0.05869649860745463
      4.12033333333348	-0.05869676071607643
     4.120666666666814	-0.0586970226773151
     4.121000000000148	-0.05869728315001659
     4.121333333333482	-0.05869753988428127
     4.121666666666815	-0.05869779259137992
     4.122000000000149	-0.05869804135917156
     4.122333333333483	-0.05869828735418477
     4.122666666666817	-0.05869853063048956
      4.12300000000015	-0.05869877094276585
     4.123333333333484	-0.05869900778337468
     4.123666666666818	-0.05869924092892928
     4.124000000000152	-0.05869947038989267
     4.124333333333485	-0.05869969670982451
     4.124666666666819	-0.0586999198529241
     4.125000000000153	-0.0587001394526882
     4.125333333333487	-0.05870035553124422
      4.12566666666682	-0.05870056834605929
     4.126000000000154	-0.05870077778150672
     4.126333333333488	-0.0587009839002624
     4.126666666666821	-0.05870118680015803
     4.127000000000155	-0.05870138407820564
     4.127333333333489	-0.05870158498966861
     4.127666666666823	-0.05870177602039522
     4.128000000000156	-0.05870196567499721
      4.12833333333349	-0.05870215418181708
     4.128666666666824	-0.05870234033886134
     4.129000000000158	-0.05870252175394909
     4.129333333333491	-0.05870269951281537
     4.129666666666825	-0.05870287517438451
     4.130000000000159	-0.05870304919754352
     4.130333333333493	-0.05870322077306687
     4.130666666666826	-0.05870338932740446
      4.13100000000016	-0.05870355504266014
     4.131333333333494	-0.05870371833309306
     4.131666666666828	-0.05870387963003713
     4.132000000000161	-0.05870403886797686
     4.132333333333495	-0.05870419587836258
     4.132666666666829	-0.05870435066789945
     4.133000000000163	-0.05870450323235919
     4.133333333333496	-0.05870465373155411
      4.13366666666683	-0.05870480236786941
     4.134000000000164	-0.05870494921968038
     4.134333333333498	-0.05870509439206515
     4.134666666666831	-0.05870523773796946
     4.135000000000165	-0.05870537902124642
     4.135333333333499	-0.05870551852297226
     4.135666666666832	-0.05870565638413746
     4.136000000000166	-0.05870579271503718
       4.1363333333335	-0.05870592745322703
     4.136666666666834	-0.05870606049482596
     4.137000000000167	-0.05870619185864878
     4.137333333333501	-0.05870632171870756
     4.137666666666835	-0.05870645010227913
     4.138000000000169	-0.05870657698606595
     4.138333333333502	-0.05870670221481863
     4.138666666666836	-0.05870682579186545
      4.13900000000017	-0.05870694786731474
     4.139333333333504	-0.05870706856144536
     4.139666666666837	-0.05870718787210271
     4.140000000000171	-0.05870730563447004
     4.140333333333505	-0.05870742185856753
     4.140666666666839	-0.05870753663438429
     4.141000000000172	-0.05870764990802952
     4.141333333333506	-0.05870776165334428
      4.14166666666684	-0.05870787186452602
     4.142000000000174	-0.05870798057366221
     4.142333333333507	-0.05870808773890142
     4.142666666666841	-0.05870819332859377
     4.143000000000175	-0.05870829734025567
     4.143333333333509	-0.05870839983370141
     4.143666666666842	-0.05870850080164579
     4.144000000000176	-0.05870860020764042
      4.14433333333351	-0.05870869747411414
     4.144666666666843	-0.0587087929064158
     4.145000000000177	-0.05870888709599145
     4.145333333333511	-0.05870898004320856
     4.145666666666845	-0.05870907128950237
     4.146000000000178	-0.05870916063672493
     4.146333333333512	-0.05870924835373464
     4.146666666666846	-0.05870933450560923
      4.14700000000018	-0.05870941908704384
     4.147333333333513	-0.05870950187089412
     4.147666666666847	-0.05870958269913366
     4.148000000000181	-0.0587096616447869
     4.148333333333515	-0.05870973893160434
     4.148666666666848	-0.05870981463595935
     4.149000000000182	-0.05870988874128334
     4.149333333333516	-0.05870996110689973
      4.14966666666685	-0.05871003168275589
     4.150000000000183	-0.05871010051596464
     4.150333333333517	-0.05871016764409921
     4.150666666666851	-0.05871023311068821
     4.151000000000185	-0.05871029693046072
     4.151333333333518	-0.05871035910860677
     4.151666666666852	-0.05871041965169406
     4.152000000000186	-0.0587104785876605
      4.15233333333352	-0.05871053588273135
     4.152666666666853	-0.05871059160969381
     4.153000000000187	-0.05871064573780287
     4.153333333333521	-0.05871069833869933
     4.153666666666854	-0.05871074945609032
     4.154000000000188	-0.05871079910023994
     4.154333333333522	-0.05871084727185994
     4.154666666666856	-0.05871089399166009
     4.155000000000189	-0.05871093930375432
     4.155333333333523	-0.05871098324084747
     4.155666666666857	-0.05871102589482414
     4.156000000000191	-0.05871106721724739
     4.156333333333524	-0.05871110722819089
     4.156666666666858	-0.05871114607136615
     4.157000000000192	-0.05871118387007464
     4.157333333333526	-0.05871122055222106
     4.157666666666859	-0.05871125603011227
     4.158000000000193	-0.05871129040803484
     4.158333333333527	-0.05871132368731916
     4.158666666666861	-0.05871135592837719
     4.159000000000194	-0.05871138722982704
     4.159333333333528	-0.05871141763249662
     4.159666666666862	-0.05871144713684402
     4.160000000000196	-0.0587114757918545
     4.160333333333529	-0.05871150363549446
     4.160666666666863	-0.05871153071109262
     4.161000000000197	-0.05871155705656341
     4.161333333333531	-0.05871158271750572
     4.161666666666864	-0.05871160773657329
     4.162000000000198	-0.05871163211398545
     4.162333333333532	-0.05871165584964896
     4.162666666666865	-0.05871167899686122
     4.163000000000199	-0.05871170163156346
     4.163333333333533	-0.0587117237794731
     4.163666666666867	-0.05871175476526174
       4.1640000000002	-0.05871177117235307
     4.164333333333534	-0.05871178380800256
     4.164666666666868	-0.0587118116962238
     4.165000000000202	-0.05871182983655494
     4.165333333333535	-0.05871185382238732
     4.165666666666869	-0.0587118678459264
     4.166000000000203	-0.05871188997796759
     4.166333333333537	-0.05871190419069412
      4.16666666666687	-0.05871192620062476
     4.167000000000204	-0.05871194836038946
     4.167333333333538	-0.05871195800978707
     4.167666666666872	-0.05871197791110385
     4.168000000000205	-0.05871199978978885
     4.168333333333539	-0.05871201658273686
     4.168666666666873	-0.05871203205430932
     4.169000000000207	-0.0587120483852253
      4.16933333333354	-0.05871206481576108
     4.169666666666874	-0.05871208098260839
     4.170000000000208	-0.0587120973781518
     4.170333333333542	-0.0587121190012218
     4.170666666666875	-0.05871213262499156
     4.171000000000209	-0.05871214456147134
     4.171333333333543	-0.05871216412021949
     4.171666666666876	-0.05871217790163754
      4.17200000000021	-0.05871219107685775
     4.172333333333544	-0.05871221134418082
     4.172666666666878	-0.05871222528808097
     4.173000000000211	-0.05871223676355241
     4.173333333333545	-0.05871225703498841
     4.173666666666879	-0.05871227122182205
     4.174000000000213	-0.05871228316358969
     4.174333333333546	-0.05871230224030619
      4.17466666666688	-0.0587123152459118
     4.175000000000214	-0.05871232794397419
     4.175333333333548	-0.05871234738479469
     4.175666666666881	-0.05871236049929282
     4.176000000000215	-0.05871237252944823
     4.176333333333549	-0.05871239102533621
     4.176666666666883	-0.05871240408831595
     4.177000000000216	-0.05871241622229308
      4.17733333333355	-0.05871243432421314
     4.177666666666884	-0.05871244723213887
     4.178000000000218	-0.05871245911493266
     4.178333333333551	-0.05871247649770209
     4.178666666666885	-0.05871248929030926
     4.179000000000219	-0.05871250112970421
     4.179333333333553	-0.0587125177716757
     4.179666666666886	-0.05871253029508176
      4.18000000000022	-0.05871254197711618
     4.180333333333554	-0.05871255441357552
     4.180666666666887	-0.05871256564996388
     4.181000000000221	-0.05871258140960195
     4.181333333333555	-0.05871259714827325
     4.181666666666889	-0.05871261030173455
     4.182000000000222	-0.05871262089367399
     4.182333333333556	-0.05871262866214744
      4.18266666666689	-0.05871263931733704
     4.183000000000224	-0.05871265420418852
     4.183333333333557	-0.05871266875256534
     4.183666666666891	-0.05871268393737396
     4.184000000000225	-0.05871269639070508
     4.184333333333559	-0.05871270184559545
     4.184666666666892	-0.05871270898616261
     4.185000000000226	-0.05871272045659022
      4.18533333333356	-0.05871273517640445
     4.185666666666894	-0.05871274819266639
     4.186000000000227	-0.05871276177218489
     4.186333333333561	-0.05871277295777918
     4.186666666666895	-0.05871277699751775
     4.187000000000229	-0.05871278263610062
     4.187333333333562	-0.05871279308047316
     4.187666666666896	-0.05871280678656413
      4.18800000000023	-0.05871281874465778
     4.188333333333564	-0.05871282741040801
     4.188666666666897	-0.05871283389946878
     4.189000000000231	-0.05871284183837874
     4.189333333333565	-0.05871285678278269
     4.189666666666898	-0.05871286594082199
     4.190000000000232	-0.05871287079465419
     4.190333333333566	-0.05871287738679554
       4.1906666666669	-0.05871288606479259
     4.191000000000233	-0.0587129013280076
     4.191333333333567	-0.05871290983809067
     4.191666666666901	-0.05871291321698499
     4.192000000000235	-0.05871291800679822
     4.192333333333568	-0.05871292713443972
     4.192666666666902	-0.05871294315088797
     4.193000000000236	-0.05871295619183572
      4.19333333333357	-0.05871295726406777
     4.193666666666903	-0.05871295705490385
     4.194000000000237	-0.05871296322351652
     4.194333333333571	-0.05871297481246169
     4.194666666666905	-0.05871299183185924
     4.195000000000238	-0.05871300372995421
     4.195333333333572	-0.05871300262509568
     4.195666666666906	-0.05871300175048034
      4.19600000000024	-0.05871300817163676
     4.196333333333573	-0.05871302528168253
     4.196666666666907	-0.05871304066344685
     4.197000000000241	-0.05871304228496492
     4.197333333333575	-0.0587130407325859
     4.197666666666908	-0.05871304480235531
     4.198000000000242	-0.05871306010523077
     4.198333333333576	-0.05871307569775546
     4.198666666666909	-0.05871307839113134
     4.199000000000243	-0.05871307794397473
     4.199333333333577	-0.05871308180283118
     4.199666666666911	-0.05871309597146659
     4.200000000000244	-0.05871311067692957
     4.200333333333578	-0.05871311389459965
     4.200666666666912	-0.05871311393574769
     4.201000000000246	-0.05871311800192965
     4.201333333333579	-0.0587131317782864
     4.201666666666913	-0.05871314591519897
     4.202000000000247	-0.05871314931976264
     4.202333333333581	-0.05871314982516516
     4.202666666666914	-0.05871315412643625
     4.203000000000248	-0.05871316323854326
     4.203333333333582	-0.05871317813717469
     4.203666666666916	-0.05871318951480087
     4.204000000000249	-0.0587131906928496
     4.204333333333583	-0.05871319118566212
     4.204666666666917	-0.05871319686457825
     4.205000000000251	-0.05871320710000189
     4.205333333333584	-0.05871321778799801
     4.205666666666918	-0.05871322927391154
     4.206000000000252	-0.05871323347031172
     4.206333333333586	-0.05871323602704868
     4.206666666666919	-0.05871324150344166
     4.207000000000253	-0.05871325038767612
     4.207333333333587	-0.05871325976045476
      4.20766666666692	-0.05871326762353921
     4.208000000000254	-0.05871327395027215
     4.208333333333588	-0.0587132799801867
     4.208666666666922	-0.05871328675278874
     4.209000000000255	-0.05871329436160092
     4.209333333333589	-0.05871330210823956
     4.209666666666923	-0.0587133094600258
     4.210000000000257	-0.05871331629850633
      4.21033333333359	-0.05871332316552797
     4.210666666666924	-0.05871333015856816
     4.211000000000258	-0.05871333729467326
     4.211333333333592	-0.0587133444909093
     4.211666666666925	-0.05871335161553525
     4.212000000000259	-0.05871335874165902
     4.212333333333593	-0.05871336572574665
     4.212666666666927	-0.0587133726215453
      4.21300000000026	-0.05871337954196765
     4.213333333333594	-0.05871338653242569
     4.213666666666928	-0.058713393558654
     4.214000000000262	-0.05871340052121343
     4.214333333333595	-0.05871340741670297
     4.214666666666929	-0.05871341424349804
     4.215000000000263	-0.05871342102274825
     4.215333333333596	-0.05871342783951482
      4.21566666666693	-0.05871343468420058
     4.216000000000264	-0.05871344149207336
     4.216333333333598	-0.05871344821631347
     4.216666666666931	-0.05871345486662499
     4.217000000000265	-0.05871346148409244
     4.217333333333599	-0.05871346809599526
     4.217666666666933	-0.05871347469784022
     4.218000000000266	-0.05871348126708533
       4.2183333333336	-0.05871348778509691
     4.218666666666934	-0.05871349424891908
     4.219000000000268	-0.05871350066692213
     4.219333333333601	-0.05871350704841069
     4.219666666666935	-0.05871351339621568
     4.220000000000269	-0.05871351970669225
     4.220333333333603	-0.05871352597425316
     4.220666666666936	-0.05871353219544502
      4.22100000000027	-0.05871353836987548
     4.221333333333604	-0.05871354449871972
     4.221666666666938	-0.05871355058292643
     4.222000000000271	-0.05871355662251865
     4.222333333333605	-0.05871356261686766
     4.222666666666939	-0.05871356856514118
     4.223000000000273	-0.05871357446653998
     4.223333333333606	-0.0587135803203282
      4.22366666666694	-0.05871358612592475
     4.224000000000274	-0.05871359188306496
     4.224333333333607	-0.05871359759192203
     4.224666666666941	-0.05871360325295263
     4.225000000000275	-0.05871360886648759
     4.225333333333609	-0.05871361443235505
     4.225666666666942	-0.05871361994988737
     4.226000000000276	-0.05871362541835348
      4.22633333333361	-0.05871363083746974
     4.226666666666944	-0.05871363620759777
     4.227000000000277	-0.05871364152954014
     4.227333333333611	-0.05871364680386653
     4.227666666666945	-0.05871365203078487
     4.228000000000279	-0.05871365721026379
     4.228333333333612	-0.05871366234205327
     4.228666666666946	-0.05871366742583793
      4.22900000000028	-0.05871367246168178
     4.229333333333614	-0.05871367745021512
     4.229666666666947	-0.05871368239229043
     4.230000000000281	-0.05871368728850995
     4.230333333333615	-0.05871369213906803
     4.230666666666949	-0.05871369694391321
     4.231000000000282	-0.05871370170304479
     4.231333333333616	-0.05871370641671538
      4.23166666666695	-0.05871371108542524
     4.232000000000284	-0.05871371570975963
     4.232333333333617	-0.05871372029024059
     4.232666666666951	-0.05871372482724523
     4.233000000000285	-0.05871372932102513
     4.233333333333618	-0.05871373377180605
     4.233666666666952	-0.05871373817986267
     4.234000000000286	-0.05871374254555684
      4.23433333333362	-0.05871374686932158
     4.234666666666953	-0.0587137511516052
     4.235000000000287	-0.05871375539281611
     4.235333333333621	-0.05871375959332004
     4.235666666666955	-0.05871376375367707
     4.236000000000288	-0.05871376787358604
     4.236333333333622	-0.05871377195338527
     4.236666666666956	-0.05871377599377724
      4.23700000000029	-0.05871377999537111
     4.237333333333623	-0.05871378396528208
     4.237666666666957	-0.05871378787837467
     4.238000000000291	-0.05871379176713469
     4.238333333333625	-0.05871379561656839
     4.238666666666958	-0.05871379942736939
     4.239000000000292	-0.05871380319909372
     4.239333333333626	-0.05871380693573636
      4.23966666666696	-0.05871381063594539
     4.240000000000293	-0.05871381430433206
     4.240333333333627	-0.05871381793174332
     4.240666666666961	-0.05871382151786018
     4.241000000000295	-0.05871382506719043
     4.241333333333628	-0.05871382858445554
     4.241666666666962	-0.05871383207026392
     4.242000000000296	-0.05871383552227374
     4.242333333333629	-0.0587138389370248
     4.242666666666963	-0.05871384231344172
     4.243000000000297	-0.05871384565493364
     4.243333333333631	-0.05871384896460138
     4.243666666666964	-0.05871385224236021
     4.244000000000298	-0.05871385548473464
     4.244333333333632	-0.05871385869362416
     4.244666666666966	-0.05871386186810981
     4.245000000000299	-0.05871386500886009
     4.245333333333633	-0.05871386811779849
     4.245666666666967	-0.05871387119500086
     4.246000000000301	-0.05871387423884261
     4.246333333333634	-0.05871387724958499
     4.246666666666968	-0.05871388022749675
     4.247000000000302	-0.0587138831731794
     4.247333333333636	-0.05871388608741371
     4.247666666666969	-0.05871388897068217
     4.248000000000303	-0.05871389182264109
     4.248333333333637	-0.05871389464296828
     4.248666666666971	-0.0587138974320929
     4.249000000000304	-0.0587139001896896
     4.249333333333638	-0.05871390291725312
     4.249666666666972	-0.05871390561543223
     4.250000000000306	-0.05871390828234554
     4.250333333333639	-0.05871391091745661
     4.250666666666973	-0.05871391352300563
     4.251000000000307	-0.05871391610019262
      4.25133333333364	-0.05871391864860609
     4.251666666666974	-0.05871392116787025
     4.252000000000308	-0.05871392365861324
     4.252333333333642	-0.05871392611888508
     4.252666666666975	-0.05871392855079584
     4.253000000000309	-0.05871393095500744
     4.253333333333643	-0.05871393333242491
     4.253666666666977	-0.05871393568208856
      4.25400000000031	-0.05871393800301043
     4.254333333333644	-0.05871394029633212
     4.254666666666978	-0.05871394256325256
     4.255000000000312	-0.05871394480402698
     4.255333333333645	-0.05871394701827053
     4.255666666666979	-0.05871394920582999
     4.256000000000313	-0.05871395136711713
     4.256333333333647	-0.05871395350275038
      4.25666666666698	-0.05871395561353216
     4.257000000000314	-0.05871395769844678
     4.257333333333648	-0.05871395975804544
     4.257666666666982	-0.05871396179314265
     4.258000000000315	-0.05871396380411787
     4.258333333333649	-0.05871396579092746
     4.258666666666983	-0.0587139677535528
     4.259000000000317	-0.05871396969227592
      4.25933333333365	-0.05871397160755914
     4.259666666666984	-0.05871397349979268
     4.260000000000318	-0.05871397536919629
     4.260333333333651	-0.05871397721591293
     4.260666666666985	-0.05871397904014398
     4.261000000000319	-0.05871398084218033
     4.261333333333653	-0.05871398262233805
     4.261666666666986	-0.05871398438050309
      4.26200000000032	-0.05871398611798568
     4.262333333333654	-0.05871398783450842
     4.262666666666988	-0.05871398952978684
     4.263000000000321	-0.05871399120411587
     4.263333333333655	-0.05871399285812653
     4.263666666666989	-0.05871399449230412
     4.264000000000323	-0.05871399610679383
     4.264333333333656	-0.05871399770160889
      4.26466666666699	-0.05871399927728729
     4.265000000000324	-0.05871400083306824
     4.265333333333658	-0.05871400236983718
     4.265666666666991	-0.05871400388842847
     4.266000000000325	-0.05871400538899376
     4.266333333333659	-0.05871400687131771
     4.266666666666993	-0.05871400833589246
     4.267000000000326	-0.05871400978172398
      4.26733333333366	-0.05871401121045852
     4.267666666666994	-0.05871401262165128
     4.268000000000328	-0.05871401401600889
     4.268333333333661	-0.05871401539442879
     4.268666666666995	-0.05871401675537832
     4.269000000000329	-0.05871401810053857
     4.269333333333662	-0.05871401942854497
     4.269666666666996	-0.05871402073953631
      4.27000000000033	-0.05871402203592587
     4.270333333333664	-0.05871402331707405
     4.270666666666997	-0.05871402458272999
     4.271000000000331	-0.05871402583324914
     4.271333333333665	-0.05871402706780562
     4.271666666666999	-0.05871402828727433
     4.272000000000332	-0.0587140294925448
     4.272333333333666	-0.05871403068426578
        4.272666666667	-0.05871403186099425
     4.273000000000334	-0.05871403302292962
     4.273333333333667	-0.05871403417082884
     4.273666666667001	-0.05871403530581291
     4.274000000000335	-0.0587140364265675
     4.274333333333669	-0.05871403753343259
     4.274666666667002	-0.05871403862706873
     4.275000000000336	-0.05871403970847024
      4.27533333333367	-0.05871404077616587
     4.275666666667004	-0.05871404183045225
     4.276000000000337	-0.05871404287207132
     4.276333333333671	-0.05871404390146726
     4.276666666667005	-0.05871404491936809
     4.277000000000339	-0.05871404592404433
     4.277333333333672	-0.05871404691593298
     4.277666666667006	-0.05871404789598762
      4.27800000000034	-0.05871404886469413
     4.278333333333673	-0.05871404982272451
     4.278666666667007	-0.05871405076816406
     4.279000000000341	-0.05871405170216297
     4.279333333333675	-0.05871405262401289
     4.279666666667008	-0.05871405353485131
     4.280000000000342	-0.05871405443535898
     4.280333333333676	-0.05871405532619774
      4.28066666666701	-0.05871405620511221
     4.281000000000343	-0.05871405707252766
     4.281333333333677	-0.05871405792956183
     4.281666666667011	-0.05871405877694016
     4.282000000000345	-0.05871405961456708
     4.282333333333678	-0.05871406044277874
     4.282666666667012	-0.05871406125958393
     4.283000000000346	-0.05871406206582513
      4.28333333333368	-0.05871406286281268
     4.283666666667013	-0.05871406365098876
     4.284000000000347	-0.05871406443006579
     4.284333333333681	-0.05871406519953959
     4.284666666667015	-0.0587140659593459
     4.285000000000348	-0.05871406670996796
     4.285333333333682	-0.05871406745188067
     4.285666666667016	-0.05871406818516067
      4.28600000000035	-0.05871406890974528
     4.286333333333683	-0.05871406962636084
     4.286666666667017	-0.05871407033345556
     4.287000000000351	-0.05871407103175195
     4.287333333333684	-0.05871407172221864
     4.287666666667018	-0.05871407240517275
     4.288000000000352	-0.05871407308030646
     4.288333333333686	-0.05871407374726979
     4.288666666667019	-0.05871407440615397
     4.289000000000353	-0.0587140750573833
     4.289333333333687	-0.05871407570124805
     4.289666666667021	-0.05871407638132633
     4.290000000000354	-0.05871407698096901
     4.290333333333688	-0.0587140776020546
     4.290666666667022	-0.05871407817830081
     4.291000000000356	-0.05871407880127721
     4.291333333333689	-0.05871407941871348
     4.291666666667023	-0.05871408000010803
     4.292000000000357	-0.0587140805607045
     4.292333333333691	-0.05871408112046852
     4.292666666667024	-0.05871408168577771
     4.293000000000358	-0.05871408225149734
     4.293333333333692	-0.05871408280948934
     4.293666666667026	-0.05871408335555063
     4.294000000000359	-0.05871408389047602
     4.294333333333693	-0.05871408442170332
     4.294666666667027	-0.05871408495370312
     4.295000000000361	-0.05871408548469589
     4.295333333333694	-0.05871408600991717
     4.295666666667028	-0.05871408652660322
     4.296000000000362	-0.05871408703609268
     4.296333333333695	-0.05871408754156043
     4.296666666667029	-0.05871408804456894
     4.297000000000363	-0.05871408854406143
     4.297333333333697	-0.05871408903892609
      4.29766666666703	-0.05871408952625685
     4.298000000000364	-0.05871409000728212
     4.298333333333698	-0.05871409048430171
     4.298666666667032	-0.05871409095821243
     4.299000000000365	-0.05871409142822784
     4.299333333333699	-0.05871409189309247
     4.299666666667033	-0.05871409235243069
     4.300000000000367	-0.05871409280688115
       4.3003333333337	-0.05871409325721774
     4.300666666667034	-0.05871409370356485
     4.301000000000368	-0.05871409414566065
     4.301333333333702	-0.05871409458325345
     4.301666666667035	-0.05871409501725323
     4.302000000000369	-0.05871409544597044
     4.302333333333703	-0.05871409586995975
     4.302666666667037	-0.05871409629016626
      4.30300000000037	-0.05871409670688958
     4.303333333333704	-0.05871409711973569
     4.303666666667038	-0.05871409752828273
     4.304000000000372	-0.05871409793251429
     4.304333333333705	-0.05871409833269956
     4.304666666667039	-0.0587140987290619
     4.305000000000373	-0.05871409912163351
     4.305333333333706	-0.05871409951026228
      4.30566666666704	-0.05871409989495636
     4.306000000000374	-0.05871410027576794
     4.306333333333708	-0.05871410065279226
     4.306666666667041	-0.05871410102685714
     4.307000000000375	-0.05871410139622493
     4.307333333333709	-0.05871410176127571
     4.307666666667043	-0.05871410212287934
     4.308000000000376	-0.05871410248137725
      4.30833333333371	-0.05871410283660036
     4.308666666667044	-0.05871410318811509
     4.309000000000378	-0.05871410353649923
     4.309333333333711	-0.05871410388037778
     4.309666666667045	-0.05871410421954242
     4.310000000000379	-0.0587141045573201
     4.310333333333713	-0.05871410489181701
     4.310666666667046	-0.05871410522241253
      4.31100000000038	-0.05871410554917522
     4.311333333333714	-0.05871410587341942
     4.311666666667048	-0.05871410619380956
     4.312000000000381	-0.05871410651059042
     4.312333333333715	-0.05871410682435423
     4.312666666667049	-0.05871410713532181
     4.313000000000383	-0.05871410744332391
     4.313333333333716	-0.05871410774812772
      4.31366666666705	-0.0587141080496531
     4.314000000000384	-0.05871410834804439
     4.314333333333717	-0.0587141086434718
     4.314666666667051	-0.05871410893596882
     4.315000000000385	-0.05871410922548891
     4.315333333333719	-0.05871410951210141
     4.315666666667052	-0.05871410979661022

     5.000333333333334	-0.05840014280892009
     5.000666666666667	-0.06004101344285795
     5.001000000000001	-0.06124575580490788
     5.001333333333335	-0.0599922726497497
     5.001666666666669	-0.05776547489330914
     5.002000000000002	-0.05717347688634591
     5.002333333333336	-0.05884042592298448
      5.00266666666667	-0.06070457808761986
     5.003000000000004	-0.06070081233394474
     5.003333333333337	-0.05915909511606794
     5.003666666666671	-0.05793428117046873
     5.004000000000005	-0.05821926760318181
     5.004333333333339	-0.05938484419966261
     5.004666666666672	-0.06007503036114365
     5.005000000000006	-0.05973828711249449
      5.00533333333334	-0.05898643483136788
     5.005666666666674	-0.05866707632592724
     5.006000000000007	-0.05897296148770917
     5.006333333333341	-0.05943584219226503
     5.006666666666675	-0.05958130836678133
     5.007000000000009	-0.0593837133152988
     5.007333333333342	-0.05915578657678428
     5.007666666666676	-0.05913381326876518
      5.00800000000001	-0.05928472901464866
     5.008333333333344	-0.05942805048821853
     5.008666666666677	-0.05945106595744446
     5.009000000000011	-0.05939457979450762
     5.009333333333345	-0.05935740842152908
     5.009666666666678	-0.05938481193018217
     5.010000000000012	-0.05945007722336229
     5.010333333333346	-0.05949994981711804
      5.01066666666668	-0.05951577904459873
     5.011000000000013	-0.05952075086794385
     5.011333333333347	-0.05953602930117816
     5.011666666666681	-0.05956729772832549
     5.012000000000015	-0.05960370289494989
     5.012333333333348	-0.05963511533849093
     5.012666666666682	-0.05965945249114895
     5.013000000000016	-0.05968423989147086
      5.01333333333335	-0.0597124707205741
     5.013666666666683	-0.05974249090599545
     5.014000000000017	-0.0597720296049232
     5.014333333333351	-0.05980154929557115
     5.014666666666685	-0.05983115358907703
     5.015000000000018	-0.05986256610383695
     5.015333333333352	-0.05989240105761033
     5.015666666666686	-0.05992259882056456
      5.01600000000002	-0.05995198867002217
     5.016333333333353	-0.05998057023324137
     5.016666666666687	-0.06001112767708045
     5.017000000000021	-0.06004263374907713
     5.017333333333355	-0.06007281037370232
     5.017666666666688	-0.06010102963515521
     5.018000000000022	-0.06012868104476192
     5.018333333333356	-0.06015693375057015
     5.018666666666689	-0.06018570031189621
     5.019000000000023	-0.06021355871985219
     5.019333333333357	-0.0602413468303722
     5.019666666666691	-0.0602676718241491
     5.020000000000024	-0.06029273238916434
     5.020333333333358	-0.06031731075645248
     5.020666666666692	-0.0603418938671913
     5.021000000000026	-0.06036617731192061
     5.021333333333359	-0.06038955361355147
     5.021666666666693	-0.06041161381183808
     5.022000000000027	-0.0604326480970238
     5.022333333333361	-0.0604530255489479
     5.022666666666694	-0.06047278384722003
     5.023000000000028	-0.06049170646940912
     5.023333333333362	-0.06050966712377541
     5.023666666666696	-0.06052669862361267
     5.024000000000029	-0.06054285541116831
     5.024333333333363	-0.06055812883422852
     5.024666666666697	-0.06057251340640162
     5.025000000000031	-0.06058599599139467
     5.025333333333364	-0.0605985566733751
     5.025666666666698	-0.06061027045882744
     5.026000000000032	-0.06062114477523567
     5.026333333333366	-0.06063117558232131
     5.026666666666699	-0.06064039768208276
     5.027000000000033	-0.06064882019403212
     5.027333333333367	-0.06065648309832598
       5.0276666666667	-0.06066330031981076
     5.028000000000034	-0.06066935936824709
     5.028333333333368	-0.06067474370181827
     5.028666666666702	-0.06067950624760834
     5.029000000000035	-0.06068363506445972
     5.029333333333369	-0.06068712135824508
     5.029666666666703	-0.06068999758333158
     5.030000000000037	-0.06069230784876893
      5.03033333333337	-0.06069411930416208
     5.030666666666704	-0.0606954365667258
     5.031000000000038	-0.06069599667623155
     5.031333333333372	-0.06069672813693894
     5.031666666666705	-0.06069692894009377
     5.032000000000039	-0.06069677589573396
     5.032333333333373	-0.06069582453785977
     5.032666666666707	-0.06069485500422778
      5.03300000000004	-0.06069383622863057
     5.033333333333374	-0.06069262147605124
     5.033666666666708	-0.06069118606129133
     5.034000000000042	-0.06068930468835683
     5.034333333333375	-0.06068742125193786
     5.034666666666709	-0.06068558998974054
     5.035000000000043	-0.06068371781460269
     5.035333333333377	-0.06068176360943409
      5.03566666666671	-0.06067973175698464
     5.036000000000044	-0.06068168230477722
     5.036333333333378	-0.06068311509130938
     5.036666666666711	-0.06068103985388554
     5.037000000000045	-0.06067656381723387
     5.037333333333379	-0.06066959911451334
     5.037666666666713	-0.06066448564338706
     5.038000000000046	-0.06066589500940339
      5.03833333333338	-0.06066883698172768
     5.038666666666714	-0.06066895497243789
     5.039000000000048	-0.06066473024802344
     5.039333333333381	-0.06066050902714745
     5.039666666666715	-0.06065943648673255
     5.040000000000049	-0.06066044837925644
     5.040333333333383	-0.06066166603916554
     5.040666666666716	-0.06066108952687851
      5.04100000000005	-0.06066106458835689
     5.041333333333384	-0.06066013566121908
     5.041666666666718	-0.06065980585798295
     5.042000000000051	-0.06066033026703091
     5.042333333333385	-0.06066127340121919
     5.042666666666719	-0.06066211188873848
     5.043000000000053	-0.06066280057929247
     5.043333333333386	-0.06066358149124962
      5.04366666666672	-0.06066457902186915
     5.044000000000054	-0.06066577468132305
     5.044333333333388	-0.06066709853837217
     5.044666666666721	-0.06066846504570167
     5.045000000000055	-0.06066981876253275
     5.045333333333389	-0.06067116794820728
     5.045666666666722	-0.06067261734548392
     5.046000000000056	-0.06067518474140113
      5.04633333333339	-0.06067777565664596
     5.046666666666724	-0.0606796742116858
     5.047000000000057	-0.06068093846143396
     5.047333333333391	-0.06068191044490241
     5.047666666666725	-0.06068299563614975
     5.048000000000059	-0.06068445961073046
     5.048333333333392	-0.06068608216881447
     5.048666666666726	-0.06068752111822898
      5.04900000000006	-0.06068868118872141
     5.049333333333394	-0.06068967368852343
     5.049666666666727	-0.06069057669499955
     5.050000000000061	-0.06069137736718947
     5.050333333333395	-0.06069205580061249
     5.050666666666729	-0.06069267833372443
     5.051000000000062	-0.06069271499358071
     5.051333333333396	-0.06069263518434019
      5.05166666666673	-0.06069214801071056
     5.052000000000064	-0.06069149820836158
     5.052333333333397	-0.06069109518115563
     5.052666666666731	-0.06069105063326778
     5.053000000000065	-0.06069169560338094
     5.053333333333399	-0.06069213313216681
     5.053666666666732	-0.06069126923663473
     5.054000000000066	-0.06068937121553032
       5.0543333333334	-0.06068802696169603
     5.054666666666733	-0.06068666929709916
     5.055000000000067	-0.060685772441218
     5.055333333333401	-0.06068442362930445
     5.055666666666735	-0.06068261307335939
     5.056000000000068	-0.06068054719202217
     5.056333333333402	-0.06067843335852854
     5.056666666666736	-0.0606763410242584
      5.05700000000007	-0.06067513036757585
     5.057333333333403	-0.06067225731542902
     5.057666666666737	-0.06066837860672544
     5.058000000000071	-0.0606652697217111
     5.058333333333405	-0.06066353196016457
     5.058666666666738	-0.06066055912663847
     5.059000000000072	-0.06065652179283795
     5.059333333333406	-0.06065267126651296
      5.05966666666674	-0.06064945124413869
     5.060000000000073	-0.06064639042496002
     5.060333333333407	-0.06064298981729349
     5.060666666666741	-0.06063907260918322
     5.061000000000075	-0.06063501342887436
     5.061333333333408	-0.0606311397996789
     5.061666666666742	-0.06062781288803696
     5.062000000000076	-0.06062432310061055
      5.06233333333341	-0.06062038640790485
     5.062666666666743	-0.06061621221616673
     5.063000000000077	-0.06061209773872515
     5.063333333333411	-0.06060820975651357
     5.063666666666744	-0.06060440260984278
     5.064000000000078	-0.06059928910380021
     5.064333333333412	-0.0605969702988675
     5.064666666666746	-0.06059400092609124
     5.065000000000079	-0.06058869171566555
     5.065333333333413	-0.06058509594769803
     5.065666666666747	-0.06058165227956736
     5.066000000000081	-0.06057832518244795
     5.066333333333414	-0.06057483433175533
     5.066666666666748	-0.06057181474814531
     5.067000000000082	-0.06056703194939119
     5.067333333333416	-0.06056401532029208
     5.067666666666749	-0.06056123106558386
     5.068000000000083	-0.06055676251155934
     5.068333333333417	-0.06055362812111939
     5.068666666666751	-0.06055011017409464
     5.069000000000084	-0.06054712526817244
     5.069333333333418	-0.06054340723908578
     5.069666666666752	-0.06054034338265821
     5.070000000000086	-0.06053783048010909
     5.070333333333419	-0.06053483212492001
     5.070666666666753	-0.06053187700601652
     5.071000000000087	-0.06052947695970581
     5.071333333333421	-0.06052694643361289
     5.071666666666754	-0.06052443332465095
     5.072000000000088	-0.06052241208201815
     5.072333333333422	-0.06051983932351195
     5.072666666666755	-0.06051738269216391
     5.073000000000089	-0.06051532898863154
     5.073333333333423	-0.0605139005747744
     5.073666666666757	-0.06051192587008435
      5.07400000000009	-0.06050982832310909
     5.074333333333424	-0.06050787787896256
     5.074666666666758	-0.06050675788239909
     5.075000000000092	-0.06050514993553107
     5.075333333333425	-0.0605037042103613
     5.075666666666759	-0.06050277205827186
     5.076000000000093	-0.06050119422542131
     5.076333333333427	-0.06049946263169591
      5.07666666666676	-0.06049902765994749
     5.077000000000094	-0.06049809158126238
     5.077333333333428	-0.0604965182452577
     5.077666666666762	-0.06049576269883335
     5.078000000000095	-0.06049494312998893
     5.078333333333429	-0.06049387364967095
     5.078666666666763	-0.06049338630074035
     5.079000000000097	-0.06049270569431204
      5.07933333333343	-0.06049198348674917
     5.079666666666764	-0.06049183470704828
     5.080000000000098	-0.06049120160615425
     5.080333333333432	-0.06049049992015128
     5.080666666666765	-0.06049023644983311
     5.081000000000099	-0.06049007568237904
     5.081333333333433	-0.06048973243028987
     5.081666666666766	-0.06048962981200723
       5.0820000000001	-0.06048916653412333
     5.082333333333434	-0.06048875143752234
     5.082666666666768	-0.06048883952022603
     5.083000000000101	-0.06048873380908176
     5.083333333333435	-0.06048848184149151
     5.083666666666769	-0.06048844747520936
     5.084000000000103	-0.06048872940781141
     5.084333333333436	-0.06048881952052666
      5.08466666666677	-0.06048867410568106
     5.085000000000104	-0.06048840851470859
     5.085333333333438	-0.06048822629632597
     5.085666666666771	-0.06048816523160493
     5.086000000000105	-0.06048808583061172
     5.086333333333439	-0.06048799273461448
     5.086666666666773	-0.06048792841480637
     5.087000000000106	-0.06048788957694983
      5.08733333333344	-0.06048777369813398
     5.087666666666774	-0.06048755562556613
     5.088000000000108	-0.06048736406111553
     5.088333333333441	-0.06048739002164715
     5.088666666666775	-0.06048727292991442
     5.089000000000109	-0.06048717209266682
     5.089333333333443	-0.06048701263022393
     5.089666666666776	-0.06048671752528616
      5.09000000000011	-0.06048660255277535
     5.090333333333444	-0.06048652811820725
     5.090666666666777	-0.06048626562368946
     5.091000000000111	-0.06048613896107811
     5.091333333333445	-0.06048600651903472
     5.091666666666779	-0.06048567237987042
     5.092000000000112	-0.06048548969770229
     5.092333333333446	-0.06048542374828775
      5.09266666666678	-0.06048511191490296
     5.093000000000114	-0.06048493394302221
     5.093333333333447	-0.06048476434344145
     5.093666666666781	-0.06048440027356559
     5.094000000000115	-0.06048424451662161
     5.094333333333449	-0.0604841140452397
     5.094666666666782	-0.06048377115106544
     5.095000000000116	-0.06048356827578055
      5.09533333333345	-0.06048342324274862
     5.095666666666784	-0.06048312907220332
     5.096000000000117	-0.06048293710292268
     5.096333333333451	-0.06048277166669771
     5.096666666666785	-0.06048246697347876
     5.097000000000119	-0.06048227302519617
     5.097333333333452	-0.06048212999540411
     5.097666666666786	-0.06048187339612708
      5.09800000000012	-0.06048169861051311
     5.098333333333454	-0.06048155878990079
     5.098666666666787	-0.06048130845993667
     5.099000000000121	-0.0604811545576726
     5.099333333333455	-0.06048104119444373
     5.099666666666788	-0.06048082149262898
     5.100000000000122	-0.06048069753144526
     5.100333333333456	-0.06048060319116473
      5.10066666666679	-0.06048045534755903
     5.101000000000123	-0.06048026106221595
     5.101333333333457	-0.06048021778044597
     5.101666666666791	-0.06048016970942178
     5.102000000000125	-0.06048005251772821
     5.102333333333458	-0.06047991523276479
     5.102666666666792	-0.06047989401439785
     5.103000000000126	-0.06047988230363085
      5.10333333333346	-0.06047982079740129
     5.103666666666793	-0.06047976037047554
     5.104000000000127	-0.06047973943463315
     5.104333333333461	-0.06047974920950126
     5.104666666666795	-0.06047976526600046
     5.105000000000128	-0.06047978446149293
     5.105333333333462	-0.06047979468893377
     5.105666666666796	-0.06047984777590728
      5.10600000000013	-0.0604799059144327
     5.106333333333463	-0.06047996700173461
     5.106666666666797	-0.06048003819359952
     5.107000000000131	-0.06048012298171067
     5.107333333333465	-0.06048022121140392
     5.107666666666798	-0.06048033080284311
     5.108000000000132	-0.06048045057204517
     5.108333333333466	-0.06048056183810924
     5.108666666666799	-0.06048071339914456
     5.109000000000133	-0.06048086455781892
     5.109333333333467	-0.06048099572899165
     5.109666666666801	-0.06048116577759696
     5.110000000000134	-0.06048134206598514
     5.110333333333468	-0.06048151797116979
     5.110666666666802	-0.060481695988228
     5.111000000000136	-0.06048188224182144
     5.111333333333469	-0.06048207930798401
     5.111666666666803	-0.06048228493744043
     5.112000000000137	-0.060482494836962
     5.112333333333471	-0.06048270632912476
     5.112666666666804	-0.06048292065658534
     5.113000000000138	-0.06048313986694947
     5.113333333333472	-0.06048335862800408
     5.113666666666806	-0.06048359608377083
     5.114000000000139	-0.06048383064506396
     5.114333333333473	-0.06048405991753082
     5.114666666666807	-0.06048428959368943
     5.115000000000141	-0.06048452506106882
     5.115333333333474	-0.06048476579797277
     5.115666666666808	-0.06048500860568414
     5.116000000000142	-0.0604852483407654
     5.116333333333476	-0.0604854844142023
     5.116666666666809	-0.06048572194549345
     5.117000000000143	-0.0604859622961796
     5.117333333333477	-0.06048620370320049
      5.11766666666681	-0.06048644347151189
     5.118000000000144	-0.06048668064292563
     5.118333333333478	-0.06048691582364768
     5.118666666666812	-0.06048714925231562
     5.119000000000145	-0.06048738186349793
     5.119333333333479	-0.06048761369184074
     5.119666666666813	-0.06048784337759681
     5.120000000000147	-0.06048807027652744
      5.12033333333348	-0.06048829430097277
     5.120666666666814	-0.06048851633354692
     5.121000000000148	-0.0604887363956437
     5.121333333333482	-0.06048895399035878
     5.121666666666815	-0.06048916864012742
     5.122000000000149	-0.06048938025245931
     5.122333333333483	-0.06048958902019903
     5.122666666666817	-0.06048979494024149
      5.12300000000015	-0.06048999834973444
     5.123333333333484	-0.06049019897964172
     5.123666666666818	-0.06049039654348119
     5.124000000000152	-0.06049059087854553
     5.124333333333485	-0.06049078245664241
     5.124666666666819	-0.06049097134896286
     5.125000000000153	-0.06049115730004104
     5.125333333333487	-0.06049134042242092
      5.12566666666682	-0.06049152059858388
     5.126000000000154	-0.06049169796695631
     5.126333333333488	-0.0604918726721319
     5.126666666666821	-0.06049204263465886
     5.127000000000155	-0.0604922158503978
     5.127333333333489	-0.06049238056809893
     5.127666666666823	-0.06049254460536976
     5.128000000000156	-0.06049270760448072
      5.12833333333349	-0.06049286856214064
     5.128666666666824	-0.06049302539184531
     5.129000000000158	-0.06049317924506897
     5.129333333333491	-0.06049333158455623
     5.129666666666825	-0.06049348255728222
     5.130000000000159	-0.06049363159572017
     5.130333333333493	-0.06049377817707031
     5.130666666666826	-0.0604939223665077
      5.13100000000016	-0.06049406463821075
     5.131333333333494	-0.060494205334589
     5.131666666666828	-0.06049434437046339
     5.132000000000161	-0.06049448169320178
     5.132333333333495	-0.0604946171234623
     5.132666666666829	-0.06049475073137119
     5.133000000000163	-0.06049488290110082
     5.133333333333496	-0.06049501352817829
      5.13366666666683	-0.06049514280064278
     5.134000000000164	-0.06049527059278051
     5.134333333333498	-0.06049539682410092
     5.134666666666831	-0.06049552160820706
     5.135000000000165	-0.06049564496632421
     5.135333333333499	-0.06049576702648574
     5.135666666666832	-0.06049588781296236
     5.136000000000166	-0.06049600727084758
       5.1363333333335	-0.06049612537800921
     5.136666666666834	-0.06049624220846643
     5.137000000000167	-0.06049635782082657
     5.137333333333501	-0.06049647224795315
     5.137666666666835	-0.06049658532742392
     5.138000000000169	-0.06049669706382494
     5.138333333333502	-0.06049680749258005
     5.138666666666836	-0.0604969167195533
      5.13900000000017	-0.06049702477885632
     5.139333333333504	-0.06049713162254954
     5.139666666666837	-0.06049723717412338
     5.140000000000171	-0.06049734140180274
     5.140333333333505	-0.06049744436472776
     5.140666666666839	-0.06049754608477483
     5.141000000000172	-0.06049764657295979
     5.141333333333506	-0.06049774575158914
      5.14166666666684	-0.06049784354017284
     5.142000000000174	-0.06049793993151459
     5.142333333333507	-0.06049803495959778
     5.142666666666841	-0.06049812863680674
     5.143000000000175	-0.0604982209350394
     5.143333333333509	-0.06049831181500059
     5.143666666666842	-0.06049840130744284
     5.144000000000176	-0.06049848957011116
      5.14433333333351	-0.06049857592344424
     5.144666666666843	-0.06049866030095934
     5.145000000000177	-0.06049874359103938
     5.145333333333511	-0.06049882594598004
     5.145666666666845	-0.06049890674817759
     5.146000000000178	-0.06049898581559719
     5.146333333333512	-0.06049906337122553
     5.146666666666846	-0.06049913953102162
      5.14700000000018	-0.06049921412574105
     5.147333333333513	-0.06049928710153479
     5.147666666666847	-0.06049935829343372
     5.148000000000181	-0.06049942773958319
     5.148333333333515	-0.06049949574035752
     5.148666666666848	-0.0604995623143239
     5.149000000000182	-0.06049962738800163
     5.149333333333516	-0.06049969087314076
      5.14966666666685	-0.06049975268742881
     5.150000000000183	-0.06049981288773607
     5.150333333333517	-0.06049987155939488
     5.150666666666851	-0.06049992875041131
     5.151000000000185	-0.06049998445750902
     5.151333333333518	-0.06050003867869143
     5.151666666666852	-0.06050009133855107
     5.152000000000186	-0.06050014250481193
      5.15233333333352	-0.06050019221771279
     5.152666666666853	-0.06050024048574199
     5.153000000000187	-0.06050028738068243
     5.153333333333521	-0.06050033289263391
     5.153666666666854	-0.06050037699298801
     5.154000000000188	-0.06050041973420896
     5.154333333333522	-0.06050046117705105
     5.154666666666856	-0.0605005013259798
     5.155000000000189	-0.06050054023538888
     5.155333333333523	-0.06050057798682708
     5.155666666666857	-0.060500614471404
     5.156000000000191	-0.0605006497957457
     5.156333333333524	-0.0605006840119432
     5.156666666666858	-0.06050071728123039
     5.157000000000192	-0.06050074954641135
     5.157333333333526	-0.06050078065575567
     5.157666666666859	-0.0605008107059205
     5.158000000000193	-0.06050083978484902
     5.158333333333527	-0.06050086796848906
     5.158666666666861	-0.06050089529581535
     5.159000000000194	-0.06050092175983678
     5.159333333333528	-0.0605009474126002
     5.159666666666862	-0.06050097228152332
     5.160000000000196	-0.06050099643986374
     5.160333333333529	-0.06050101990557056
     5.160666666666863	-0.06050104272438608
     5.161000000000197	-0.06050106491277864
     5.161333333333531	-0.06050108648441772
     5.161666666666864	-0.06050110746376793
     5.162000000000198	-0.06050112788409341
     5.162333333333532	-0.06050114779561374
     5.162666666666865	-0.06050116724650422
     5.163000000000199	-0.06050118625710293
     5.163333333333533	-0.06050120483116356
     5.163666666666867	-0.06050122298322269
       5.1640000000002	-0.06050124074153974
     5.164333333333534	-0.06050125814781183
     5.164666666666868	-0.06050127524050142
     5.165000000000202	-0.06050129920253063
     5.165333333333535	-0.06050131147980814
     5.165666666666869	-0.06050132136900525
     5.166000000000203	-0.06050134387890525
     5.166333333333537	-0.06050135801067191
      5.16666666666687	-0.06050137610689827
     5.167000000000204	-0.06050138653479353
     5.167333333333538	-0.06050140932531305
     5.167666666666872	-0.0605014243498781
     5.168000000000205	-0.06050142931033927
     5.168333333333539	-0.0605014497215494
     5.168666666666873	-0.06050146527556449
     5.169000000000207	-0.06050147610507697
      5.16933333333354	-0.060501487996782
     5.169666666666874	-0.06050150332653727
     5.170000000000208	-0.06050151729270706
     5.170333333333542	-0.06050153483398991
     5.170666666666875	-0.06050154576348926
     5.171000000000209	-0.06050156038027939
     5.171333333333543	-0.06050157047262353
     5.171666666666876	-0.06050158493674142
      5.17200000000021	-0.06050159591777333
     5.172333333333544	-0.06050161133224452
     5.172666666666878	-0.06050162246810035
     5.173000000000211	-0.06050163717401533
     5.173333333333545	-0.06050164753505745
     5.173666666666879	-0.06050166187380561
     5.174000000000213	-0.06050167248138151
     5.174333333333546	-0.06050168712868093
      5.17466666666688	-0.06050169751718
     5.175000000000214	-0.06050171194058707
     5.175333333333548	-0.06050172207827039
     5.175666666666881	-0.06050173629590439
     5.176000000000215	-0.06050174639155204
     5.176333333333549	-0.06050176046525527
     5.176666666666883	-0.06050177050125426
     5.177000000000216	-0.06050178424930156
      5.17733333333355	-0.06050179411713118
     5.177666666666884	-0.06050180753625002
     5.178000000000218	-0.06050181734978935
     5.178333333333551	-0.0605018305065964
     5.178666666666885	-0.06050183776161136
     5.179000000000219	-0.06050185259367623
     5.179333333333553	-0.06050186406599661
     5.179666666666886	-0.06050187374251058
      5.18000000000022	-0.06050188614075485
     5.180333333333554	-0.06050189302083987
     5.180666666666887	-0.06050190156705539
     5.181000000000221	-0.06050191802406015
     5.181333333333555	-0.06050193040382832
     5.181666666666889	-0.06050193889244345
     5.182000000000222	-0.06050194415530161
     5.182333333333556	-0.06050195378269936
      5.18266666666689	-0.06050196363626101
     5.183000000000224	-0.06050197698500411
     5.183333333333557	-0.06050198939589073
     5.183666666666891	-0.06050199572818461
     5.184000000000225	-0.06050200009909387
     5.184333333333559	-0.06050200819638036
     5.184666666666892	-0.06050201966857114
     5.185000000000226	-0.0605020307755785
      5.18533333333356	-0.06050204234784549
     5.185666666666894	-0.06050205150673017
     5.186000000000227	-0.06050205447201461
     5.186333333333561	-0.06050205869274109
     5.186666666666895	-0.06050206697397618
     5.187000000000229	-0.06050207810919381
     5.187333333333562	-0.060502087803588
     5.187666666666896	-0.06050209474617729
      5.18800000000023	-0.06050210008519245
     5.188333333333564	-0.0605021095704162
     5.188666666666897	-0.0605021157253172
     5.189000000000231	-0.06050212077165206
     5.189333333333565	-0.06050212697572991
     5.189666666666898	-0.06050213467478723
     5.190000000000232	-0.06050214631122203
     5.190333333333566	-0.06050215593442596
       5.1906666666669	-0.06050215699563973
     5.191000000000233	-0.06050215769444955
     5.191333333333567	-0.06050216312411944
     5.191666666666901	-0.06050217301930959
     5.192000000000235	-0.06050218644916764
     5.192333333333568	-0.06050219538064974
     5.192666666666902	-0.06050219413863804
     5.193000000000236	-0.0605021933965167
      5.19333333333357	-0.06050219888574877
     5.193666666666903	-0.06050221297180872
     5.194000000000237	-0.06050222535863015
     5.194333333333571	-0.06050222619806092
     5.194666666666905	-0.06050222404487778
     5.195000000000238	-0.06050222710709155
     5.195333333333572	-0.06050223996086788
     5.195666666666906	-0.06050225295205028
      5.19600000000024	-0.06050225907066219
     5.196333333333573	-0.06050225590545997
     5.196666666666907	-0.06050225491037349
     5.197000000000241	-0.06050226097260751
     5.197333333333575	-0.06050227551937031
     5.197666666666908	-0.06050228735224245
     5.198000000000242	-0.06050229138933796
     5.198333333333576	-0.06050228778118331
     5.198666666666909	-0.06050228761022388
     5.199000000000243	-0.06050229432442846
     5.199333333333577	-0.060502308713999
     5.199666666666911	-0.06050231993819054
     5.200000000000244	-0.06050232362728422
     5.200333333333578	-0.06050232044494014
     5.200666666666912	-0.06050232067274108
     5.201000000000246	-0.06050232742332816
     5.201333333333579	-0.06050234133567512
     5.201666666666913	-0.0605023521984597
     5.202000000000247	-0.06050235232412467
     5.202333333333581	-0.06050235101505627
     5.202666666666914	-0.06050235443440685
     5.203000000000248	-0.06050236618556991
     5.203333333333582	-0.06050237774536583
     5.203666666666916	-0.06050238014525713
     5.204000000000249	-0.06050238009714234
     5.204333333333583	-0.0605023831941544
     5.204666666666917	-0.060502390301213
     5.205000000000251	-0.06050240206622729
     5.205333333333584	-0.06050241106978882
     5.205666666666918	-0.06050241208711559
     5.206000000000252	-0.06050241248017046
     5.206333333333586	-0.06050241682889321
     5.206666666666919	-0.06050242472005418
     5.207000000000253	-0.06050243309555209
     5.207333333333587	-0.06050243925350437
      5.20766666666692	-0.06050244353637262
     5.208000000000254	-0.06050244789731778
     5.208333333333588	-0.06050245333877245
     5.208666666666922	-0.06050245960555663
     5.209000000000255	-0.06050246585828094
     5.209333333333589	-0.06050247165442107
     5.209666666666923	-0.0605024769695489
     5.210000000000257	-0.06050248226571174
      5.21033333333359	-0.06050248780622292
     5.210666666666924	-0.0605024935340969
     5.211000000000258	-0.06050249928807809
     5.211333333333592	-0.06050250507136108
     5.211666666666925	-0.06050251066333916
     5.212000000000259	-0.06050251612184041
     5.212333333333593	-0.06050252159196089
     5.212666666666927	-0.06050252715800469
      5.21300000000026	-0.06050253279206574
     5.213333333333594	-0.06050253841714015
     5.213666666666928	-0.06050254397087444
     5.214000000000262	-0.06050254944147428
     5.214333333333595	-0.0605025548504543
     5.214666666666929	-0.06050256032868711
     5.215000000000263	-0.0605025658399516
     5.215333333333596	-0.06050257134451353
      5.21566666666693	-0.06050257680427499
     5.216000000000264	-0.0605025821822622
     5.216333333333598	-0.06050258749713098
     5.216666666666931	-0.06050259281879278
     5.217000000000265	-0.06050259816667842
     5.217333333333599	-0.06050260351028781
     5.217666666666933	-0.0605026088081522
     5.218000000000266	-0.06050261404988104
       5.2183333333336	-0.06050261925167686
     5.218666666666934	-0.06050262443157015
     5.219000000000268	-0.06050262959461061
     5.219333333333601	-0.06050263473474105
     5.219666666666935	-0.0605026398432972
     5.220000000000269	-0.0605026449159745
     5.220333333333603	-0.06050264995279723
     5.220666666666936	-0.06050265495567515
      5.22100000000027	-0.06050265992598604
     5.221333333333604	-0.06050266486362287
     5.221666666666938	-0.06050266976799894
     5.222000000000271	-0.06050267463850066
     5.222333333333605	-0.06050267947442109
     5.222666666666939	-0.0605026842748882
     5.223000000000273	-0.06050268903917005
     5.223333333333606	-0.06050269376699487
      5.22366666666694	-0.06050269845851423
     5.224000000000274	-0.06050270311400885
     5.224333333333607	-0.06050270773355712
     5.224666666666941	-0.0605027123169018
     5.225000000000275	-0.06050271686338347
     5.225333333333609	-0.06050272137240788
     5.225666666666942	-0.06050272584362215
     5.226000000000276	-0.06050273027724706
      5.22633333333361	-0.06050273467400752
     5.226666666666944	-0.06050273903454088
     5.227000000000277	-0.06050274335890785
     5.227333333333611	-0.06050274764663057
     5.227666666666945	-0.06050275189717994
     5.228000000000279	-0.06050275611026514
     5.228333333333612	-0.06050276028620128
     5.228666666666946	-0.06050276442559662
      5.22900000000028	-0.06050276852890219
     5.229333333333614	-0.06050277259634586
     5.229666666666947	-0.06050277662805692
     5.230000000000281	-0.0605027806240985
     5.230333333333615	-0.06050278458447843
     5.230666666666949	-0.06050278850924753
     5.231000000000282	-0.06050279239860019
     5.231333333333616	-0.06050279625288336
      5.23166666666695	-0.06050280007250933
     5.232000000000284	-0.06050280385782319
     5.232333333333617	-0.06050280760903173
     5.232666666666951	-0.06050281132624089
     5.233000000000285	-0.06050281500956676
     5.233333333333618	-0.06050281865921857
     5.233666666666952	-0.0605028222755092
     5.234000000000286	-0.06050282585877665
      5.23433333333362	-0.06050282940932267
     5.234666666666953	-0.06050283292735475
     5.235000000000287	-0.06050283641305002
     5.235333333333621	-0.06050283986656135
     5.235666666666955	-0.0605028432880667
     5.236000000000288	-0.06050284667780725
     5.236333333333622	-0.06050285003625695
     5.236666666666956	-0.06050285336321545
      5.23700000000029	-0.0605028566589638
     5.237333333333623	-0.06050285992401538
     5.237666666666957	-0.0605028631585796
     5.238000000000291	-0.06050286636869242
     5.238333333333625	-0.06050286953338621
     5.238666666666958	-0.06050287268000095
     5.239000000000292	-0.06050287579550452
     5.239333333333626	-0.06050287887930071
      5.23966666666696	-0.0605028819338094
     5.240000000000293	-0.06050288495807621
     5.240333333333627	-0.06050288795729481
     5.240666666666961	-0.06050289092774195
     5.241000000000295	-0.06050289386581632
     5.241333333333628	-0.06050289677036944
     5.241666666666962	-0.0605028996469533
     5.242000000000296	-0.06050290249984952
     5.242333333333629	-0.06050290532802517
     5.242666666666963	-0.06050290812697068
     5.243000000000297	-0.06050291089363384
     5.243333333333631	-0.06050291363056099
     5.243666666666964	-0.06050291634131509
     5.244000000000298	-0.06050291902765882
     5.244333333333632	-0.06050292168740552
     5.244666666666966	-0.0605029243178919
     5.245000000000299	-0.0605029269199608
     5.245333333333633	-0.06050292949496212
     5.245666666666967	-0.06050293204389345
     5.246000000000301	-0.06050293456707101
     5.246333333333634	-0.06050293706311531
     5.246666666666968	-0.06050293953203634
     5.247000000000302	-0.06050294197449838
     5.247333333333636	-0.06050294439129614
     5.247666666666969	-0.06050294678192678
     5.248000000000303	-0.06050294914661547
     5.248333333333637	-0.0605029514856871
     5.248666666666971	-0.060502953800144
     5.249000000000304	-0.06050295608792181
     5.249333333333638	-0.06050295834926085
     5.249666666666972	-0.06050296058721553
     5.250000000000306	-0.06050296280010264
     5.250333333333639	-0.06050296498812137
     5.250666666666973	-0.06050296715156553
     5.251000000000307	-0.0605029692905836
      5.25133333333364	-0.06050297140528782
     5.251666666666974	-0.06050297349641095
     5.252000000000308	-0.06050297556287837
     5.252333333333642	-0.06050297760549683
     5.252666666666975	-0.06050297962509973
     5.253000000000309	-0.06050298162180993
     5.253333333333643	-0.06050298359530922
     5.253666666666977	-0.06050298554618609
      5.25400000000031	-0.06050298747307469
     5.254333333333644	-0.06050298937719208
     5.254666666666978	-0.0605029912597057
     5.255000000000312	-0.06050299312148279
     5.255333333333645	-0.06050299496011601
     5.255666666666979	-0.06050299677609308
     5.256000000000313	-0.06050299857075092
     5.256333333333647	-0.06050300034481203
      5.25666666666698	-0.06050300209807415
     5.257000000000314	-0.06050300383014497
     5.257333333333648	-0.06050300554111301
     5.257666666666982	-0.06050300723149605
     5.258000000000315	-0.06050300890178204
     5.258333333333649	-0.0605030105521758
     5.258666666666983	-0.06050301218270043
     5.259000000000317	-0.06050301379345012
      5.25933333333365	-0.06050301538467105
     5.259666666666984	-0.06050301695667653
     5.260000000000318	-0.06050301850972302
     5.260333333333651	-0.06050302004399122
     5.260666666666985	-0.06050302155965102
     5.261000000000319	-0.06050302305690293
     5.261333333333653	-0.06050302453534964
     5.261666666666986	-0.06050302599679104
      5.26200000000032	-0.06050302744076939
     5.262333333333654	-0.06050302886671953
     5.262666666666988	-0.06050303027484226
     5.263000000000321	-0.060503031665853
     5.263333333333655	-0.0605030330402776
     5.263666666666989	-0.06050303439819495
     5.264000000000323	-0.06050303573950133
     5.264333333333656	-0.06050303706427347
      5.26466666666699	-0.06050303837281731
     5.265000000000324	-0.06050303966548797
     5.265333333333658	-0.06050304094252646
     5.265666666666991	-0.06050304220462999
     5.266000000000325	-0.06050304345043834
     5.266333333333659	-0.06050304468075749
     5.266666666666993	-0.06050304589653618
     5.267000000000326	-0.0605030471002888
      5.26733333333366	-0.06050304828588506
     5.267666666666994	-0.06050304945561295
     5.268000000000328	-0.06050305061312128
     5.268333333333661	-0.06050305175767687
     5.268666666666995	-0.06050305288817098
     5.269000000000329	-0.06050305400446199
     5.269333333333662	-0.0605030551060015
     5.269666666666996	-0.06050305619407544
      5.27000000000033	-0.06050305727016925
     5.270333333333664	-0.0605030583330858
     5.270666666666997	-0.06050305938263238
     5.271000000000331	-0.06050306041969251
     5.271333333333665	-0.06050306144335312
     5.271666666666999	-0.06050306245433209
     5.272000000000332	-0.0605030634539662
     5.272333333333666	-0.0605030644409389
        5.272666666667	-0.06050306541545563
     5.273000000000334	-0.06050306637879083
     5.273333333333667	-0.06050306732973885
     5.273666666667001	-0.0605030682687425
     5.274000000000335	-0.06050306919710927
     5.274333333333669	-0.06050307011424861
     5.274666666667002	-0.06050307101882107
     5.275000000000336	-0.06050307191275508
      5.27533333333367	-0.06050307279531605
     5.275666666667004	-0.06050307366714944
     5.276000000000337	-0.06050307452859081
     5.276333333333671	-0.06050307538038436
     5.276666666667005	-0.06050307622059733
     5.277000000000339	-0.06050307704969239
     5.277333333333672	-0.06050307786874751
     5.277666666667006	-0.06050307867824802
      5.27800000000034	-0.06050307947804191
     5.278333333333673	-0.0605030802677456
     5.278666666667007	-0.06050308104732874
     5.279000000000341	-0.06050308181792645
     5.279333333333675	-0.06050308257815698
     5.279666666667008	-0.06050308332861609
     5.280000000000342	-0.06050308407003727
     5.280333333333676	-0.06050308480265945
      5.28066666666701	-0.0605030855263585
     5.281000000000343	-0.06050308624090384
     5.281333333333677	-0.06050308694639477
     5.281666666667011	-0.06050308764308088
     5.282000000000345	-0.06050308833122901
     5.282333333333678	-0.06050308901091254
     5.282666666667012	-0.06050308968303894
     5.283000000000346	-0.06050309034574849
      5.28333333333368	-0.06050309099964583
     5.283666666667013	-0.06050309164583663
     5.284000000000347	-0.06050309232630708
     5.284333333333681	-0.06050309292791805
     5.284666666667015	-0.06050309354971792
     5.285000000000348	-0.06050309412777959
     5.285333333333682	-0.06050309474960278
     5.285666666667016	-0.06050309536543745
      5.28600000000035	-0.06050309594639594
     5.286333333333683	-0.06050309650519062
     5.286666666667017	-0.06050309706181136
     5.287000000000351	-0.06050309762380974
     5.287333333333684	-0.06050309818670173
     5.287666666667018	-0.0605030987419353
     5.288000000000352	-0.06050309928328546
     5.288333333333686	-0.06050309981334948
     5.288666666667019	-0.06050310033961252
     5.289000000000353	-0.06050310086713648
     5.289333333333687	-0.06050310139193767
     5.289666666667021	-0.06050310190972643
     5.290000000000354	-0.06050310241874256
     5.290333333333688	-0.06050310292084948
     5.290666666667022	-0.06050310341895239
     5.291000000000356	-0.06050310391402368
     5.291333333333689	-0.06050310440564233
     5.291666666667023	-0.06050310489011877
     5.292000000000357	-0.06050310536739562
     5.292333333333691	-0.06050310583925486
     5.292666666667024	-0.06050310630708577
     5.293000000000358	-0.06050310677095481
     5.293333333333692	-0.06050310722996385
     5.293666666667026	-0.06050310768344482
     5.294000000000359	-0.06050310813146285
     5.294333333333693	-0.06050310857542069
     5.294666666667027	-0.06050310901398138
     5.295000000000361	-0.06050310944753853
     5.295333333333694	-0.06050310987683995
     5.295666666667028	-0.06050311030200996
     5.296000000000362	-0.0605031107228651
     5.296333333333695	-0.06050311113995852
     5.296666666667029	-0.06050311155153756
     5.297000000000363	-0.06050311195811705
     5.297333333333697	-0.06050311236071706
      5.29766666666703	-0.06050311275978518
     5.298000000000364	-0.06050311315494711
     5.298333333333698	-0.06050311354574533
     5.298666666667032	-0.06050311393212005
     5.299000000000365	-0.06050311431436318
     5.299333333333699	-0.06050311469356567
     5.299666666667033	-0.06050311506802584
     5.300000000000367	-0.0605031154378581
       5.3003333333337	-0.06050311580393451
     5.300666666667034	-0.06050311616673541
     5.301000000000368	-0.06050311652607975
     5.301333333333702	-0.06050311688147553
     5.301666666667035	-0.06050311723380256
     5.302000000000369	-0.06050311758125408
     5.302333333333703	-0.06050311792436209
     5.302666666667037	-0.06050311826422144
      5.30300000000037	-0.06050311860224148
     5.303333333333704	-0.06050311893600311
     5.303666666667038	-0.06050311926615756
     5.304000000000372	-0.06050311959184699
     5.304333333333705	-0.06050311991409887
     5.304666666667039	-0.06050312023362979
     5.305000000000373	-0.06050312055181457
     5.305333333333706	-0.06050312086510387
      5.30566666666704	-0.06050312117374843
     5.306000000000374	-0.06050312147929146
     5.306333333333708	-0.06050312178274923
     5.306666666667041	-0.0605031220837241
     5.307000000000375	-0.06050312238140382
     5.307333333333709	-0.0605031226755166
     5.307666666667043	-0.06050312296637664
     5.308000000000376	-0.06050312325500116
      5.30833333333371	-0.06050312354013316

     6.000333333333334	-0.06008994732609188
     6.000666666666667	-0.06176316606300226
     6.001000000000001	-0.06306838635274531
     6.001333333333335	-0.0618723677881635
     6.001666666666669	-0.05948447369888283
     6.002000000000002	-0.05886397456080562
     6.002333333333336	-0.06061853378206754
      6.00266666666667	-0.06255340136057058
     6.003000000000004	-0.06254289551178105
     6.003333333333337	-0.0609557524655605
     6.003666666666671	-0.05970897036269295
     6.004000000000005	-0.06000602398118623
     6.004333333333339	-0.06118903889784538
     6.004666666666672	-0.06188145346475481
     6.005000000000006	-0.06153743326125183
      6.00533333333334	-0.06078330891289207
     6.005666666666674	-0.06046832963606451
     6.006000000000007	-0.06077800779865328
     6.006333333333341	-0.06124006975043293
     6.006666666666675	-0.06138181250923987
     6.007000000000009	-0.06118285766568515
     6.007333333333342	-0.06095878576255796
     6.007666666666676	-0.06094082193286276
      6.00800000000001	-0.0610915597469346
     6.008333333333344	-0.06123150737197134
     6.008666666666677	-0.06125164228743912
     6.009000000000011	-0.06119470978648408
     6.009333333333345	-0.06115893641983826
     6.009666666666678	-0.06118712219533935
     6.010000000000012	-0.06125118896057669
     6.010333333333346	-0.06129840040368848
      6.01066666666668	-0.06131159941960051
     6.011000000000013	-0.06131519760685294
     6.011333333333347	-0.06133022494679452
     6.011666666666681	-0.06136057472748133
     6.012000000000015	-0.06139501051750409
     6.012333333333348	-0.06142391592466596
     6.012666666666682	-0.06144605681223718
     6.013000000000016	-0.06146900588082771
      6.01333333333335	-0.06149529268902918
     6.013666666666683	-0.06152338415320419
     6.014000000000017	-0.06155075758261921
     6.014333333333351	-0.06157787962782151
     6.014666666666685	-0.06160499348638163
     6.015000000000018	-0.06163390361275525
     6.015333333333352	-0.06166144083673122
     6.015666666666686	-0.06168920981327865
      6.01600000000002	-0.06171599201665906
     6.016333333333353	-0.06174195538012951
     6.016666666666687	-0.06176985811580121
     6.017000000000021	-0.06179864528819257
     6.017333333333355	-0.06182614760325061
     6.017666666666688	-0.06185167733615956
     6.018000000000022	-0.06187656842147671
     6.018333333333356	-0.06190204338024948
     6.018666666666689	-0.06192807020266219
     6.019000000000023	-0.06195334636522255
     6.019333333333357	-0.06197831453337325
     6.019666666666691	-0.06200187335961761
     6.020000000000024	-0.06202432910419897
     6.020333333333358	-0.06204634217980198
     6.020666666666692	-0.06206831040353564
     6.021000000000026	-0.06208999678770524
     6.021333333333359	-0.06211085883834268
     6.021666666666693	-0.06213057559126812
     6.022000000000027	-0.06214927203912021
     6.022333333333361	-0.06216718983757626
     6.022666666666694	-0.06218468285077339
     6.023000000000028	-0.06220161413373063
     6.023333333333362	-0.06221760505110255
     6.023666666666696	-0.06223258133732547
     6.024000000000029	-0.06224669962329482
     6.024333333333363	-0.06226013869443965
     6.024666666666697	-0.06227287163119041
     6.025000000000031	-0.06228476717798832
     6.025333333333364	-0.06229580717053407
     6.025666666666698	-0.06230602493969652
     6.026000000000032	-0.06231549527291763
     6.026333333333366	-0.06232424089145587
     6.026666666666699	-0.06233234767631837
     6.027000000000033	-0.06233975675240467
     6.027333333333367	-0.06234644052361137
       6.0276666666667	-0.06235233260488574
     6.028000000000034	-0.06235755755910002
     6.028333333333368	-0.06236225434451458
     6.028666666666702	-0.0623664299870492
     6.029000000000035	-0.06237003918113045
     6.029333333333369	-0.06237306251703758
     6.029666666666703	-0.06237554830592219
     6.030000000000037	-0.06237756813926026
      6.03033333333337	-0.06237916218322046
     6.030666666666704	-0.06238034278597627
     6.031000000000038	-0.06238112830108999
     6.031333333333372	-0.06238126273353348
     6.031666666666705	-0.06238151095124465
     6.032000000000039	-0.06238157056682887
     6.032333333333373	-0.06238113006498845
     6.032666666666707	-0.06238051264683418
      6.03300000000004	-0.06237917864626159
     6.033333333333374	-0.06237809501789494
     6.033666666666708	-0.06237701280222088
     6.034000000000042	-0.06237582637207267
     6.034333333333375	-0.06237438220310831
     6.034666666666709	-0.06237276957254913
     6.035000000000043	-0.06237117630439101
     6.035333333333377	-0.06236964056355242
      6.03566666666671	-0.06236809823517497
     6.036000000000044	-0.06237015701586888
     6.036333333333378	-0.06237171505355689
     6.036666666666711	-0.06237006905485426
     6.037000000000045	-0.06236272163678522
     6.037333333333379	-0.06236025575551052
     6.037666666666713	-0.06235974308041754
     6.038000000000046	-0.06235961443738549
      6.03833333333338	-0.06235893873342063
     6.038666666666714	-0.06235765707091886
     6.039000000000048	-0.06235651105877447
     6.039333333333381	-0.06235483154037322
     6.039666666666715	-0.06235421596702081
     6.040000000000049	-0.06235445793997466
     6.040333333333383	-0.06235480679279459
     6.040666666666716	-0.06235422369937187
      6.04100000000005	-0.06235501587760674
     6.041333333333384	-0.06235485005509468
     6.041666666666718	-0.06235488032992814
     6.042000000000051	-0.06235534302838417
     6.042333333333385	-0.06235609995949019
     6.042666666666719	-0.06235694287221306
     6.043000000000053	-0.0623578244008038
     6.043333333333386	-0.06235878989336401
      6.04366666666672	-0.06235983165554643
     6.044000000000054	-0.06236094657272399
     6.044333333333388	-0.06236214787695153
     6.044666666666721	-0.06236341267836605
     6.045000000000055	-0.06236471496448552
     6.045333333333389	-0.06236603699658901
     6.045666666666722	-0.06236737171083865
     6.046000000000056	-0.06236962961046374
      6.04633333333339	-0.06237192134983572
     6.046666666666724	-0.06237361231551337
     6.047000000000057	-0.06237474182972777
     6.047333333333391	-0.06237554835773067
     6.047666666666725	-0.06237640859892639
     6.048000000000059	-0.06237759877735765
     6.048333333333392	-0.06237894959922505
     6.048666666666726	-0.06238015957742286
      6.04900000000006	-0.06238109456357454
     6.049333333333394	-0.06238186288492401
     6.049666666666727	-0.06238252965367742
     6.050000000000061	-0.0623830853834999
     6.050333333333395	-0.06238352248448559
     6.050666666666729	-0.06238390104351833
     6.051000000000062	-0.06238341307529743
     6.051333333333396	-0.06238270227509204
      6.05166666666673	-0.06238213607781182
     6.052000000000064	-0.06238184579500164
     6.052333333333397	-0.06238181825686914
     6.052666666666731	-0.06238222021194872
     6.053000000000065	-0.06238216745249343
     6.053333333333399	-0.06238165223698348
     6.053666666666732	-0.0623800887866405
     6.054000000000066	-0.06237868048485103
       6.0543333333334	-0.06237708678365467
     6.054666666666733	-0.062376216454292
     6.055000000000067	-0.06237499084464618
     6.055333333333401	-0.06237330598584868
     6.055666666666735	-0.06237125425446841
     6.056000000000068	-0.06236924233780367
     6.056333333333402	-0.06236726176314502
     6.056666666666736	-0.06236615536459383
      6.05700000000007	-0.06236349424544062
     6.057333333333403	-0.06235989103904192
     6.057666666666737	-0.06235698017128159
     6.058000000000071	-0.06235520103616735
     6.058333333333405	-0.06235239103794697
     6.058666666666738	-0.06234868391992421
     6.059000000000072	-0.0623451471857806
     6.059333333333406	-0.06234213432953963
      6.05966666666674	-0.06233922586203695
     6.060000000000073	-0.06233601111523
     6.060333333333407	-0.06233236128665857
     6.060666666666741	-0.0623286054997365
     6.061000000000075	-0.06232489574421676
     6.061333333333408	-0.06232192146498956
     6.061666666666742	-0.0623186779548703
     6.062000000000076	-0.06231494780493275
      6.06233333333341	-0.06231100814433917
     6.062666666666743	-0.06230719162420476
     6.063000000000077	-0.06230359697817076
     6.063333333333411	-0.06230008428238688
     6.063666666666744	-0.06229648320964146
     6.064000000000078	-0.06229182607487128
     6.064333333333412	-0.06228940482637604
     6.064666666666746	-0.06228652115833287
     6.065000000000079	-0.06228174124733371
     6.065333333333413	-0.06227865935764891
     6.065666666666747	-0.06227547438663607
     6.066000000000081	-0.06227225980790509
     6.066333333333414	-0.06226890375745728
     6.066666666666748	-0.06226608577757176
     6.067000000000082	-0.06226190640101339
     6.067333333333416	-0.06225915009031523
     6.067666666666749	-0.06225651339277565
     6.068000000000083	-0.06225243680633127
     6.068333333333417	-0.0622495482237263
     6.068666666666751	-0.06224636879372561
     6.069000000000084	-0.06224295873026418
     6.069333333333418	-0.06224090596025754
     6.069666666666752	-0.06223799249576899
     6.070000000000086	-0.06223516213424148
     6.070333333333419	-0.0622323180678428
     6.070666666666753	-0.06222980342454486
     6.071000000000087	-0.06222773586052265
     6.071333333333421	-0.06222535428642199
     6.071666666666754	-0.0622229944022567
     6.072000000000088	-0.06222125144939558
     6.072333333333422	-0.06221899805796727
     6.072666666666755	-0.06221678406774129
     6.073000000000089	-0.0622148645621978
     6.073333333333423	-0.06221353233351216
     6.073666666666757	-0.0622116529130824
      6.07400000000009	-0.06221004509393126
     6.074333333333424	-0.06220819817893808
     6.074666666666758	-0.06220707339853233
     6.075000000000092	-0.06220567588296221
     6.075333333333425	-0.06220421191482728
     6.075666666666759	-0.06220346456473819
     6.076000000000093	-0.06220202922911235
     6.076333333333427	-0.06220058733530438
      6.07666666666676	-0.06220016048622359
     6.077000000000094	-0.06219920993346074
     6.077333333333428	-0.06219777775643947
     6.077666666666762	-0.06219686484203139
     6.078000000000095	-0.0621961145511206
     6.078333333333429	-0.06219552193033966
     6.078666666666763	-0.06219531756015371
     6.079000000000097	-0.06219427682723937
      6.07933333333343	-0.06219326352684436
     6.079666666666764	-0.06219297904649039
     6.080000000000098	-0.06219283876131854
     6.080333333333432	-0.06219242018845087
     6.080666666666765	-0.06219218287655465
     6.081000000000099	-0.06219157515407148
     6.081333333333433	-0.06219104126334368
     6.081666666666766	-0.0621910334168842
       6.0820000000001	-0.06219079948130846
     6.082333333333434	-0.06219044239789737
     6.082666666666768	-0.06219035955525777
     6.083000000000101	-0.06219012631578908
     6.083333333333435	-0.06218986020200917
     6.083666666666769	-0.06219015821391409
     6.084000000000103	-0.06219032191635586
     6.084333333333436	-0.06219002502919184
      6.08466666666677	-0.06218970141867101
     6.085000000000104	-0.06218941131334703
     6.085333333333438	-0.06218923946300585
     6.085666666666771	-0.06218920485787311
     6.086000000000105	-0.06218913612000576
     6.086333333333439	-0.06218898225897784
     6.086666666666773	-0.06218877675213256
     6.087000000000106	-0.06218862055413678
      6.08733333333344	-0.06218844970234991
     6.087666666666774	-0.06218822052253101
     6.088000000000108	-0.0621880350028577
     6.088333333333441	-0.06218799958141635
     6.088666666666775	-0.06218777867208652
     6.089000000000109	-0.06218759560316385
     6.089333333333443	-0.06218739110798794
     6.089666666666776	-0.06218705842863249
      6.09000000000011	-0.06218691288002316
     6.090333333333444	-0.06218679143115059
     6.090666666666777	-0.06218646272323855
     6.091000000000111	-0.06218628156075003
     6.091333333333445	-0.06218610276765518
     6.091666666666779	-0.06218573799306556
     6.092000000000112	-0.06218551539985629
     6.092333333333446	-0.06218539611692506
      6.09266666666678	-0.06218504408925943
     6.093000000000114	-0.06218482702272429
     6.093333333333447	-0.06218462052046724
     6.093666666666781	-0.06218423008981259
     6.094000000000115	-0.0621840395474396
     6.094333333333449	-0.06218383619748367
     6.094666666666782	-0.06218351848114544
     6.095000000000116	-0.0621833021691572
      6.09533333333345	-0.06218310803631415
     6.095666666666784	-0.06218276255993532
     6.096000000000117	-0.06218253466785835
     6.096333333333451	-0.06218235542818642
     6.096666666666785	-0.06218204949602867
     6.097000000000119	-0.06218183526259469
     6.097333333333452	-0.0621816605530887
     6.097666666666786	-0.0621813790874867
      6.09800000000012	-0.06218118322315441
     6.098333333333454	-0.06218102592675487
     6.098666666666787	-0.06218076559098418
     6.099000000000121	-0.06218059488737803
     6.099333333333455	-0.06218045847653789
     6.099666666666788	-0.06218026692622115
     6.100000000000122	-0.06218004360106526
     6.100333333333456	-0.06217993224987437
      6.10066666666679	-0.06217983327696103
     6.101000000000123	-0.06217968092501684
     6.101333333333457	-0.06217949765283468
     6.101666666666791	-0.06217942870964791
     6.102000000000125	-0.06217935129202862
     6.102333333333458	-0.06217926460617939
     6.102666666666792	-0.0621791650782445
     6.103000000000126	-0.06217908498217643
      6.10333333333346	-0.06217903019490423
     6.103666666666793	-0.06217899324577714
     6.104000000000127	-0.06217896789075002
     6.104333333333461	-0.06217895233947109
     6.104666666666795	-0.0621789432863572
     6.105000000000128	-0.06217893664514129
     6.105333333333462	-0.06217894193374139
     6.105666666666796	-0.06217896784471935
      6.10600000000013	-0.06217901046455793
     6.106333333333463	-0.06217906219201853
     6.106666666666797	-0.06217911898740739
     6.107000000000131	-0.06217918311110648
     6.107333333333465	-0.06217925771378249
     6.107666666666798	-0.06217934419936176
     6.108000000000132	-0.06217944234951697
     6.108333333333466	-0.06217954860996429
     6.108666666666799	-0.06217966171635231
     6.109000000000133	-0.06217978199029739
     6.109333333333467	-0.06217991044507088
     6.109666666666801	-0.06218004737741985
     6.110000000000134	-0.06218019231865744
     6.110333333333468	-0.06218034371503195
     6.110666666666802	-0.0621805013676365
     6.111000000000136	-0.06218066521146265
     6.111333333333469	-0.06218083431926592
     6.111666666666803	-0.0621810080535753
     6.112000000000137	-0.06218118634389369
     6.112333333333471	-0.06218136923383467
     6.112666666666804	-0.06218155632661191
     6.113000000000138	-0.06218174684271375
     6.113333333333472	-0.06218194012598877
     6.113666666666806	-0.06218213590960259
     6.114000000000139	-0.06218233438516896
     6.114333333333473	-0.06218253533658676
     6.114666666666807	-0.0621827380876499
     6.115000000000141	-0.062182941752944
     6.115333333333474	-0.06218314623318701
     6.115666666666808	-0.06218335140793787
     6.116000000000142	-0.06218355755708257
     6.116333333333476	-0.06218376420896669
     6.116666666666809	-0.06218397067515085
     6.117000000000143	-0.06218417646136658
     6.117333333333477	-0.0621843814505101
      6.11766666666681	-0.06218458569073468
     6.118000000000144	-0.0621847891224315
     6.118333333333478	-0.06218499148881944
     6.118666666666812	-0.0621851924589152
     6.119000000000145	-0.0621853917920595
     6.119333333333479	-0.06218558917672727
     6.119666666666813	-0.06218578502575596
     6.120000000000147	-0.06218597919620598
      6.12033333333348	-0.06218617114551183
     6.120666666666814	-0.0621863611096652
     6.121000000000148	-0.06218654886877293
     6.121333333333482	-0.06218673421512595
     6.121666666666815	-0.06218691708571302
     6.122000000000149	-0.06218709754642582
     6.122333333333483	-0.06218727565995035
     6.122666666666817	-0.06218745139900377
      6.12300000000015	-0.0621876246809985
     6.123333333333484	-0.06218779545145869
     6.123666666666818	-0.0621879635900001
     6.124000000000152	-0.06218812944407522
     6.124333333333485	-0.06218829296859123
     6.124666666666819	-0.06218845391286421
     6.125000000000153	-0.06218861247023227
     6.125333333333487	-0.06218876867232602
      6.12566666666682	-0.06218892243198963
     6.126000000000154	-0.06218907388519463
     6.126333333333488	-0.06218922307273981
     6.126666666666821	-0.06218936831401809
     6.127000000000155	-0.06218951697662066
     6.127333333333489	-0.06218965835320617
     6.127666666666823	-0.06218979805110783
     6.128000000000156	-0.06218993791984948
      6.12833333333349	-0.06219007624534859
     6.128666666666824	-0.06219021132590132
     6.129000000000158	-0.06219034383501151
     6.129333333333491	-0.06219047497639209
     6.129666666666825	-0.0621906050235656
     6.130000000000159	-0.06219073368050505
     6.130333333333493	-0.06219086045421855
     6.130666666666826	-0.06219098540582653
      6.13100000000016	-0.06219110877820017
     6.131333333333494	-0.06219123084504841
     6.131666666666828	-0.06219135167184545
     6.132000000000161	-0.06219147110206389
     6.132333333333495	-0.06219158906877189
     6.132666666666829	-0.06219170583259101
     6.133000000000163	-0.06219182121710789
     6.133333333333496	-0.06219193567421365
      6.13366666666683	-0.06219204907024818
     6.134000000000164	-0.06219216108265491
     6.134333333333498	-0.06219227182035697
     6.134666666666831	-0.06219238151114911
     6.135000000000165	-0.06219249022042865
     6.135333333333499	-0.0621925978851024
     6.135666666666832	-0.06219270444070567
     6.136000000000166	-0.06219280989800968
       6.1363333333335	-0.06219291435670057
     6.136666666666834	-0.06219301783514953
     6.137000000000167	-0.0621931203428905
     6.137333333333501	-0.06219322169792952
     6.137666666666835	-0.06219332195140079
     6.138000000000169	-0.06219342111245856
     6.138333333333502	-0.06219351928802597
     6.138666666666836	-0.06219361646664609
      6.13900000000017	-0.0621937125959966
     6.139333333333504	-0.0621938076507286
     6.139666666666837	-0.06219390158009207
     6.140000000000171	-0.06219399442921397
     6.140333333333505	-0.06219408618791498
     6.140666666666839	-0.06219417687442155
     6.141000000000172	-0.06219426642869441
     6.141333333333506	-0.06219435477231725
      6.14166666666684	-0.06219444187035483
     6.142000000000174	-0.06219452776132321
     6.142333333333507	-0.0621946124415313
     6.142666666666841	-0.06219469590814494
     6.143000000000175	-0.0621947781223109
     6.143333333333509	-0.06219485908758057
     6.143666666666842	-0.06219493875304383
     6.144000000000176	-0.06219501730518378
      6.14433333333351	-0.0621950940075279
     6.144666666666843	-0.06219516891746568
     6.145000000000177	-0.06219524300966067
     6.145333333333511	-0.0621953162575616
     6.145666666666845	-0.06219538797526784
     6.146000000000178	-0.06219545812041946
     6.146333333333512	-0.0621955268667996
     6.146666666666846	-0.06219559434182986
      6.14700000000018	-0.06219566035996694
     6.147333333333513	-0.06219572467498785
     6.147666666666847	-0.06219578741901314
     6.148000000000181	-0.06219584874680124
     6.148333333333515	-0.06219590878131128
     6.148666666666848	-0.06219596747832295
     6.149000000000182	-0.06219602471799576
     6.149333333333516	-0.06219608043045137
      6.14966666666685	-0.06219613464238528
     6.150000000000183	-0.06219618746771113
     6.150333333333517	-0.06219623891131847
     6.150666666666851	-0.06219628892522338
     6.151000000000185	-0.06219633753732751
     6.151333333333518	-0.06219638477645313
     6.151666666666852	-0.06219643069181317
     6.152000000000186	-0.06219647525804706
      6.15233333333352	-0.0621965184718363
     6.152666666666853	-0.06219656032964003
     6.153000000000187	-0.06219660090386414
     6.153333333333521	-0.06219664024962124
     6.153666666666854	-0.06219667838735054
     6.154000000000188	-0.06219671531868841
     6.154333333333522	-0.062196751050806
     6.154666666666856	-0.06219678561035366
     6.155000000000189	-0.0621968189994274
     6.155333333333523	-0.0621968512779045
     6.155666666666857	-0.06219688260724208
     6.156000000000191	-0.06219691287993911
     6.156333333333524	-0.06219694226002463
     6.156666666666858	-0.06219697063811807
     6.157000000000192	-0.06219699799189101
     6.157333333333526	-0.06219702438049737
     6.157666666666859	-0.06219704991205509
     6.158000000000193	-0.06219707463302494
     6.158333333333527	-0.06219709853171346
     6.158666666666861	-0.06219712161414933
     6.159000000000194	-0.06219714392778046
     6.159333333333528	-0.06219716557880778
     6.159666666666862	-0.06219718663054739
     6.160000000000196	-0.062197207080858
     6.160333333333529	-0.06219722689273236
     6.160666666666863	-0.06219724607031354
     6.161000000000197	-0.06219726467532864
     6.161333333333531	-0.06219728277781441
     6.161666666666864	-0.0621973004232117
     6.162000000000198	-0.06219731761782283
     6.162333333333532	-0.06219733436159742
     6.162666666666865	-0.06219735067103414
     6.163000000000199	-0.06219736658862021
     6.163333333333533	-0.06219738214545543
     6.163666666666867	-0.0621973973721681
       6.1640000000002	-0.06219741228576089
     6.164333333333534	-0.06219742689694197
     6.164666666666868	-0.06219744122911472
     6.165000000000202	-0.06219745528683161
     6.165333333333535	-0.06219746909825595
     6.165666666666869	-0.06219748268918723
     6.166000000000203	-0.06219749953988772
     6.166333333333537	-0.06219751605337542
      6.16666666666687	-0.06219752359653167
     6.167000000000204	-0.0621975347589999
     6.167333333333538	-0.0621975502493782
     6.167666666666872	-0.06219755919463105
     6.168000000000205	-0.0621975773882097
     6.168333333333539	-0.06219758483651185
     6.168666666666873	-0.06219760057443847
     6.169000000000207	-0.06219760728023891
      6.16933333333354	-0.06219762324109163
     6.169666666666874	-0.06219763374673059
     6.170000000000208	-0.06219764259102482
     6.170333333333542	-0.06219765799481323
     6.170666666666875	-0.06219766686452714
     6.171000000000209	-0.06219767870756674
     6.171333333333543	-0.0621976909279927
     6.171666666666876	-0.0621976948996833
      6.17200000000021	-0.0621977097861253
     6.172333333333544	-0.0621977247138898
     6.172666666666878	-0.06219773106515165
     6.173000000000211	-0.06219774138633767
     6.173333333333545	-0.06219775416002469
     6.173666666666879	-0.0621977613576596
     6.174000000000213	-0.06219777309906662
     6.174333333333546	-0.06219778553984655
      6.17466666666688	-0.06219779264119293
     6.175000000000214	-0.06219780378007302
     6.175333333333548	-0.06219781385739363
     6.175666666666881	-0.06219782264786546
     6.176000000000215	-0.06219783494581539
     6.176333333333549	-0.06219784317959691
     6.176666666666883	-0.06219785407412598
     6.177000000000216	-0.0621978621801838
      6.17733333333355	-0.06219787370380461
     6.177666666666884	-0.06219788000168257
     6.178000000000218	-0.06219789257179396
     6.178333333333551	-0.06219790215824722
     6.178666666666885	-0.06219791216441949
     6.179000000000219	-0.06219791693726764
     6.179333333333553	-0.06219792838398421
     6.179666666666886	-0.06219793771844959
      6.18000000000022	-0.0621979439267669
     6.180333333333554	-0.06219795395068034
     6.180666666666887	-0.06219796389547508
     6.181000000000221	-0.06219797253268072
     6.181333333333555	-0.06219798023136215
     6.181666666666889	-0.06219798750520552
     6.182000000000222	-0.06219799281194985
     6.182333333333556	-0.06219800087524716
      6.18266666666689	-0.06219801218169678
     6.183000000000224	-0.06219802230731267
     6.183333333333557	-0.06219802649156333
     6.183666666666891	-0.06219803015583367
     6.184000000000225	-0.06219803700091387
     6.184333333333559	-0.06219804618800485
     6.184666666666892	-0.06219805470179907
     6.185000000000226	-0.06219806345645682
      6.18533333333356	-0.06219807048694415
     6.185666666666894	-0.06219807270773983
     6.186000000000227	-0.06219807566397954
     6.186333333333561	-0.06219808260087043
     6.186666666666895	-0.06219809163730026
     6.187000000000229	-0.06219809897016562
     6.187333333333562	-0.06219810374129808
     6.187666666666896	-0.06219810739597229
      6.18800000000023	-0.06219811482834069
     6.188333333333564	-0.06219811963182929
     6.188666666666897	-0.06219812344992424
     6.189000000000231	-0.06219812800299117
     6.189333333333565	-0.06219813361244278
     6.189666666666898	-0.06219814258671363
     6.190000000000232	-0.06219815004603804
     6.190333333333566	-0.06219815039477255
       6.1906666666669	-0.0621981501129127
     6.191000000000233	-0.0621981544663328
     6.191333333333567	-0.062198162310118
     6.191666666666901	-0.06219817263598744
     6.192000000000235	-0.06219817921077148
     6.192333333333568	-0.0621981773121167
     6.192666666666902	-0.06219817650157321
     6.193000000000236	-0.06219818073116447
      6.19333333333357	-0.06219819180509609
     6.193666666666903	-0.06219820133541679
     6.194000000000237	-0.06219820477726311
     6.194333333333571	-0.06219820121227011
     6.194666666666905	-0.06219820066166414
     6.195000000000238	-0.06219820596519405
     6.195333333333572	-0.06219821779459489
     6.195666666666906	-0.06219822685944096
      6.19600000000024	-0.06219822927101698
     6.196333333333573	-0.0621982254470846
     6.196666666666907	-0.06219822496683854
     6.197000000000241	-0.06219823393534776
     6.197333333333575	-0.06219824477778338
     6.197666666666908	-0.06219825066982123
     6.198000000000242	-0.06219824811038121
     6.198333333333576	-0.06219824636388176
     6.198666666666909	-0.0621982533648044
     6.199000000000243	-0.06219826352457539
     6.199333333333577	-0.06219827027284498
     6.199666666666911	-0.06219826898896133
     6.200000000000244	-0.06219826757733917
     6.200333333333578	-0.06219827394058971
     6.200666666666912	-0.06219828340037717
     6.201000000000246	-0.06219829007321832
     6.201333333333579	-0.06219828947926746
     6.201666666666913	-0.06219828864505909
     6.202000000000247	-0.06219829190804847
     6.202333333333581	-0.06219830175479998
     6.202666666666914	-0.06219831075148304
     6.203000000000248	-0.06219831473136454
     6.203333333333582	-0.06219831296659399
     6.203666666666916	-0.06219831294495469
     6.204000000000249	-0.06219831761936428
     6.204333333333583	-0.06219832520711083
     6.204666666666917	-0.06219833439627163
     6.205000000000251	-0.0621983399915406
     6.205333333333584	-0.06219833959601631
     6.205666666666918	-0.06219833981622584
     6.206000000000252	-0.06219834381612933
     6.206333333333586	-0.06219835055926607
     6.206666666666919	-0.06219835711996988
     6.207000000000253	-0.06219836158322368
     6.207333333333587	-0.06219836461737813
      6.20766666666692	-0.06219836795788879
     6.208000000000254	-0.06219837233850123
     6.208333333333588	-0.06219837740698667
     6.208666666666922	-0.06219838238711826
     6.209000000000255	-0.06219838689360114
     6.209333333333589	-0.0621983909602692
     6.209666666666923	-0.06219839505150543
     6.210000000000257	-0.06219839943372964
      6.21033333333359	-0.0621984040233356
     6.210666666666924	-0.06219840862401734
     6.211000000000258	-0.06219841312335122
     6.211333333333592	-0.06219841751135363
     6.211666666666925	-0.06219842183680527
     6.212000000000259	-0.0621984261789245
     6.212333333333593	-0.0621984306017079
     6.212666666666927	-0.06219843508970754
      6.21300000000026	-0.06219843957165329
     6.213333333333594	-0.06219844398308826
     6.213666666666928	-0.06219844832527245
     6.214000000000262	-0.06219845262771326
     6.214333333333595	-0.0621984569854693
     6.214666666666929	-0.06219846139625654
     6.215000000000263	-0.06219846580080928
     6.215333333333596	-0.06219847016795655
      6.21566666666693	-0.06219847448137622
     6.216000000000264	-0.06219847874645879
     6.216333333333598	-0.06219848299894302
     6.216666666666931	-0.06219848727682985
     6.217000000000265	-0.06219849156964397
     6.217333333333599	-0.06219849583893509
     6.217666666666933	-0.06219850006143603
     6.218000000000266	-0.06219850424473924
       6.2183333333336	-0.06219850841076174
     6.218666666666934	-0.0621985125717448
     6.219000000000268	-0.06219851672261626
     6.219333333333601	-0.06219852085140519
     6.219666666666935	-0.06219852495056885
     6.220000000000269	-0.06219852902121357
     6.220333333333603	-0.06219853306846186
     6.220666666666936	-0.06219853709512533
      6.22100000000027	-0.06219854109987409
     6.221333333333604	-0.06219854507926113
     6.221666666666938	-0.06219854903190989
     6.222000000000271	-0.06219855295864814
     6.222333333333605	-0.06219855686082271
     6.222666666666939	-0.06219856073801269
     6.223000000000273	-0.06219856458855647
     6.223333333333606	-0.06219856841122517
      6.22366666666694	-0.06219857220615048
     6.224000000000274	-0.06219857597425415
     6.224333333333607	-0.06219857971607215
     6.224666666666941	-0.06219858343117985
     6.225000000000275	-0.06219858711854383
     6.225333333333609	-0.06219859077734211
     6.225666666666942	-0.06219859440750447
     6.226000000000276	-0.06219859800961764
      6.22633333333361	-0.06219860158430178
     6.226666666666944	-0.06219860513195759
     6.227000000000277	-0.06219860865222842
     6.227333333333611	-0.062198612144554
     6.227666666666945	-0.06219861560850633
     6.228000000000279	-0.06219861904395858
     6.228333333333612	-0.0621986224511805
     6.228666666666946	-0.06219862583070916
      6.22900000000028	-0.06219862918301182
     6.229333333333614	-0.06219863250824193
     6.229666666666947	-0.06219863580625239
     6.230000000000281	-0.06219863907680753
     6.230333333333615	-0.06219864231980034
     6.230666666666949	-0.06219864553536022
     6.231000000000282	-0.06219864872379856
     6.231333333333616	-0.06219865188545379
      6.23166666666695	-0.06219865502055409
     6.232000000000284	-0.06219865812918911
     6.232333333333617	-0.06219866121137189
     6.232666666666951	-0.06219866426713913
     6.233000000000285	-0.0621986672966001
     6.233333333333618	-0.06219867029993117
     6.233666666666952	-0.06219867327734666
     6.234000000000286	-0.06219867622904439
      6.23433333333362	-0.06219867915517759
     6.234666666666953	-0.06219868205584806
     6.235000000000287	-0.06219868493112785
     6.235333333333621	-0.06219868778110098
     6.235666666666955	-0.06219869060589506
     6.236000000000288	-0.06219869340566394
     6.236333333333622	-0.06219869618057941
     6.236666666666956	-0.06219869893079881
      6.23700000000029	-0.0621987016564464
     6.237333333333623	-0.06219870435779797
     6.237666666666957	-0.0621987070346014
     6.238000000000291	-0.06219870968695405
     6.238333333333625	-0.06219871231523852
     6.238666666666958	-0.06219871491946136
     6.239000000000292	-0.06219871750448013
     6.239333333333626	-0.06219872005287614
      6.23966666666696	-0.06219872258901599
     6.240000000000293	-0.06219872509808974
     6.240333333333627	-0.06219872758467976
     6.240666666666961	-0.0621987300447471
     6.241000000000295	-0.06219873248497219
     6.241333333333628	-0.06219873490306724
     6.241666666666962	-0.06219873729506391
     6.242000000000296	-0.06219873966065014
     6.242333333333629	-0.06219874200217757
     6.242666666666963	-0.06219874432442784
     6.243000000000297	-0.06219874662701164
     6.243333333333631	-0.0621987489070707
     6.243666666666964	-0.06219875116074898
     6.244000000000298	-0.06219875338955917
     6.244333333333632	-0.06219875559693913
     6.244666666666966	-0.06219875778432083
     6.245000000000299	-0.06219875995040756
     6.245333333333633	-0.06219876209335578
     6.245666666666967	-0.06219876421279322
     6.246000000000301	-0.06219876630978016
     6.246333333333634	-0.06219876838543674
     6.246666666666968	-0.06219877043996697
     6.247000000000302	-0.06219877247288418
     6.247333333333636	-0.06219877448380241
     6.247666666666969	-0.06219877647344854
     6.248000000000303	-0.06219877844080045
     6.248333333333637	-0.06219878038687277
     6.248666666666971	-0.06219878231249811
     6.249000000000304	-0.06219878421760659
     6.249333333333638	-0.0621987861016896
     6.249666666666972	-0.06219878796531526
     6.250000000000306	-0.06219878980696477
     6.250333333333639	-0.06219879162879407
     6.250666666666973	-0.06219879342991391
     6.251000000000307	-0.0621987952111589
      6.25133333333364	-0.06219879697287938
     6.251666666666974	-0.06219879871481455
     6.252000000000308	-0.06219880043668583
     6.252333333333642	-0.06219880213953474
     6.252666666666975	-0.06219880382170653
     6.253000000000309	-0.06219880548439861
     6.253333333333643	-0.06219880713057138
     6.253666666666977	-0.0621988087558444
      6.25400000000031	-0.06219881036203626
     6.254333333333644	-0.06219881194907524
     6.254666666666978	-0.06219881351832486
     6.255000000000312	-0.06219881507004833
     6.255333333333645	-0.0621988166036621
     6.255666666666979	-0.06219881811876825
     6.256000000000313	-0.06219881961568349
     6.256333333333647	-0.06219882109565369
      6.25666666666698	-0.0621988225576444
     6.257000000000314	-0.06219882400214055
     6.257333333333648	-0.06219882542973959
     6.257666666666982	-0.06219882684062544
     6.258000000000315	-0.0621988282346691
     6.258333333333649	-0.06219882961186061
     6.258666666666983	-0.06219883097247102
     6.259000000000317	-0.06219883231631647
      6.25933333333365	-0.06219883364499229
     6.259666666666984	-0.06219883495805015
     6.260000000000318	-0.06219883625486086
     6.260333333333651	-0.06219883753551063
     6.260666666666985	-0.06219883880066064
     6.261000000000319	-0.06219884005087697
     6.261333333333653	-0.06219884128626407
     6.261666666666986	-0.06219884250398303
      6.26200000000032	-0.062198843713344
     6.262333333333654	-0.06219884490274206
     6.262666666666988	-0.06219884607843158
     6.263000000000321	-0.06219884724106448
     6.263333333333655	-0.06219884838971965
     6.263666666666989	-0.06219884952376228
     6.264000000000323	-0.06219885064358265
     6.264333333333656	-0.06219885175237555
      6.26466666666699	-0.06219885284051316
     6.265000000000324	-0.06219885392431502
     6.265333333333658	-0.06219885498786044
     6.265666666666991	-0.06219885604576945
     6.266000000000325	-0.06219885708606339
     6.266333333333659	-0.06219885811130197
     6.266666666666993	-0.06219885912582898
     6.267000000000326	-0.06219886013004538
      6.26733333333366	-0.06219886112181343
     6.267666666666994	-0.06219886210042834
     6.268000000000328	-0.06219886306641904
     6.268333333333661	-0.06219886402111392
     6.268666666666995	-0.06219886496388564
     6.269000000000329	-0.06219886589512053
     6.269333333333662	-0.06219886681572843
     6.269666666666996	-0.06219886772437168
      6.27000000000033	-0.06219886862203334
     6.270333333333664	-0.06219886950793554
     6.270666666666997	-0.06219887038349289
     6.271000000000331	-0.06219887124768223
     6.271333333333665	-0.0621988721017989
     6.271666666666999	-0.06219887294551528
     6.272000000000332	-0.06219887377771877
     6.272333333333666	-0.06219887460020991
        6.272666666667	-0.06219887541203491
     6.273000000000334	-0.06219887621452173
     6.273333333333667	-0.0621988770062918
     6.273666666667001	-0.0621988777878901
     6.274000000000335	-0.06219887855999207
     6.274333333333669	-0.06219887932282651
     6.274666666667002	-0.06219888007619154
     6.275000000000336	-0.06219888082064377
      6.27533333333367	-0.06219888155457183
     6.275666666667004	-0.06219888227869519
     6.276000000000337	-0.06219888299408238
     6.276333333333671	-0.06219888370109013
     6.276666666667005	-0.06219888439940386
     6.277000000000339	-0.06219888508859074
     6.277333333333672	-0.06219888576956885
     6.277666666667006	-0.06219888644077413
      6.27800000000034	-0.06219888710300214
     6.278333333333673	-0.06219888775729992
     6.278666666667007	-0.06219888840395297
     6.279000000000341	-0.06219888908413187
     6.279333333333675	-0.06219888968239922
     6.279666666667008	-0.06219889030318796
     6.280000000000342	-0.06219889088001851
     6.280333333333676	-0.06219889150150097
      6.28066666666701	-0.06219889211388183
     6.281000000000343	-0.06219889269100807
     6.281333333333677	-0.06219889324830522
     6.281666666667011	-0.06219889380222218
     6.282000000000345	-0.06219889435903404
     6.282333333333678	-0.06219889491782079
     6.282666666667012	-0.06219889547030619
     6.283000000000346	-0.06219889600953565
      6.28333333333368	-0.0621988965346585
     6.283666666667013	-0.0621988970540473
     6.284000000000347	-0.06219889757412952
     6.284333333333681	-0.06219889809385895
     6.284666666667015	-0.06219889860837231
     6.285000000000348	-0.06219889911176245
     6.285333333333682	-0.06219889960572612
     6.285666666667016	-0.06219890009517007
      6.28600000000035	-0.06219890058263922
     6.286333333333683	-0.06219890106653416
     6.286666666667017	-0.06219890154463154
     6.287000000000351	-0.06219890201420651
     6.287333333333684	-0.06219890247670372
     6.287666666667018	-0.0621989029346638
     6.288000000000352	-0.06219890338900205
     6.288333333333686	-0.06219890383883993
     6.288666666667019	-0.06219890428355437
     6.289000000000353	-0.06219890472130794
     6.289333333333687	-0.06219890515308768
     6.289666666667021	-0.06219890558043206
     6.290000000000354	-0.06219890600381707
     6.290333333333688	-0.06219890642353678
     6.290666666667022	-0.06219890683712235
     6.291000000000356	-0.06219890724492202
     6.291333333333689	-0.06219890764819006
     6.291666666667023	-0.06219890804763536
     6.292000000000357	-0.06219890844302107
     6.292333333333691	-0.06219890883370609
     6.292666666667024	-0.06219890921950415
     6.293000000000358	-0.06219890960171923
     6.293333333333692	-0.06219890997881328
     6.293666666667026	-0.06219891035095012
     6.294000000000359	-0.06219891071906493
     6.294333333333693	-0.0621989110836185
     6.294666666667027	-0.06219891144539227
     6.295000000000361	-0.06219891180276049
     6.295333333333694	-0.06219891215398662
     6.295666666667028	-0.06219891250233594
     6.296000000000362	-0.06219891284593983
     6.296333333333695	-0.06219891318556152
     6.296666666667029	-0.06219891352192346
     6.297000000000363	-0.06219891385515958
     6.297333333333697	-0.06219891418553495
      6.29766666666703	-0.06219891451113915
     6.298000000000364	-0.06219891483213073
     6.298333333333698	-0.06219891514961538
     6.298666666667032	-0.06219891546416988
     6.299000000000365	-0.06219891577646031
     6.299333333333699	-0.06219891608462004
     6.299666666667033	-0.06219891638856145
     6.300000000000367	-0.06219891668976395
       6.3003333333337	-0.06219891698735343
     6.300666666667034	-0.06219891728146863
     6.301000000000368	-0.06219891757255099
     6.301333333333702	-0.06219891786087586
     6.301666666667035	-0.06219891814627293

     7.000333333333334	-0.06171483406038099
     7.000666666666667	-0.06340103891500243
     7.001000000000001	-0.06477244127797055
     7.001333333333335	-0.06362857548809073
     7.001666666666669	-0.06123451682217371
     7.002000000000002	-0.060564704605428
     7.002333333333336	-0.06227666456392983
      7.00266666666667	-0.06421516886598393
     7.003000000000004	-0.06424293055669734
     7.003333333333337	-0.06268689030156099
     7.003666666666671	-0.06143771800413824
     7.004000000000005	-0.06170869594505735
     7.004333333333339	-0.06287178028516245
     7.004666666666672	-0.06356657671740328
     7.005000000000006	-0.06323918707702829
      7.00533333333334	-0.06249733295402483
     7.005666666666674	-0.06218086913038307
     7.006000000000007	-0.06248141870707224
     7.006333333333341	-0.06293763165936792
     7.006666666666675	-0.0630804697393296
     7.007000000000009	-0.06288531586743978
     7.007333333333342	-0.06266364423515874
     7.007666666666676	-0.06264545559294343
      7.00800000000001	-0.06279390323971409
     7.008333333333344	-0.06293246396815519
     7.008666666666677	-0.06295177842151588
     7.009000000000011	-0.06289416514870441
     7.009333333333345	-0.06285772289317017
     7.009666666666678	-0.06288571653604734
     7.010000000000012	-0.06294936582631022
     7.010333333333346	-0.06299513314840642
      7.01066666666668	-0.06300634519553705
     7.011000000000013	-0.06300804085403387
     7.011333333333347	-0.06302217274300903
     7.011666666666681	-0.06305155758420222
     7.012000000000015	-0.06308471729742296
     7.012333333333348	-0.06311195503628
     7.012666666666682	-0.06313219197883692
     7.013000000000016	-0.06315303381207302
      7.01333333333335	-0.06317737769217624
     7.013666666666683	-0.06320361045304015
     7.014000000000017	-0.06322957836019608
     7.014333333333351	-0.06325497392884631
     7.014666666666685	-0.063280181846268
     7.015000000000018	-0.06330653213435761
     7.015333333333352	-0.06333161166759706
     7.015666666666686	-0.0633571919504234
      7.01600000000002	-0.06338191261992644
     7.016333333333353	-0.06340588889778297
     7.016666666666687	-0.0634316992351434
     7.017000000000021	-0.06345801605356018
     7.017333333333355	-0.06348295675563034
     7.017666666666688	-0.06350618305103713
     7.018000000000022	-0.06352891947379008
     7.018333333333356	-0.06355215910504289
     7.018666666666689	-0.06357586017355425
     7.019000000000023	-0.06359868588449173
     7.019333333333357	-0.0636214559286746
     7.019666666666691	-0.06364282608165429
     7.020000000000024	-0.06366302555562905
     7.020333333333358	-0.06368282337757307
     7.020666666666692	-0.06370268798853806
     7.021000000000026	-0.06372229894578206
     7.021333333333359	-0.06374105874629761
     7.021666666666693	-0.06375872207617393
     7.022000000000027	-0.06377548825469945
     7.022333333333361	-0.06379166667727786
     7.022666666666694	-0.06380719650218797
     7.023000000000028	-0.06382223124022637
     7.023333333333362	-0.06383660275709417
     7.023666666666696	-0.06385006516061351
     7.024000000000029	-0.06386266577306497
     7.024333333333363	-0.06387453930176888
     7.024666666666697	-0.06388580688037174
     7.025000000000031	-0.06389640548533901
     7.025333333333364	-0.06390622645406366
     7.025666666666698	-0.06391529428017194
     7.026000000000032	-0.06392367006856089
     7.026333333333366	-0.06393137641879042
     7.026666666666699	-0.06393854828120489
     7.027000000000033	-0.06394515313777838
     7.027333333333367	-0.06395100638666158
       7.0276666666667	-0.06395618158357677
     7.028000000000034	-0.06396081351042587
     7.028333333333368	-0.06396498849676248
     7.028666666666702	-0.0639686841469001
     7.029000000000035	-0.06397185678293797
     7.029333333333369	-0.06397452690999769
     7.029666666666703	-0.0639767460582736
     7.030000000000037	-0.06397856191540414
      7.03033333333337	-0.06398000022228546
     7.030666666666704	-0.06398107539693622
     7.031000000000038	-0.06398181550806487
     7.031333333333372	-0.06398226462656022
     7.031666666666705	-0.06398221467141348
     7.032000000000039	-0.06398235225399533
     7.032333333333373	-0.06398196320533242
     7.032666666666707	-0.06398140562946787
      7.03300000000004	-0.06398094474473603
     7.033333333333374	-0.06397997007818604
     7.033666666666708	-0.06397880375799732
     7.034000000000042	-0.0639780192545244
     7.034333333333375	-0.06397677521563083
     7.034666666666709	-0.06397555753571516
     7.035000000000043	-0.0639744042583862
     7.035333333333377	-0.06397324874591029
      7.03566666666671	-0.06397204046822502
     7.036000000000044	-0.06397410557809907
     7.036333333333378	-0.06397247878607595
     7.036666666666711	-0.06397171171018481
     7.037000000000045	-0.06396811351358477
     7.037333333333379	-0.06396453210645238
     7.037666666666713	-0.06396442813332345
     7.038000000000046	-0.06396578972562947
      7.03833333333338	-0.0639663850137485
     7.038666666666714	-0.0639648306592865
     7.039000000000048	-0.06396248719930199
     7.039333333333381	-0.06396154795995941
     7.039666666666715	-0.06396197266258978
     7.040000000000049	-0.06396275613962678
     7.040333333333383	-0.06396306672140865
     7.040666666666716	-0.06396348170477761
      7.04100000000005	-0.0639632239766855
     7.041333333333384	-0.06396311859570886
     7.041666666666718	-0.0639636113725207
     7.042000000000051	-0.06396453999629104
     7.042333333333385	-0.06396550103921
     7.042666666666719	-0.06396629875104212
     7.043000000000053	-0.06396708273262811
     7.043333333333386	-0.0639680253010744
      7.04366666666672	-0.06396916039522862
     7.044000000000054	-0.06397039101190252
     7.044333333333388	-0.06397159117708977
     7.044666666666721	-0.06397274610670084
     7.045000000000055	-0.06397392172934128
     7.045333333333389	-0.06397516821852468
     7.045666666666722	-0.06397723020393976
     7.046000000000056	-0.06397933873118979
      7.04633333333339	-0.06398093384848466
     7.046666666666724	-0.06398201757783122
     7.047000000000057	-0.06398277455156148
     7.047333333333391	-0.06398355071541435
     7.047666666666725	-0.06398462239202134
     7.048000000000059	-0.06398587153172026
     7.048333333333392	-0.06398698718202976
     7.048666666666726	-0.06398785170378431
      7.04900000000006	-0.06398854324374892
     7.049333333333394	-0.06398913564735613
     7.049666666666727	-0.06398963456356301
     7.050000000000061	-0.06399003069874684
     7.050333333333395	-0.06399030984220837
     7.050666666666729	-0.0639902203894807
     7.051000000000062	-0.06398996409093767
     7.051333333333396	-0.06398938700129299
      7.05166666666673	-0.06398861313156101
     7.052000000000064	-0.06398799504499782
     7.052333333333397	-0.06398768971033027
     7.052666666666731	-0.06398798705523524
     7.053000000000065	-0.06398806690068019
     7.053333333333399	-0.06398708873383574
     7.053666666666732	-0.06398526249799191
     7.054000000000066	-0.06398385159643123
       7.0543333333334	-0.06398245759899589
     7.054666666666733	-0.06398144932011113
     7.055000000000067	-0.06398005834035497
     7.055333333333401	-0.06397822539823772
     7.055666666666735	-0.06397622648789104
     7.056000000000068	-0.06397424723240644
     7.056333333333402	-0.06397225916062049
     7.056666666666736	-0.06397099332724369
      7.05700000000007	-0.06396831396873252
     7.057333333333403	-0.06396482748077294
     7.057666666666737	-0.06396198545580743
     7.058000000000071	-0.06396034857066221
     7.058333333333405	-0.06395759980201916
     7.058666666666738	-0.063953997224864
     7.059000000000072	-0.06395057145343883
     7.059333333333406	-0.06394766098152467
      7.05966666666674	-0.06394490257051032
     7.060000000000073	-0.06394185287029601
     7.060333333333407	-0.06393838080631324
     7.060666666666741	-0.06393479291018531
     7.061000000000075	-0.06393136316332841
     7.061333333333408	-0.06392842911760917
     7.061666666666742	-0.063925332013298
     7.062000000000076	-0.06392185251651152
      7.06233333333341	-0.06391819013008028
     7.062666666666743	-0.06391460579239397
     7.063000000000077	-0.06391121286708228
     7.063333333333411	-0.06390788660607029
     7.063666666666744	-0.06390459355250025
     7.064000000000078	-0.06390038190969231
     7.064333333333412	-0.06389788370129536
     7.064666666666746	-0.06389506272798838
     7.065000000000079	-0.06389059807415258
     7.065333333333413	-0.06388800209319985
     7.065666666666747	-0.06388521445022026
     7.066000000000081	-0.06388212784056269
     7.066333333333414	-0.06387939648895112
     7.066666666666748	-0.06387602950101191
     7.067000000000082	-0.06387299211403938
     7.067333333333416	-0.06386921174468918
     7.067666666666749	-0.06386663381603237
     7.068000000000083	-0.06386338258986213
     7.068333333333417	-0.06386116855026186
     7.068666666666751	-0.06385836595785167
     7.069000000000084	-0.06385590404901384
     7.069333333333418	-0.06385286923350067
     7.069666666666752	-0.06384999870440201
     7.070000000000086	-0.06384763682613377
     7.070333333333419	-0.06384521167771537
     7.070666666666753	-0.06384298418361098
     7.071000000000087	-0.06384122834813849
     7.071333333333421	-0.06383907524190253
     7.071666666666754	-0.06383684318051261
     7.072000000000088	-0.06383512628781372
     7.072333333333422	-0.06383301856944178
     7.072666666666755	-0.06383102524121909
     7.073000000000089	-0.06382979495392531
     7.073333333333423	-0.06382807000247502
     7.073666666666757	-0.0638262643954243
      7.07400000000009	-0.06382513541625841
     7.074333333333424	-0.06382368829060614
     7.074666666666758	-0.06382195837418454
     7.075000000000092	-0.06382103155489675
     7.075333333333425	-0.06381980786618663
     7.075666666666759	-0.06381847772651894
     7.076000000000093	-0.06381786533810481
     7.076333333333427	-0.06381668690180402
      7.07666666666676	-0.06381561306351026
     7.077000000000094	-0.0638148258695433
     7.077333333333428	-0.06381348597639991
     7.077666666666762	-0.06381263801062968
     7.078000000000095	-0.06381269441122284
     7.078333333333429	-0.06381183398221457
     7.078666666666763	-0.0638106537049619
     7.079000000000097	-0.06381004900328649
      7.07933333333343	-0.06380977824519926
     7.079666666666764	-0.06380938958873429
     7.080000000000098	-0.06380906037948536
     7.080333333333432	-0.06380858923612626
     7.080666666666765	-0.06380801313659537
     7.081000000000099	-0.06380784881302047
     7.081333333333433	-0.06380739798030217
     7.081666666666766	-0.06380696290496513
       7.0820000000001	-0.06380689425022103
     7.082333333333434	-0.0638066662005797
     7.082666666666768	-0.0638063373401781
     7.083000000000101	-0.06380619408774565
     7.083333333333435	-0.06380591441978779
     7.083666666666769	-0.06380595095462023
     7.084000000000103	-0.0638061677479093
     7.084333333333436	-0.06380585229555913
      7.08466666666677	-0.06380547606532463
     7.085000000000104	-0.06380522716275983
     7.085333333333438	-0.06380501959270453
     7.085666666666771	-0.06380482529259492
     7.086000000000105	-0.06380465929167735
     7.086333333333439	-0.06380451675081769
     7.086666666666773	-0.06380433621746739
     7.087000000000106	-0.06380405995232383
      7.08733333333344	-0.06380384468319486
     7.087666666666774	-0.06380363378651506
     7.088000000000108	-0.06380335190551172
     7.088333333333441	-0.06380319428035679
     7.088666666666775	-0.06380302571358537
     7.089000000000109	-0.06380268645039699
     7.089333333333443	-0.0638024688406568
     7.089666666666776	-0.06380226580320289
      7.09000000000011	-0.06380190264688754
     7.090333333333444	-0.06380170528160496
     7.090666666666777	-0.06380151654192692
     7.091000000000111	-0.06380112576259142
     7.091333333333445	-0.0638008977348809
     7.091666666666779	-0.06380064911837541
     7.092000000000112	-0.06380031144664028
     7.092333333333446	-0.06380010457732714
      7.09266666666678	-0.06379987167562262
     7.093000000000114	-0.06379944441538708
     7.093333333333447	-0.06379919879823867
     7.093666666666781	-0.06379899103622073
     7.094000000000115	-0.06379861165527304
     7.094333333333449	-0.06379835812077896
     7.094666666666782	-0.06379814034751902
     7.095000000000116	-0.06379779977476856
      7.09533333333345	-0.06379755197112379
     7.095666666666784	-0.06379732924338993
     7.096000000000117	-0.06379697476433904
     7.096333333333451	-0.06379673098952475
     7.096666666666785	-0.063796533684419
     7.097000000000119	-0.06379622213391518
     7.097333333333452	-0.063795995131865
     7.097666666666786	-0.06379580558174122
      7.09800000000012	-0.06379557640065128
     7.098333333333454	-0.06379526911247453
     7.098666666666787	-0.06379508483138967
     7.099000000000121	-0.063794931399367
     7.099333333333455	-0.06379472518239607
     7.099666666666788	-0.06379446113565815
     7.100000000000122	-0.06379435830572248
     7.100333333333456	-0.06379423362725123
      7.10066666666679	-0.06379403552426496
     7.101000000000123	-0.06379381978637393
     7.101333333333457	-0.06379373047021301
     7.101666666666791	-0.06379365821438517
     7.102000000000125	-0.06379353372357682
     7.102333333333458	-0.06379339832542642
     7.102666666666792	-0.0637932962284134
     7.103000000000126	-0.06379322430540758
      7.10333333333346	-0.06379316427445922
     7.103666666666793	-0.06379311067509461
     7.104000000000127	-0.06379306660474211
     7.104333333333461	-0.06379303142932521
     7.104666666666795	-0.06379300398207478
     7.105000000000128	-0.06379298836669285
     7.105333333333462	-0.06379298770574487
     7.105666666666796	-0.06379300067238634
      7.10600000000013	-0.06379302312031303
     7.106333333333463	-0.0637930528410206
     7.106666666666797	-0.06379309071751485
     7.107000000000131	-0.06379313916755584
     7.107333333333465	-0.06379319916637831
     7.107666666666798	-0.06379326859973986
     7.108000000000132	-0.06379334587533284
     7.108333333333466	-0.06379343008547061
     7.108666666666799	-0.06379352211997283
     7.109000000000133	-0.06379362294811081
     7.109333333333467	-0.06379373171622517
     7.109666666666801	-0.06379384785310729
     7.110000000000134	-0.0637939702112196
     7.110333333333468	-0.06379409788133329
     7.110666666666802	-0.06379423043470232
     7.111000000000136	-0.06379436829306816
     7.111333333333469	-0.06379451187300375
     7.111666666666803	-0.06379466071774587
     7.112000000000137	-0.06379481390484973
     7.112333333333471	-0.06379497084892459
     7.112666666666804	-0.06379513101430424
     7.113000000000138	-0.06379529436622383
     7.113333333333472	-0.06379546002443182
     7.113666666666806	-0.06379562815055864
     7.114000000000139	-0.06379579888345445
     7.114333333333473	-0.06379597152130266
     7.114666666666807	-0.06379614560148178
     7.115000000000141	-0.0637963207166081
     7.115333333333474	-0.06379649657306732
     7.115666666666808	-0.06379667306114289
     7.116000000000142	-0.0637968499109413
     7.116333333333476	-0.06379702694958973
     7.116666666666809	-0.06379720381049807
     7.117000000000143	-0.06379737997688502
     7.117333333333477	-0.06379755549596648
      7.11766666666681	-0.06379773041876444
     7.118000000000144	-0.06379790459319894
     7.118333333333478	-0.06379807752376052
     7.118666666666812	-0.06379824940306598
     7.119000000000145	-0.06379841997962374
     7.119333333333479	-0.06379858897893555
     7.119666666666813	-0.06379875641805065
     7.120000000000147	-0.06379892181502703
      7.12033333333348	-0.06379908530325344
     7.120666666666814	-0.06379924705961101
     7.121000000000148	-0.06379940722609344
     7.121333333333482	-0.06379956518585304
     7.121666666666815	-0.06379972089040506
     7.122000000000149	-0.06379987452899158
     7.122333333333483	-0.0638000262314455
     7.122666666666817	-0.0638001759324319
      7.12300000000015	-0.06380032349726461
     7.123333333333484	-0.06380046888184052
     7.123666666666818	-0.06380061214431652
     7.124000000000152	-0.06380075335537054
     7.124333333333485	-0.06380089253845846
     7.124666666666819	-0.06380102968751347
     7.125000000000153	-0.06380116481515208
     7.125333333333487	-0.0638012978822325
      7.12566666666682	-0.063801429152122
     7.126000000000154	-0.06380155854905145
     7.126333333333488	-0.06380168601637537
     7.126666666666821	-0.06380180987665081
     7.127000000000155	-0.06380193736248063
     7.127333333333489	-0.06380205833545761
     7.127666666666823	-0.06380217809518099
     7.128000000000156	-0.06380229857289701
      7.12833333333349	-0.06380241710019249
     7.128666666666824	-0.06380253309196683
     7.129000000000158	-0.06380264729667769
     7.129333333333491	-0.06380276050008574
     7.129666666666825	-0.06380287284663601
     7.130000000000159	-0.06380298401885451
     7.130333333333493	-0.06380309372277376
     7.130666666666826	-0.0638032019899976
      7.13100000000016	-0.06380330909015454
     7.131333333333494	-0.06380341523601102
     7.131666666666828	-0.06380352038253669
     7.132000000000161	-0.06380362443895228
     7.132333333333495	-0.0638037274606201
     7.132666666666829	-0.0638038295320188
     7.133000000000163	-0.06380393079123206
     7.133333333333496	-0.06380403109341914
      7.13366666666683	-0.06380413040324134
     7.134000000000164	-0.06380422879545039
     7.134333333333498	-0.06380432634389038
     7.134666666666831	-0.0638044230644385
     7.135000000000165	-0.06380451894389275
     7.135333333333499	-0.06380461396785524
     7.135666666666832	-0.06380470819648811
     7.136000000000166	-0.06380480154953663
       7.1363333333335	-0.06380489413492697
     7.136666666666834	-0.06380498590217122
     7.137000000000167	-0.06380507686818811
     7.137333333333501	-0.06380516686787234
     7.137666666666835	-0.0638052559640352
     7.138000000000169	-0.06380534423831033
     7.138333333333502	-0.06380543162358619
     7.138666666666836	-0.06380551810730502
      7.13900000000017	-0.06380560369879551
     7.139333333333504	-0.06380568844141567
     7.139666666666837	-0.06380577233594797
     7.140000000000171	-0.06380585528381678
     7.140333333333505	-0.06380593714072322
     7.140666666666839	-0.06380601798431428
     7.141000000000172	-0.06380609787758468
     7.141333333333506	-0.06380617674132354
      7.14166666666684	-0.06380625452853689
     7.142000000000174	-0.06380633120815699
     7.142333333333507	-0.06380640676777911
     7.142666666666841	-0.06380648121762372
     7.143000000000175	-0.06380655455397916
     7.143333333333509	-0.06380662674652077
     7.143666666666842	-0.06380669777624987
     7.144000000000176	-0.06380676761835682
      7.14433333333351	-0.06380683625834023
     7.144666666666843	-0.06380690307652875
     7.145000000000177	-0.06380696872208441
     7.145333333333511	-0.06380703371708409
     7.145666666666845	-0.06380709769277423
     7.146000000000178	-0.06380716017431928
     7.146333333333512	-0.06380722124331864
     7.146666666666846	-0.06380728094680821
      7.14700000000018	-0.06380733917853454
     7.147333333333513	-0.06380739606151375
     7.147666666666847	-0.06380745164875044
     7.148000000000181	-0.06380750598660462
     7.148333333333515	-0.06380755903830622
     7.148666666666848	-0.06380761074891213
     7.149000000000182	-0.06380766109908945
     7.149333333333516	-0.06380771010444668
      7.14966666666685	-0.06380775778839896
     7.150000000000183	-0.06380780420509079
     7.150333333333517	-0.06380784931493752
     7.150666666666851	-0.06380789308410335
     7.151000000000185	-0.06380793557975695
     7.151333333333518	-0.06380797687703171
     7.151666666666852	-0.06380801691350044
     7.152000000000186	-0.06380805572974453
      7.15233333333352	-0.06380809329013147
     7.152666666666853	-0.06380812968011811
     7.153000000000187	-0.06380816488486496
     7.153333333333521	-0.06380819895189581
     7.153666666666854	-0.06380823191668834
     7.154000000000188	-0.06380826379681459
     7.154333333333522	-0.06380829460582202
     7.154666666666856	-0.06380832432496043
     7.155000000000189	-0.06380835303746039
     7.155333333333523	-0.06380838081028314
     7.155666666666857	-0.06380840769981752
     7.156000000000191	-0.0638084336439327
     7.156333333333524	-0.06380845862523411
     7.156666666666858	-0.06380848278397558
     7.157000000000192	-0.06380850607317415
     7.157333333333526	-0.06380852846149943
     7.157666666666859	-0.06380855005851363
     7.158000000000193	-0.06380857091519884
     7.158333333333527	-0.06380859114200246
     7.158666666666861	-0.06380861075292095
     7.159000000000194	-0.06380862971562119
     7.159333333333528	-0.06380864801463085
     7.159666666666862	-0.06380866568848019
     7.160000000000196	-0.06380868281154704
     7.160333333333529	-0.06380869943065462
     7.160666666666863	-0.06380871556459879
     7.161000000000197	-0.0638087312229282
     7.161333333333531	-0.06380874640872393
     7.161666666666864	-0.06380876115434732
     7.162000000000198	-0.06380877551231699
     7.162333333333532	-0.0638087895037758
     7.162666666666865	-0.06380880314871636
     7.163000000000199	-0.06380881646073235
     7.163333333333533	-0.06380882946570189
     7.163666666666867	-0.06380884216537101
       7.1640000000002	-0.06380885458996324
     7.164333333333534	-0.06380886676812481
     7.164666666666868	-0.06380888151534977
     7.165000000000202	-0.06380889158348808
     7.165333333333535	-0.06380890124789745
     7.165666666666869	-0.06380891547945187
     7.166000000000203	-0.063808924903685
     7.166333333333537	-0.06380893713758462
      7.16666666666687	-0.06380894600940658
     7.167000000000204	-0.06380895845448419
     7.167333333333538	-0.06380896681813929
     7.167666666666872	-0.06380897883792974
     7.168000000000205	-0.06380899076175459
     7.168333333333539	-0.06380900033721858
     7.168666666666873	-0.06380900841197854
     7.169000000000207	-0.06380901790306039
      7.16933333333354	-0.06380903161445094
     7.169666666666874	-0.06380903551447453
     7.170000000000208	-0.06380904726116052
     7.170333333333542	-0.06380905649945548
     7.170666666666875	-0.06380906770957402
     7.171000000000209	-0.06380907416127246
     7.171333333333543	-0.06380908160115123
     7.171666666666876	-0.06380909384231725
      7.17200000000021	-0.06380910072492139
     7.172333333333544	-0.06380910864500938
     7.172666666666878	-0.06380912098583978
     7.173000000000211	-0.06380912760642236
     7.173333333333545	-0.06380913632485005
     7.173666666666879	-0.06380914465253389
     7.174000000000213	-0.06380915519081773
     7.174333333333546	-0.06380916126163096
      7.17466666666688	-0.063809169859653
     7.175000000000214	-0.06380917839650643
     7.175333333333548	-0.0638091883879225
     7.175666666666881	-0.0638091939747881
     7.176000000000215	-0.06380920244453764
     7.176333333333549	-0.06380921086070968
     7.176666666666883	-0.06380921752094933
     7.177000000000216	-0.06380922720546629
      7.17733333333355	-0.06380923253113849
     7.177666666666884	-0.06380924244334432
     7.178000000000218	-0.06380924935775537
     7.178333333333551	-0.0638092567641195
     7.178666666666885	-0.06380926249434385
     7.179000000000219	-0.06380927269649507
     7.179333333333553	-0.063809279293588
     7.179666666666886	-0.06380928461538202
      7.18000000000022	-0.06380929175030504
     7.180333333333554	-0.0638092975602379
     7.180666666666887	-0.06380930437535046
     7.181000000000221	-0.06380931450092377
     7.181333333333555	-0.06380932098985262
     7.181666666666889	-0.06380932369955794
     7.182000000000222	-0.06380932907616579
     7.182333333333556	-0.06380933536919629
      7.18266666666689	-0.06380934217589049
     7.183000000000224	-0.06380934981048574
     7.183333333333557	-0.06380935632996769
     7.183666666666891	-0.06380935931989662
     7.184000000000225	-0.06380936203668837
     7.184333333333559	-0.06380936753789021
     7.184666666666892	-0.06380937456324058
     7.185000000000226	-0.06380938056926073
      7.18533333333356	-0.06380938485119945
     7.185666666666894	-0.06380939036935276
     7.186000000000227	-0.06380939360522023
     7.186333333333561	-0.06380939618566235
     7.186666666666895	-0.06380940046323627
     7.187000000000229	-0.0638094057079595
     7.187333333333562	-0.06380941063125824
     7.187666666666896	-0.06380941665678218
      7.18800000000023	-0.06380941918722653
     7.188333333333564	-0.06380942033735998
     7.188666666666897	-0.06380942317781838
     7.189000000000231	-0.06380942781731019
     7.189333333333565	-0.06380943509615322
     7.189666666666898	-0.06380944076401247
     7.190000000000232	-0.06380944050430727
     7.190333333333566	-0.06380943942668779
       7.1906666666669	-0.06380944177850593
     7.191000000000233	-0.06380945050677883
     7.191333333333567	-0.06380945817899628
     7.191666666666901	-0.06380945772088156
     7.192000000000235	-0.06380945537551634
     7.192333333333568	-0.06380945687873349
     7.192666666666902	-0.06380946489888939
     7.193000000000236	-0.06380947279902141
      7.19333333333357	-0.06380947581219662
     7.193666666666903	-0.06380947235411719
     7.194000000000237	-0.06380947091662979
     7.194333333333571	-0.06380947745036383
     7.194666666666905	-0.0638094859176784
     7.195000000000238	-0.06380949050346235
     7.195333333333572	-0.06380948770046757
     7.195666666666906	-0.06380948566404561
      7.19600000000024	-0.06380949112738205
     7.196333333333573	-0.06380949916465328
     7.196666666666907	-0.06380950414283407
     7.197000000000241	-0.06380950498965543
     7.197333333333575	-0.06380950214139083
     7.197666666666908	-0.06380950205314356
     7.198000000000242	-0.06380950920766539
     7.198333333333576	-0.06380951725467372
     7.198666666666909	-0.06380952099523936
     7.199000000000243	-0.06380952105987416
     7.199333333333577	-0.06380951880376656
     7.199666666666911	-0.06380951959893905
     7.200000000000244	-0.06380952694385722
     7.200333333333578	-0.06380953456507953
     7.200666666666912	-0.06380953801286024
     7.201000000000246	-0.06380953834428579
     7.201333333333579	-0.0638095365929521
     7.201666666666913	-0.06380953770608334
     7.202000000000247	-0.06380954491486496
     7.202333333333581	-0.06380955229656118
     7.202666666666914	-0.06380955583161113
     7.203000000000248	-0.06380955418872609
     7.203333333333582	-0.06380955354203348
     7.203666666666916	-0.06380955664676322
     7.204000000000249	-0.06380956470372577
     7.204333333333583	-0.06380957152606877
     7.204666666666917	-0.06380957189320785
     7.205000000000251	-0.06380957111024621
     7.205333333333584	-0.06380957286137325
     7.205666666666918	-0.06380957751924105
     7.206000000000252	-0.063809585007343
     7.206333333333586	-0.06380959044019216
     7.206666666666919	-0.06380959060733755
     7.207000000000253	-0.06380959044469167
     7.207333333333587	-0.06380959295575252
      7.20766666666692	-0.06380959783790337
     7.208000000000254	-0.06380960309946444
     7.208333333333588	-0.0638096068525702
     7.208666666666922	-0.06380960932772374
     7.209000000000255	-0.0638096118017282
     7.209333333333589	-0.0638096150238508
     7.209666666666923	-0.06380961885277413
     7.210000000000257	-0.06380962273627948
      7.21033333333359	-0.06380962630226504
     7.210666666666924	-0.06380962949845886
     7.211000000000258	-0.06380963265495124
     7.211333333333592	-0.06380963598961104
     7.211666666666925	-0.06380963948945648
     7.212000000000259	-0.06380964308430004
     7.212333333333593	-0.06380964664369597
     7.212666666666927	-0.06380965003613508
      7.21300000000026	-0.06380965335182039
     7.213333333333594	-0.06380965669934868
     7.213666666666928	-0.06380966012026928
     7.214000000000262	-0.06380966357891971
     7.214333333333595	-0.06380966708425487
     7.214666666666929	-0.06380967049246894
     7.215000000000263	-0.06380967385768109
     7.215333333333596	-0.06380967721391897
      7.21566666666693	-0.06380968058442092
     7.216000000000264	-0.06380968398707183
     7.216333333333598	-0.06380968739504622
     7.216666666666931	-0.06380969077042824
     7.217000000000265	-0.06380969410168058
     7.217333333333599	-0.06380969740922821
     7.217666666666933	-0.06380970071934848
     7.218000000000266	-0.06380970403904858
       7.2183333333336	-0.06380970735593706
     7.218666666666934	-0.06380971065293457
     7.219000000000268	-0.06380971392228763
     7.219333333333601	-0.06380971716854004
     7.219666666666935	-0.06380972040119488
     7.220000000000269	-0.06380972362563102
     7.220333333333603	-0.06380972683983185
     7.220666666666936	-0.0638097300386635
      7.22100000000027	-0.06380973321783404
     7.221333333333604	-0.0638097363766025
     7.221666666666938	-0.06380973951681639
     7.222000000000271	-0.06380974264038754
     7.222333333333605	-0.06380974574758856
     7.222666666666939	-0.06380974883734408
     7.223000000000273	-0.06380975190815137
     7.223333333333606	-0.06380975495960273
      7.22366666666694	-0.06380975799210578
     7.224000000000274	-0.06380976100600486
     7.224333333333607	-0.06380976400103792
     7.224666666666941	-0.06380976697660769
     7.225000000000275	-0.06380976993233788
     7.225333333333609	-0.06380977286826219
     7.225666666666942	-0.06380977578463279
     7.226000000000276	-0.06380977868134616
      7.22633333333361	-0.06380978155812224
     7.226666666666944	-0.06380978441458142
     7.227000000000277	-0.06380978725060724
     7.227333333333611	-0.06380979006647532
     7.227666666666945	-0.0638097928625546
     7.228000000000279	-0.06380979563895672
     7.228333333333612	-0.06380979839546695
     7.228666666666946	-0.06380980113162603
      7.22900000000028	-0.06380980384736211
     7.229333333333614	-0.06380980654259207
     7.229666666666947	-0.0638098092175195
     7.230000000000281	-0.06380981187246695
     7.230333333333615	-0.06380981450760206
     7.230666666666949	-0.06380981712289713
     7.231000000000282	-0.06380981971823801
     7.231333333333616	-0.06380982229351619
      7.23166666666695	-0.06380982484869145
     7.232000000000284	-0.06380982738382174
     7.232333333333617	-0.06380982989904267
     7.232666666666951	-0.06380983239448762
     7.233000000000285	-0.06380983487023462
     7.233333333333618	-0.06380983732630552
     7.233666666666952	-0.06380983976268265
     7.234000000000286	-0.06380984217936471
      7.23433333333362	-0.06380984457639882
     7.234666666666953	-0.06380984695386857
     7.235000000000287	-0.06380984931186247
     7.235333333333621	-0.06380985165043823
     7.235666666666955	-0.06380985396962056
     7.236000000000288	-0.06380985626944642
     7.236333333333622	-0.0638098585498148
     7.236666666666956	-0.06380986081065095
      7.23700000000029	-0.06380986305175726
     7.237333333333623	-0.06380986527471663
     7.237666666666957	-0.06380986747849174
     7.238000000000291	-0.06380986966270016
     7.238333333333625	-0.06380987182763483
     7.238666666666958	-0.06380987397356354
     7.239000000000292	-0.06380987610356335
     7.239333333333626	-0.06380987820645591
      7.23966666666696	-0.06380988029641764
     7.240000000000293	-0.0638098823668581
     7.240333333333627	-0.06380988441805148
     7.240666666666961	-0.06380988645112885
     7.241000000000295	-0.0638098884634648
     7.241333333333628	-0.06380989046209999
     7.241666666666962	-0.06380989243993701
     7.242000000000296	-0.06380989439628151
     7.242333333333629	-0.06380989632984262
     7.242666666666963	-0.06380989824620772
     7.243000000000297	-0.06380990014871406
     7.243333333333631	-0.06380990203643892
     7.243666666666964	-0.06380990390308167
     7.244000000000298	-0.06380990574776593
     7.244333333333632	-0.06380990757167312
     7.244666666666966	-0.06380990937908455
     7.245000000000299	-0.06380991117233259
     7.245333333333633	-0.06380991294729887
     7.245666666666967	-0.0638099147023832
     7.246000000000301	-0.06380991643827195
     7.246333333333634	-0.06380991815647581
     7.246666666666968	-0.06380991985770645
     7.247000000000302	-0.06380992154165657
     7.247333333333636	-0.0638099232077681
     7.247666666666969	-0.06380992485680011
     7.248000000000303	-0.06380992648872048
     7.248333333333637	-0.06380992810001507
     7.248666666666971	-0.06380992969378319
     7.249000000000304	-0.06380993127249179
     7.249333333333638	-0.06380993283646259
     7.249666666666972	-0.06380993438170811
     7.250000000000306	-0.06380993590817743
     7.250333333333639	-0.06380993741779246
     7.250666666666973	-0.06380993891195934
     7.251000000000307	-0.06380994039109478
      7.25133333333364	-0.06380994185268353
     7.251666666666974	-0.06380994329688906
     7.252000000000308	-0.06380994472494954
     7.252333333333642	-0.06380994613813964
     7.252666666666975	-0.06380994753507298
     7.253000000000309	-0.06380994891570704
     7.253333333333643	-0.06380995028059694
     7.253666666666977	-0.06380995163021344
      7.25400000000031	-0.06380995296461611
     7.254333333333644	-0.06380995428367149
     7.254666666666978	-0.06380995558737125
     7.255000000000312	-0.06380995687592408
     7.255333333333645	-0.06380995814963013
     7.255666666666979	-0.06380995940869497
     7.256000000000313	-0.06380996065317394
     7.256333333333647	-0.0638099618830875
      7.25666666666698	-0.06380996309855014
     7.257000000000314	-0.06380996429977284
     7.257333333333648	-0.06380996548696136
     7.257666666666982	-0.06380996666024406
     7.258000000000315	-0.06380996781970846
     7.258333333333649	-0.06380996896545577
     7.258666666666983	-0.06380997009762972
     7.259000000000317	-0.06380997121639358
      7.25933333333365	-0.0638099723219015
     7.259666666666984	-0.06380997341427927
     7.260000000000318	-0.0638099744936424
     7.260333333333651	-0.06380997556011236
     7.260666666666985	-0.06380997661382626
     7.261000000000319	-0.06380997765492773
     7.261333333333653	-0.06380997868355852
     7.261666666666986	-0.06380997969985043
      7.26200000000032	-0.06380998070392721
     7.262333333333654	-0.06380998169551573
     7.262666666666988	-0.0638099826761547
     7.263000000000321	-0.06380998364412674
     7.263333333333655	-0.06380998460089295
     7.263666666666989	-0.06380998554565083
     7.264000000000323	-0.06380998647879212
     7.264333333333656	-0.06380998740081648
      7.26466666666699	-0.0638099883118543
     7.265000000000324	-0.0638099892117802
     7.265333333333658	-0.06380999010054768
     7.265666666666991	-0.063809990978349
     7.266000000000325	-0.06380999184546723
     7.266333333333659	-0.06380999270252516
     7.266666666666993	-0.06380999354847124
     7.267000000000326	-0.06380999438373723
      7.26733333333366	-0.06380999520892268
     7.267666666666994	-0.06380999602478332
     7.268000000000328	-0.06380999682984438
     7.268333333333661	-0.06380999762510554
     7.268666666666995	-0.06380999840990705
     7.269000000000329	-0.06380999918568238
     7.269333333333662	-0.06380999995135858
     7.269666666666996	-0.06381000070805963
      7.27000000000033	-0.06381000145532467
     7.270333333333664	-0.06381000219211264
     7.270666666666997	-0.06381000292034145
     7.271000000000331	-0.0638100036391584
     7.271333333333665	-0.06381000434976522
     7.271666666666999	-0.06381000505068715
     7.272000000000332	-0.06381000574238102
     7.272333333333666	-0.06381000642553457
        7.272666666667	-0.0638100071011734
     7.273000000000334	-0.06381000776749769
     7.273333333333667	-0.06381000842466293
     7.273666666667001	-0.06381000907345043
     7.274000000000335	-0.06381000975774077
     7.274333333333669	-0.06381001035664843
     7.274666666667002	-0.0638100109818229
     7.275000000000336	-0.06381001155955543
      7.27533333333367	-0.06381001218293146
     7.275666666667004	-0.06381001279836988
     7.276000000000337	-0.06381001337762961
     7.276333333333671	-0.0638100139371322
     7.276666666667005	-0.0638100144922083
     7.277000000000339	-0.06381001504893923
     7.277333333333672	-0.06381001560820426
     7.277666666667006	-0.06381001616248723
      7.27800000000034	-0.06381001670265926
     7.278333333333673	-0.06381001722966101
     7.278666666667007	-0.06381001774926898
     7.279000000000341	-0.0638100182683982
     7.279333333333675	-0.06381001878806528
     7.279666666667008	-0.06381001930121392
     7.280000000000342	-0.06381001980391493
     7.280333333333676	-0.06381002029757209
      7.28066666666701	-0.06381002078628849
     7.281000000000343	-0.06381002127292514
     7.281333333333677	-0.06381002175462953
     7.281666666667011	-0.063810022229165
     7.282000000000345	-0.06381002269621053
     7.282333333333678	-0.06381002315710828
     7.282666666667012	-0.06381002361387926
     7.283000000000346	-0.06381002406514361
      7.28333333333368	-0.06381002451047897
     7.283666666667013	-0.06381002494998091
     7.284000000000347	-0.06381002538399536
     7.284333333333681	-0.06381002581354378
     7.284666666667015	-0.06381002623699565
     7.285000000000348	-0.06381002665463746
     7.285333333333682	-0.06381002706729322
     7.285666666667016	-0.0638100274753409
      7.28600000000035	-0.06381002787864488
     7.286333333333683	-0.06381002827677892
     7.286666666667017	-0.06381002867056211
     7.287000000000351	-0.06381002905854348
     7.287333333333684	-0.06381002944109959
     7.287666666667018	-0.06381002981922357
     7.288000000000352	-0.0638100301933153
     7.288333333333686	-0.06381003056400775
     7.288666666667019	-0.06381003092888798
     7.289000000000353	-0.06381003128910648
     7.289333333333687	-0.0638100316440849
     7.289666666667021	-0.06381003199644383
     7.290000000000354	-0.06381003234338017
     7.290333333333688	-0.0638100326852028
     7.290666666667022	-0.06381003302306559
     7.291000000000356	-0.06381003335763631
     7.291333333333689	-0.06381003368926708
     7.291666666667023	-0.06381003401591433
     7.292000000000357	-0.06381003433750825
     7.292333333333691	-0.06381003465502369
     7.292666666667024	-0.06381003497002855
     7.293000000000358	-0.06381003528169822
     7.293333333333692	-0.0638100355883752
     7.293666666667026	-0.0638100358906311
     7.294000000000359	-0.06381003619021453
     7.294333333333693	-0.06381003648643309
     7.294666666667027	-0.06381003677887605
     7.295000000000361	-0.06381003706767872
     7.295333333333694	-0.06381003735322395
     7.295666666667028	-0.06381003763557738
     7.296000000000362	-0.06381003791458471

     8.000333333333334	-0.06327692472038296
     8.000666666666667	-0.06496075267034528
     8.001000000000001	-0.06637186769946536
     8.001333333333335	-0.06527620286579948
     8.001666666666669	-0.06289544218050554
     8.002000000000002	-0.06219205427633506
     8.002333333333336	-0.06385733216483656
      8.00266666666667	-0.06578403132366019
     8.003000000000004	-0.06584172978343136
     8.003333333333337	-0.0643225847821854
     8.003666666666671	-0.06308088924677831
     8.004000000000005	-0.06332914563067349
     8.004333333333339	-0.06446726382817357
     8.004666666666672	-0.06515846046526219
     8.005000000000006	-0.06484652997700485
      8.00533333333334	-0.06412011502661429
     8.005666666666674	-0.06380519936223339
     8.006000000000007	-0.06409581603040271
     8.006333333333341	-0.06454409510018161
     8.006666666666675	-0.06468679395828718
     8.007000000000009	-0.06449633893041827
     8.007333333333342	-0.06427578814859131
     8.007666666666676	-0.06425921540744477
      8.00800000000001	-0.06440610762619681
     8.008333333333344	-0.06454218539490696
     8.008666666666677	-0.06455972629453598
     8.009000000000011	-0.06450106318547774
     8.009333333333345	-0.06446478603596983
     8.009666666666678	-0.06449328101838041
     8.010000000000012	-0.06455583968376064
     8.010333333333346	-0.06459976425855107
      8.01066666666668	-0.06460922713585354
     8.011000000000013	-0.06460955183113076
     8.011333333333347	-0.0646230599767894
     8.011666666666681	-0.06465145569126987
     8.012000000000015	-0.06468325150483564
     8.012333333333348	-0.06470876860246508
     8.012666666666682	-0.0647273603079889
     8.013000000000016	-0.06474653266276492
      8.01333333333335	-0.06476882883753232
     8.013666666666683	-0.06479438030371146
     8.014000000000017	-0.06481914538073613
     8.014333333333351	-0.06484218168211513
     8.014666666666685	-0.06486481437267434
     8.015000000000018	-0.06488925232659107
     8.015333333333352	-0.0649130222335669
     8.015666666666686	-0.06493694506719185
      8.01600000000002	-0.0649599411162905
     8.016333333333353	-0.06498236080594946
     8.016666666666687	-0.06500546946472152
     8.017000000000021	-0.06502915603287068
     8.017333333333355	-0.06505253640470106
     8.017666666666688	-0.06507436814877342
     8.018000000000022	-0.06509520505162612
     8.018333333333356	-0.06511628891566848
     8.018666666666689	-0.06513786303837214
     8.019000000000023	-0.06515921944614311
     8.019333333333357	-0.06517909075423552
     8.019666666666691	-0.06519882042833315
     8.020000000000024	-0.06521772427356434
     8.020333333333358	-0.06523587447896903
     8.020666666666692	-0.06525362477450698
     8.021000000000026	-0.06527116088888932
     8.021333333333359	-0.06528823023221386
     8.021666666666693	-0.0653044394498455
     8.022000000000027	-0.06531969142222224
     8.022333333333361	-0.06533422690645806
     8.022666666666694	-0.06534815150724654
     8.023000000000028	-0.06536172139585493
     8.023333333333362	-0.06537469827179308
     8.023666666666696	-0.06538687696506393
     8.024000000000029	-0.06539821654698014
     8.024333333333363	-0.06540889362015705
     8.024666666666697	-0.06541896249983845
     8.025000000000031	-0.06542843067265904
     8.025333333333364	-0.0654372435019873
     8.025666666666698	-0.06544540813447668
     8.026000000000032	-0.06545292335293992
     8.026333333333366	-0.06545979270334021
     8.026666666666699	-0.06546617924643855
     8.027000000000033	-0.06547208771570011
     8.027333333333367	-0.06547734424638409
       8.0276666666667	-0.065481973601811
     8.028000000000034	-0.06548610944871505
     8.028333333333368	-0.0654898350606109
     8.028666666666702	-0.06549314122920799
     8.029000000000035	-0.06549599472641876
     8.029333333333369	-0.06549840444151894
     8.029666666666703	-0.06550041702053994
     8.030000000000037	-0.06550207117459342
      8.03033333333337	-0.06550338716655847
     8.030666666666704	-0.06550438904097015
     8.031000000000038	-0.065505104811541
     8.031333333333372	-0.06550557184625663
     8.031666666666705	-0.06550583857389658
     8.032000000000039	-0.06550562690330315
     8.032333333333373	-0.06550561338678804
     8.032666666666707	-0.06550521453650893
      8.03300000000004	-0.06550461817913188
     8.033333333333374	-0.06550415690657689
     8.033666666666708	-0.06550349244021787
     8.034000000000042	-0.06550240040152557
     8.034333333333375	-0.06550168774820891
     8.034666666666709	-0.0655006785440736
     8.035000000000043	-0.06549978297975755
     8.035333333333377	-0.06549911323634054
      8.03566666666671	-0.06549800913415879
     8.036000000000044	-0.06549999206986017
     8.036333333333378	-0.06549881370510088
     8.036666666666711	-0.06549840635011456
     8.037000000000045	-0.06549535619569902
     8.037333333333379	-0.06549221754578588
     8.037666666666713	-0.06549243727536927
     8.038000000000046	-0.06549373156497375
      8.03833333333338	-0.06549433961703735
     8.038666666666714	-0.06549319002540253
     8.039000000000048	-0.06549139458641828
     8.039333333333381	-0.06549092192354759
     8.039666666666715	-0.0654913592689072
     8.040000000000049	-0.06549204558584991
     8.040333333333383	-0.06549259786370887
     8.040666666666716	-0.06549329425709284
      8.04100000000005	-0.06549327157388894
     8.041333333333384	-0.06549328763961591
     8.041666666666718	-0.0654938214132546
     8.042000000000051	-0.06549480137561488
     8.042333333333385	-0.065495838560539
     8.042666666666719	-0.06549673833643606
     8.043000000000053	-0.06549757441578281
     8.043333333333386	-0.06549850832049892
      8.04366666666672	-0.06549961174441619
     8.044000000000054	-0.06550080595341039
     8.044333333333388	-0.06550198653056311
     8.044666666666721	-0.06550311663159172
     8.045000000000055	-0.06550423562156839
     8.045333333333389	-0.06550539233763619
     8.045666666666722	-0.06550728634260598
     8.046000000000056	-0.06550921079590766
      8.04633333333339	-0.06551068410426027
     8.046666666666724	-0.06551166990778631
     8.047000000000057	-0.06551229644968772
     8.047333333333391	-0.06551293751689465
     8.047666666666725	-0.06551385858735133
     8.048000000000059	-0.065514951758324
     8.048333333333392	-0.0655159146019155
     8.048666666666726	-0.0655166291666204
      8.04900000000006	-0.06551717058316679
     8.049333333333394	-0.06551761333217394
     8.049666666666727	-0.06551796477687155
     8.050000000000061	-0.06551821590338835
     8.050333333333395	-0.0655183588240249
     8.050666666666729	-0.06551782530797698
     8.051000000000062	-0.06551715399846637
     8.051333333333396	-0.06551651139063895
      8.05166666666673	-0.06551604666496015
     8.052000000000064	-0.065515792220632
     8.052333333333397	-0.06551594483234363
     8.052666666666731	-0.06551572746711291
     8.053000000000065	-0.06551507468060271
     8.053333333333399	-0.06551354199800363
     8.053666666666732	-0.06551215014176669
     8.054000000000066	-0.06551059971173277
       8.0543333333334	-0.0655096388127538
     8.054666666666733	-0.06550838011666368
     8.055000000000067	-0.06550672366753203
     8.055333333333401	-0.06550482464693699
     8.055666666666735	-0.06550288666425592
     8.056000000000068	-0.06550101032515766
     8.056333333333402	-0.0654998939880924
     8.056666666666736	-0.0654974350140225
      8.05700000000007	-0.06549418378808197
     8.057333333333403	-0.06549151098097383
     8.057666666666737	-0.0654898139501038
     8.058000000000071	-0.06548726219452457
     8.058333333333405	-0.06548395198822822
     8.058666666666738	-0.06548077269606042
     8.059000000000072	-0.06547802178212911
     8.059333333333406	-0.06547538909149113
      8.05966666666674	-0.06547250090711884
     8.060000000000073	-0.06546924945528361
     8.060333333333407	-0.06546591162637129
     8.060666666666741	-0.06546259195093856
     8.061000000000075	-0.06545995261156533
     8.061333333333408	-0.06545705517432188
     8.061666666666742	-0.06545374521963146
     8.062000000000076	-0.06545025398850643
      8.06233333333341	-0.06544688531492761
     8.062666666666743	-0.06544372350366966
     8.063000000000077	-0.06544062432609729
     8.063333333333411	-0.06543745351292699
     8.063666666666744	-0.06543340768323509
     8.064000000000078	-0.0654312357489677
     8.064333333333412	-0.06542867314031393
     8.064666666666746	-0.06542450692952291
     8.065000000000079	-0.06542179300607988
     8.065333333333413	-0.06541900783514808
     8.065666666666747	-0.06541614559496688
     8.066000000000081	-0.06541321453277327
     8.066333333333414	-0.06541072783906353
     8.066666666666748	-0.06540716949781851
     8.067000000000082	-0.06540472376220548
     8.067333333333416	-0.06540236043820163
     8.067666666666749	-0.06539888069683035
     8.068000000000083	-0.06539637044576814
     8.068333333333417	-0.06539363401672782
     8.068666666666751	-0.06539128544792561
     8.069000000000084	-0.06538839132647628
     8.069333333333418	-0.06538593715068353
     8.069666666666752	-0.06538396545695835
     8.070000000000086	-0.06538160415727749
     8.070333333333419	-0.06537927217244598
     8.070666666666753	-0.06537739726869403
     8.071000000000087	-0.06537537207165312
     8.071333333333421	-0.06537336810431547
     8.071666666666754	-0.06537179420190892
     8.072000000000088	-0.06536977414535995
     8.072333333333422	-0.06536782403313894
     8.072666666666755	-0.06536658098392195
     8.073000000000089	-0.06536495942649266
     8.073333333333423	-0.06536316131945705
     8.073666666666757	-0.06536203378832994
      8.07400000000009	-0.065360560093059
     8.074333333333424	-0.06535908137728944
     8.074666666666758	-0.06535822824323879
     8.075000000000092	-0.06535696290118823
     8.075333333333425	-0.06535563100910191
     8.075666666666759	-0.0653548942931062
     8.076000000000093	-0.06535374491829418
     8.076333333333427	-0.06535276026274535
      8.07666666666676	-0.06535203112144575
     8.077000000000094	-0.0653509299115438
     8.077333333333428	-0.06534986943513062
     8.077666666666762	-0.06534944315897599
     8.078000000000095	-0.0653486903385843
     8.078333333333429	-0.06534790140299053
     8.078666666666763	-0.06534747641944966
     8.079000000000097	-0.06534697550719751
      8.07933333333343	-0.06534634098339065
     8.079666666666764	-0.06534591246047855
     8.080000000000098	-0.0653455189552625
     8.080333333333432	-0.06534503473296499
     8.080666666666765	-0.06534482828357457
     8.081000000000099	-0.06534431249493226
     8.081333333333433	-0.06534381923859248
     8.081666666666766	-0.06534369447045314
       8.0820000000001	-0.06534343640887212
     8.082333333333434	-0.06534308049380941
     8.082666666666768	-0.06534288976600815
     8.083000000000101	-0.06534257341637623
     8.083333333333435	-0.0653425569857309
     8.083666666666769	-0.06534271552308701
     8.084000000000103	-0.06534237419571425
     8.084333333333436	-0.06534195701788213
      8.08466666666677	-0.06534166263489979
     8.085000000000104	-0.06534141865768839
     8.085333333333438	-0.06534119368752514
     8.085666666666771	-0.06534099348328506
     8.086000000000105	-0.06534081284882634
     8.086333333333439	-0.06534059457005514
     8.086666666666773	-0.06534028183844909
     8.087000000000106	-0.06534002934649701
      8.08733333333344	-0.06533978466180317
     8.087666666666774	-0.0653394739009128
     8.088000000000108	-0.06533928498296906
     8.088333333333441	-0.06533908260057002
     8.088666666666775	-0.06533871435199085
     8.089000000000109	-0.06533846380318542
     8.089333333333443	-0.06533822792425655
     8.089666666666776	-0.065337841706069
      8.09000000000011	-0.06533761519820336
     8.090333333333444	-0.06533739691411868
     8.090666666666777	-0.06533698436366045
     8.091000000000111	-0.06533672816970114
     8.091333333333445	-0.06533645528285309
     8.091666666666779	-0.06533609166902442
     8.092000000000112	-0.06533585621383026
     8.092333333333446	-0.06533560002118571
      8.09266666666678	-0.06533515627848954
     8.093000000000114	-0.06533488592817809
     8.093333333333447	-0.06533465263367032
     8.093666666666781	-0.06533425571190646
     8.094000000000115	-0.06533398006394449
     8.094333333333449	-0.06533373990877776
     8.094666666666782	-0.06533337892593295
     8.095000000000116	-0.06533311002912298
      8.09533333333345	-0.06533286595772482
     8.095666666666784	-0.06533249456367751
     8.096000000000117	-0.06533223125495312
     8.096333333333451	-0.06533201236015694
     8.096666666666785	-0.06533168281254949
     8.097000000000119	-0.0653314359040794
     8.097333333333452	-0.06533122598897252
     8.097666666666786	-0.06533097843116456
      8.09800000000012	-0.06533065329707476
     8.098333333333454	-0.06533044751121352
     8.098666666666787	-0.06533027447352541
     8.099000000000121	-0.0653300521332367
     8.099333333333455	-0.06532977245616885
     8.099666666666788	-0.06532963653527897
     8.100000000000122	-0.0653294963306139
     8.100333333333456	-0.06532928509005044
      8.10066666666679	-0.06532904949469941
     8.101000000000123	-0.06532893561568102
     8.101333333333457	-0.06532884152815589
     8.101666666666791	-0.06532869817933271
     8.102000000000125	-0.06532854345904425
     8.102333333333458	-0.06532842098600931
     8.102666666666792	-0.06532832783526497
     8.103000000000126	-0.06532824453219102
      8.10333333333346	-0.06532816734355916
     8.103666666666793	-0.06532810069973856
     8.104000000000127	-0.06532804447870497
     8.104333333333461	-0.06532799603740924
     8.104666666666795	-0.06532795771918663
     8.105000000000128	-0.06532793309292066
     8.105333333333462	-0.0653279217380856
     8.105666666666796	-0.06532792085618029
      8.10600000000013	-0.06532792712157559
     8.106333333333463	-0.06532794014160069
     8.106666666666797	-0.06532796300335174
     8.107000000000131	-0.0653279977211151
     8.107333333333465	-0.06532804277228602
     8.107666666666798	-0.06532809512786865
     8.108000000000132	-0.06532815368155122
     8.108333333333466	-0.06532821976140026
     8.108666666666799	-0.06532829474028398
     8.109000000000133	-0.06532837836765523
     8.109333333333467	-0.06532846828818265
     8.109666666666801	-0.06532856310276766
     8.110000000000134	-0.06532865342903765
     8.110333333333468	-0.06532877173549133
     8.110666666666802	-0.065328889837798
     8.111000000000136	-0.06532899482913758
     8.111333333333469	-0.06532912164633004
     8.111666666666803	-0.06532924386832471
     8.112000000000137	-0.06532938057983768
     8.112333333333471	-0.06532951471332492
     8.112666666666804	-0.06532964209236169
     8.113000000000138	-0.06532978471484913
     8.113333333333472	-0.06532992570186497
     8.113666666666806	-0.06533007157606735
     8.114000000000139	-0.06533021934083096
     8.114333333333473	-0.06533036615677562
     8.114666666666807	-0.06533051509721437
     8.115000000000141	-0.06533066081559102
     8.115333333333474	-0.06533081276732647
     8.115666666666808	-0.06533096235663131
     8.116000000000142	-0.06533111601339897
     8.116333333333476	-0.06533126561265322
     8.116666666666809	-0.06533141807915033
     8.117000000000143	-0.06533156643596268
     8.117333333333477	-0.06533171808008081
      8.11766666666681	-0.06533186593826255
     8.118000000000144	-0.06533201638991858
     8.118333333333478	-0.06533216226286921
     8.118666666666812	-0.06533231006127425
     8.119000000000145	-0.06533245425380529
     8.119333333333479	-0.06533259711204058
     8.119666666666813	-0.06533274225223537
     8.120000000000147	-0.06533288277460864
      8.12033333333348	-0.06533301926532173
     8.120666666666814	-0.06533315894868293
     8.121000000000148	-0.06533329531120421
     8.121333333333482	-0.06533342803087418
     8.121666666666815	-0.06533356275584004
     8.122000000000149	-0.06533369360992027
     8.122333333333483	-0.06533382092483317
     8.122666666666817	-0.06533394657023549
      8.12300000000015	-0.06533407556475301
     8.123333333333484	-0.06533420010362281
     8.123666666666818	-0.06533432047375667
     8.124000000000152	-0.0653344395898508
     8.124333333333485	-0.0653345583526595
     8.124666666666819	-0.06533467607253968
     8.125000000000153	-0.06533479194967995
     8.125333333333487	-0.06533490562939553
      8.12566666666682	-0.06533501733196974
     8.126000000000154	-0.06533512755162028
     8.126333333333488	-0.06533523672986244
     8.126666666666821	-0.06533534273002051
     8.127000000000155	-0.06533545252374541
     8.127333333333489	-0.06533555647535241
     8.127666666666823	-0.06533565986701034
     8.128000000000156	-0.06533576252091615
      8.12833333333349	-0.06533586488980628
     8.128666666666824	-0.0653359654644234
     8.129000000000158	-0.06533606434768201
     8.129333333333491	-0.06533616213481654
     8.129666666666825	-0.06533625927175007
     8.130000000000159	-0.06533635575898597
     8.130333333333493	-0.06533645129468425
     8.130666666666826	-0.06533654567816438
      8.13100000000016	-0.06533663898567542
     8.131333333333494	-0.06533673149153636
     8.131666666666828	-0.0653368234897682
     8.132000000000161	-0.06533691465927152
     8.132333333333495	-0.06533700520095963
     8.132666666666829	-0.06533709499953565
     8.133000000000163	-0.06533718390792238
     8.133333333333496	-0.06533727207349617
      8.13366666666683	-0.06533735963571706
     8.134000000000164	-0.06533744661925803
     8.134333333333498	-0.06533753291780955
     8.134666666666831	-0.06533761849321175
     8.135000000000165	-0.06533770338491258
     8.135333333333499	-0.0653377877122728
     8.135666666666832	-0.06533787137108023
     8.136000000000166	-0.06533795443903251
       8.1363333333335	-0.06533803682903111
     8.136666666666834	-0.06533811849032162
     8.137000000000167	-0.06533819949452574
     8.137333333333501	-0.06533827972806124
     8.137666666666835	-0.06533835923608068
     8.138000000000169	-0.06533843801904389
     8.138333333333502	-0.06533851602490941
     8.138666666666836	-0.06533859322412841
      8.13900000000017	-0.06533866967352304
     8.139333333333504	-0.06533874543331912
     8.139666666666837	-0.06533882058624382
     8.140000000000171	-0.06533889495646222
     8.140333333333505	-0.06533896811755897
     8.140666666666839	-0.06533904029226736
     8.141000000000172	-0.06533911165825132
     8.141333333333506	-0.06533918220235198
      8.14166666666684	-0.06533925180009757
     8.142000000000174	-0.06533932037964901
     8.142333333333507	-0.06533938790778822
     8.142666666666841	-0.06533945439338945
     8.143000000000175	-0.06533951985831235
     8.143333333333509	-0.06533958429536114
     8.143666666666842	-0.06533964767764643
     8.144000000000176	-0.06533970994832838
      8.14433333333351	-0.0653397709902547
     8.144666666666843	-0.06533983050631684
     8.145000000000177	-0.06533988905636626
     8.145333333333511	-0.06533994694040121
     8.145666666666845	-0.06534000386304568
     8.146000000000178	-0.06534005937989808
     8.146333333333512	-0.06534011354841024
     8.146666666666846	-0.06534016619264266
      8.14700000000018	-0.06534021756342523
     8.147333333333513	-0.06534026790230878
     8.147666666666847	-0.06534031718501337
     8.148000000000181	-0.06534036525152978
     8.148333333333515	-0.06534041199359945
     8.148666666666848	-0.06534045742561227
     8.149000000000182	-0.06534050163113934
     8.149333333333516	-0.06534054466735698
      8.14966666666685	-0.06534058656252795
     8.150000000000183	-0.06534062719905118
     8.150333333333517	-0.0653406666277755
     8.150666666666851	-0.06534070483723939
     8.151000000000185	-0.06534074189285814
     8.151333333333518	-0.06534077785935147
     8.151666666666852	-0.06534081269293432
     8.152000000000186	-0.06534084633787671
      8.15233333333352	-0.06534087888381068
     8.152666666666853	-0.06534091033214758
     8.153000000000187	-0.0653409407379911
     8.153333333333521	-0.06534097013233524
     8.153666666666854	-0.06534099852127863
     8.154000000000188	-0.06534102590933043
     8.154333333333522	-0.06534105231814941
     8.154666666666856	-0.06534107778528245
     8.155000000000189	-0.06534110234922354
     8.155333333333523	-0.06534112607439832
     8.155666666666857	-0.06534114896337061
     8.156000000000191	-0.06534117093224118
     8.156333333333524	-0.06534119206385365
     8.156666666666858	-0.06534121241129276
     8.157000000000192	-0.06534123200561166
     8.157333333333526	-0.0653412509301553
     8.157666666666859	-0.06534126922718395
     8.158000000000193	-0.06534128687522572
     8.158333333333527	-0.06534130387175359
     8.158666666666861	-0.06534132025064689
     8.159000000000194	-0.06534133606553053
     8.159333333333528	-0.06534135135832304
     8.159666666666862	-0.06534136615697854
     8.160000000000196	-0.0653413804594143
     8.160333333333529	-0.06534139429401015
     8.160666666666863	-0.06534140768181214
     8.161000000000197	-0.06534142066124557
     8.161333333333531	-0.06534143326508801
     8.161666666666864	-0.06534144552462243
     8.162000000000198	-0.06534145743146694
     8.162333333333532	-0.0653414690059535
     8.162666666666865	-0.06534148029043159
     8.163000000000199	-0.06534149128585333
     8.163333333333533	-0.06534150201816875
     8.163666666666867	-0.06534151473818282
       8.1640000000002	-0.06534152357234818
     8.164333333333534	-0.06534153223329164
     8.164666666666868	-0.06534154464056945
     8.165000000000202	-0.06534155278998095
     8.165333333333535	-0.06534156329966544
     8.165666666666869	-0.06534157096483857
     8.166000000000203	-0.06534158172970102
     8.166333333333537	-0.06534158893346195
      8.16666666666687	-0.06534159927986069
     8.167000000000204	-0.06534160946646374
     8.167333333333538	-0.06534161522470464
     8.167666666666872	-0.06534162441599375
     8.168000000000205	-0.06534163411395075
     8.168333333333539	-0.06534163955626325
     8.168666666666873	-0.06534164881625464
     8.169000000000207	-0.06534165881888279
      8.16933333333354	-0.06534166671006506
     8.169666666666874	-0.06534167158574679
     8.170000000000208	-0.06534168024845899
     8.170333333333542	-0.06534168924628737
     8.170666666666875	-0.06534169868613716
     8.171000000000209	-0.06534170166477941
     8.171333333333543	-0.06534170942161785
     8.171666666666876	-0.06534172075992797
      8.17200000000021	-0.06534172405147576
     8.172333333333544	-0.06534173254353327
     8.172666666666878	-0.06534174086419911
     8.173000000000211	-0.06534174924086701
     8.173333333333545	-0.06534175183893007
     8.173666666666879	-0.06534176061372787
     8.174000000000213	-0.06534176849405683
     8.174333333333546	-0.06534177380946327
      8.17466666666688	-0.06534178139305567
     8.175000000000214	-0.06534178867599889
     8.175333333333548	-0.06534179266923085
     8.175666666666881	-0.06534180168353269
     8.176000000000215	-0.06534180907634808
     8.176333333333549	-0.06534181146251955
     8.176666666666883	-0.06534181935969395
     8.177000000000216	-0.06534182829803548
      8.17733333333355	-0.06534183168124549
     8.177666666666884	-0.06534183682869261
     8.178000000000218	-0.06534184420373135
     8.178333333333551	-0.06534184918474249
     8.178666666666885	-0.06534185616574861
     8.179000000000219	-0.06534186041937307
     8.179333333333553	-0.06534186572420715
     8.179666666666886	-0.06534186996964106
      8.18000000000022	-0.06534187530596769
     8.180333333333554	-0.06534188294774175
     8.180666666666887	-0.06534188804513304
     8.181000000000221	-0.06534189175516804
     8.181333333333555	-0.06534189471967665
     8.181666666666889	-0.06534189982769628
     8.182000000000222	-0.06534190497914719
     8.182333333333556	-0.06534190989894718
      8.18266666666689	-0.06534191440946778
     8.183000000000224	-0.06534191918823147
     8.183333333333557	-0.06534192210271957
     8.183666666666891	-0.06534192467577345
     8.184000000000225	-0.06534192853139867
     8.184333333333559	-0.06534193310360638
     8.184666666666892	-0.06534193718735762
     8.185000000000226	-0.06534194169327316
      8.18533333333356	-0.06534194394323108
     8.185666666666894	-0.06534194550173968
     8.186000000000227	-0.06534194808342327
     8.186333333333561	-0.0653419517872815
     8.186666666666895	-0.06534195552367983
     8.187000000000229	-0.06534196006144237
     8.187333333333562	-0.06534196168221484
     8.187666666666896	-0.06534196203591233
      8.18800000000023	-0.06534196372133297
     8.188333333333564	-0.06534196698946483
     8.188666666666897	-0.06534197232299127
     8.189000000000231	-0.0653419743502857
     8.189333333333565	-0.06534197409611338
     8.189666666666898	-0.065341974772282
     8.190000000000232	-0.06534197945698772
     8.190333333333566	-0.06534198429019493
       8.1906666666669	-0.06534198424111157
     8.191000000000233	-0.06534198288993545
     8.191333333333567	-0.06534198362487602
     8.191666666666901	-0.06534198943868179
     8.192000000000235	-0.06534199487778014
     8.192333333333568	-0.06534199648837041
     8.192666666666902	-0.06534199304548764
     8.193000000000236	-0.06534199172003226
      8.19333333333357	-0.06534199673888498
     8.193666666666903	-0.0653420029780909
     8.194000000000237	-0.06534200585503569
     8.194333333333571	-0.06534200279251852
     8.194666666666905	-0.06534200313127338
     8.195000000000238	-0.0653420065726497
     8.195333333333572	-0.06534201048874994
     8.195666666666906	-0.06534201013940921
      8.19600000000024	-0.06534201183751444
     8.196333333333573	-0.06534201456468247
     8.196666666666907	-0.06534201703801036
     8.197000000000241	-0.06534201874469314
     8.197333333333575	-0.06534201757920137
     8.197666666666908	-0.06534201965477558
     8.198000000000242	-0.0653420235254233
     8.198333333333576	-0.0653420267237951
     8.198666666666909	-0.06534202827523565
     8.199000000000243	-0.06534202899307323
     8.199333333333577	-0.06534202781555824
     8.199666666666911	-0.06534203065552686
     8.200000000000244	-0.0653420352231959
     8.200333333333578	-0.06534203850329287
     8.200666666666912	-0.06534203978172298
     8.201000000000246	-0.06534203821209644
     8.201333333333579	-0.06534203812134419
     8.201666666666913	-0.06534204302040886
     8.202000000000247	-0.0653420485689247
     8.202333333333581	-0.06534205132555269
     8.202666666666914	-0.06534205188873225
     8.203000000000248	-0.06534205027657776
     8.203333333333582	-0.06534205075981581
     8.203666666666916	-0.06534205611335329
     8.204000000000249	-0.06534206175789364
     8.204333333333583	-0.06534206450177367
     8.204666666666917	-0.06534206319250069
     8.205000000000251	-0.06534206256417038
     8.205333333333584	-0.06534206479647674
     8.205666666666918	-0.0653420708810748
     8.206000000000252	-0.06534207608011686
     8.206333333333586	-0.06534207638549092
     8.206666666666919	-0.06534207575780983
     8.207000000000253	-0.0653420770091632
     8.207333333333587	-0.065342080466247
      8.20766666666692	-0.06534208454844966
     8.208000000000254	-0.06534208757077145
     8.208333333333588	-0.06534208954933882
     8.208666666666922	-0.06534209129596885
     8.209000000000255	-0.06534209350068952
     8.209333333333589	-0.0653420962696091
     8.209666666666923	-0.06534209925365805
     8.210000000000257	-0.06534210197201368
      8.21033333333359	-0.06534210439748803
     8.210666666666924	-0.06534210675418969
     8.211000000000258	-0.06534210922914227
     8.211333333333592	-0.06534211185748362
     8.211666666666925	-0.06534211453878029
     8.212000000000259	-0.06534211724495033
     8.212333333333593	-0.06534211984406973
     8.212666666666927	-0.06534212237003167
      8.21300000000026	-0.06534212490843416
     8.213333333333594	-0.06534212748910753
     8.213666666666928	-0.06534213015759485
     8.214000000000262	-0.06534213279756183
     8.214333333333595	-0.0653421354228179
     8.214666666666929	-0.06534213801808332
     8.215000000000263	-0.06534214059281404
     8.215333333333596	-0.06534214317510591
      8.21566666666693	-0.06534214578722337
     8.216000000000264	-0.06534214841022547
     8.216333333333598	-0.06534215101595471
     8.216666666666931	-0.06534215359579237
     8.217000000000265	-0.06534215616109261
     8.217333333333599	-0.06534215872754991
     8.217666666666933	-0.06534216130104334
     8.218000000000266	-0.06534216387532694
       8.2183333333336	-0.06534216643972524
     8.218666666666934	-0.06534216898828135
     8.219000000000268	-0.06534217152293158
     8.219333333333601	-0.06534217404947781
     8.219666666666935	-0.06534217657162335
     8.220000000000269	-0.0653421790885465
     8.220333333333603	-0.06534218159675514
     8.220666666666936	-0.06534218409311551
      8.22100000000027	-0.06534218657751424
     8.221333333333604	-0.06534218905085588
     8.221666666666938	-0.06534219151413689
     8.222000000000271	-0.06534219396688314
     8.222333333333605	-0.06534219640850769
     8.222666666666939	-0.06534219883845764
     8.223000000000273	-0.06534220125642118
     8.223333333333606	-0.06534220366235829
      8.22366666666694	-0.06534220605635324
     8.224000000000274	-0.06534220843834174
     8.224333333333607	-0.06534221080796447
     8.224666666666941	-0.06534221316473836
     8.225000000000275	-0.06534221550835038
     8.225333333333609	-0.06534221783876591
     8.225666666666942	-0.06534222015605894
     8.226000000000276	-0.06534222246019859
      8.22633333333361	-0.06534222475100308
     8.226666666666944	-0.06534222702825622
     8.227000000000277	-0.06534222929185333
     8.227333333333611	-0.06534223154183325
     8.227666666666945	-0.0653422337782508
     8.228000000000279	-0.06534223600104197
     8.228333333333612	-0.06534223821000633
     8.228666666666946	-0.06534224040491501
      8.22900000000028	-0.06534224258562918
     8.229333333333614	-0.06534224475215847
     8.229666666666947	-0.06534224690435937
     8.230000000000281	-0.06534224904288821
     8.230333333333615	-0.06534225116752176
     8.230666666666949	-0.06534225327792514
     8.231000000000282	-0.06534225537394135
     8.231333333333616	-0.06534225745388547
      8.23166666666695	-0.06534225952173682
     8.232000000000284	-0.06534226157602814
     8.232333333333617	-0.06534226361513162
     8.232666666666951	-0.06534226563852168
     8.233000000000285	-0.06534226764798444
     8.233333333333618	-0.06534226964356984
     8.233666666666952	-0.06534227162469883
     8.234000000000286	-0.06534227359078112
      8.23433333333362	-0.06534227554238527
     8.234666666666953	-0.06534227747949393
     8.235000000000287	-0.06534227940205056
     8.235333333333621	-0.06534228131001461
     8.235666666666955	-0.06534228320326808
     8.236000000000288	-0.06534228508169869
     8.236333333333622	-0.06534228694530946
     8.236666666666956	-0.06534228879415689
      8.23700000000029	-0.06534229062828527
     8.237333333333623	-0.06534229244763759
     8.237666666666957	-0.06534229425205529
     8.238000000000291	-0.06534229604188567
     8.238333333333625	-0.06534229781681648
     8.238666666666958	-0.06534229957658612
     8.239000000000292	-0.06534230132139818
     8.239333333333626	-0.06534230305038083
      8.23966666666696	-0.06534230476488177
     8.240000000000293	-0.06534230646515632
     8.240333333333627	-0.06534230815049775
     8.240666666666961	-0.06534230982087247
     8.241000000000295	-0.06534231147676867
     8.241333333333628	-0.06534231312039275
     8.241666666666962	-0.06534231473810234
     8.242000000000296	-0.06534231635618871
     8.242333333333629	-0.06534231794908117
     8.242666666666963	-0.06534231952364079
     8.243000000000297	-0.06534232108931963
     8.243333333333631	-0.06534232264407094
     8.243666666666964	-0.06534232418105786
     8.244000000000298	-0.06534232569954626
     8.244333333333632	-0.06534232720591936
     8.244666666666966	-0.06534232869379311
     8.245000000000299	-0.06534233016697555
     8.245333333333633	-0.06534233162913404
     8.245666666666967	-0.06534233307747636
     8.246000000000301	-0.06534233450974328
     8.246333333333634	-0.0653423359263503
     8.246666666666968	-0.06534233732741333
     8.247000000000302	-0.0653423387146892
     8.247333333333636	-0.06534234008886851
     8.247666666666969	-0.06534234144920521
     8.248000000000303	-0.06534234279466923
     8.248333333333637	-0.06534234412505296
     8.248666666666971	-0.06534234544101261
     8.249000000000304	-0.06534234674327891
     8.249333333333638	-0.06534234803205437
     8.249666666666972	-0.06534234930709708
     8.250000000000306	-0.06534235056867656
     8.250333333333639	-0.06534235181558733
     8.250666666666973	-0.06534235304848889
     8.251000000000307	-0.06534235426827324
      8.25133333333364	-0.06534235547519768
     8.251666666666974	-0.06534235666892949
     8.252000000000308	-0.0653423578491819
     8.252333333333642	-0.06534235901606869
     8.252666666666975	-0.06534236016994137
     8.253000000000309	-0.06534236131107514
     8.253333333333643	-0.06534236243953644
     8.253666666666977	-0.06534236355529362
      8.25400000000031	-0.06534236465838129
     8.254333333333644	-0.06534236574895431
     8.254666666666978	-0.06534236682771558
     8.255000000000312	-0.06534236789358826
     8.255333333333645	-0.06534236894701693
     8.255666666666979	-0.06534236998866419
     8.256000000000313	-0.06534237101875277
     8.256333333333647	-0.06534237203709808
      8.25666666666698	-0.06534237304353759
     8.257000000000314	-0.06534237403820072
     8.257333333333648	-0.06534237502138171
     8.257666666666982	-0.06534237599330828
     8.258000000000315	-0.0653423769540443
     8.258333333333649	-0.06534237790356975
     8.258666666666983	-0.06534237884142825
     8.259000000000317	-0.0653423797689876
      8.25933333333365	-0.06534238068601904
     8.259666666666984	-0.0653423815920738
     8.260000000000318	-0.06534238248712328
     8.260333333333651	-0.06534238337154531
     8.260666666666985	-0.06534238424569197
     8.261000000000319	-0.06534238510964256
     8.261333333333653	-0.06534238596332982
     8.261666666666986	-0.06534238680633865
      8.26200000000032	-0.06534238763984702
     8.262333333333654	-0.06534238846366253
     8.262666666666988	-0.06534238927744425
     8.263000000000321	-0.06534239008120406
     8.263333333333655	-0.06534239087524946
     8.263666666666989	-0.06534239165985417
     8.264000000000323	-0.06534239243510154
     8.264333333333656	-0.06534239320096334
      8.26466666666699	-0.06534239395787612
     8.265000000000324	-0.06534239470490961
     8.265333333333658	-0.06534239544265509
     8.265666666666991	-0.0653423961717569
     8.266000000000325	-0.06534239689227365
     8.266333333333659	-0.06534239760442652
     8.266666666666993	-0.06534239830678649
     8.267000000000326	-0.06534239900063497
      8.26733333333366	-0.06534239968554728
     8.267666666666994	-0.06534240036282357
     8.268000000000328	-0.06534240103122775
     8.268333333333661	-0.06534240169243068
     8.268666666666995	-0.06534240238470197
     8.269000000000329	-0.06534240299776951
     8.269333333333662	-0.0653424035969665
     8.269666666666996	-0.06534240425138975
      8.27000000000033	-0.06534240489262078
     8.270333333333664	-0.06534240544750307
     8.270666666666997	-0.06534240605493383
     8.271000000000331	-0.06534240666474343
     8.271333333333665	-0.06534240723501919
     8.271666666666999	-0.06534240779464127
     8.272000000000332	-0.06534240835581744
     8.272333333333666	-0.06534240891075535
        8.272666666667	-0.06534240945878309
     8.273000000000334	-0.06534241000262246
     8.273333333333667	-0.06534241054200524
     8.273666666667001	-0.06534241107239758
     8.274000000000335	-0.06534241159258902
     8.274333333333669	-0.06534241210629532
     8.274666666667002	-0.06534241261784086
     8.275000000000336	-0.06534241312545772
      8.27533333333367	-0.06534241362750016
     8.275666666667004	-0.06534241412035363
     8.276000000000337	-0.06534241460553535
     8.276333333333671	-0.06534241508597152
     8.276666666667005	-0.06534241556240296
     8.277000000000339	-0.06534241603345652
     8.277333333333672	-0.06534241649779265
     8.277666666667006	-0.06534241695606863
      8.27800000000034	-0.06534241740756026
     8.278333333333673	-0.0653424178532323
     8.278666666667007	-0.06534241829459209
     8.279000000000341	-0.06534241873007181
     8.279333333333675	-0.06534241915936106
     8.279666666667008	-0.06534241958362473
     8.280000000000342	-0.06534242000181339
     8.280333333333676	-0.06534242041439532
      8.28066666666701	-0.06534242082191828
     8.281000000000343	-0.0653424212244955
     8.281333333333677	-0.06534242162192029
     8.281666666667011	-0.0653424220139537
     8.282000000000345	-0.06534242240150649
     8.282333333333678	-0.06534242278313231
     8.282666666667012	-0.06534242315916512
     8.283000000000346	-0.06534242353047169
      8.28333333333368	-0.06534242389747591
     8.283666666667013	-0.06534242426081034
     8.284000000000347	-0.06534242461817967
     8.284333333333681	-0.06534242497061804
     8.284666666667015	-0.06534242531767021
     8.285000000000348	-0.06534242566020705
     8.285333333333682	-0.06534242600025957
     8.285666666667016	-0.0653424263347326
      8.28600000000035	-0.06534242666352101
     8.286333333333683	-0.0653424269878231
     8.286666666667017	-0.06534242730939512
     8.287000000000351	-0.06534242762669396
     8.287333333333684	-0.06534242793906687
     8.287666666667018	-0.0653424282469362
     8.288000000000352	-0.06534242855170125
     8.288333333333686	-0.06534242885277021
     8.288666666667019	-0.06534242914873445
     8.289000000000353	-0.06534242944078893
     8.289333333333687	-0.06534242972899043
     8.289666666667021	-0.06534243001364731
     8.290000000000354	-0.06534243029484836
     8.290333333333688	-0.06534243057261904

     9.000333333333334	-0.06477706088072199
     9.000666666666667	-0.06644702549994269
     9.001000000000001	-0.06787752816891347
     9.001333333333335	-0.06682655270575773
     9.001666666666669	-0.06447336993655389
     9.002000000000002	-0.06374931704246918
     9.002333333333336	-0.06536529622306694
      9.00266666666667	-0.06726820454930284
     9.003000000000004	-0.06734949980879061
     9.003333333333337	-0.06587130776159192
     9.003666666666671	-0.06464461494745044
     9.004000000000005	-0.06487246813181055
     9.004333333333339	-0.06598190619817053
     9.004666666666672	-0.06666499999944903
     9.005000000000006	-0.06636798718844279
      9.00533333333334	-0.06565953304166181
     9.005666666666674	-0.06534795425090939
     9.006000000000007	-0.06562827072393344
     9.006333333333341	-0.06606704485185326
     9.006666666666675	-0.06620880836397187
     9.007000000000009	-0.06602355664707142
     9.007333333333342	-0.06580642402759064
     9.007666666666676	-0.06578913862758663
      9.00800000000001	-0.06593308513341956
     9.008333333333344	-0.06606776783258017
     9.008666666666677	-0.06608522685480736
     9.009000000000011	-0.06602506847768642
     9.009333333333345	-0.06598791073126752
     9.009666666666678	-0.06601597302445665
     9.010000000000012	-0.06607853490859684
     9.010333333333346	-0.06612172118292069
      9.01066666666668	-0.06612943367677276
     9.011000000000013	-0.06612791133048034
     9.011333333333347	-0.06614007489718268
     9.011666666666681	-0.06616785297022953
     9.012000000000015	-0.06619906050829523
     9.012333333333348	-0.06622332097047388
     9.012666666666682	-0.06624009531009473
     9.013000000000016	-0.06625738436643343
      9.01333333333335	-0.06627860041526262
     9.013666666666683	-0.06630226306251713
     9.014000000000017	-0.06632552425136552
     9.014333333333351	-0.06634793205440946
     9.014666666666685	-0.06636907312460051
     9.015000000000018	-0.06639141978072474
     9.015333333333352	-0.06641320130968871
     9.015666666666686	-0.06643569122277895
      9.01600000000002	-0.06645718005750866
     9.016333333333353	-0.06647747195292027
     9.016666666666687	-0.06649932664203176
     9.017000000000021	-0.06652180787884651
     9.017333333333355	-0.06654320846137254
     9.017666666666688	-0.06656297309847974
     9.018000000000022	-0.06658209403847294
     9.018333333333356	-0.0666015869209919
     9.018666666666689	-0.06662158668439061
     9.019000000000023	-0.06664133265898774
     9.019333333333357	-0.06665959415525326
     9.019666666666691	-0.066677679437151
     9.020000000000024	-0.06669495102675899
     9.020333333333358	-0.06671152426637181
     9.020666666666692	-0.06672776328024095
     9.021000000000026	-0.06674384929461442
     9.021333333333359	-0.06675948635594794
     9.021666666666693	-0.06677427548155222
     9.022000000000027	-0.06678814665538618
     9.022333333333361	-0.06680136330545872
     9.022666666666694	-0.0668141209870813
     9.023000000000028	-0.06682627286567186
     9.023333333333362	-0.06683803062602124
     9.023666666666696	-0.06684921349379616
     9.024000000000029	-0.06685961225196847
     9.024333333333363	-0.06686923340116077
     9.024666666666697	-0.06687824308971162
     9.025000000000031	-0.06688675066113453
     9.025333333333364	-0.06689474248443153
     9.025666666666698	-0.06690218327477258
     9.026000000000032	-0.06690895807603828
     9.026333333333366	-0.06691520088360245
     9.026666666666699	-0.06692097651786323
     9.027000000000033	-0.06692620314171248
     9.027333333333367	-0.06693090071717794
       9.0276666666667	-0.06693513244497358
     9.028000000000034	-0.06693892830470442
     9.028333333333368	-0.06694228906045999
     9.028666666666702	-0.06694523033204956
     9.029000000000035	-0.06694778995354128
     9.029333333333369	-0.06695000476615999
     9.029666666666703	-0.06695187889000974
     9.030000000000037	-0.06695340810095547
      9.03033333333337	-0.06695460552250415
     9.030666666666704	-0.06695552602554956
     9.031000000000038	-0.06695622028235465
     9.031333333333372	-0.06695671318129215
     9.031666666666705	-0.06695701227164964
     9.032000000000039	-0.06695703259081778
     9.032333333333373	-0.06695687206731643
     9.032666666666707	-0.0669567931550831
      9.03300000000004	-0.06695647972279012
     9.033333333333374	-0.06695576287712499
     9.033666666666708	-0.06695526346502498
     9.034000000000042	-0.06695484237687264
     9.034333333333375	-0.06695402960053554
     9.034666666666709	-0.06695343942988335
     9.035000000000043	-0.06695262155658403
     9.035333333333377	-0.06695207040337126
      9.03566666666671	-0.06695127616757127
     9.036000000000044	-0.06695372009049318
     9.036333333333378	-0.06695237760380991
     9.036666666666711	-0.06695193106096213
     9.037000000000045	-0.06694938237621811
     9.037333333333379	-0.0669469042389174
     9.037666666666713	-0.06694740386917167
     9.038000000000046	-0.06694871745273914
      9.03833333333338	-0.06694928145121166
     9.038666666666714	-0.06694834921302968
     9.039000000000048	-0.0669471617169999
     9.039333333333381	-0.06694650028851494
     9.039666666666715	-0.06694715318000935
     9.040000000000049	-0.06694827093007553
     9.040333333333383	-0.06694894503233537
     9.040666666666716	-0.06694953206441118
      9.04100000000005	-0.06694954863042978
     9.041333333333384	-0.06694973455542821
     9.041666666666718	-0.0669504453907856
     9.042000000000051	-0.06695150885984885
     9.042333333333385	-0.06695256881688749
     9.042666666666719	-0.06695345955224564
     9.043000000000053	-0.06695429191754329
     9.043333333333386	-0.0669552346278674
      9.04366666666672	-0.06695633676869304
     9.044000000000054	-0.06695751095129268
     9.044333333333388	-0.0669586552400976
     9.044666666666721	-0.06695973580700942
     9.045000000000055	-0.06696079610099978
     9.045333333333389	-0.06696187512822253
     9.045666666666722	-0.06696362621756018
     9.046000000000056	-0.06696540208706526
      9.04633333333339	-0.06696676039890735
     9.046666666666724	-0.06696764980269372
     9.047000000000057	-0.06696818374917284
     9.047333333333391	-0.06696871742924737
     9.047666666666725	-0.06696950924035636
     9.048000000000059	-0.06697046601186994
     9.048333333333392	-0.0669712864364269
     9.048666666666726	-0.06697190980287193
      9.04900000000006	-0.06697233257112158
     9.049333333333394	-0.0669726356199432
     9.049666666666727	-0.06697285904096052
     9.050000000000061	-0.06697299953749968
     9.050333333333395	-0.06697303521426028
     9.050666666666729	-0.06697242973307053
     9.051000000000062	-0.06697172977062656
     9.051333333333396	-0.066971018541471
      9.05166666666673	-0.06697042971032591
     9.052000000000064	-0.06697005535928868
     9.052333333333397	-0.06697005164163095
     9.052666666666731	-0.06696978715511023
     9.053000000000065	-0.06696903323765377
     9.053333333333399	-0.06696744738103698
     9.053666666666732	-0.06696599900049567
     9.054000000000066	-0.06696447904738058
       9.0543333333334	-0.06696345691858756
     9.054666666666733	-0.06696210594923127
     9.055000000000067	-0.06696040548811753
     9.055333333333401	-0.0669585410183328
     9.055666666666735	-0.0669566426140934
     9.056000000000068	-0.06695477012010008
     9.056333333333402	-0.06695354914410501
     9.056666666666736	-0.06695113157211822
      9.05700000000007	-0.06694781499546532
     9.057333333333403	-0.06694553889036141
     9.057666666666737	-0.06694389951440873
     9.058000000000071	-0.06694125856196186
     9.058333333333405	-0.06693797873390935
     9.058666666666738	-0.06693495656413408
     9.059000000000072	-0.06693239084837765
     9.059333333333406	-0.06692989571188988
      9.05966666666674	-0.06692709969065427
     9.060000000000073	-0.06692394970476809
     9.060333333333407	-0.06692075693727659
     9.060666666666741	-0.06691767672196143
     9.061000000000075	-0.06691510469367327
     9.061333333333408	-0.06691231724636254
     9.061666666666742	-0.0669091946020338
     9.062000000000076	-0.0669059287753198
      9.06233333333341	-0.06690274987735668
     9.062666666666743	-0.06689974391595251
     9.063000000000077	-0.06689667375835716
     9.063333333333411	-0.06689384511770878
     9.063666666666744	-0.06689019006355541
     9.064000000000078	-0.06688803335729378
     9.064333333333412	-0.06688548570691479
     9.064666666666746	-0.06688132432394098
     9.065000000000079	-0.06687906883755157
     9.065333333333413	-0.06687674326795885
     9.065666666666747	-0.06687403340249368
     9.066000000000081	-0.06687103097882939
     9.066333333333414	-0.0668685372891118
     9.066666666666748	-0.06686607232819745
     9.067000000000082	-0.06686301000891648
     9.067333333333416	-0.06686046940594308
     9.067666666666749	-0.06685732462760924
     9.068000000000083	-0.06685524964319013
     9.068333333333417	-0.06685296357532396
     9.068666666666751	-0.06685077027233172
     9.069000000000084	-0.06684826688592589
     9.069333333333418	-0.06684570661178012
     9.069666666666752	-0.0668435568903807
     9.070000000000086	-0.06684139779952983
     9.070333333333419	-0.06683946040671035
     9.070666666666753	-0.06683791919299222
     9.071000000000087	-0.06683601862302753
     9.071333333333421	-0.06683403634346728
     9.071666666666754	-0.06683250800416704
     9.072000000000088	-0.06683063961069936
     9.072333333333422	-0.06682887550824886
     9.072666666666755	-0.06682775740015738
     9.073000000000089	-0.06682621321163879
     9.073333333333423	-0.06682459753760699
     9.073666666666757	-0.06682356728700438
      9.07400000000009	-0.06682217343739141
     9.074333333333424	-0.06682077175068134
     9.074666666666758	-0.06681996105737407
     9.075000000000092	-0.06681883034005724
     9.075333333333425	-0.06681753863091784
     9.075666666666759	-0.06681685910297377
     9.076000000000093	-0.06681582541453768
     9.076333333333427	-0.06681487409109611
      9.07666666666676	-0.06681415873832239
     9.077000000000094	-0.06681292900149888
     9.077333333333428	-0.06681208973764791
     9.077666666666762	-0.06681196688260874
     9.078000000000095	-0.06681124646752597
     9.078333333333429	-0.06681021992541815
     9.078666666666763	-0.06680960602222941
     9.079000000000097	-0.0668092386061785
      9.07933333333343	-0.06680879708325201
     9.079666666666764	-0.06680842497162005
     9.080000000000098	-0.06680797902792532
     9.080333333333432	-0.06680742134529538
     9.080666666666765	-0.06680719500976999
     9.081000000000099	-0.0668066786065593
     9.081333333333433	-0.06680619978901266
     9.081666666666766	-0.06680605994368718
       9.0820000000001	-0.0668057982296236
     9.082333333333434	-0.06680543348880279
     9.082666666666768	-0.06680519394673214
     9.083000000000101	-0.0668048485007941
     9.083333333333435	-0.06680479803039829
     9.083666666666769	-0.06680490242898192
     9.084000000000103	-0.06680452701991867
     9.084333333333436	-0.06680411833964567
      9.08466666666677	-0.06680379600646709
     9.085000000000104	-0.06680351923056983
     9.085333333333438	-0.06680325802929546
     9.085666666666771	-0.06680300927320663
     9.086000000000105	-0.06680279525007213
     9.086333333333439	-0.06680255155717113
     9.086666666666773	-0.06680220631191618
     9.087000000000106	-0.06680192609149201
      9.08733333333344	-0.06680165401923666
     9.087666666666774	-0.06680130368173279
     9.088000000000108	-0.06680108061024274
     9.088333333333441	-0.06680084820073247
     9.088666666666775	-0.0668004458176177
     9.089000000000109	-0.06680017042011083
     9.089333333333443	-0.06679991180841681
     9.089666666666776	-0.06679948528938662
      9.09000000000011	-0.06679924297625378
     9.090333333333444	-0.0667990036130319
     9.090666666666777	-0.06679856540750391
     9.091000000000111	-0.06679827555882925
     9.091333333333445	-0.06679797885879489
     9.091666666666779	-0.06679759491115726
     9.092000000000112	-0.06679733754822623
     9.092333333333446	-0.06679706261720356
      9.09266666666678	-0.06679660492035099
     9.093000000000114	-0.06679631588923296
     9.093333333333447	-0.06679606157643619
     9.093666666666781	-0.0667956533377996
     9.094000000000115	-0.06679536062385677
     9.094333333333449	-0.06679510393365853
     9.094666666666782	-0.06679472824257859
     9.095000000000116	-0.06679444380718792
      9.09533333333345	-0.06679418659944408
     9.095666666666784	-0.06679381060713746
     9.096000000000117	-0.06679353696262715
     9.096333333333451	-0.06679330462795523
     9.096666666666785	-0.06679303133305414
     9.097000000000119	-0.06679266804638186
     9.097333333333452	-0.06679242565726802
     9.097666666666786	-0.0667922202327365
      9.09800000000012	-0.06679197457675512
     9.098333333333454	-0.06679166561587138
     9.098666666666787	-0.06679146776200076
     9.099000000000121	-0.06679128360184516
     9.099333333333455	-0.0667910510222543
     9.099666666666788	-0.06679078620955138
     9.100000000000122	-0.06679064976405387
     9.100333333333456	-0.06679049945369955
      9.10066666666679	-0.06679030595981332
     9.101000000000123	-0.06679011364352123
     9.101333333333457	-0.06678995703350758
     9.101666666666791	-0.06678982836012133
     9.102000000000125	-0.06678969659264862
     9.102333333333458	-0.06678958637617771
     9.102666666666792	-0.06678947850029877
     9.103000000000126	-0.06678937486384527
      9.10333333333346	-0.06678928111505815
     9.103666666666793	-0.06678920412438714
     9.104000000000127	-0.06678914402951565
     9.104333333333461	-0.0667890935340672
     9.104666666666795	-0.0667890486270198
     9.105000000000128	-0.0667890093802275
     9.105333333333462	-0.06678898110074329
     9.105666666666796	-0.06678896705804932
      9.10600000000013	-0.06678896502305878
     9.106333333333463	-0.06678897043517551
     9.106666666666797	-0.06678897131328589
     9.107000000000131	-0.0667890009373594
     9.107333333333465	-0.06678903620237406
     9.107666666666798	-0.0667890728699292
     9.108000000000132	-0.06678910300733652
     9.108333333333466	-0.06678916571781932
     9.108666666666799	-0.06678922057295705
     9.109000000000133	-0.06678929794934521
     9.109333333333467	-0.06678935867467513
     9.109666666666801	-0.06678944447043059
     9.110000000000134	-0.06678951816885668
     9.110333333333468	-0.06678960981629986
     9.110666666666802	-0.06678970857022662
     9.111000000000136	-0.06678980868886572
     9.111333333333469	-0.06678990938624972
     9.111666666666803	-0.06679001295009827
     9.112000000000137	-0.06679012205928292
     9.112333333333471	-0.06679023617193947
     9.112666666666804	-0.06679035325179689
     9.113000000000138	-0.06679047141550684
     9.113333333333472	-0.06679059071467713
     9.113666666666806	-0.0667907121456225
     9.114000000000139	-0.06679083614333685
     9.114333333333473	-0.06679096200415777
     9.114666666666807	-0.06679108872663753
     9.115000000000141	-0.06679121585238874
     9.115333333333474	-0.06679134349699349
     9.115666666666808	-0.06679147179485503
     9.116000000000142	-0.06679160056089581
     9.116333333333476	-0.06679172939565961
     9.116666666666809	-0.06679185795181368
     9.117000000000143	-0.06679198610831509
     9.117333333333477	-0.0667921137523486
      9.11766666666681	-0.06679224082004745
     9.118000000000144	-0.06679236759590831
     9.118333333333478	-0.06679249227155473
     9.118666666666812	-0.06679261720766233
     9.119000000000145	-0.0667927404800903
     9.119333333333479	-0.06679286360146834
     9.119666666666813	-0.0667929836470303
     9.120000000000147	-0.06679310400709892
      9.12033333333348	-0.06679322154374429
     9.120666666666814	-0.06679333972651555
     9.121000000000148	-0.06679345417638362
     9.121333333333482	-0.06679356940030499
     9.121666666666815	-0.06679368128048008
     9.122000000000149	-0.06679379146138488
     9.122333333333483	-0.06679390337382902
     9.122666666666817	-0.06679401156393293
      9.12300000000015	-0.06679411554746641
     9.123333333333484	-0.06679422265677319
     9.123666666666818	-0.06679432733296471
     9.124000000000152	-0.06679442906744748
     9.124333333333485	-0.0667945295494809
     9.124666666666819	-0.06679462937917591
     9.125000000000153	-0.06679472824600471
     9.125333333333487	-0.06679482558069753
      9.12566666666682	-0.06679492134585062
     9.126000000000154	-0.06679501578842401
     9.126333333333488	-0.06679510905966266
     9.126666666666821	-0.06679519905086596
     9.127000000000155	-0.06679529389229399
     9.127333333333489	-0.06679538438144041
     9.127666666666823	-0.06679547328942693
     9.128000000000156	-0.066795561621149
      9.12833333333349	-0.06679564965367829
     9.128666666666824	-0.06679573659631742
     9.129000000000158	-0.06679582254499902
     9.129333333333491	-0.06679590764717212
     9.129666666666825	-0.06679599206747257
     9.130000000000159	-0.06679607593080138
     9.130333333333493	-0.06679615919314737
     9.130666666666826	-0.06679624168886709
      9.13100000000016	-0.06679632341701629
     9.131333333333494	-0.06679640443274416
     9.131666666666828	-0.06679648527516018
     9.132000000000161	-0.06679656568295365
     9.132333333333495	-0.06679664531434713
     9.132666666666829	-0.0667967242636081
     9.133000000000163	-0.06679680272928529
     9.133333333333496	-0.06679688081506957
      9.13366666666683	-0.0667969584300282
     9.134000000000164	-0.06679703550707704
     9.134333333333498	-0.06679711204332263
     9.134666666666831	-0.06679718813279426
     9.135000000000165	-0.06679726368629578
     9.135333333333499	-0.06679733873966269
     9.135666666666832	-0.06679741331467592
     9.136000000000166	-0.0667974874728119
       9.1363333333335	-0.06679756108631647
     9.136666666666834	-0.0667976341531042
     9.137000000000167	-0.06679770650256298
     9.137333333333501	-0.06679777822250926
     9.137666666666835	-0.06679784934808708
     9.138000000000169	-0.06679792000267944
     9.138333333333502	-0.06679798988769164
     9.138666666666836	-0.06679805898916262
      9.13900000000017	-0.06679812742497283
     9.139333333333504	-0.06679819533905326
     9.139666666666837	-0.0667982628450793
     9.140000000000171	-0.06679832973273438
     9.140333333333505	-0.06679839536501203
     9.140666666666839	-0.06679845993763485
     9.141000000000172	-0.06679852378600916
     9.141333333333506	-0.06679858699031714
      9.14166666666684	-0.0667986494513847
     9.142000000000174	-0.06679871097099194
     9.142333333333507	-0.06679877143300418
     9.142666666666841	-0.06679883087618507
     9.143000000000175	-0.06679888939924998
     9.143333333333509	-0.0667989470270241
     9.143666666666842	-0.06679900368256796
     9.144000000000176	-0.06679905926697531
      9.14433333333351	-0.06679911370687061
     9.144666666666843	-0.06679916682188478
     9.145000000000177	-0.06679921906833858
     9.145333333333511	-0.0667992706127644
     9.145666666666845	-0.06679932124527393
     9.146000000000178	-0.06679937073743576
     9.146333333333512	-0.06679941859430112
     9.146666666666846	-0.06679946504740963
      9.14700000000018	-0.0667995105455236
     9.147333333333513	-0.06679955519993179
     9.147666666666847	-0.06679959889439603
     9.148000000000181	-0.06679964135229434
     9.148333333333515	-0.06679968247498946
     9.148666666666848	-0.06679972237351574
     9.149000000000182	-0.06679976120279935
     9.149333333333516	-0.06679979905076873
      9.14966666666685	-0.06679983577952472
     9.150000000000183	-0.0667998713739142
     9.150333333333517	-0.06679990578336176
     9.150666666666851	-0.0667999390876618
     9.151000000000185	-0.06679997139311418
     9.151333333333518	-0.06680000267895851
     9.151666666666852	-0.06680003287607561
     9.152000000000186	-0.06680006204407282
      9.15233333333352	-0.06680009649952819
     9.152666666666853	-0.06680012186524198
     9.153000000000187	-0.06680014165261763
     9.153333333333521	-0.06680016396748104
     9.153666666666854	-0.06680019070136967
     9.154000000000188	-0.06680021837731896
     9.154333333333522	-0.06680024247568746
     9.154666666666856	-0.06680026237820666
     9.155000000000189	-0.06680028039031488
     9.155333333333523	-0.06680029974033612
     9.155666666666857	-0.0668003205745047
     9.156000000000191	-0.06680034059780289
     9.156333333333524	-0.06680035856842376
     9.156666666666858	-0.06680037511794309
     9.157000000000192	-0.06680039121607327
     9.157333333333526	-0.06680040708975617
     9.157666666666859	-0.06680042250113256
     9.158000000000193	-0.06680043731532301
     9.158333333333527	-0.06680045159037748
     9.158666666666861	-0.0668004653311997
     9.159000000000194	-0.06680047851613716
     9.159333333333528	-0.0668004911207726
     9.159666666666862	-0.0668005032546919
     9.160000000000196	-0.06680051505356319
     9.160333333333529	-0.06680052655321193
     9.160666666666863	-0.06680053770457736
     9.161000000000197	-0.0668005484358907
     9.161333333333531	-0.06680055875951711
     9.161666666666864	-0.06680056877995176
     9.162000000000198	-0.06680057858776021
     9.162333333333532	-0.06680058814457722
     9.162666666666865	-0.06680059910611484
     9.163000000000199	-0.06680060685873722
     9.163333333333533	-0.06680061464572877
     9.163666666666867	-0.06680062550406993
       9.1640000000002	-0.06680063250760336
     9.164333333333534	-0.06680064151838276
     9.164666666666868	-0.06680064815412662
     9.165000000000202	-0.06680065750001213
     9.165333333333535	-0.06680066372657502
     9.165666666666869	-0.06680067259735836
     9.166000000000203	-0.0668006812377042
     9.166333333333537	-0.06680068626793687
      9.16666666666687	-0.06680069400974085
     9.167000000000204	-0.066800702167482
     9.167333333333538	-0.06680070899659599
     9.167666666666872	-0.06680071379119944
     9.168000000000205	-0.0668007216660387
     9.168333333333539	-0.06680072930284815
     9.168666666666873	-0.06680073564654818
     9.169000000000207	-0.06680074229734412
      9.16933333333354	-0.06680074915783667
     9.169666666666874	-0.06680075514424304
     9.170000000000208	-0.06680076072990865
     9.170333333333542	-0.06680076669774168
     9.170666666666875	-0.06680077310350951
     9.171000000000209	-0.0668007794193914
     9.171333333333543	-0.06680078538681931
     9.171666666666876	-0.06680079114749608
      9.17200000000021	-0.06680079687282253
     9.172333333333544	-0.06680080262702658
     9.172666666666878	-0.06680080837937181
     9.173000000000211	-0.06680081406942298
     9.173333333333545	-0.06680081965404859
     9.173666666666879	-0.06680082515182435
     9.174000000000213	-0.06680082718504886
     9.174333333333546	-0.0668008339710735
      9.17466666666688	-0.06680084204616553
     9.175000000000214	-0.06680084576018479
     9.175333333333548	-0.06680085073661651
     9.175666666666881	-0.06680085673855914
     9.176000000000215	-0.06680086064707084
     9.176333333333549	-0.06680086630905614
     9.176666666666883	-0.06680086971669552
     9.177000000000216	-0.06680087583995313
      9.17733333333355	-0.06680088065677943
     9.177666666666884	-0.06680088626580291
     9.178000000000218	-0.0668008891623411
     9.178333333333551	-0.06680089226958549
     9.178666666666885	-0.06680089838995272
     9.179000000000219	-0.06680090302429996
     9.179333333333553	-0.06680090659488135
     9.179666666666886	-0.06680091142590169
      9.18000000000022	-0.06680091461294561
     9.180333333333554	-0.06680091731568641
     9.180666666666887	-0.06680092097907257
     9.181000000000221	-0.06680092509046751
     9.181333333333555	-0.06680092878273891
     9.181666666666889	-0.0668009318941532
     9.182000000000222	-0.06680093523944583
     9.182333333333556	-0.06680093782703535
      9.18266666666689	-0.06680094033428212
     9.183000000000224	-0.06680094307528006
     9.183333333333557	-0.06680094602448075
     9.183666666666891	-0.06680094886419463
     9.184000000000225	-0.06680095122709008
     9.184333333333559	-0.06680095315436933
     9.184666666666892	-0.06680095507427142
     9.185000000000226	-0.06680095812421254
      9.18533333333356	-0.06680095976867986
     9.185666666666894	-0.06680096065747754
     9.186000000000227	-0.06680096206217159
     9.186333333333561	-0.0668009641605439
     9.186666666666895	-0.06680096626483782
     9.187000000000229	-0.06680096788531567
     9.187333333333562	-0.0668009703337286
     9.187666666666896	-0.0668009707629847
      9.18800000000023	-0.06680097058669204
     9.188333333333564	-0.06680097150992911
     9.188666666666897	-0.06680097339554014
     9.189000000000231	-0.06680097673580197
     9.189333333333565	-0.0668009790568148
     9.189666666666898	-0.06680097757236808
     9.190000000000232	-0.06680097580910792
     9.190333333333566	-0.06680097661970039
       9.1906666666669	-0.06680098089134266
     9.191000000000233	-0.06680098452313933
     9.191333333333567	-0.06680098300015881
     9.191666666666901	-0.06680098019825685
     9.192000000000235	-0.06680098205085593
     9.192333333333568	-0.06680098571902895
     9.192666666666902	-0.06680098814881037
     9.193000000000236	-0.06680098595245516
      9.19333333333357	-0.06680098567737125
     9.193666666666903	-0.06680098747263173
     9.194000000000237	-0.06680098964193541
     9.194333333333571	-0.06680099077162301
     9.194666666666905	-0.06680098880558992
     9.195000000000238	-0.06680098962668517
     9.195333333333572	-0.06680099199362606
     9.195666666666906	-0.06680099398588309
      9.19600000000024	-0.06680099458943843
     9.196333333333573	-0.06680099453387284
     9.196666666666907	-0.06680099484414252
     9.197000000000241	-0.06680099585045063
     9.197333333333575	-0.06680099720435075
     9.197666666666908	-0.06680099840520377
     9.198000000000242	-0.06680099926263272
     9.198333333333576	-0.06680099998533646
     9.198666666666909	-0.06680100084148756
     9.199000000000243	-0.06680100190846347
     9.199333333333577	-0.06680100308135399
     9.199666666666911	-0.06680100422876305
     9.200000000000244	-0.06680100531425301
     9.200333333333578	-0.06680100639251479
     9.200666666666912	-0.06680100568121995
     9.201000000000246	-0.06680100744965402
     9.201333333333579	-0.06680101026155344
     9.201666666666913	-0.06680101226346472
     9.202000000000247	-0.0668010131302855
     9.202333333333581	-0.06680101362451719
     9.202666666666914	-0.066801012884636
     9.203000000000248	-0.06680101333079044
     9.203333333333582	-0.06680101715137329
     9.203666666666916	-0.06680102086214033
     9.204000000000249	-0.06680102237879396
     9.204333333333583	-0.06680102252833436
     9.204666666666917	-0.06680102149248268
     9.205000000000251	-0.06680102193884194
     9.205333333333584	-0.06680102430081096
     9.205666666666918	-0.06680102890258659
     9.206000000000252	-0.06680103203916327
     9.206333333333586	-0.06680103288434956
     9.206666666666919	-0.06680103166187236
     9.207000000000253	-0.06680103167442004
     9.207333333333587	-0.06680103385744397
      9.20766666666692	-0.06680103721079513
     9.208000000000254	-0.06680103986433153
     9.208333333333588	-0.0668010412084607
     9.208666666666922	-0.06680104214754086
     9.209000000000255	-0.06680104351269957
     9.209333333333589	-0.06680104548789256
     9.209666666666923	-0.06680104773573838
     9.210000000000257	-0.06680104986087883
      9.21033333333359	-0.06680105161519681
     9.210666666666924	-0.06680105320538293
     9.211000000000258	-0.06680105490492438
     9.211333333333592	-0.06680105679363875
     9.211666666666925	-0.06680105879216375
     9.212000000000259	-0.06680106080963785
     9.212333333333593	-0.06680106275535409
     9.212666666666927	-0.06680106457069619
      9.21300000000026	-0.0668010663732809
     9.213333333333594	-0.06680106825610255
     9.213666666666928	-0.06680107021016528
     9.214000000000262	-0.06680107221975411
     9.214333333333595	-0.0668010741611962
     9.214666666666929	-0.06680107606688725
     9.215000000000263	-0.06680107796101892
     9.215333333333596	-0.06680107987262925
      9.21566666666693	-0.06680108181735588
     9.216000000000264	-0.06680108378079259
     9.216333333333598	-0.06680108573723796
     9.216666666666931	-0.06680108767023607
     9.217000000000265	-0.06680108958919284
     9.217333333333599	-0.06680109150905215
     9.217666666666933	-0.0668010934393725
     9.218000000000266	-0.06680109537783513
       9.2183333333336	-0.06680109731612474
     9.218666666666934	-0.06680109924660227
     9.219000000000268	-0.0668011011670735
     9.219333333333601	-0.0668011030812089
     9.219666666666935	-0.06680110499346037
     9.220000000000269	-0.06680110690580748
     9.220333333333603	-0.0668011088164015
     9.220666666666936	-0.06680111072238976
      9.22100000000027	-0.06680111262220711
     9.221333333333604	-0.06680111451598665
     9.221666666666938	-0.06680111640454502
     9.222000000000271	-0.06680111828823188
     9.222333333333605	-0.06680112016658439
     9.222666666666939	-0.06680112203883082
     9.223000000000273	-0.06680112390457472
     9.223333333333606	-0.06680112576396534
      9.22366666666694	-0.06680112761727851
     9.224000000000274	-0.06680112946444557
     9.224333333333607	-0.06680113130498028
     9.224666666666941	-0.06680113313828619
     9.225000000000275	-0.06680113496410622
     9.225333333333609	-0.06680113678250131
     9.225666666666942	-0.06680113859236753
     9.226000000000276	-0.06680114039592708
      9.22633333333361	-0.06680114219279178
     9.226666666666944	-0.06680114398125951
     9.227000000000277	-0.06680114576043863
     9.227333333333611	-0.06680114753138607
     9.227666666666945	-0.06680114929456143
     9.228000000000279	-0.06680115104984273
     9.228333333333612	-0.06680115279675733
     9.228666666666946	-0.06680115453483988
      9.22900000000028	-0.06680115626365737
     9.229333333333614	-0.06680115798367746
     9.229666666666947	-0.06680115969480159
     9.230000000000281	-0.06680116139680499
     9.230333333333615	-0.06680116308995875
     9.230666666666949	-0.06680116477398301
     9.231000000000282	-0.06680116644861117
     9.231333333333616	-0.06680116811371871
      9.23166666666695	-0.06680116976919798
     9.232000000000284	-0.06680117141489601
     9.232333333333617	-0.0668011730508338
     9.232666666666951	-0.06680117467689876
     9.233000000000285	-0.06680117629311612
     9.233333333333618	-0.0668011778994555
     9.233666666666952	-0.06680117949566131
     9.234000000000286	-0.0668011810814596
      9.23433333333362	-0.06680118265683548
     9.234666666666953	-0.06680118422176638
     9.235000000000287	-0.06680118577622141
     9.235333333333621	-0.06680118732022468
     9.235666666666955	-0.06680118885367246
     9.236000000000288	-0.06680119037625649
     9.236333333333622	-0.06680119188773406
     9.236666666666956	-0.06680119338819221
      9.23700000000029	-0.06680119487751411
     9.237333333333623	-0.06680119635563909
     9.237666666666957	-0.06680119782277086
     9.238000000000291	-0.06680119927913268
     9.238333333333625	-0.06680120072361979
     9.238666666666958	-0.0668012021561368
     9.239000000000292	-0.06680120357750596
     9.239333333333626	-0.06680120498779836
      9.23966666666696	-0.06680120638664531
     9.240000000000293	-0.06680120777342452
     9.240333333333627	-0.06680120914811762
     9.240666666666961	-0.06680121051139981
     9.241000000000295	-0.06680121186628236
     9.241333333333628	-0.06680121320237657
     9.241666666666962	-0.06680121453677304
     9.242000000000296	-0.06680121584804002
     9.242333333333629	-0.06680121714506472
     9.242666666666963	-0.06680121844960787
     9.243000000000297	-0.06680121972961291
     9.243333333333631	-0.06680122098920568
     9.243666666666964	-0.06680122224501718
     9.244000000000298	-0.06680122349620603
     9.244333333333632	-0.06680122473466031
     9.244666666666966	-0.06680122594984883
     9.245000000000299	-0.06680122715105044
     9.245333333333633	-0.06680122834739254
     9.245666666666967	-0.06680122953625624
     9.246000000000301	-0.06680123071208634
     9.246333333333634	-0.06680123187237513
     9.246666666666968	-0.06680123301981748
     9.247000000000302	-0.06680123415614179
     9.247333333333636	-0.06680123528256765
     9.247666666666969	-0.06680123639823178
     9.248000000000303	-0.06680123750170953
     9.248333333333637	-0.06680123859264291
     9.248666666666971	-0.06680123967243531
     9.249000000000304	-0.06680124074053045
     9.249333333333638	-0.06680124179742697
     9.249666666666972	-0.06680124284342627
     9.250000000000306	-0.06680124387845772
     9.250333333333639	-0.06680124490230498
     9.250666666666973	-0.06680124591492623
     9.251000000000307	-0.06680124691654019
      9.25133333333364	-0.06680124790739012
     9.251666666666974	-0.06680124888759197
     9.252000000000308	-0.06680124985714195
     9.252333333333642	-0.06680125081603441
     9.252666666666975	-0.06680125176435203
     9.253000000000309	-0.06680125270286402
     9.253333333333643	-0.06680125362971527
     9.253666666666977	-0.0668012545467211
      9.25400000000031	-0.06680125545422902
     9.254333333333644	-0.06680125635183749
     9.254666666666978	-0.06680125723914193
     9.255000000000312	-0.06680125811624586
     9.255333333333645	-0.06680125898356112
     9.255666666666979	-0.06680125984136426
     9.256000000000313	-0.06680126068967117
     9.256333333333647	-0.06680126152839912
      9.25666666666698	-0.06680126235755993
     9.257000000000314	-0.06680126317730924
     9.257333333333648	-0.06680126398784009
     9.257666666666982	-0.06680126478925592
     9.258000000000315	-0.06680126558156743
     9.258333333333649	-0.06680126636427305
     9.258666666666983	-0.06680126713922573
     9.259000000000317	-0.06680126790440155
      9.25933333333365	-0.06680126866092331
     9.259666666666984	-0.06680126940893964
     9.260000000000318	-0.06680127014837541
     9.260333333333651	-0.06680127087863262
     9.260666666666985	-0.06680127160101949
     9.261000000000319	-0.0668012723152701
     9.261333333333653	-0.06680127302092999
     9.261666666666986	-0.06680127371800182
      9.26200000000032	-0.06680127440687086
     9.262333333333654	-0.06680127508782435
     9.262666666666988	-0.06680127576086738
     9.263000000000321	-0.06680127642588986
     9.263333333333655	-0.0668012771161426
     9.263666666666989	-0.06680127775364475
     9.264000000000323	-0.06680127836005939
     9.264333333333656	-0.06680127899850499
      9.26466666666699	-0.06680127965581174
     9.265000000000324	-0.0668012802226107
     9.265333333333658	-0.06680128082531084
     9.265666666666991	-0.06680128145592279
     9.266000000000325	-0.06680128203703441
     9.266333333333659	-0.06680128259322973
     9.266666666666993	-0.06680128314819671
     9.267000000000326	-0.06680128373445228
      9.26733333333366	-0.06680128429918986
     9.267666666666994	-0.06680128483840198
     9.268000000000328	-0.06680128537397452
     9.268333333333661	-0.06680128591654275
     9.268666666666995	-0.06680128645473631
     9.269000000000329	-0.0668012869813064
     9.269333333333662	-0.06680128749793496
     9.269666666666996	-0.06680128800931015
      9.27000000000033	-0.06680128851799215
     9.270333333333664	-0.06680128902234808
     9.270666666666997	-0.06680128952001241
     9.271000000000331	-0.06680129001109193
     9.271333333333665	-0.06680129049477429
     9.271666666666999	-0.06680129097277515
     9.272000000000332	-0.06680129144614251
     9.272333333333666	-0.06680129191506549
        9.272666666667	-0.06680129237721724
     9.273000000000334	-0.06680129283114822
     9.273333333333667	-0.06680129327930888
     9.273666666667001	-0.06680129372430316
     9.274000000000335	-0.06680129416370313
     9.274333333333669	-0.06680129459646413
     9.274666666667002	-0.06680129502358177
     9.275000000000336	-0.06680129544449148
      9.27533333333367	-0.06680129586005586
     9.275666666667004	-0.06680129627148396
     9.276000000000337	-0.06680129667707543
     9.276333333333671	-0.06680129707735052
     9.276666666667005	-0.06680129747122707
     9.277000000000339	-0.0668012978596085
     9.277333333333672	-0.06680129824338306
     9.277666666667006	-0.06680129862263504
      9.27800000000034	-0.06680129899680627
     9.278333333333673	-0.06680129936616239
     9.278666666667007	-0.06680129972930883
     9.279000000000341	-0.06680130008683732
     9.279333333333675	-0.06680130043978151
     9.279666666667008	-0.06680130078934451
     9.280000000000342	-0.06680130113350607
     9.280333333333676	-0.06680130147268007
      9.28066666666701	-0.06680130180613147
     9.281000000000343	-0.06680130213477455
     9.281333333333677	-0.06680130245934823
     9.281666666667011	-0.0668013027812404
     9.282000000000345	-0.06680130309728685
     9.282333333333678	-0.06680130340741629
     9.282666666667012	-0.06680130371304666
     9.283000000000346	-0.06680130401531661
      9.28333333333368	-0.06680130431470557
     9.283666666667013	-0.06680130460924068
     9.284000000000347	-0.06680130489926758
     9.284333333333681	-0.06680130518491223
     9.284666666667015	-0.06680130546570628
     9.285000000000348	-0.06680130574299505
     9.285333333333682	-0.0668013060166195

     10.00033333333333	-0.06621693976333229
     10.00066666666667	-0.06786398776124898
                10.001	-0.06929785859676424
     10.00133333333333	-0.06828860007499106
     10.00166666666667	-0.06597455143707678
                10.002	-0.06523968139850118
     10.00233333333334	-0.0668046638268517
     10.00266666666667	-0.06867452378587158
                10.003	-0.06877379582191741
     10.00333333333334	-0.06733958384870586
     10.00366666666667	-0.06613421771640011
                10.004	-0.06634393689927957
     10.00433333333334	-0.06742168992159603
     10.00466666666667	-0.06809273357925756
     10.00500000000001	-0.0678101832167579
     10.00533333333334	-0.067121769612305
     10.00566666666667	-0.06681516441703318
     10.00600000000001	-0.06708498604345475
     10.00633333333334	-0.06751266934564652
     10.00666666666667	-0.06765262736471289
     10.00700000000001	-0.06747306109345251
     10.00733333333334	-0.06726082366111538
     10.00766666666668	-0.06724194509718352
     10.00800000000001	-0.06738252824757379
     10.00833333333334	-0.06751531928956458
     10.00866666666668	-0.06753225227059767
     10.00900000000001	-0.06747213361589365
     10.00933333333334	-0.06743455205443898
     10.00966666666668	-0.0674620919896647
     10.01000000000001	-0.06752371030460602
     10.01033333333335	-0.06756596011944466
     10.01066666666668	-0.06757228290536139
     10.01100000000001	-0.06756943003807478
     10.01133333333335	-0.06758046424659117
     10.01166666666668	-0.06760734868706772
     10.01200000000001	-0.06763793543788449
     10.01233333333335	-0.06766105076514134
     10.01266666666668	-0.06767627047273682
     10.01300000000002	-0.06769193654057917
     10.01333333333335	-0.06771171454309265
     10.01366666666668	-0.06773437530893509
     10.01400000000002	-0.06775663010850907
     10.01433333333335	-0.06777768316333216
     10.01466666666668	-0.06779715525826648
     10.01500000000002	-0.06781777776353295
     10.01533333333335	-0.06783824760551146
     10.01566666666669	-0.06785945636249746
     10.01600000000002	-0.06787956111345146
     10.01633333333335	-0.06789835352954419
     10.01666666666669	-0.06791863921833434
     10.01700000000002	-0.06793954651319331
     10.01733333333335	-0.06795946546306796
     10.01766666666669	-0.06797782843796318
     10.01800000000002	-0.06799552302160118
     10.01833333333336	-0.06801353361940501
     10.01866666666669	-0.06803204886268686
     10.01900000000002	-0.06804990756460085
     10.01933333333336	-0.06806768315568489
     10.01966666666669	-0.0680841715849331
     10.02000000000002	-0.06809959292959586
     10.02033333333336	-0.06811468437115836
     10.02066666666669	-0.06812988653069818
     10.02100000000003	-0.0681449258594084
     10.02133333333336	-0.0681592659242425
     10.02166666666669	-0.06817265984213768
     10.02200000000003	-0.06818527232037218
     10.02233333333336	-0.06819740749343332
     10.02266666666669	-0.06820917354734721
     10.02300000000003	-0.06822045982635815
     10.02333333333336	-0.06823099153902515
      10.0236666666667	-0.0682410550207271
     10.02400000000003	-0.06825058575292282
     10.02433333333336	-0.06825950247433743
      10.0246666666667	-0.0682677576491799
     10.02500000000003	-0.06827541170484595
     10.02533333333336	-0.06828260328677833
      10.0256666666667	-0.06828935321104737
     10.02600000000003	-0.06829560439849001
     10.02633333333337	-0.06830124664667685
      10.0266666666667	-0.06830642283665284
     10.02700000000003	-0.06831119481143395
     10.02733333333337	-0.06831555448992567
      10.0276666666667	-0.06831938291618576
     10.02800000000003	-0.06832274587288759
     10.02833333333337	-0.0683257579661706
      10.0286666666667	-0.06832847242341085
     10.02900000000004	-0.0683308587558331
     10.02933333333337	-0.06833288238025133
      10.0296666666667	-0.06833456183519709
     10.03000000000004	-0.06833595502852283
     10.03033333333337	-0.06833709824828339
      10.0306666666667	-0.06833800050034955
     10.03100000000004	-0.06833867100485591
     10.03133333333337	-0.06833913810344178
     10.03166666666671	-0.06833943754428203
     10.03200000000004	-0.06833964009977707
     10.03233333333337	-0.06833948436568463
     10.03266666666671	-0.068339445929882
     10.03300000000004	-0.06833923520898806
     10.03333333333337	-0.06833887703417152
     10.03366666666671	-0.06833842805127248
     10.03400000000004	-0.06833795748988833
     10.03433333333338	-0.06833730988850523
     10.03466666666671	-0.06833695412665278
     10.03500000000004	-0.06833664555362061
     10.03533333333338	-0.06833597868279487
     10.03566666666671	-0.06833539928021024
     10.03600000000004	-0.06833498555043921
     10.03633333333338	-0.06833696735190853
     10.03666666666671	-0.06833658551122254
     10.03700000000005	-0.06833389584917389
     10.03733333333338	-0.068331574436769
     10.03766666666671	-0.06833203875429739
     10.03800000000005	-0.06833412253855818
     10.03833333333338	-0.06833504667023102
     10.03866666666671	-0.06833399416528334
     10.03900000000005	-0.06833262349406674
     10.03933333333338	-0.06833273251522276
     10.03966666666672	-0.06833365729951003
     10.04000000000005	-0.06833453289467585
     10.04033333333338	-0.06833510888070315
     10.04066666666672	-0.06833533969818478
     10.04100000000005	-0.06833566995098622
     10.04133333333338	-0.06833635188589926
     10.04166666666672	-0.06833729625168275
     10.04200000000005	-0.06833828912401621
     10.04233333333339	-0.06833917498852431
     10.04266666666672	-0.06834000045003834
     10.04300000000005	-0.068340906199441
     10.04333333333339	-0.06834195118464656
     10.04366666666672	-0.06834306721892017
     10.04400000000005	-0.0683441757024589
     10.04433333333339	-0.06834522591536479
     10.04466666666672	-0.06834624862763247
     10.04500000000005	-0.06834727998772501
     10.04533333333339	-0.06834832995539065
     10.04566666666672	-0.06834996946126812
     10.04600000000006	-0.06835160681235745
     10.04633333333339	-0.06835285284160707
     10.04666666666672	-0.06835366218512667
     10.04700000000006	-0.06835413368863613
     10.04733333333339	-0.06835458433426786
     10.04766666666672	-0.06835527937666785
     10.04800000000006	-0.06835611972533553
     10.04833333333339	-0.06835677683339482
     10.04866666666673	-0.06835736410687493
     10.04900000000006	-0.06835772303156556
     10.04933333333339	-0.06835791131430353
     10.04966666666673	-0.06835801088775871
     10.05000000000006	-0.06835805655449805
     10.05033333333339	-0.06835750827124626
     10.05066666666673	-0.06835695029657836
     10.05100000000006	-0.06835630260872065
      10.0513333333334	-0.06835570849484211
     10.05166666666673	-0.0683553486276548
     10.05200000000006	-0.06835535547747137
      10.0523333333334	-0.06835526221967173
     10.05266666666673	-0.06835436872906187
     10.05300000000006	-0.06835283739658304
      10.0533333333334	-0.06835159074433415
     10.05366666666673	-0.06835023031991797
     10.05400000000007	-0.06834926170688298
      10.0543333333334	-0.06834803578780815
     10.05466666666673	-0.06834638246118287
     10.05500000000007	-0.06834456897525155
      10.0553333333334	-0.06834278348632586
     10.05566666666673	-0.06834105474982057
     10.05600000000007	-0.06833922164874288
      10.0563333333334	-0.06833791837977231
     10.05666666666674	-0.06833548586636683
     10.05700000000007	-0.06833236163651124
      10.0573333333334	-0.06833017889780846
     10.05766666666674	-0.06832827177907258
     10.05800000000007	-0.06832575427113699
      10.0583333333334	-0.06832277242179263
     10.05866666666674	-0.06831999515445743
     10.05900000000007	-0.06831748222963137
     10.05933333333341	-0.06831498260439281
     10.05966666666674	-0.06831223115822177
     10.06000000000007	-0.068309229490133
     10.06033333333341	-0.06830625525953832
     10.06066666666674	-0.06830338461280705
     10.06100000000007	-0.06830086984797853
     10.06133333333341	-0.06829816200224859
     10.06166666666674	-0.06829518460010982
     10.06200000000008	-0.06829210464003163
     10.06233333333341	-0.06828912027686677
     10.06266666666674	-0.06828626962030411
     10.06300000000008	-0.06828344891158142
     10.06333333333341	-0.06828074056631248
     10.06366666666674	-0.06827729827811289
     10.06400000000008	-0.06827507616066318
     10.06433333333341	-0.06827263978943333
     10.06466666666675	-0.06826888559778059
     10.06500000000008	-0.0682667950604917
     10.06533333333341	-0.0682646482285648
     10.06566666666675	-0.0682620502769125
     10.06600000000008	-0.06825956597594703
     10.06633333333341	-0.06825676365241509
     10.06666666666675	-0.06825427754475848
     10.06700000000008	-0.06825133338288544
     10.06733333333342	-0.06824919175199964
     10.06766666666675	-0.06824651243650187
     10.06800000000008	-0.06824458047863655
     10.06833333333342	-0.0682422701652578
     10.06866666666675	-0.06824028511112415
     10.06900000000008	-0.06823785981137573
     10.06933333333342	-0.06823552847604099
     10.06966666666675	-0.06823360010850604
     10.07000000000009	-0.06823156469360769
     10.07033333333342	-0.06822970508889353
     10.07066666666675	-0.06822827664955533
     10.07100000000009	-0.06822651707321641
     10.07133333333342	-0.06822468143228234
     10.07166666666675	-0.06822326498501337
     10.07200000000009	-0.06822152291143911
     10.07233333333342	-0.06821987163714002
     10.07266666666676	-0.06821883359069074
     10.07300000000009	-0.06821740152825587
     10.07333333333342	-0.0682159051476682
     10.07366666666676	-0.06821494475942018
     10.07400000000009	-0.06821371425442806
     10.07433333333342	-0.06821229607976079
     10.07466666666676	-0.06821148900230452
     10.07500000000009	-0.06821042455598147
     10.07533333333343	-0.06820928215320406
     10.07566666666676	-0.0682087395828308
     10.07600000000009	-0.06820775810390167
     10.07633333333343	-0.0682065679286419
     10.07666666666676	-0.06820588301622217
     10.07700000000009	-0.06820517017523814
     10.07733333333343	-0.06820426051697932
     10.07766666666676	-0.06820376387660239
      10.0780000000001	-0.06820303441844618
     10.07833333333343	-0.06820234361560937
     10.07866666666676	-0.06820197988923314
      10.0790000000001	-0.06820151073788738
     10.07933333333343	-0.06820092360872765
     10.07966666666676	-0.0682004496675712
      10.0800000000001	-0.06820006422435373
     10.08033333333343	-0.06819962309488384
     10.08066666666677	-0.06819933140758654
      10.0810000000001	-0.06819887255719655
     10.08133333333343	-0.06819840225668482
     10.08166666666677	-0.06819820187928939
      10.0820000000001	-0.06819788857610609
     10.08233333333343	-0.06819751185751684
     10.08266666666677	-0.06819725806121664
      10.0830000000001	-0.06819725060117252
     10.08333333333344	-0.06819711626294149
     10.08366666666677	-0.06819674709851987
      10.0840000000001	-0.06819634954931497
     10.08433333333344	-0.06819600997947471
     10.08466666666677	-0.06819572190206781
      10.0850000000001	-0.06819544367752835
     10.08533333333344	-0.06819516423315078
     10.08566666666677	-0.06819487756381451
     10.08600000000011	-0.06819463237710335
     10.08633333333344	-0.0681943413797465
     10.08666666666677	-0.06819393874449886
     10.08700000000011	-0.06819364174195608
     10.08733333333344	-0.06819338284772472
     10.08766666666677	-0.06819302314563495
     10.08800000000011	-0.06819276783246697
     10.08833333333344	-0.06819248951993115
     10.08866666666678	-0.06819204909114494
     10.08900000000011	-0.0681917515760276
     10.08933333333344	-0.06819148370422649
     10.08966666666678	-0.06819105678838654
     10.09000000000011	-0.06819077893747288
     10.09033333333344	-0.06819050282479766
     10.09066666666678	-0.06819004666312933
     10.09100000000011	-0.06818971935550479
     10.09133333333344	-0.06818947679438651
     10.09166666666678	-0.06818904793435236
     10.09200000000011	-0.06818873852331599
     10.09233333333345	-0.06818844077700834
     10.09266666666678	-0.06818798804131228
     10.09300000000011	-0.06818769618254469
     10.09333333333345	-0.06818742912905321
     10.09366666666678	-0.06818701024457878
     10.09400000000011	-0.06818669481901748
     10.09433333333345	-0.06818642557746303
     10.09466666666678	-0.06818603465014478
     10.09500000000012	-0.06818574096342554
     10.09533333333345	-0.06818547698240471
     10.09566666666678	-0.06818509761509768
     10.09600000000012	-0.06818481193723896
     10.09633333333345	-0.06818456621423809
     10.09666666666678	-0.06818428540455422
     10.09700000000012	-0.06818392009631571
     10.09733333333345	-0.06818366940831147
     10.09766666666679	-0.0681834547428125
     10.09800000000012	-0.06818319293303303
     10.09833333333345	-0.06818288056768648
     10.09866666666679	-0.06818269113279612
     10.09900000000012	-0.06818250272806874
     10.09933333333345	-0.06818225698893751
     10.09966666666679	-0.06818197994470768
     10.10000000000012	-0.06818182497552208
     10.10033333333346	-0.06818168219443105
     10.10066666666679	-0.06818149150862658
     10.10100000000012	-0.06818128868156421
     10.10133333333346	-0.06818111824144271
     10.10166666666679	-0.06818098157699849
     10.10200000000012	-0.06818084734673566
     10.10233333333346	-0.06818073104306917
     10.10266666666679	-0.06818061503637778
     10.10300000000013	-0.06818050293425018
     10.10333333333346	-0.06818040229753326
     10.10366666666679	-0.06818031834078007
     10.10400000000013	-0.0681802497598567
     10.10433333333346	-0.06818017982285358
     10.10466666666679	-0.0681801339924909
     10.10500000000013	-0.06818009060761344
     10.10533333333346	-0.06818005224083536
      10.1056666666668	-0.0681800121008886
     10.10600000000013	-0.06818000860462219
     10.10633333333346	-0.0681800106221102
      10.1066666666668	-0.06817999550421286
     10.10700000000013	-0.06818000978139861
     10.10733333333346	-0.06818002406741602
      10.1076666666668	-0.06818004449652665
     10.10800000000013	-0.06818009089096901
     10.10833333333347	-0.06818011804183376
      10.1086666666668	-0.06818015754335065
     10.10900000000013	-0.06818021548336055
     10.10933333333347	-0.06818027398763363
      10.1096666666668	-0.06818033652972541
     10.11000000000013	-0.06818040467358211
     10.11033333333347	-0.06818047351772236
      10.1106666666668	-0.06818054966895798
     10.11100000000014	-0.06818063262690854
     10.11133333333347	-0.06818071900756152
      10.1116666666668	-0.06818080715888337
     10.11200000000014	-0.06818089762244522
     10.11233333333347	-0.06818099143082779
      10.1126666666668	-0.06818108866164974
     10.11300000000014	-0.06818118844210694
     10.11333333333347	-0.06818128982138164
     10.11366666666681	-0.06818139253481047
     10.11400000000014	-0.06818149678869347
     10.11433333333347	-0.06818160258162276
     10.11466666666681	-0.06818170955275395
     10.11500000000014	-0.0681818172581794
     10.11533333333347	-0.0681819254187182
     10.11566666666681	-0.06818203392288373
     10.11600000000014	-0.0681821426886691
     10.11633333333348	-0.06818225156298707
     10.11666666666681	-0.06818236032918262
     10.11700000000014	-0.06818246877807577
     10.11733333333348	-0.0681825767597156
     10.11766666666681	-0.06818268416819749
     10.11800000000014	-0.06818279092229236
     10.11833333333348	-0.06818289692152806
     10.11866666666681	-0.06818300215526187
     10.11900000000015	-0.06818310647597119
     10.11933333333348	-0.06818320974452541
     10.11966666666681	-0.06818331189874406
     10.12000000000015	-0.06818341299737866
     10.12033333333348	-0.06818351266747814
     10.12066666666681	-0.06818361168319996
     10.12100000000015	-0.06818371047914923
     10.12133333333348	-0.06818380495552057
     10.12166666666682	-0.06818389947952305
     10.12200000000015	-0.0681839954472658
     10.12233333333348	-0.06818408700014486
     10.12266666666682	-0.06818417904742011
     10.12300000000015	-0.06818426783670314
     10.12333333333348	-0.06818435844432232
     10.12366666666682	-0.06818444617856909
     10.12400000000015	-0.06818453083142795
     10.12433333333349	-0.06818461867881521
     10.12466666666682	-0.06818470391384844
     10.12500000000015	-0.06818478649760308
     10.12533333333349	-0.06818486817167066
     10.12566666666682	-0.06818494974922609
     10.12600000000015	-0.0681850309002616
     10.12633333333349	-0.06818511098657878
     10.12666666666682	-0.06818518914248821
     10.12700000000016	-0.06818526599180325
     10.12733333333349	-0.06818534620870051
     10.12766666666682	-0.06818542239807177
     10.12800000000016	-0.06818549805502493
     10.12833333333349	-0.06818557353869478
     10.12866666666682	-0.06818564856344608
     10.12900000000016	-0.06818572300048464
     10.12933333333349	-0.06818579680199717
     10.12966666666683	-0.06818586994050151
     10.13000000000016	-0.06818594255768526
     10.13033333333349	-0.06818601482507722
     10.13066666666683	-0.06818608678123536
     10.13100000000016	-0.06818615822418025
     10.13133333333349	-0.06818622939454738
     10.13166666666683	-0.06818630010294824
     10.13200000000016	-0.06818637032789181
      10.1323333333335	-0.06818644017484114
     10.13266666666683	-0.06818650976495505
     10.13300000000016	-0.06818657904978338
      10.1333333333335	-0.06818664797349931
     10.13366666666683	-0.06818671651291311
     10.13400000000016	-0.06818678469245931
      10.1343333333335	-0.06818685254738392
     10.13466666666683	-0.06818692013727359
     10.13500000000016	-0.06818698730760848
      10.1353333333335	-0.06818705405921217
     10.13566666666683	-0.06818712042889109
     10.13600000000017	-0.0681871865120434
      10.1363333333335	-0.06818725220188951
     10.13666666666683	-0.06818731732291368
     10.13700000000017	-0.06818738200686182
      10.1373333333335	-0.06818744616506626
     10.13766666666683	-0.06818750995618479
     10.13800000000017	-0.06818757311835179
      10.1383333333335	-0.06818763562557945
     10.13866666666684	-0.06818769739877159
     10.13900000000017	-0.06818775861783832
      10.1393333333335	-0.06818781945620363
     10.13966666666684	-0.06818788003481924
     10.14000000000017	-0.06818794014565453
      10.1403333333335	-0.06818799904094405
     10.14066666666684	-0.06818805680972143
     10.14100000000017	-0.06818811386732666
     10.14133333333351	-0.06818817048708542
     10.14166666666684	-0.06818822653803465
     10.14200000000017	-0.06818828171165302
     10.14233333333351	-0.06818833580352195
     10.14266666666684	-0.06818838891272119
     10.14300000000017	-0.06818844122123237
     10.14333333333351	-0.06818849276981219
     10.14366666666684	-0.06818854342278073
     10.14400000000018	-0.06818859302530846
     10.14433333333351	-0.0681886415272204
     10.14466666666684	-0.06818868901256044
     10.14500000000018	-0.06818873566715281
     10.14533333333351	-0.06818878149886719
     10.14566666666684	-0.06818882631994121
     10.14600000000018	-0.06818887001204794
     10.14633333333351	-0.06818891249018144
     10.14666666666685	-0.06818895386515209
     10.14700000000018	-0.06818899432131699
     10.14733333333351	-0.06818903382611335
     10.14766666666685	-0.06818907227169438
     10.14800000000018	-0.06818910959121631
     10.14833333333351	-0.06818914579924533
     10.14866666666685	-0.06818918095756708
     10.14900000000018	-0.0681892151120401
     10.14933333333352	-0.06818924829071971
     10.14966666666685	-0.06818928593390977
     10.15000000000018	-0.06818931518805522
     10.15033333333352	-0.06818933984807772
     10.15066666666685	-0.06818937145758991
     10.15100000000018	-0.06818940021060958
     10.15133333333352	-0.06818942650860123
     10.15166666666685	-0.0681894550380112
     10.15200000000019	-0.06818948008866288
     10.15233333333352	-0.0681895008918352
     10.15266666666685	-0.06818952638162959
     10.15300000000019	-0.0681895491370174
     10.15333333333352	-0.06818956834319152
     10.15366666666685	-0.06818958770280853
     10.15400000000019	-0.06818961384618552
     10.15433333333352	-0.06818963288119617
     10.15466666666686	-0.0681896467530794
     10.15500000000019	-0.06818966125993377
     10.15533333333352	-0.06818967904363422
     10.15566666666686	-0.06818969866916284
     10.15600000000019	-0.06818971590763175
     10.15633333333352	-0.06818973008261874
     10.15666666666686	-0.06818974285387984
     10.15700000000019	-0.06818975580492391
     10.15733333333353	-0.06818976933688616
     10.15766666666686	-0.06818978269347446
     10.15800000000019	-0.06818979525840176
     10.15833333333353	-0.06818980697368288
     10.15866666666686	-0.06818981814554211
     10.15900000000019	-0.06818982890855242
     10.15933333333353	-0.06818983927111562
     10.15966666666686	-0.06818984924179076
      10.1600000000002	-0.06818985896287251
     10.16033333333353	-0.06818986843607827
     10.16066666666686	-0.06818987754235255
      10.1610000000002	-0.06818988619898984
     10.16133333333353	-0.06818989539862433
     10.16166666666686	-0.06818990282479689
      10.1620000000002	-0.06818991037792207
     10.16233333333353	-0.06818992005177596
     10.16266666666687	-0.06818992604397357
      10.1630000000002	-0.06818993189333852
     10.16333333333353	-0.06818994107845704
     10.16366666666687	-0.06818994728175705
      10.1640000000002	-0.0681899550120111
     10.16433333333353	-0.06818996049936119
     10.16466666666687	-0.06818996807045291
      10.1650000000002	-0.06818997485008685
     10.16533333333354	-0.06818997924160586
     10.16566666666687	-0.06818998597027021
      10.1660000000002	-0.06818999290214818
     10.16633333333354	-0.06818999853149151
     10.16666666666687	-0.0681900027702577
      10.1670000000002	-0.06819000938116691
     10.16733333333354	-0.06819001555887612
     10.16766666666687	-0.06819002065700025
     10.16800000000021	-0.06819002638095188
     10.16833333333354	-0.06819003239593519
     10.16866666666687	-0.06819003727583869
     10.16900000000021	-0.06819004167900262
     10.16933333333354	-0.06819004653991034
     10.16966666666687	-0.0681900519223812
     10.17000000000021	-0.06819005722432057
     10.17033333333354	-0.06819006213566081
     10.17066666666688	-0.06819006681895465
     10.17100000000021	-0.06819007147536101
     10.17133333333354	-0.06819007619899999
     10.17166666666688	-0.06819008095106464
     10.17200000000021	-0.06819008562690783
     10.17233333333354	-0.06819009018523429
     10.17266666666688	-0.06819009465592855
     10.17300000000021	-0.06819009907382231
     10.17333333333355	-0.06819010345780938
     10.17366666666688	-0.06819010777214372
     10.17400000000021	-0.06819011200533355
     10.17433333333355	-0.06819011614930191
     10.17466666666688	-0.06819012020758139
     10.17500000000021	-0.06819012243745705
     10.17533333333355	-0.06819012710073875
     10.17566666666688	-0.06819013240599843
     10.17600000000022	-0.06819013506830866
     10.17633333333355	-0.06819013967194831
     10.17666666666688	-0.06819014272126461
     10.17700000000022	-0.06819014671666897
     10.17733333333355	-0.06819014928068261
     10.17766666666688	-0.06819015356222882
     10.17800000000022	-0.06819015673618933
     10.17833333333355	-0.06819015941611986
     10.17866666666689	-0.06819016339510149
     10.17900000000022	-0.06819016578787669
     10.17933333333355	-0.06819016814027788
     10.17966666666689	-0.06819017126417748
     10.18000000000022	-0.06819017430910469
     10.18033333333355	-0.06819017672132627
     10.18066666666689	-0.06819017890545187
     10.18100000000022	-0.06819018134395258
     10.18133333333355	-0.06819018368448067
     10.18166666666689	-0.06819018570667161
     10.18200000000022	-0.06819018752354158
     10.18233333333356	-0.06819018931052313
     10.18266666666689	-0.06819019104921223
     10.18300000000022	-0.06819019262602942
     10.18333333333356	-0.06819019404482679
     10.18366666666689	-0.06819019537052526
     10.18400000000022	-0.06819019661526293
     10.18433333333356	-0.06819019774205271
     10.18466666666689	-0.06819019874385208
     10.18500000000023	-0.06819019964811496
     10.18533333333356	-0.06819020047703853
     10.18566666666689	-0.06819020122756254
     10.18600000000023	-0.06819020188799454
     10.18633333333356	-0.0681902024581918
     10.18666666666689	-0.0681902029502319
     10.18700000000023	-0.06819020337596057
     10.18733333333356	-0.06819020373886225
      10.1876666666669	-0.06819020404647742
     10.18800000000023	-0.06819020429127938
     10.18833333333356	-0.06819020573019544
      10.1886666666669	-0.06819020543519572
     10.18900000000023	-0.06819020433989165
     10.18933333333356	-0.06819020394911034
      10.1896666666669	-0.06819020588329988
     10.19000000000023	-0.06819020748726988
     10.19033333333357	-0.06819020599307568
      10.1906666666669	-0.06819020360130665
     10.19100000000023	-0.06819020468140173
     10.19133333333357	-0.06819020675530554
      10.1916666666669	-0.06819020595447481
     10.19200000000023	-0.06819020559542198
     10.19233333333357	-0.06819020573408476
      10.1926666666669	-0.06819020593144194
     10.19300000000024	-0.06819020426632208
     10.19333333333357	-0.06819020471385476
      10.1936666666669	-0.06819020588810068
     10.19400000000024	-0.0681902063019964
     10.19433333333357	-0.06819020597410642
      10.1946666666669	-0.06819020527813315
     10.19500000000024	-0.06819020503649137
     10.19533333333357	-0.06819020527323226
     10.19566666666691	-0.06819020560997099
     10.19600000000024	-0.06819020575017803
     10.19633333333357	-0.06819020568952743
     10.19666666666691	-0.06819020562929627
     10.19700000000024	-0.06819020572432365
     10.19733333333357	-0.06819020595112307
     10.19766666666691	-0.068190206206671
     10.19800000000024	-0.06819020643019813
     10.19833333333358	-0.06819020663562764
     10.19866666666691	-0.06819020687656467
     10.19900000000024	-0.0681902071837049
     10.19933333333358	-0.06819020754670151
     10.19966666666691	-0.06819020793889187
     10.20000000000024	-0.06819020834658393
     10.20033333333358	-0.06819020877906445
     10.20066666666691	-0.06819020924892182
     10.20100000000025	-0.0681902097605205
     10.20133333333358	-0.06819021031021458
     10.20166666666691	-0.06819021088996778
     10.20200000000025	-0.06819021149820677
     10.20233333333358	-0.06819021213685052
     10.20266666666691	-0.06819021281079551
     10.20300000000025	-0.06819021352061384
     10.20333333333358	-0.06819021426350125
     10.20366666666692	-0.06819021372919785
     10.20400000000025	-0.06819021361395226
     10.20433333333358	-0.06819021594491254
     10.20466666666692	-0.06819021839418675
     10.20500000000025	-0.06819021945418623
     10.20533333333358	-0.06819021957549845
     10.20566666666692	-0.06819021858490162
     10.20600000000025	-0.06819021860455188
     10.20633333333359	-0.06819022012751583
     10.20666666666692	-0.06819022347177954
     10.20700000000025	-0.06819022575336091
     10.20733333333359	-0.06819022623742448
     10.20766666666692	-0.06819022508089977
     10.20800000000025	-0.06819022487067486
     10.20833333333359	-0.06819022634614699
     10.20866666666692	-0.06819022870431651
     10.20900000000026	-0.06819023070230971
     10.20933333333359	-0.06819023160007787
     10.20966666666692	-0.06819023210365774
     10.21000000000026	-0.06819023289600332
     10.21033333333359	-0.06819023426509117
     10.21066666666692	-0.0681902358824085
     10.21100000000026	-0.06819023739535003
     10.21133333333359	-0.06819023856811184
     10.21166666666693	-0.06819023959509299
     10.21200000000026	-0.06819024074122466
     10.21233333333359	-0.06819024209050807
     10.21266666666693	-0.06819024352680161
     10.21300000000026	-0.06819024491997745
     10.21333333333359	-0.06819024623836208
     10.21366666666693	-0.0681902474865079
     10.21400000000026	-0.06819024877206466
      10.2143333333336	-0.06819025010075515
     10.21466666666693	-0.06819025146762532
     10.21500000000026	-0.06819025286278703
      10.2153333333336	-0.06819025424180697
     10.21566666666693	-0.06819025559085536
     10.21600000000026	-0.06819025693059777
      10.2163333333336	-0.06819025828492384
     10.21666666666693	-0.06819025966198732
     10.21700000000027	-0.06819026105415599
      10.2173333333336	-0.06819026244758705
     10.21766666666693	-0.06819026383199916
     10.21800000000027	-0.06819026520746674
      10.2183333333336	-0.06819026658151958
     10.21866666666693	-0.06819026796271634
     10.21900000000027	-0.0681902693524697
      10.2193333333336	-0.068190270749438
     10.21966666666694	-0.06819027214653194
     10.22000000000027	-0.06819027353697144
      10.2203333333336	-0.06819027492283525
     10.22066666666694	-0.0681902763087088
     10.22100000000027	-0.06819027769838747
      10.2213333333336	-0.06819027909169474
     10.22166666666694	-0.06819028048497686
     10.22200000000027	-0.06819028187507833
     10.22233333333361	-0.06819028326217376
     10.22266666666694	-0.06819028464787595
     10.22300000000027	-0.06819028603411248
     10.22333333333361	-0.06819028742028221
     10.22366666666694	-0.06819028880474116
     10.22400000000027	-0.06819029018618628
     10.22433333333361	-0.0681902915648626
     10.22466666666694	-0.06819029294183852
     10.22500000000027	-0.06819029431758342
     10.22533333333361	-0.06819029569144776
     10.22566666666694	-0.06819029706243027
     10.22600000000028	-0.06819029843008668
     10.22633333333361	-0.06819029979463374
     10.22666666666694	-0.06819030115637895
     10.22700000000028	-0.06819030251523345
     10.22733333333361	-0.06819030387073392
     10.22766666666694	-0.0681903052224056
     10.22800000000028	-0.06819030657005851
     10.22833333333361	-0.06819030791379427
     10.22866666666695	-0.06819030925374137
     10.22900000000028	-0.06819031058981881
     10.22933333333361	-0.06819031192170349
     10.22966666666695	-0.06819031324898998
     10.23000000000028	-0.06819031457137738
     10.23033333333361	-0.06819031588874958
     10.23066666666695	-0.06819031720110096
     10.23100000000028	-0.06819031850839287
     10.23133333333362	-0.0681903198105842
     10.23166666666695	-0.06819032110738851
     10.23200000000028	-0.06819032239865461
     10.23233333333362	-0.06819032368422624
     10.23266666666695	-0.06819032496377886
     10.23300000000028	-0.06819032623700234
     10.23333333333362	-0.06819032750382958
     10.23366666666695	-0.06819032876434798
     10.23400000000029	-0.06819033001852758
     10.23433333333362	-0.06819033126612324
     10.23466666666695	-0.06819033250683379
     10.23500000000029	-0.06819033374036328
     10.23533333333362	-0.06819033496668618
     10.23566666666695	-0.06819033618565737
     10.23600000000029	-0.06819033739751262
     10.23633333333362	-0.0681903386017761
     10.23666666666696	-0.06819033979824964
     10.23700000000029	-0.06819034098704341
     10.23733333333362	-0.06819034216785748
     10.23766666666696	-0.06819034334034599
     10.23800000000029	-0.06819034450436247
     10.23833333333362	-0.06819034566064976
     10.23866666666696	-0.0681903468085331
     10.23900000000029	-0.06819034794810375
     10.23933333333363	-0.06819034907850732
     10.23966666666696	-0.06819035020020167
     10.24000000000029	-0.06819035131367285
     10.24033333333363	-0.06819035241856056
     10.24066666666696	-0.06819035351442129
     10.24100000000029	-0.06819035460087808
     10.24133333333363	-0.06819035567877642
     10.24166666666696	-0.06819035675143709
      10.2420000000003	-0.06819035780599611
     10.24233333333363	-0.0681903588646256
     10.24266666666696	-0.06819035989036422
      10.2430000000003	-0.06819036091918358
     10.24333333333363	-0.06819036196558105
     10.24366666666696	-0.06819036297762807
      10.2440000000003	-0.06819036396500808
     10.24433333333363	-0.06819036495248039
     10.24466666666697	-0.06819036594344927
      10.2450000000003	-0.06819036692682102
     10.24533333333363	-0.06819036789554066
     10.24566666666697	-0.06819036884975174
      10.2460000000003	-0.06819036979376311
     10.24633333333363	-0.06819037073116523
     10.24666666666697	-0.06819037166113201
      10.2470000000003	-0.06819037258214339
     10.24733333333364	-0.06819037349369234
     10.24766666666697	-0.06819037439417674
      10.2480000000003	-0.06819037528510591
     10.24833333333364	-0.06819037616788184
     10.24866666666697	-0.06819037704251796
      10.2490000000003	-0.0681903779081829
     10.24933333333364	-0.06819037876509774
     10.24966666666697	-0.06819037961178218
     10.25000000000031	-0.0681903804491564
     10.25033333333364	-0.06819038127833765
     10.25066666666697	-0.06819038209953948
     10.25100000000031	-0.0681903829122027
     10.25133333333364	-0.06819038371587706
     10.25166666666697	-0.06819038451069623
     10.25200000000031	-0.06819038529709796
     10.25233333333364	-0.06819038607533943
     10.25266666666698	-0.06819038684538088
     10.25300000000031	-0.06819038760710744
     10.25333333333364	-0.06819038836054504
     10.25366666666698	-0.06819038910586563
     10.25400000000031	-0.06819038984322273
     10.25433333333364	-0.06819039057266342
     10.25466666666698	-0.06819039129417936
     10.25500000000031	-0.06819039200781422
     10.25533333333365	-0.06819039271369386
     10.25566666666698	-0.0681903934112579
     10.25600000000031	-0.068190394102163
     10.25633333333365	-0.06819039482532037
     10.25666666666698	-0.06819039547236912
     10.25700000000031	-0.06819039610513335
     10.25733333333365	-0.06819039679176365
     10.25766666666698	-0.06819039746245256
     10.25800000000032	-0.06819039805836043
     10.25833333333365	-0.06819039870072699
     10.25866666666698	-0.06819039934163512
     10.25900000000032	-0.0681903999509485
     10.25933333333365	-0.06819040054822723
     10.25966666666698	-0.06819040114510121
     10.26000000000032	-0.06819040174047362
     10.26033333333365	-0.0681904023276752
     10.26066666666699	-0.06819040289736859
     10.26100000000032	-0.06819040349529126
     10.26133333333365	-0.06819040406868948
     10.26166666666699	-0.06819040461656407
     10.26200000000032	-0.06819040515910034
     10.26233333333365	-0.06819040571609744
     10.26266666666699	-0.06819040627583621
     10.26300000000032	-0.06819040682042132
     10.26333333333366	-0.06819040735044833
     10.26366666666699	-0.06819040786341901
     10.26400000000032	-0.06819040840869188
     10.26433333333366	-0.06819040893299447
     10.26466666666699	-0.06819040943039011
     10.26500000000032	-0.06819040992557225
     10.26533333333366	-0.06819041043216066
     10.26566666666699	-0.0681904109384195
     10.26600000000033	-0.0681904114281125
     10.26633333333366	-0.06819041190944758
     10.26666666666699	-0.06819041238055261
     10.26700000000033	-0.068190412852339
     10.26733333333366	-0.06819041332525297
     10.26766666666699	-0.06819041378914649
     10.26800000000033	-0.06819041424170487
     10.26833333333366	-0.06819041468872337
       10.268666666667	-0.06819041513282212
     10.26900000000033	-0.06819041557355374
     10.26933333333366	-0.06819041600843354
       10.269666666667	-0.06819041643711354
     10.27000000000033	-0.06819041685864997
     10.27033333333366	-0.0681904172748503
       10.270666666667	-0.06819041768699426
     10.27100000000033	-0.06819041809552914
     10.27133333333366	-0.06819041849716256
       10.271666666667	-0.06819041889299957
     10.27200000000033	-0.06819041928266685
     10.27233333333367	-0.06819041966847789
       10.272666666667	-0.06819042004899591
     10.27300000000033	-0.06819042042485712
     10.27333333333367	-0.06819042079466506
       10.273666666667	-0.06819042115967162
     10.27400000000033	-0.06819042151917021
     10.27433333333367	-0.06819042187370411
       10.274666666667	-0.06819042222436987
     10.27500000000034	-0.0681904225695321
     10.27533333333367	-0.06819042290918277
       10.275666666667	-0.06819042324394908
     10.27600000000034	-0.06819042357436753
     10.27633333333367	-0.06819042390038223
       10.276666666667	-0.0681904242223082
     10.27700000000034	-0.06819042453860302
     10.27733333333367	-0.0681904248495567
     10.27766666666701	-0.06819042515692403
     10.27800000000034	-0.06819042546036179
     10.27833333333367	-0.06819042575906537
     10.27866666666701	-0.0681904260521132
     10.27900000000034	-0.06819042634133989
     10.27933333333367	-0.06819042662647717
     10.27966666666701	-0.06819042690758235
     10.28000000000034	-0.06819042718456007

     11.00033333333333	-0.06759741300994483
     11.00066666666667	-0.06921476077225243
                11.001	-0.07063947039383858
     11.00133333333333	-0.06966955759017338
     11.00166666666667	-0.0674024838819762
                11.002	-0.06666505264752452
     11.00233333333334	-0.06817859756202937
     11.00266666666667	-0.07000848198225898
                11.003	-0.07012104465148233
     11.00333333333334	-0.06873247782880053
     11.00366666666667	-0.0675531386279562
                11.004	-0.06774673088295553
     11.00433333333334	-0.06879093998205189
     11.00466666666667	-0.06944740538502103
     11.00500000000001	-0.06917844576254603
     11.00533333333334	-0.06851123629388346
     11.00566666666667	-0.06821105070060629
     11.00600000000001	-0.06847026796191726
     11.00633333333334	-0.06888596689800658
     11.00666666666667	-0.06902350558404824
     11.00700000000001	-0.06884977217603738
     11.00733333333334	-0.06864221208055353
     11.00766666666668	-0.0686232110908489
     11.00800000000001	-0.06876050929905859
     11.00833333333334	-0.06889020407381849
     11.00866666666668	-0.06890587516206444
     11.00900000000001	-0.06884671380862245
     11.00933333333334	-0.06880945951305245
     11.00966666666668	-0.06883644342777816
     11.01000000000001	-0.06889660007762381
     11.01033333333335	-0.06893723758560336
     11.01066666666668	-0.06894253328532221
     11.01100000000001	-0.06893896843005173
     11.01133333333335	-0.06894937098316231
     11.01166666666668	-0.06897532789997501
     11.01200000000001	-0.06900463181289292
     11.01233333333335	-0.06902661219017577
     11.01266666666668	-0.06904074738286826
     11.01300000000002	-0.06905515898381952
     11.01333333333335	-0.06907366783175103
     11.01366666666668	-0.06909516732365628
     11.01400000000002	-0.0691164177935987
     11.01433333333335	-0.06913627614399534
     11.01466666666668	-0.06915438095511695
     11.01500000000002	-0.06917354312687557
     11.01533333333335	-0.06919272397338452
     11.01566666666669	-0.06921272066143735
     11.01600000000002	-0.06923162339982357
     11.01633333333335	-0.06924918110685985
     11.01666666666669	-0.06926804754639719
     11.01700000000002	-0.06928753453492772
     11.01733333333335	-0.06930614130239014
     11.01766666666669	-0.06932325970622286
     11.01800000000002	-0.06933968774279886
     11.01833333333336	-0.06935641643071147
     11.01866666666669	-0.06937363744228163
     11.01900000000002	-0.06939062447643382
     11.01933333333336	-0.0694062713803876
     11.01966666666669	-0.06942174820245001
     11.02000000000002	-0.06943644805784209
     11.02033333333336	-0.06945050753157468
     11.02066666666669	-0.06946429747537973
     11.02100000000003	-0.06947797791670393
     11.02133333333336	-0.06949126957244962
     11.02166666666669	-0.06950378578491084
     11.02200000000003	-0.06951547141000448
     11.02233333333336	-0.06952657263302221
     11.02266666666669	-0.06953730932723451
     11.02300000000003	-0.06954751992441931
     11.02333333333336	-0.06955736448052041
      11.0236666666667	-0.06956667920511536
     11.02400000000003	-0.0695754964940369
     11.02433333333336	-0.06958358646530094
      11.0246666666667	-0.06959099222691667
     11.02500000000003	-0.06959798505870186
     11.02533333333336	-0.06960465313787724
      11.0256666666667	-0.06961091181785652
     11.02600000000003	-0.06961660072913635
     11.02633333333337	-0.06962166250698189
      11.0266666666667	-0.06962635307143858
     11.02700000000003	-0.06963078126174009
     11.02733333333337	-0.06963475645904008
      11.0276666666667	-0.06963824130567721
     11.02800000000003	-0.06964131265614393
     11.02833333333337	-0.06964407755259863
      11.0286666666667	-0.06964656559819049
     11.02900000000004	-0.06964874788939404
     11.02933333333337	-0.06965061256172445
      11.0296666666667	-0.06965217834782807
     11.03000000000004	-0.06965347572697404
     11.03033333333337	-0.06965452633748623
      11.0306666666667	-0.06965536238781415
     11.03100000000004	-0.06965601150579794
     11.03133333333337	-0.06965649755412801
     11.03166666666671	-0.06965683719454473
     11.03200000000004	-0.06965709010814859
     11.03233333333337	-0.06965701174079131
     11.03266666666671	-0.06965701900329482
     11.03300000000004	-0.06965689727347388
     11.03333333333337	-0.06965668341853538
     11.03366666666671	-0.06965630064946386
     11.03400000000004	-0.06965591262387
     11.03433333333338	-0.06965563531898782
     11.03466666666671	-0.06965520773834552
     11.03500000000004	-0.06965492561383962
     11.03533333333338	-0.0696546102067605
     11.03566666666671	-0.06965422075317182
     11.03600000000004	-0.06965385858378774
     11.03633333333338	-0.0696535642880674
     11.03666666666671	-0.06965335191380626
     11.03700000000005	-0.06965316726302825
     11.03733333333338	-0.06965302848076269
     11.03766666666671	-0.06965292547090118
     11.03800000000005	-0.06965304794617862
     11.03833333333338	-0.06965334356603881
     11.03866666666671	-0.06965344116819756
     11.03900000000005	-0.06965341050334091
     11.03933333333338	-0.06965350854949474
     11.03966666666672	-0.06965396046899279
     11.04000000000005	-0.06965456738100077
     11.04033333333338	-0.06965517038507486
     11.04066666666672	-0.06965574838436152
     11.04100000000005	-0.06965637682110282
     11.04133333333338	-0.06965710221539667
     11.04166666666672	-0.06965793346394307
     11.04200000000005	-0.06965882628990296
     11.04233333333339	-0.06965975072027117
     11.04266666666672	-0.06966070117647101
     11.04300000000005	-0.06966167662286778
     11.04333333333339	-0.06966268171165799
     11.04366666666672	-0.06966369647454078
     11.04400000000005	-0.06966471267826257
     11.04433333333339	-0.06966574784183281
     11.04466666666672	-0.06966678701229997
     11.04500000000005	-0.06966780199483667
     11.04533333333339	-0.06966877899869339
     11.04566666666672	-0.06967027231346362
     11.04600000000006	-0.06967178002467457
     11.04633333333339	-0.06967294988064555
     11.04666666666672	-0.06967371603750444
     11.04700000000006	-0.06967414612340836
     11.04733333333339	-0.06967452123523737
     11.04766666666672	-0.06967510649519035
     11.04800000000006	-0.06967583251555701
     11.04833333333339	-0.06967636002241775
     11.04866666666673	-0.06967697867901056
     11.04900000000006	-0.06967724548338361
     11.04933333333339	-0.0696772974423506
     11.04966666666673	-0.06967729710536442
     11.05000000000006	-0.06967729868489322
     11.05033333333339	-0.06967671809633404
     11.05066666666673	-0.06967614692718138
     11.05100000000006	-0.06967547813424178
      11.0513333333334	-0.06967480773672549
     11.05166666666673	-0.06967434911761781
     11.05200000000006	-0.06967426350696927
      11.0523333333334	-0.06967413709997414
     11.05266666666673	-0.06967316956202811
     11.05300000000006	-0.06967161979059178
      11.0533333333334	-0.06967037686266989
     11.05366666666673	-0.06966903948198602
     11.05400000000007	-0.06966802577662606
      11.0543333333334	-0.06966670253574278
     11.05466666666673	-0.06966507504066105
     11.05500000000007	-0.06966332976584755
      11.0553333333334	-0.06966157812120219
     11.05566666666673	-0.06965984366467116
     11.05600000000007	-0.06965872190001739
      11.0563333333334	-0.06965656146892044
     11.05666666666674	-0.06965358412214942
     11.05700000000007	-0.06965133942689375
      11.0573333333334	-0.0696497662336833
     11.05766666666674	-0.06964746054688851
     11.05800000000007	-0.06964451066508086
      11.0583333333334	-0.06964181850675363
     11.05866666666674	-0.06963943915237715
     11.05900000000007	-0.06963711134761402
     11.05933333333341	-0.06963454845129127
     11.05966666666674	-0.06963172113704108
     11.06000000000007	-0.06962887471228561
     11.06033333333341	-0.06962618187186928
     11.06066666666674	-0.06962353122560644
     11.06100000000007	-0.06962115228918926
     11.06133333333341	-0.06961846285301242
     11.06166666666674	-0.06961551519486367
     11.06200000000008	-0.06961257909683664
     11.06233333333341	-0.06960981409016252
     11.06266666666674	-0.06960715340644154
     11.06300000000008	-0.0696045385743999
     11.06333333333341	-0.06960121633279794
     11.06366666666674	-0.06959926547226943
     11.06400000000008	-0.06959701274880517
     11.06433333333341	-0.06959350142198852
     11.06466666666675	-0.06959124050946228
     11.06500000000008	-0.06958894627056762
     11.06533333333341	-0.06958650486800315
     11.06566666666675	-0.06958399291933247
     11.06600000000008	-0.06958183632629307
     11.06633333333341	-0.06957896094039935
     11.06666666666675	-0.06957687240874896
     11.06700000000008	-0.06957482929239245
     11.06733333333342	-0.06957199617611953
     11.06766666666675	-0.0695698838023236
     11.06800000000008	-0.06956762212079259
     11.06833333333342	-0.06956564046036089
     11.06866666666675	-0.0695632467001636
     11.06900000000008	-0.06956119375828737
     11.06933333333342	-0.06955956952482567
     11.06966666666675	-0.06955759605937932
     11.07000000000009	-0.06955563736276217
     11.07033333333342	-0.06955407059876699
     11.07066666666675	-0.06955236455656566
     11.07100000000009	-0.06955068401930106
     11.07133333333342	-0.06954937118883921
     11.07166666666675	-0.06954768035469329
     11.07200000000009	-0.06954603681499126
     11.07233333333342	-0.06954497339359476
     11.07266666666676	-0.06954360611294523
     11.07300000000009	-0.06954208913522791
     11.07333333333342	-0.06954111465333659
     11.07366666666676	-0.06953986351416125
     11.07400000000009	-0.06953860710930275
     11.07433333333342	-0.06953784570057378
     11.07466666666676	-0.06953681225309385
     11.07500000000009	-0.06953562613275632
     11.07533333333343	-0.06953488435570172
     11.07566666666676	-0.06953389417793847
     11.07600000000009	-0.06953301550517181
     11.07633333333343	-0.06953241867181494
     11.07666666666676	-0.06953129135048443
     11.07700000000009	-0.06953045601790188
     11.07733333333343	-0.06953018711539505
     11.07766666666676	-0.06952952984640116
      11.0780000000001	-0.06952861415575566
     11.07833333333343	-0.06952801824413424
     11.07866666666676	-0.06952760389484887
      11.0790000000001	-0.0695271249516871
     11.07933333333343	-0.06952670758601999
     11.07966666666676	-0.06952627756669044
      11.0800000000001	-0.06952574758523242
     11.08033333333343	-0.06952544815285158
     11.08066666666677	-0.06952491207681022
      11.0810000000001	-0.06952442700597142
     11.08133333333343	-0.06952423792672749
     11.08166666666677	-0.06952393512955335
      11.0820000000001	-0.06952353516609537
     11.08233333333343	-0.06952323630319156
     11.08266666666677	-0.06952286028435346
      11.0830000000001	-0.06952275513325352
     11.08333333333344	-0.0695227775432881
     11.08366666666677	-0.06952236209400199
      11.0840000000001	-0.06952192950802133
     11.08433333333344	-0.06952156176822118
     11.08466666666677	-0.06952124281486387
      11.0850000000001	-0.06952093928075198
     11.08533333333344	-0.0695206337285076
     11.08566666666677	-0.06952037087745394
     11.08600000000011	-0.06952008540299869
     11.08633333333344	-0.06951969528740741
     11.08666666666677	-0.06951937418359348
     11.08700000000011	-0.06951906307782367
     11.08733333333344	-0.06951866792509477
     11.08766666666677	-0.06951840043894586
     11.08800000000011	-0.06951812636643945
     11.08833333333344	-0.06951768585135693
     11.08866666666678	-0.06951737132173341
     11.08900000000011	-0.06951707427394155
     11.08933333333344	-0.06951661689432759
     11.08966666666678	-0.06951633254213876
     11.09000000000011	-0.06951605343313172
     11.09033333333344	-0.06951558837799537
     11.09066666666678	-0.0695152643865042
     11.09100000000011	-0.06951493919903361
     11.09133333333344	-0.06951452261273454
     11.09166666666678	-0.06951422761419591
     11.09200000000011	-0.06951390500980487
     11.09233333333345	-0.0695134552476651
     11.09266666666678	-0.06951314210328731
     11.09300000000011	-0.06951284812127594
     11.09333333333345	-0.06951241408464515
     11.09366666666678	-0.06951209189869821
     11.09400000000011	-0.06951180946892861
     11.09433333333345	-0.06951141253551973
     11.09466666666678	-0.06951110643766209
     11.09500000000012	-0.06951082526663881
     11.09533333333345	-0.06951043066332539
     11.09566666666678	-0.06951013568718052
     11.09600000000012	-0.06950987784569425
     11.09633333333345	-0.06950958219578239
     11.09666666666678	-0.06950920271365703
     11.09700000000012	-0.06950893840461142
     11.09733333333345	-0.06950871173986663
     11.09766666666679	-0.06950843619492718
     11.09800000000012	-0.06950811615477709
     11.09833333333345	-0.0695079082714888
     11.09866666666679	-0.06950770202853777
     11.09900000000012	-0.06950744478577141
     11.09933333333345	-0.06950715574024578
     11.09966666666679	-0.06950698373348835
     11.10000000000012	-0.06950682979510821
     11.10033333333346	-0.06950662281970985
     11.10066666666679	-0.06950640301724695
     11.10100000000012	-0.06950621837825097
     11.10133333333346	-0.06950606697030837
     11.10166666666679	-0.06950591774908295
     11.10200000000012	-0.06950578359970451
     11.10233333333346	-0.06950565039954512
     11.10266666666679	-0.06950552278252099
     11.10300000000013	-0.0695054069052583
     11.10333333333346	-0.0695053068627246
     11.10366666666679	-0.0695052198501013
     11.10400000000013	-0.0695051329719355
     11.10433333333346	-0.0695050676040314
     11.10466666666679	-0.06950500725484082
     11.10500000000013	-0.06950495333824475
     11.10533333333346	-0.06950489735669425
      11.1056666666668	-0.06950487523393802
     11.10600000000013	-0.06950484464458923
     11.10633333333346	-0.06950483737231425
      11.1066666666668	-0.06950481518661135
     11.10700000000013	-0.06950481187819189
     11.10733333333346	-0.0695048226508586
      11.1076666666668	-0.06950483874216058
     11.10800000000013	-0.06950485817177818
     11.10833333333347	-0.06950488173629597
      11.1086666666668	-0.06950491200792216
     11.10900000000013	-0.06950495085511038
     11.10933333333347	-0.06950499652472833
      11.1096666666668	-0.06950504613337403
     11.11000000000013	-0.06950509873261984
     11.11033333333347	-0.06950515550775836
      11.1106666666668	-0.06950521760487163
     11.11100000000014	-0.06950528456592515
     11.11133333333347	-0.06950535488918157
      11.1116666666668	-0.06950542756391423
     11.11200000000014	-0.06950550268374836
     11.11233333333347	-0.06950558074108801
      11.1126666666668	-0.06950566173974719
     11.11300000000014	-0.06950574500460362
     11.11333333333347	-0.06950582983269285
     11.11366666666681	-0.06950591597949436
     11.11400000000014	-0.06950600352540248
     11.11433333333347	-0.06950609246374909
     11.11466666666681	-0.06950618250813985
     11.11500000000014	-0.06950627324061574
     11.11533333333347	-0.0695063643599861
     11.11566666666681	-0.06950645576187305
     11.11600000000014	-0.06950654741104254
     11.11633333333348	-0.06950663924159595
     11.11666666666681	-0.06950673099465911
     11.11700000000014	-0.06950682244184914
     11.11733333333348	-0.0695069134384113
     11.11766666666681	-0.06950700400621899
     11.11800000000014	-0.06950709407754788
     11.11833333333348	-0.06950718352414952
     11.11866666666681	-0.06950727221670834
     11.11900000000015	-0.06950736007003692
     11.11933333333348	-0.0695074470444582
     11.11966666666681	-0.0695075331205498
     11.12000000000015	-0.06950761827701313
     11.12033333333348	-0.06950770248330485
     11.12066666666681	-0.06950778570378337
     11.12100000000015	-0.06950786790662002
     11.12133333333348	-0.0695079490728598
     11.12166666666682	-0.06950802970715
     11.12200000000015	-0.06950810812167302
     11.12233333333348	-0.06950818608608035
     11.12266666666682	-0.06950826505538629
     11.12300000000015	-0.06950833935066428
     11.12333333333348	-0.06950841509238745
     11.12366666666682	-0.06950848835048867
     11.12400000000015	-0.06950856374287014
     11.12433333333349	-0.06950863647768983
     11.12466666666682	-0.06950870712696643
     11.12500000000015	-0.0695087773450843
     11.12533333333349	-0.06950884776505134
     11.12566666666682	-0.0695089177399133
     11.12600000000015	-0.06950898670754797
     11.12633333333349	-0.06950905452928482
     11.12666666666682	-0.06950912157746263
     11.12700000000016	-0.0695091866002715
     11.12733333333349	-0.06950925406869307
     11.12766666666682	-0.06950932192126856
     11.12800000000016	-0.06950938849220849
     11.12833333333349	-0.06950945265204586
     11.12866666666682	-0.06950951596010914
     11.12900000000016	-0.06950958006844522
     11.12933333333349	-0.06950964486884423
     11.12966666666683	-0.06950970913622521
     11.13000000000016	-0.06950977232488294
     11.13033333333349	-0.06950983485796396
     11.13066666666683	-0.06950989768895909
     11.13100000000016	-0.06950996061834451
     11.13133333333349	-0.06951002310194755
     11.13166666666683	-0.06951008506102847
     11.13200000000016	-0.06951014673773424
      11.1323333333335	-0.06951020839683958
     11.13266666666683	-0.06951026996663867
     11.13300000000016	-0.06951033130635491
      11.1333333333335	-0.06951039234598239
     11.13366666666683	-0.06951045313059008
     11.13400000000016	-0.06951051372927522
      11.1343333333335	-0.06951057415017284
     11.13466666666683	-0.0695106343446318
     11.13500000000016	-0.06951069426430791
      11.1353333333335	-0.06951075389548794
     11.13566666666683	-0.06951081324207081
     11.13600000000017	-0.06951087229779919
      11.1363333333335	-0.06951093103676244
     11.13666666666683	-0.06951098942221488
     11.13700000000017	-0.06951104742001155
      11.1373333333335	-0.06951110494118325
     11.13766666666683	-0.0695111620468309
     11.13800000000017	-0.06951121873552803
      11.1383333333335	-0.06951127511123978
     11.13866666666684	-0.06951133099393757
     11.13900000000017	-0.06951138629943449
      11.1393333333335	-0.06951144067630187
     11.13966666666684	-0.06951149448882926
     11.14000000000017	-0.06951154826565037
      11.1403333333335	-0.06951160151822962
     11.14066666666684	-0.06951165378348799
     11.14100000000017	-0.06951170508337008
     11.14133333333351	-0.06951175572161424
     11.14166666666684	-0.06951180590125115
     11.14200000000017	-0.06951185543697959
     11.14233333333351	-0.06951190409342578
     11.14266666666684	-0.06951195176811845
     11.14300000000017	-0.06951199857962041
     11.14333333333351	-0.06951204466041211
     11.14366666666684	-0.0695120899625878
     11.14400000000018	-0.06951213433875786
     11.14433333333351	-0.06951217771494925
     11.14466666666684	-0.06951222015525109
     11.14500000000018	-0.06951226175033191
     11.14533333333351	-0.06951230250126877
     11.14566666666684	-0.06951234232109513
     11.14600000000018	-0.06951238114483869
     11.14633333333351	-0.06951241892064197
     11.14666666666685	-0.06951245568613491
     11.14700000000018	-0.06951249149853389
     11.14733333333351	-0.06951252634655004
     11.14766666666685	-0.06951256025741899
     11.14800000000018	-0.06951259318273194
     11.14833333333351	-0.06951262912774865
     11.14866666666685	-0.06951265921082291
     11.14900000000018	-0.06951268530172708
     11.14933333333352	-0.06951271585538545
     11.14966666666685	-0.06951274816658991
     11.15000000000018	-0.06951277418098616
     11.15033333333352	-0.06951279883865916
     11.15066666666685	-0.06951282054438085
     11.15100000000018	-0.0695128470042323
     11.15133333333352	-0.06951287206356128
     11.15166666666685	-0.06951289691656592
     11.15200000000019	-0.06951291517382048
     11.15233333333352	-0.06951293596486491
     11.15266666666685	-0.06951295435494773
     11.15300000000019	-0.06951297634875379
     11.15333333333352	-0.06951299382872719
     11.15366666666685	-0.06951300858451021
     11.15400000000019	-0.06951302906071548
     11.15433333333352	-0.06951304548979964
     11.15466666666686	-0.06951305816229388
     11.15500000000019	-0.06951307081104534
     11.15533333333352	-0.06951308546804974
     11.15566666666686	-0.06951310137728332
     11.15600000000019	-0.06951311554681879
     11.15633333333352	-0.06951312749574914
     11.15666666666686	-0.06951313827336854
     11.15700000000019	-0.069513149015758
     11.15733333333353	-0.0695131600582235
     11.15766666666686	-0.06951317099559524
     11.15800000000019	-0.06951318133905153
     11.15833333333353	-0.06951319097123199
     11.15866666666686	-0.06951320002367264
     11.15900000000019	-0.06951320873284809
     11.15933333333353	-0.06951321710109601
     11.15966666666686	-0.06951322519503517
      11.1600000000002	-0.06951323304239745
     11.16033333333353	-0.06951324092596882
     11.16066666666686	-0.0695132478896649
      11.1610000000002	-0.06951325476644001
     11.16133333333353	-0.069513263033591
     11.16166666666686	-0.06951326796511871
      11.1620000000002	-0.06951327310068145
     11.16233333333353	-0.06951328112995693
     11.16266666666687	-0.06951328644554276
      11.1630000000002	-0.0695132930047505
     11.16333333333353	-0.06951329772411556
     11.16366666666687	-0.0695133041233799
      11.1640000000002	-0.06951330974554122
     11.16433333333353	-0.06951331361431717
     11.16466666666687	-0.06951331923823262
      11.1650000000002	-0.06951332482144469
     11.16533333333354	-0.06951332817456211
     11.16566666666687	-0.06951333368008666
      11.1660000000002	-0.06951333949796519
     11.16633333333354	-0.06951334381988991
     11.16666666666687	-0.06951334827976556
      11.1670000000002	-0.06951335298019641
     11.16733333333354	-0.06951335710934366
     11.16766666666687	-0.06951336087810775
     11.16800000000021	-0.06951336499401324
     11.16833333333354	-0.06951336943423897
     11.16866666666687	-0.06951337369776764
     11.16900000000021	-0.06951337767305892
     11.16933333333354	-0.0695133815162092
     11.16966666666687	-0.06951338535123833
     11.17000000000021	-0.06951338921728378
     11.17033333333354	-0.06951339306655858
     11.17066666666688	-0.06951339685827088
     11.17100000000021	-0.06951340056895648
     11.17133333333354	-0.06951340422508533
     11.17166666666688	-0.06951340784003474
     11.17200000000021	-0.06951341140005533
     11.17233333333354	-0.06951341488741022
     11.17266666666688	-0.06951341830042508
     11.17300000000021	-0.06951342165381692
     11.17333333333355	-0.06951342496450451
     11.17366666666688	-0.06951342821775074
     11.17400000000021	-0.06951343140000875
     11.17433333333355	-0.06951343288615817
     11.17466666666688	-0.06951343654497244
     11.17500000000021	-0.06951344074413054
     11.17533333333355	-0.06951344266102731
     11.17566666666688	-0.06951344629980313
     11.17600000000022	-0.06951344851037189
     11.17633333333355	-0.06951345153117508
     11.17666666666688	-0.06951345330037009
     11.17700000000022	-0.06951345672609466
     11.17733333333355	-0.06951345883938877
     11.17766666666688	-0.06951346077134217
     11.17800000000022	-0.06951346379000256
     11.17833333333355	-0.06951346537544834
     11.17866666666689	-0.06951346686909192
     11.17900000000022	-0.06951346922778275
     11.17933333333355	-0.06951347135801098
     11.17966666666689	-0.06951347288193542
     11.18000000000022	-0.069513474205179
     11.18033333333355	-0.06951347577350922
     11.18066666666689	-0.06951347732710279
     11.18100000000022	-0.06951347854005964
     11.18133333333355	-0.0695134795264218
     11.18166666666689	-0.06951348049043955
     11.18200000000022	-0.06951348142598586
     11.18233333333356	-0.06951348227128185
     11.18266666666689	-0.0695134828477771
     11.18300000000022	-0.06951348330702105
     11.18333333333356	-0.06951348374494427
     11.18366666666689	-0.06951348412205967
     11.18400000000022	-0.06951348437479253
     11.18433333333356	-0.06951348449335074
     11.18466666666689	-0.06951348452018168
     11.18500000000023	-0.06951348448297952
     11.18533333333356	-0.0695134843827676
     11.18566666666689	-0.06951348420292333
     11.18600000000023	-0.06951348393586895
     11.18633333333356	-0.06951348359322762
     11.18666666666689	-0.06951348319130064
     11.18700000000023	-0.06951348273977737
     11.18733333333356	-0.06951348223726708
      11.1876666666669	-0.06951348168042813
     11.18800000000023	-0.06951348107284822
     11.18833333333356	-0.06951348042411176
      11.1886666666669	-0.06951347974273936
     11.18900000000023	-0.06951347903219329
     11.18933333333356	-0.06951347829307823
      11.1896666666669	-0.06951347753110999
     11.19000000000023	-0.06951347772472873
     11.19033333333357	-0.0695134768423379
      11.1906666666669	-0.0695134762266551
     11.19100000000023	-0.06951347434309874
     11.19133333333357	-0.06951347397080118
      11.1916666666669	-0.06951347419363786
     11.19200000000023	-0.06951347383700955
     11.19233333333357	-0.0695134711692372
      11.1926666666669	-0.06951347027928159
     11.19300000000024	-0.06951347047619534
     11.19333333333357	-0.06951347067303779
      11.1936666666669	-0.06951346983934327
     11.19400000000024	-0.06951346832894623
     11.19433333333357	-0.06951346706563669
      11.1946666666669	-0.06951346652348922
     11.19500000000024	-0.06951346626431192
     11.19533333333357	-0.06951346589251103
     11.19566666666691	-0.06951346512882023
     11.19600000000024	-0.06951346429424343
     11.19633333333357	-0.06951346361771829
     11.19666666666691	-0.06951346311005896
     11.19700000000024	-0.06951346275131613
     11.19733333333357	-0.06951346233933772
     11.19766666666691	-0.06951346182928718
     11.19800000000024	-0.06951346135314602
     11.19833333333358	-0.06951346098476062
     11.19866666666691	-0.06951346104111315
     11.19900000000024	-0.06951346043460915
     11.19933333333358	-0.06951346003665934
     11.19966666666691	-0.06951346024310717
     11.20000000000024	-0.06951345989532738
     11.20033333333358	-0.06951345951597307
     11.20066666666691	-0.06951345969140928
     11.20100000000025	-0.06951345950832757
     11.20133333333358	-0.06951345929708456
     11.20166666666691	-0.06951345960619938
     11.20200000000025	-0.06951345952899168
     11.20233333333358	-0.06951345938576521
     11.20266666666691	-0.06951345976721288
     11.20300000000025	-0.06951345981185963
     11.20333333333358	-0.06951345979747985
     11.20366666666692	-0.06951346028102703
     11.20400000000025	-0.06951346042667342
     11.20433333333358	-0.06951346050215657
     11.20466666666692	-0.06951346106421236
     11.20500000000025	-0.06951346130909554
     11.20533333333358	-0.06951346148442153
     11.20566666666692	-0.06951346119292919
     11.20600000000025	-0.06951346088954966
     11.20633333333359	-0.06951346219588937
     11.20666666666692	-0.06951346375354979
     11.20700000000025	-0.06951346442496271
     11.20733333333359	-0.06951346386857188
     11.20766666666692	-0.06951346318799714
     11.20800000000025	-0.06951346347968214
     11.20833333333359	-0.06951346475882879
     11.20866666666692	-0.06951346711692534
     11.20900000000026	-0.06951346815970423
     11.20933333333359	-0.06951346733259524
     11.20966666666692	-0.06951346671100016
     11.21000000000026	-0.06951346744686024
     11.21033333333359	-0.06951346872055368
     11.21066666666692	-0.06951347001879012
     11.21100000000026	-0.0695134708419044
     11.21133333333359	-0.069513471175631
     11.21166666666693	-0.06951347153845151
     11.21200000000026	-0.06951347226383034
     11.21233333333359	-0.06951347329084975
     11.21266666666693	-0.06951347430996252
     11.21300000000026	-0.06951347512055064
     11.21333333333359	-0.0695134757808005
     11.21366666666693	-0.06951347648782152
     11.21400000000026	-0.06951347731486134
      11.2143333333336	-0.06951347822743231
     11.21466666666693	-0.06951347914706618
     11.21500000000026	-0.06951348002034752
      11.2153333333336	-0.06951348085092421
     11.21566666666693	-0.06951348167856128
     11.21600000000026	-0.06951348253846173
      11.2163333333336	-0.06951348343672061
     11.21666666666693	-0.06951348435446152
     11.21700000000027	-0.0695134852682322
      11.2173333333336	-0.06951348616764055
     11.21766666666693	-0.0695134870599441
     11.21800000000027	-0.06951348796011043
      11.2183333333336	-0.06951348887784702
     11.21866666666693	-0.06951348981143102
     11.21900000000027	-0.06951349075129616
      11.2193333333336	-0.06951349168871265
     11.21966666666694	-0.06951349262209301
     11.22000000000027	-0.06951349355657206
      11.2203333333336	-0.06951349449841453
     11.22066666666694	-0.06951349544966284
     11.22100000000027	-0.06951349640769941
      11.2213333333336	-0.06951349736829998
     11.22166666666694	-0.06951349832912646
     11.22200000000027	-0.06951349929093424
     11.22233333333361	-0.06951350025599387
     11.22266666666694	-0.06951350122565308
     11.22300000000027	-0.06951350219934684
     11.22333333333361	-0.06951350317556333
     11.22366666666694	-0.06951350415333386
     11.22400000000027	-0.06951350513283007
     11.22433333333361	-0.0695135061145796
     11.22466666666694	-0.06951350709890548
     11.22500000000027	-0.06951350808538173
     11.22533333333361	-0.06951350907309015
     11.22566666666694	-0.06951351006149276
     11.22600000000028	-0.06951351105084366
     11.22633333333361	-0.06951351204166209
     11.22666666666694	-0.06951351303401794
     11.22700000000028	-0.06951351402738852
     11.22733333333361	-0.06951351502110122
     11.22766666666694	-0.0695135160147955
     11.22800000000028	-0.0695135170084878
     11.22833333333361	-0.06951351800229165
     11.22866666666695	-0.0695135189961253
     11.22900000000028	-0.06951351998975386
     11.22933333333361	-0.06951352098258411
     11.22966666666695	-0.06951352197430194
     11.23000000000028	-0.06951352296503309
     11.23033333333361	-0.06951352395488032
     11.23066666666695	-0.06951352494354933
     11.23100000000028	-0.06951352593054318
     11.23133333333362	-0.06951352691554669
     11.23166666666695	-0.06951352789848517
     11.23200000000028	-0.06951352887943803
     11.23233333333362	-0.06951352985784008
     11.23266666666695	-0.06951353083357716
     11.23300000000028	-0.06951353180638165
     11.23333333333362	-0.0695135327762918
     11.23366666666695	-0.06951353374326466
     11.23400000000029	-0.0695135347069734
     11.23433333333362	-0.06951353566714207
     11.23466666666695	-0.06951353662300357
     11.23500000000029	-0.06951353757460166
     11.23533333333362	-0.06951353852277761
     11.23566666666695	-0.06951353946636041
     11.23600000000029	-0.06951354040516118
     11.23633333333362	-0.06951354133966317
     11.23666666666696	-0.06951354226976353
     11.23700000000029	-0.06951354319402288
     11.23733333333362	-0.06951354411276101
     11.23766666666696	-0.0695135450269047
     11.23800000000029	-0.06951354593589359
     11.23833333333362	-0.06951354683918985
     11.23866666666696	-0.06951354773648911
     11.23900000000029	-0.06951354862799429
     11.23933333333363	-0.06951354951348726
     11.23966666666696	-0.0695135503926594
     11.24000000000029	-0.06951355126579152
     11.24033333333363	-0.06951355213293359
     11.24066666666696	-0.06951355298990858
     11.24100000000029	-0.06951355385038699
     11.24133333333363	-0.06951355469946584
     11.24166666666696	-0.0695135555388376
      11.2420000000003	-0.06951355637898396
     11.24233333333363	-0.06951355719024389
     11.24266666666696	-0.06951355801898233
      11.2430000000003	-0.06951355882780863
     11.24333333333363	-0.06951355964934638
     11.24366666666696	-0.06951356044714811
      11.2440000000003	-0.06951356122854538
     11.24433333333363	-0.06951356200383799
     11.24466666666697	-0.06951356280535401
      11.2450000000003	-0.06951356358244722
     11.24533333333363	-0.0695135643379592
     11.24566666666697	-0.0695135650868831
      11.2460000000003	-0.06951356583717375
     11.24633333333363	-0.06951356658549064
     11.24666666666697	-0.06951356732802708
      11.2470000000003	-0.0695135680580186
     11.24733333333364	-0.06951356877687312
     11.24766666666697	-0.06951356949011941
      11.2480000000003	-0.06951357019852884
     11.24833333333364	-0.06951357090133174
     11.24866666666697	-0.06951357159768151
      11.2490000000003	-0.06951357228527617
     11.24933333333364	-0.06951357296513271
     11.24966666666697	-0.06951357363868844
     11.25000000000031	-0.06951357434055853
     11.25033333333364	-0.0695135749727103
     11.25066666666697	-0.06951357562401558
     11.25100000000031	-0.06951357623853535
     11.25133333333364	-0.06951357689350623
     11.25166666666697	-0.06951357753756793
     11.25200000000031	-0.06951357814823562
     11.25233333333364	-0.06951357874323537
     11.25266666666698	-0.06951357933930333
     11.25300000000031	-0.06951357993952252
     11.25333333333364	-0.06951358053795313
     11.25366666666698	-0.06951358112758946
     11.25400000000031	-0.06951358170639972
     11.25433333333364	-0.06951358227789836
     11.25466666666698	-0.06951358284500372
     11.25500000000031	-0.06951358341003253
     11.25533333333365	-0.06951358397227633
     11.25566666666698	-0.06951358452905855
     11.25600000000031	-0.06951358507856564
     11.25633333333365	-0.06951358562161379
     11.25666666666698	-0.06951358616030621
     11.25700000000031	-0.06951358669547324
     11.25733333333365	-0.06951358722530662
     11.25766666666698	-0.06951358774954917
     11.25800000000032	-0.06951358826794062
     11.25833333333365	-0.06951358878268421
     11.25866666666698	-0.06951358929238852
     11.25900000000032	-0.06951358979601939
     11.25933333333365	-0.06951359029397361
     11.25966666666698	-0.06951359078711608
     11.26000000000032	-0.06951359127607228
     11.26033333333365	-0.0695135917587039
     11.26066666666699	-0.06951359223681602
     11.26100000000032	-0.0695135927092216
     11.26133333333365	-0.0695135931773147
     11.26166666666699	-0.06951359364090805
     11.26200000000032	-0.06951359409937299
     11.26233333333365	-0.06951359455238805
     11.26266666666699	-0.06951359500022868
     11.26300000000032	-0.06951359544493255
     11.26333333333366	-0.06951359588103867
     11.26366666666699	-0.06951359631538516
     11.26400000000032	-0.06951359674420896
     11.26433333333366	-0.06951359716710802
     11.26466666666699	-0.06951359758485184
     11.26500000000032	-0.06951359799900975
     11.26533333333366	-0.06951359840793689
     11.26566666666699	-0.06951359881213237
     11.26600000000033	-0.06951359921048311
     11.26633333333366	-0.06951359960384534
     11.26666666666699	-0.06951359999285558
     11.26700000000033	-0.06951360037739852
     11.26733333333366	-0.06951360075772606
     11.26766666666699	-0.06951360113215459
     11.26800000000033	-0.06951360150117902
     11.26833333333366	-0.06951360186581056
       11.268666666667	-0.06951360222632461
     11.26900000000033	-0.06951360258220221
     11.26933333333366	-0.06951360293379027
       11.269666666667	-0.06951360327950598
     11.27000000000033	-0.0695136036210382
     11.27033333333366	-0.06951360395736776
       11.270666666667	-0.06951360429004068
     11.27100000000033	-0.06951360461751978
     11.27133333333366	-0.06951360494013176
       11.271666666667	-0.0695136052593526
     11.27200000000033	-0.06951360557354359
     11.27233333333367	-0.06951360588358672
       11.272666666667	-0.06951360618855884
     11.27300000000033	-0.06951360648973565
     11.27333333333367	-0.06951360678616592
       11.273666666667	-0.06951360707893992
     11.27400000000033	-0.0695136073669369
     11.27433333333367	-0.06951360765051627
       11.274666666667	-0.06951360793090219

     12.00033333333333	-0.06892017429184438
     12.00066666666667	-0.07050256364376629
                12.001	-0.07190825573853128
     12.00133333333333	-0.07097497635194275
     12.00166666666667	-0.06876176250605427
                12.002	-0.0680283800439767
     12.00233333333334	-0.06949009169393318
     12.00266666666667	-0.0712743275774208
                12.003	-0.07139667619893061
     12.00333333333334	-0.07005508614855135
     12.00366666666667	-0.0689053394714718
                12.004	-0.06908437277676792
     12.00433333333334	-0.07009368832021892
     12.00466666666667	-0.07073347717378804
     12.00500000000001	-0.07047755146601498
     12.00533333333334	-0.06983251471701928
     12.00566666666667	-0.06953974572766181
     12.00600000000001	-0.06978838845465808
     12.00633333333334	-0.07019131015352033
     12.00666666666667	-0.07032590332773161
     12.00700000000001	-0.07015807418888378
     12.00733333333334	-0.06995577198550156
     12.00766666666668	-0.06993714239043365
     12.00800000000001	-0.07007314913673014
     12.00833333333334	-0.07019588408357649
     12.00866666666668	-0.07020904119390615
     12.00900000000001	-0.07015210095469647
     12.00933333333334	-0.07011749117394868
     12.00966666666668	-0.07014405604003775
     12.01000000000001	-0.07020146430265412
     12.01033333333335	-0.0702400362230771
     12.01066666666668	-0.07024461464278237
     12.01100000000001	-0.07024084318272959
     12.01133333333335	-0.07025083606329016
     12.01166666666668	-0.07027566934478797
     12.01200000000001	-0.07030485571890242
     12.01233333333335	-0.07032425875652895
     12.01266666666668	-0.07033681729437939
     12.01300000000002	-0.07035042932478118
     12.01333333333335	-0.07036861771664611
     12.01366666666668	-0.07038933719940968
     12.01400000000002	-0.07040930096602786
     12.01433333333335	-0.07042760671154627
     12.01466666666668	-0.07044441662438555
     12.01500000000002	-0.07046257939885862
     12.01533333333335	-0.07048080663721418
     12.01566666666669	-0.07049944308566566
     12.01600000000002	-0.07051721842503748
     12.01633333333335	-0.07053366945870894
     12.01666666666669	-0.07055139369551609
     12.01700000000002	-0.07056965827966841
     12.01733333333335	-0.07058701596992092
     12.01766666666669	-0.07060291760757424
     12.01800000000002	-0.07061821040043291
     12.01833333333336	-0.07063384657574316
     12.01866666666669	-0.07064995412827967
     12.01900000000002	-0.07066581341787727
     12.01933333333336	-0.07068035702551455
     12.01966666666669	-0.07069472157793541
     12.02000000000002	-0.07070834596249861
     12.02033333333336	-0.07072139541637258
     12.02066666666669	-0.07073420694265613
     12.02100000000003	-0.07074689846079779
     12.02133333333336	-0.07075920934060369
     12.02166666666669	-0.0707707918243234
     12.02200000000003	-0.07078159677805285
     12.02233333333336	-0.07079184976496149
     12.02266666666669	-0.07080176103370046
     12.02300000000003	-0.07081120810553032
     12.02333333333336	-0.07082028104573429
      12.0236666666667	-0.07082883447737293
     12.02400000000003	-0.0708369648491541
     12.02433333333336	-0.07084444855787746
      12.0246666666667	-0.07085124195077325
     12.02500000000003	-0.07085764326246966
     12.02533333333336	-0.07086377765141116
      12.0256666666667	-0.07086952779145531
     12.02600000000003	-0.07087475117603396
     12.02633333333337	-0.07087939356507243
      12.0266666666667	-0.0708837052576872
     12.02700000000003	-0.0708877775252183
     12.02733333333337	-0.07089142095328352
      12.0276666666667	-0.07089460269298681
     12.02800000000003	-0.0708974137165941
     12.02833333333337	-0.07089996102466059
      12.0286666666667	-0.07090225991923953
     12.02900000000004	-0.07090427417643197
     12.02933333333337	-0.07090598935534026
      12.0296666666667	-0.07090743457444194
     12.03000000000004	-0.07090864731538433
     12.03033333333337	-0.07090964623316991
      12.0306666666667	-0.07091043948614592
     12.03100000000004	-0.07091105895795731
     12.03133333333337	-0.07091153521301513
     12.03166666666671	-0.07091188816595909
     12.03200000000004	-0.07091213216545697
     12.03233333333337	-0.07091231957456634
     12.03266666666671	-0.07091214790835962
     12.03300000000004	-0.07091207320427867
     12.03333333333337	-0.07091201084032969
     12.03366666666671	-0.07091184791054364
     12.03400000000004	-0.07091157923661948
     12.03433333333338	-0.07091131346207449
     12.03466666666671	-0.07091104799842934
     12.03500000000004	-0.07091079120955374
     12.03533333333338	-0.07091056025559901
     12.03566666666671	-0.07091035014916028
     12.03600000000004	-0.07091015690982208
     12.03633333333338	-0.07090991117647293
     12.03666666666671	-0.0709097950220761
     12.03700000000005	-0.07090975968233039
     12.03733333333338	-0.07090977465892721
     12.03766666666671	-0.0709098645044897
     12.03800000000005	-0.07091015484559293
     12.03833333333338	-0.07091032752250652
     12.03866666666671	-0.07091039982070191
     12.03900000000005	-0.07091053881213916
     12.03933333333338	-0.07091086892573768
     12.03966666666672	-0.07091143164031737
     12.04000000000005	-0.07091204380418856
     12.04033333333338	-0.07091263691816199
     12.04066666666672	-0.07091325350854469
     12.04100000000005	-0.07091394643432024
     12.04133333333338	-0.07091472398100566
     12.04166666666672	-0.0709155752292213
     12.04200000000005	-0.07091646424029377
     12.04233333333339	-0.07091737795823039
     12.04266666666672	-0.0709183183449785
     12.04300000000005	-0.07091928220645344
     12.04333333333339	-0.07092026044834654
     12.04366666666672	-0.07092124448625652
     12.04400000000005	-0.07092222941537196
     12.04433333333339	-0.07092322394481901
     12.04466666666672	-0.07092420965542484
     12.04500000000005	-0.07092516391630015
     12.04533333333339	-0.07092608016100078
     12.04566666666672	-0.07092747673114455
     12.04600000000006	-0.07092887950066722
     12.04633333333339	-0.07092995972363074
     12.04666666666672	-0.0709306504365735
     12.04700000000006	-0.07093102123930181
     12.04733333333339	-0.07093133446241634
     12.04766666666672	-0.07093184215909822
     12.04800000000006	-0.07093246071197962
     12.04833333333339	-0.07093299508242241
     12.04866666666673	-0.07093342362991641
     12.04900000000006	-0.07093366060481965
     12.04933333333339	-0.07093364411679914
     12.04966666666673	-0.0709335898693154
     12.05000000000006	-0.07093302934468515
     12.05033333333339	-0.07093256032936048
     12.05066666666673	-0.07093201033265127
     12.05100000000006	-0.07093140650693894
      12.0513333333334	-0.07093101255671724
     12.05166666666673	-0.07093095862388205
     12.05200000000006	-0.07093080283485098
      12.0523333333334	-0.07092982252098276
     12.05266666666673	-0.07092830155389934
     12.05300000000006	-0.07092747814226294
      12.0533333333334	-0.07092629929385176
     12.05366666666673	-0.07092520926656815
     12.05400000000007	-0.07092393295387103
      12.0543333333334	-0.07092235319149591
     12.05466666666673	-0.0709207335113948
     12.05500000000007	-0.07091914646258027
      12.0553333333334	-0.07091753766652581
     12.05566666666673	-0.07091580846289108
     12.05600000000007	-0.07091459500713813
      12.0563333333334	-0.07091239275048529
     12.05666666666674	-0.07090959989779
     12.05700000000007	-0.07090756240716685
      12.0573333333334	-0.07090575751146931
     12.05766666666674	-0.07090345789922541
     12.05800000000007	-0.07090077465745769
      12.0583333333334	-0.07089826387440093
     12.05866666666674	-0.07089596245381191
     12.05900000000007	-0.07089366174668393
     12.05933333333341	-0.07089114776645147
     12.05966666666674	-0.07088843054249144
     12.06000000000007	-0.07088574050956646
     12.06033333333341	-0.07088320269722057
     12.06066666666674	-0.07088077179334655
     12.06100000000007	-0.07087830985610186
     12.06133333333341	-0.07087566988483208
     12.06166666666674	-0.07087292022352361
     12.06200000000008	-0.07087020857877979
     12.06233333333341	-0.07086760173854839
     12.06266666666674	-0.07086500696769686
     12.06300000000008	-0.07086254453082715
     12.06333333333341	-0.07085944149787994
     12.06366666666674	-0.07085751279692144
     12.06400000000008	-0.07085532783405804
     12.06433333333341	-0.07085186045933087
     12.06466666666675	-0.07084995039878313
     12.06500000000008	-0.0708479430284477
     12.06533333333341	-0.07084556756831031
     12.06566666666675	-0.07084301010683422
     12.06600000000008	-0.07084088869295714
     12.06633333333341	-0.07083879828777467
     12.06666666666675	-0.07083629048965451
     12.06700000000008	-0.07083410847340529
     12.06733333333342	-0.07083146164073506
     12.06766666666675	-0.07082964409413049
     12.06800000000008	-0.07082773679965909
     12.06833333333342	-0.07082588029544606
     12.06866666666675	-0.07082376901294449
     12.06900000000008	-0.07082164041277185
     12.06933333333342	-0.0708198521855513
     12.06966666666675	-0.07081800197116318
     12.07000000000009	-0.0708163278279931
     12.07033333333342	-0.0708150166580548
     12.07066666666675	-0.07081340910905166
     12.07100000000009	-0.07081173173087292
     12.07133333333342	-0.07081043547525667
     12.07166666666675	-0.07080884500783476
     12.07200000000009	-0.0708073344374939
     12.07233333333342	-0.07080635967996071
     12.07266666666676	-0.07080503801516062
     12.07300000000009	-0.07080365551066899
     12.07333333333342	-0.07080275449581497
     12.07366666666676	-0.07080155327012685
     12.07400000000009	-0.07080041413719332
     12.07433333333342	-0.07079959038744471
     12.07466666666676	-0.07079855407911247
     12.07500000000009	-0.07079743460642915
     12.07533333333343	-0.07079687610569228
     12.07566666666676	-0.07079601070734108
     12.07600000000009	-0.07079509841395312
     12.07633333333343	-0.07079441418671109
     12.07666666666676	-0.07079330584787162
     12.07700000000009	-0.07079239500099044
     12.07733333333343	-0.07079220537590676
     12.07766666666676	-0.0707919428345212
      12.0780000000001	-0.07079106108388622
     12.07833333333343	-0.07079032226197514
     12.07866666666676	-0.07078965673940819
      12.0790000000001	-0.0707892063546328
     12.07933333333343	-0.07078903393375051
     12.07966666666676	-0.07078852774589908
      12.0800000000001	-0.0707879457112492
     12.08033333333343	-0.07078761877887597
     12.08066666666677	-0.07078718925492808
      12.0810000000001	-0.07078674136918696
     12.08133333333343	-0.07078648123664782
     12.08166666666677	-0.07078610681781067
      12.0820000000001	-0.07078570624875244
     12.08233333333343	-0.07078542903435479
     12.08266666666677	-0.07078507986623775
      12.0830000000001	-0.0707849461705696
     12.08333333333344	-0.07078482902490918
     12.08366666666677	-0.07078446786969869
      12.0840000000001	-0.0707840940648119
     12.08433333333344	-0.07078369702222499
     12.08466666666677	-0.07078332081585413
      12.0850000000001	-0.07078298270772632
     12.08533333333344	-0.07078266364963486
     12.08566666666677	-0.07078240183976399
     12.08600000000011	-0.07078210582821941
     12.08633333333344	-0.07078168671478977
     12.08666666666677	-0.07078134376606066
     12.08700000000011	-0.07078102271690664
     12.08733333333344	-0.07078061364257794
     12.08766666666677	-0.07078033084493791
     12.08800000000011	-0.07078003894934722
     12.08833333333344	-0.07077957985448137
     12.08866666666678	-0.0707792504247456
     12.08900000000011	-0.07077894161809213
     12.08933333333344	-0.07077847463400525
     12.08966666666678	-0.07077817574497328
     12.09000000000011	-0.07077788201726534
     12.09033333333344	-0.07077740676571173
     12.09066666666678	-0.07077707052151332
     12.09100000000011	-0.07077673689050433
     12.09133333333344	-0.07077631075384228
     12.09166666666678	-0.0707760026884726
     12.09200000000011	-0.07077566593134249
     12.09233333333345	-0.07077522319283851
     12.09266666666678	-0.07077490303917089
     12.09300000000011	-0.07077457602689874
     12.09333333333345	-0.0707741585436147
     12.09366666666678	-0.07077383912370309
     12.09400000000011	-0.07077354795255546
     12.09433333333345	-0.07077313681981841
     12.09466666666678	-0.07077281840079733
     12.09500000000012	-0.07077253470684311
     12.09533333333345	-0.07077221071920639
     12.09566666666678	-0.07077180362696918
     12.09600000000012	-0.07077152365129041
     12.09633333333345	-0.0707712730876919
     12.09666666666678	-0.07077098012922101
     12.09700000000012	-0.07077061998461653
     12.09733333333345	-0.07077036459303167
     12.09766666666679	-0.07077013274915359
     12.09800000000012	-0.0707698656376862
     12.09833333333345	-0.07076954179369804
     12.09866666666679	-0.07076933920415374
     12.09900000000012	-0.07076914900395812
     12.09933333333345	-0.07076890910940652
     12.09966666666679	-0.07076866234099273
     12.10000000000012	-0.07076844638800758
     12.10033333333346	-0.07076826309526689
     12.10066666666679	-0.07076807244833687
     12.10100000000012	-0.07076789690270092
     12.10133333333346	-0.07076773389350711
     12.10166666666679	-0.07076757887122723
     12.10200000000012	-0.07076743078145326
     12.10233333333346	-0.07076728755665955
     12.10266666666679	-0.07076716702456003
     12.10300000000013	-0.07076705557968013
     12.10333333333346	-0.07076694105633623
     12.10366666666679	-0.07076684897907136
     12.10400000000013	-0.07076676642269049
     12.10433333333346	-0.07076669169047424
     12.10466666666679	-0.07076661214197612
     12.10500000000013	-0.07076656082999239
     12.10533333333346	-0.07076650534825397
      12.1056666666668	-0.07076646607687015
     12.10600000000013	-0.07076643623176014
     12.10633333333346	-0.07076640994956403
      12.1066666666668	-0.0707663904615599
     12.10700000000013	-0.07076637919439457
     12.10733333333346	-0.07076637632050858
      12.1076666666668	-0.07076638043486018
     12.10800000000013	-0.07076639036738408
     12.10833333333347	-0.07076640542206471
      12.1086666666668	-0.07076642596197111
     12.10900000000013	-0.07076645246431121
     12.10933333333347	-0.07076648494679295
      12.1096666666668	-0.07076652239358509
     12.11000000000013	-0.07076656376071302
     12.11033333333347	-0.07076660871919845
      12.1106666666668	-0.07076665752943534
     12.11100000000014	-0.07076671032744651
     12.11133333333347	-0.07076676676311335
      12.1116666666668	-0.07076682608152184
     12.11200000000014	-0.07076688773019989
     12.11233333333347	-0.07076695160111419
      12.1126666666668	-0.0707670177578293
     12.11300000000014	-0.07076708608668658
     12.11333333333347	-0.07076715629287454
     12.11366666666681	-0.07076722792088928
     12.11400000000014	-0.07076730065984195
     12.11433333333347	-0.07076737440688434
     12.11466666666681	-0.07076744910711534
     12.11500000000014	-0.07076752460543811
     12.11533333333347	-0.07076760064698027
     12.11566666666681	-0.07076767698017768
     12.11600000000014	-0.07076775344344891
     12.11633333333348	-0.07076782996051907
     12.11666666666681	-0.07076790646560173
     12.11700000000014	-0.07076798281996914
     12.11733333333348	-0.07076805893504794
     12.11766666666681	-0.07076813465377317
     12.11800000000014	-0.07076820985849305
     12.11833333333348	-0.07076828449777116
     12.11866666666681	-0.07076835854501184
     12.11900000000015	-0.07076843195286767
     12.11933333333348	-0.07076850465466111
     12.11966666666681	-0.07076857659816263
     12.12000000000015	-0.07076864776266834
     12.12033333333348	-0.07076871816536913
     12.12066666666681	-0.07076878774675056
     12.12100000000015	-0.0707688564842817
     12.12133333333348	-0.0707689243769461
     12.12166666666682	-0.07076899144765084
     12.12200000000015	-0.07076905772491
     12.12233333333348	-0.07076912322314344
     12.12266666666682	-0.07076918889672991
     12.12300000000015	-0.07076925169015183
     12.12333333333348	-0.07076931559994164
     12.12366666666682	-0.07076937698871923
     12.12400000000015	-0.07076944039542127
     12.12433333333349	-0.07076950159842917
     12.12466666666682	-0.07076956122804143
     12.12500000000015	-0.07076962083812485
     12.12533333333349	-0.07076968084910774
     12.12566666666682	-0.07076974033401261
     12.12600000000015	-0.07076979874144403
     12.12633333333349	-0.07076985630992305
     12.12666666666682	-0.07076991360995703
     12.12700000000016	-0.0707699691976194
     12.12733333333349	-0.07077002883177963
     12.12766666666682	-0.07077008526720145
     12.12800000000016	-0.07077014140733072
     12.12833333333349	-0.07077019729081679
     12.12866666666682	-0.07077025368877558
     12.12900000000016	-0.07077030986293108
     12.12933333333349	-0.07077036529507483
     12.12966666666683	-0.07077042033286379
     12.13000000000016	-0.07077047558543929
     12.13033333333349	-0.07077053110831483
     12.13066666666683	-0.07077058643992577
     12.13100000000016	-0.07077064136323805
     12.13133333333349	-0.07077069596498899
     12.13166666666683	-0.07077075051409394
     12.13200000000016	-0.07077080520511748
      12.1323333333335	-0.07077085990785692
     12.13266666666683	-0.07077091447895811
     12.13300000000016	-0.07077096885676822
      12.1333333333335	-0.07077102308025794
     12.13366666666683	-0.07077107722078291
     12.13400000000016	-0.07077113130249366
      12.1343333333335	-0.07077118528153921
     12.13466666666683	-0.07077123908951047
     12.13500000000016	-0.07077129268568731
      12.1353333333335	-0.07077134607464164
     12.13566666666683	-0.07077139927123635
     12.13600000000017	-0.07077145226299016
      12.1363333333335	-0.0707715049576655
     12.13666666666683	-0.07077155740425038
     12.13700000000017	-0.07077160945813574
      12.1373333333335	-0.0707716612632521
     12.13766666666683	-0.07077171271843274
     12.13800000000017	-0.07077176378794529
      12.1383333333335	-0.0707718144647303
     12.13866666666684	-0.070771864676615
     12.13900000000017	-0.07077191436546179
      12.1393333333335	-0.07077196347776007
     12.13966666666684	-0.07077201206262446
     12.14000000000017	-0.07077206032061004
      12.1403333333335	-0.07077210801089634
     12.14066666666684	-0.07077215502905113
     12.14100000000017	-0.07077220138408191
     12.14133333333351	-0.07077224702953878
     12.14166666666684	-0.07077229201172894
     12.14200000000017	-0.07077233634263463
     12.14233333333351	-0.07077237998221174
     12.14266666666684	-0.07077242283938866
     12.14300000000017	-0.07077246488375727
     12.14333333333351	-0.07077250613311262
     12.14366666666684	-0.07077254656154329
     12.14400000000018	-0.07077258614982979
     12.14433333333351	-0.07077262490936759
     12.14466666666684	-0.07077266286352629
     12.14500000000018	-0.07077269999513182
     12.14533333333351	-0.07077273625062287
     12.14566666666684	-0.07077277160765717
     12.14600000000018	-0.07077280600152637
     12.14633333333351	-0.07077283949321614
     12.14666666666685	-0.07077287208955882
     12.14700000000018	-0.07077290378213794
     12.14733333333351	-0.07077293771928075
     12.14766666666685	-0.07077296704557995
     12.14800000000018	-0.07077299586280261
     12.14833333333351	-0.07077302147712593
     12.14866666666685	-0.07077304935075153
     12.14900000000018	-0.07077307847971843
     12.14933333333352	-0.07077310412394021
     12.14966666666685	-0.07077312730883506
     12.15000000000018	-0.07077315045558615
     12.15033333333352	-0.07077317458989524
     12.15066666666685	-0.07077319442479353
     12.15100000000018	-0.07077321415609138
     12.15133333333352	-0.07077323648517835
     12.15166666666685	-0.07077325856866142
     12.15200000000019	-0.07077327423890767
     12.15233333333352	-0.07077329015608194
     12.15266666666685	-0.0707733050440079
     12.15300000000019	-0.07077332497389967
     12.15333333333352	-0.07077334123409228
     12.15366666666685	-0.07077335729574454
     12.15400000000019	-0.07077336811930271
     12.15433333333352	-0.07077337818310904
     12.15466666666686	-0.07077339132694574
     12.15500000000019	-0.07077340988641757
     12.15533333333352	-0.07077342250032055
     12.15566666666686	-0.07077343035265729
     12.15600000000019	-0.07077343770824619
     12.15633333333352	-0.07077344794121862
     12.15666666666686	-0.07077345998850115
     12.15700000000019	-0.07077347090055829
     12.15733333333353	-0.07077347966694734
     12.15766666666686	-0.07077348715607924
     12.15800000000019	-0.07077349467342144
     12.15833333333353	-0.07077350227352729
     12.15866666666686	-0.07077350980494239
     12.15900000000019	-0.0707735171044047
     12.15933333333353	-0.07077352377086855
     12.15966666666686	-0.07077353041621301
      12.1600000000002	-0.07077353688888895
     12.16033333333353	-0.07077354385345726
     12.16066666666686	-0.07077354800687671
      12.1610000000002	-0.0707735524620145
     12.16133333333353	-0.07077355961938189
     12.16166666666686	-0.07077356415516188
      12.1620000000002	-0.07077356970526461
     12.16233333333353	-0.07077357377395159
     12.16266666666687	-0.07077357910902153
      12.1630000000002	-0.07077358258949773
     12.16333333333353	-0.07077358752298851
     12.16366666666687	-0.07077359241582369
      12.1640000000002	-0.07077359561219095
     12.16433333333353	-0.07077360040121315
     12.16466666666687	-0.07077360468256953
      12.1650000000002	-0.07077360798700419
     12.16533333333354	-0.07077361054123499
     12.16566666666687	-0.070773615610355
      12.1660000000002	-0.07077361961035333
     12.16633333333354	-0.07077362251651527
     12.16666666666687	-0.07077362620701437
      12.1670000000002	-0.07077363045028616
     12.16733333333354	-0.07077363341068793
     12.16766666666687	-0.07077363596508363
     12.16800000000021	-0.0707736389677361
     12.16833333333354	-0.07077364246588927
     12.16866666666687	-0.0707736458866043
     12.16900000000021	-0.07077364900234953
     12.16933333333354	-0.07077365186705793
     12.16966666666687	-0.07077365466672998
     12.17000000000021	-0.07077365754681822
     12.17033333333354	-0.07077366049568246
     12.17066666666688	-0.07077366340111554
     12.17100000000021	-0.07077366618755636
     12.17133333333354	-0.07077366887207498
     12.17166666666688	-0.0707736715129143
     12.17200000000021	-0.07077367413864033
     12.17233333333354	-0.07077367672970507
     12.17266666666688	-0.07077367924880085
     12.17300000000021	-0.07077368168668356
     12.17333333333355	-0.07077368405311227
     12.17366666666688	-0.07077368636224059
     12.17400000000021	-0.07077368722982472
     12.17433333333355	-0.07077368994022241
     12.17466666666688	-0.07077369312112386
     12.17500000000021	-0.07077369431645153
     12.17533333333355	-0.07077369704000946
     12.17566666666688	-0.07077369842843918
     12.17600000000022	-0.07077370058206152
     12.17633333333355	-0.07077370159185334
     12.17666666666688	-0.07077370305269168
     12.17700000000022	-0.07077370589410385
     12.17733333333355	-0.0707737071579627
     12.17766666666688	-0.07077370777221385
     12.17800000000022	-0.07077370918095356
     12.17833333333355	-0.07077371067951929
     12.17866666666689	-0.07077371183279428
     12.17900000000022	-0.07077371267557543
     12.17933333333355	-0.07077371359134066
     12.17966666666689	-0.07077371445683528
     12.18000000000022	-0.07077371505464461
     12.18033333333355	-0.07077371547917934
     12.18066666666689	-0.07077371591979167
     12.18100000000022	-0.07077371631030845
     12.18133333333355	-0.07077371652354138
     12.18166666666689	-0.07077371655183341
     12.18200000000022	-0.07077371648841725
     12.18233333333356	-0.07077371638072491
     12.18266666666689	-0.07077371618183788
     12.18300000000022	-0.07077371585892568
     12.18333333333356	-0.07077371541431404
     12.18366666666689	-0.07077371488531434
     12.18400000000022	-0.07077371428635132
     12.18433333333356	-0.07077371361447925
     12.18466666666689	-0.07077371285397688
     12.18500000000023	-0.07077371200458007
     12.18533333333356	-0.07077371108639705
     12.18566666666689	-0.07077371011284338
     12.18600000000023	-0.07077370908580152
     12.18633333333356	-0.07077370800321156
     12.18666666666689	-0.07077370686312705
     12.18700000000023	-0.07077370566951947
     12.18733333333356	-0.0707737044312988
      12.1876666666669	-0.07077370315751309
     12.18800000000023	-0.07077370185259614
     12.18833333333356	-0.07077370051714359
      12.1886666666669	-0.07077369915257636
     12.18900000000023	-0.07077369776699559
     12.18933333333356	-0.07077369635854762
      12.1896666666669	-0.07077369493329731
     12.19000000000023	-0.07077369349776642
     12.19033333333357	-0.07077369205637059
      12.1906666666669	-0.07077369159891532
     12.19100000000023	-0.07077368989033303
     12.19133333333357	-0.07077368854095543
      12.1916666666669	-0.07077368621106274
     12.19200000000023	-0.07077368524841531
     12.19233333333357	-0.0707736847708125
      12.1926666666669	-0.0707736836990507
     12.19300000000024	-0.0707736819070779
     12.19333333333357	-0.07077368001456261
      12.1936666666669	-0.07077367850337084
     12.19400000000024	-0.07077367746403972
     12.19433333333357	-0.07077367653142433
      12.1946666666669	-0.07077367532580604
     12.19500000000024	-0.07077367388133604
     12.19533333333357	-0.07077367247685992
     12.19566666666691	-0.07077367129041076
     12.19600000000024	-0.07077367026456187
     12.19633333333357	-0.07077366924488387
     12.19666666666691	-0.07077366816562705
     12.19700000000024	-0.07077366707125392
     12.19733333333357	-0.07077366622340558
     12.19766666666691	-0.07077366516832213
     12.19800000000024	-0.07077366421186233
     12.19833333333358	-0.07077366364135421
     12.19866666666691	-0.07077366265307665
     12.19900000000024	-0.07077366164634931
     12.19933333333358	-0.07077366113231537
     12.19966666666691	-0.07077366031704642
     12.20000000000024	-0.07077365950535329
     12.20033333333358	-0.07077365924840756
     12.20066666666691	-0.07077365846865143
     12.20100000000025	-0.07077365765248397
     12.20133333333358	-0.07077365747393501
     12.20166666666691	-0.07077365684485967
     12.20200000000025	-0.07077365622490403
     12.20233333333358	-0.07077365615968514
     12.20266666666691	-0.07077365565616808
     12.20300000000025	-0.07077365509273326
     12.20333333333358	-0.07077365503008219
     12.20366666666692	-0.07077365467047882
     12.20400000000025	-0.07077365427875279
     12.20433333333358	-0.07077365432324403
     12.20466666666692	-0.07077365405788741
     12.20500000000025	-0.07077365373638836
     12.20533333333358	-0.07077365382933347
     12.20566666666692	-0.07077365367697365
     12.20600000000025	-0.07077365347166252
     12.20633333333359	-0.07077365363816668
     12.20666666666692	-0.07077365357055025
     12.20700000000025	-0.0707736527849291
     12.20733333333359	-0.07077365256561632
     12.20766666666692	-0.07077365331817322
     12.20800000000025	-0.0707736540861401
     12.20833333333359	-0.07077365451775466
     12.20866666666692	-0.07077365358212366
     12.20900000000026	-0.07077365300404237
     12.20933333333359	-0.070773653010444
     12.20966666666692	-0.07077365361054161
     12.21000000000026	-0.07077365457832963
     12.21033333333359	-0.07077365477552114
     12.21066666666692	-0.07077365457649711
     12.21100000000026	-0.07077365454736322
     12.21133333333359	-0.07077365503694481
     12.21166666666693	-0.07077365545177888
     12.21200000000026	-0.07077365581490482
     12.21233333333359	-0.07077365612955364
     12.21266666666693	-0.07077365655357849
     12.21300000000026	-0.07077365677600388
     12.21333333333359	-0.07077365702783109
     12.21366666666693	-0.0707736574377107
     12.21400000000026	-0.07077365791497681
      12.2143333333336	-0.0707736583679525
     12.21466666666693	-0.07077365877244536
     12.21500000000026	-0.07077365916144625
      12.2153333333336	-0.07077365959058748
     12.21566666666693	-0.07077366005411759
     12.21600000000026	-0.07077366053921147
      12.2163333333336	-0.07077366102504175
     12.21666666666693	-0.07077366149549968
     12.21700000000027	-0.07077366197221498
      12.2173333333336	-0.07077366246514812
     12.21766666666693	-0.07077366297638395
     12.21800000000027	-0.07077366350212795
      12.2183333333336	-0.07077366403374902
     12.21866666666693	-0.07077366456485679
     12.21900000000027	-0.07077366509726299
      12.2193333333336	-0.07077366563811215
     12.21966666666694	-0.07077366619180889
     12.22000000000027	-0.07077366675740362
      12.2203333333336	-0.07077366733083651
     12.22066666666694	-0.07077366790866296
     12.22100000000027	-0.07077366849051786
      12.2213333333336	-0.07077366907867043
     12.22166666666694	-0.07077366967529526
     12.22200000000027	-0.07077367028034084
     12.22233333333361	-0.07077367089201772
     12.22266666666694	-0.07077367150891042
     12.22300000000027	-0.07077367213117053
     12.22333333333361	-0.07077367275982033
     12.22366666666694	-0.07077367339517283
     12.22400000000027	-0.07077367403703128
     12.22433333333361	-0.07077367468400132
     12.22466666666694	-0.07077367533534494
     12.22500000000027	-0.07077367599130394
     12.22533333333361	-0.07077367665242484
     12.22566666666694	-0.0707736773189301
     12.22600000000028	-0.07077367799055628
     12.22633333333361	-0.0707736786665224
     12.22666666666694	-0.07077367934660678
     12.22700000000028	-0.07077368003022161
     12.22733333333361	-0.07077368071733586
     12.22766666666694	-0.07077368140816205
     12.22800000000028	-0.07077368210255988
     12.22833333333361	-0.07077368280009634
     12.22866666666695	-0.07077368350040474
     12.22900000000028	-0.07077368420332066
     12.22933333333361	-0.07077368490870938
     12.22966666666695	-0.0707736856164595
     12.23000000000028	-0.07077368632615839
     12.23033333333361	-0.07077368703761454
     12.23066666666695	-0.07077368775076115
     12.23100000000028	-0.07077368846512085
     12.23133333333362	-0.07077368918036703
     12.23166666666695	-0.07077368989625848
     12.23200000000028	-0.07077369061284804
     12.23233333333362	-0.07077369133020041
     12.23266666666695	-0.07077369204765957
     12.23300000000028	-0.07077369276475992
     12.23333333333362	-0.07077369348138678
     12.23366666666695	-0.07077369419787122
     12.23400000000029	-0.07077369491324259
     12.23433333333362	-0.07077369562738368
     12.23466666666695	-0.07077369634028288
     12.23500000000029	-0.07077369705204345
     12.23533333333362	-0.07077369776237274
     12.23566666666695	-0.07077369847076584
     12.23600000000029	-0.0707736991769712
     12.23633333333362	-0.07077369988055117
     12.23666666666696	-0.0707737005816525
     12.23700000000029	-0.07077370128019755
     12.23733333333362	-0.07077370197612548
     12.23766666666696	-0.07077370266919056
     12.23800000000029	-0.07077370335902822
     12.23833333333362	-0.0707737040453502
     12.23866666666696	-0.07077370472827504
     12.23900000000029	-0.07077370540729769
     12.23933333333363	-0.07077370608255328
     12.23966666666696	-0.07077370675414638
     12.24000000000029	-0.0707737074218308
     12.24033333333363	-0.07077370808533311
     12.24066666666696	-0.07077370874441052
     12.24100000000029	-0.07077370939915301
     12.24133333333363	-0.07077371005518307
     12.24166666666696	-0.07077371069349264
      12.2420000000003	-0.0707737113390372
     12.24233333333363	-0.07077371196929827
     12.24266666666696	-0.07077371261118043
      12.2430000000003	-0.07077371322832786
     12.24333333333363	-0.07077371385927785
     12.24366666666696	-0.07077371447297381
      12.2440000000003	-0.07077371507572096
     12.24433333333363	-0.07077371572294586
     12.24466666666697	-0.07077371630514004
      12.2450000000003	-0.07077371686759198
     12.24533333333363	-0.07077371746910881
     12.24566666666697	-0.07077371806720099
      12.2460000000003	-0.07077371862321501
     12.24633333333363	-0.07077371919768485
     12.24666666666697	-0.07077371976441106
      12.2470000000003	-0.07077372031591882
     12.24733333333364	-0.07077372086251467
     12.24766666666697	-0.0707737214078185
      12.2480000000003	-0.07077372195077057
     12.24833333333364	-0.07077372249166629
     12.24866666666697	-0.07077372302624792
      12.2490000000003	-0.07077372355236779
     12.24933333333364	-0.07077372407361791
     12.24966666666697	-0.07077372459285214
     12.25000000000031	-0.07077372510915436
     12.25033333333364	-0.07077372562138393
     12.25066666666697	-0.07077372612952358
     12.25100000000031	-0.07077372663297664
     12.25133333333364	-0.07077372713110042
     12.25166666666697	-0.07077372762465721
     12.25200000000031	-0.0707737281147304
     12.25233333333364	-0.07077372860113833
     12.25266666666698	-0.07077372908292484
     12.25300000000031	-0.07077372955983716
     12.25333333333364	-0.07077373003226306
     12.25366666666698	-0.0707737305005588
     12.25400000000031	-0.07077373096470817
     12.25433333333364	-0.07077373142462312
     12.25466666666698	-0.07077373188020826
     12.25500000000031	-0.07077373233144112
     12.25533333333365	-0.07077373277835317
     12.25566666666698	-0.07077373322104863
     12.25600000000031	-0.07077373365963224
     12.25633333333365	-0.07077373409346507
     12.25666666666698	-0.07077373452420568
     12.25700000000031	-0.07077373495125065
     12.25733333333365	-0.07077373537303108
     12.25766666666698	-0.07077373579110094
     12.25800000000032	-0.07077373620540273
     12.25833333333365	-0.0707737366155302
     12.25866666666698	-0.07077373702129777
     12.25900000000032	-0.07077373742289642
     12.25933333333365	-0.07077373782055013
     12.25966666666698	-0.07077373821425846
     12.26000000000032	-0.07077373860388801
     12.26033333333365	-0.07077373898941006
     12.26066666666699	-0.07077373937013469
     12.26100000000032	-0.0707737397477281
     12.26133333333365	-0.07077374012163783
     12.26166666666699	-0.07077374049106466
     12.26200000000032	-0.07077374085591688
     12.26233333333365	-0.07077374121671971
     12.26266666666699	-0.07077374157378573
     12.26300000000032	-0.07077374192762019
     12.26333333333366	-0.07077374227648861
     12.26366666666699	-0.07077374262074723
     12.26400000000032	-0.07077374296129166
     12.26433333333366	-0.07077374329907381
     12.26466666666699	-0.07077374363211819
     12.26500000000032	-0.07077374396042789
     12.26533333333366	-0.07077374428484863
     12.26566666666699	-0.07077374460583424
     12.26600000000033	-0.07077374492375617
     12.26633333333366	-0.07077374523669483
     12.26666666666699	-0.07077374554501129
     12.26700000000033	-0.0707737458497406
     12.26733333333366	-0.07077374615121501
     12.26766666666699	-0.07077374644891379
     12.26800000000033	-0.07077374674315785
     12.26833333333366	-0.07077374703234805
       12.268666666667	-0.07077374731726026
     12.26900000000033	-0.07077374759894248
     12.26933333333366	-0.07077374787835418
       12.269666666667	-0.07077374815372026

     13.00033333333333	-0.07018614812368076
     13.00066666666667	-0.07172961188766697
                13.001	-0.0731088040195591
     13.00133333333333	-0.07221021269556066
     13.00166666666667	-0.07005563769440751
                13.002	-0.06933126735268148
     13.00233333333334	-0.0707410539716259
     13.00266666666667	-0.0724760922719566
                13.003	-0.07260520388227699
     13.00333333333334	-0.07131110759754018
     13.00366666666667	-0.07019358664981938
                13.004	-0.07035948219047841
     13.00433333333334	-0.07133313180825046
     13.00466666666667	-0.07195462145537002
     13.00500000000001	-0.07171116258740179
     13.00533333333334	-0.07108894075515462
     13.00566666666667	-0.07080442759684921
     13.00600000000001	-0.07104263888007271
     13.00633333333334	-0.07143208253475342
     13.00666666666667	-0.0715632122431811
     13.00700000000001	-0.07140131832299007
     13.00733333333334	-0.07120535431404219
     13.00766666666668	-0.07118676053197921
     13.00800000000001	-0.0713181293387858
     13.00833333333334	-0.07143741014657443
     13.00866666666668	-0.07144990435057894
     13.00900000000001	-0.0713942459231874
     13.00933333333334	-0.07136030768140678
     13.00966666666668	-0.07138624219924339
     13.01000000000001	-0.07144156759871848
     13.01033333333335	-0.07147837777197966
     13.01066666666668	-0.071482376634566
     13.01100000000001	-0.07147843744096953
     13.01133333333335	-0.07148790262021432
     13.01166666666668	-0.07151162024272484
     13.01200000000001	-0.07153950691699149
     13.01233333333335	-0.07155795125583342
     13.01266666666668	-0.07156972704602146
     13.01300000000002	-0.07158240177498255
     13.01333333333335	-0.07159941784422055
     13.01366666666668	-0.07161908012612107
     13.01400000000002	-0.07163817058765559
     13.01433333333335	-0.07165552279616061
     13.01466666666668	-0.07167125650463207
     13.01500000000002	-0.07168819859107887
     13.01533333333335	-0.07170532201890979
     13.01566666666669	-0.07172294151317944
     13.01600000000002	-0.07173974050791027
     13.01633333333335	-0.07175518523104496
     13.01666666666669	-0.07177179809558019
     13.01700000000002	-0.07178890565184105
     13.01733333333335	-0.0718051747263702
     13.01766666666669	-0.07182008325408018
     13.01800000000002	-0.07183438824124946
     13.01833333333336	-0.07184899908754144
     13.01866666666669	-0.07186406006120456
     13.01900000000002	-0.07187887851154037
     13.01933333333336	-0.07189246804649245
     13.01966666666669	-0.07190588441405203
     13.02000000000002	-0.07191857320401368
     13.02033333333336	-0.07193070545646477
     13.02066666666669	-0.07194261892496513
     13.02100000000003	-0.07195443756029542
     13.02133333333336	-0.07196589570125782
     13.02166666666669	-0.07197665508653626
     13.02200000000003	-0.07198667760073646
     13.02233333333336	-0.07199618291393484
     13.02266666666669	-0.07200537534753415
     13.02300000000003	-0.07201421857589825
     13.02333333333336	-0.07202246918803985
      13.0236666666667	-0.07203033971368315
     13.02400000000003	-0.07203793873399519
     13.02433333333336	-0.07204492888793064
      13.0246666666667	-0.07205121809665252
     13.02500000000003	-0.07205706214290651
     13.02533333333336	-0.07206265636910487
      13.0256666666667	-0.07206796702313688
     13.02600000000003	-0.07207284101864056
     13.02633333333337	-0.07207715468903868
      13.0266666666667	-0.07208110990453837
     13.02700000000003	-0.07208482341027787
     13.02733333333337	-0.07208815687180302
      13.0276666666667	-0.07209110423703582
     13.02800000000003	-0.07209372018203374
     13.02833333333337	-0.07209607717224509
      13.0286666666667	-0.07209818699260692
     13.02900000000004	-0.0721000360357472
     13.02933333333337	-0.07210162640574969
      13.0296666666667	-0.07210298077039347
     13.03000000000004	-0.07210411988604867
     13.03033333333337	-0.0721050550861255
      13.0306666666667	-0.07210580014825435
     13.03100000000004	-0.07210639372113263
     13.03133333333337	-0.07210686463049279
     13.03166666666671	-0.07210722613412304
     13.03200000000004	-0.07210748548196456
     13.03233333333337	-0.07210768886103464
     13.03266666666671	-0.07210763081449498
     13.03300000000004	-0.07210760768707854
     13.03333333333337	-0.07210759115568423
     13.03366666666671	-0.0721074470772706
     13.03400000000004	-0.07210725243398999
     13.03433333333338	-0.07210708415564709
     13.03466666666671	-0.07210695499310402
     13.03500000000004	-0.0721068728335492
     13.03533333333338	-0.07210670025273253
     13.03566666666671	-0.07210643291799436
     13.03600000000004	-0.07210631908789648
     13.03633333333338	-0.07210633260558094
     13.03666666666671	-0.07210635347484118
     13.03700000000005	-0.07210636096988142
     13.03733333333338	-0.07210638061744153
     13.03766666666671	-0.07210657137957213
     13.03800000000005	-0.07210698401675966
     13.03833333333338	-0.07210721214372362
     13.03866666666671	-0.07210729901040679
     13.03900000000005	-0.07210752152337914
     13.03933333333338	-0.07210795647309763
     13.03966666666672	-0.07210857695438508
     13.04000000000005	-0.07210921337960631
     13.04033333333338	-0.07210983238993475
     13.04066666666672	-0.07211048396446014
     13.04100000000005	-0.0721112048246734
     13.04133333333338	-0.07211199524665349
     13.04166666666672	-0.07211284258086144
     13.04200000000005	-0.07211372993104846
     13.04233333333339	-0.07211464326787886
     13.04266666666672	-0.07211556945006919
     13.04300000000005	-0.07211650645666141
     13.04333333333339	-0.07211744564125515
     13.04366666666672	-0.07211839523732834
     13.04400000000005	-0.0721193500435762
     13.04433333333339	-0.07212030623773674
     13.04466666666672	-0.07212124079260794
     13.04500000000005	-0.07212213644961757
     13.04533333333339	-0.07212299307097285
     13.04566666666672	-0.07212429430496339
     13.04600000000006	-0.07212560366206756
     13.04633333333339	-0.07212661287210002
     13.04666666666672	-0.07212724050912683
     13.04700000000006	-0.07212754932724524
     13.04733333333339	-0.07212781199111987
     13.04766666666672	-0.07212825351434825
     13.04800000000006	-0.07212875897385129
     13.04833333333339	-0.07212921565626333
     13.04866666666673	-0.07212954926061085
     13.04900000000006	-0.07212985810636698
     13.04933333333339	-0.07212984445681687
     13.04966666666673	-0.07212964594597007
     13.05000000000006	-0.07212896113810122
     13.05033333333339	-0.07212849080173314
     13.05066666666673	-0.0721279680140319
     13.05100000000006	-0.07212734850219488
      13.0513333333334	-0.07212687571426189
     13.05166666666673	-0.07212672693478911
     13.05200000000006	-0.07212653430115591
      13.0523333333334	-0.07212543225872636
     13.05266666666673	-0.07212424491145097
     13.05300000000006	-0.07212322557386158
      13.0533333333334	-0.07212191098375147
     13.05366666666673	-0.07212081354569889
     13.05400000000007	-0.07211959739535219
      13.0543333333334	-0.07211809066797691
     13.05466666666673	-0.07211649929526626
     13.05500000000007	-0.07211489775804936
      13.0553333333334	-0.07211328296449471
     13.05566666666673	-0.07211158099240997
     13.05600000000007	-0.07211036231828297
      13.0563333333334	-0.07210825063046178
     13.05666666666674	-0.07210555732644494
     13.05700000000007	-0.07210356133016979
      13.0573333333334	-0.07210177516854797
     13.05766666666674	-0.07209955553640585
     13.05800000000007	-0.07209699226402179
      13.0583333333334	-0.07209457104595056
     13.05866666666674	-0.072092345162552
     13.05900000000007	-0.07209012687711043
     13.05933333333341	-0.07208770626506542
     13.05966666666674	-0.07208509946178202
     13.06000000000007	-0.07208252315695966
     13.06033333333341	-0.07208006658960704
     13.06066666666674	-0.07207776461591098
     13.06100000000007	-0.07207541703939437
     13.06133333333341	-0.07207288044939499
     13.06166666666674	-0.07207024242140209
     13.06200000000008	-0.07206765367182097
     13.06233333333341	-0.0720651625551354
     13.06266666666674	-0.07206273117614355
     13.06300000000008	-0.07206038476708541
     13.06333333333341	-0.0720574490513969
     13.06366666666674	-0.07205551295960246
     13.06400000000008	-0.07205340154526453
     13.06433333333341	-0.07205018860595491
     13.06466666666675	-0.07204836886121055
     13.06500000000008	-0.0720465147654195
     13.06533333333341	-0.07204425102795842
     13.06566666666675	-0.0720420777938624
     13.06600000000008	-0.07203972771065413
     13.06633333333341	-0.07203761493065991
     13.06666666666675	-0.0720351146984179
     13.06700000000008	-0.07203323548626329
     13.06733333333342	-0.0720313699765576
     13.06766666666675	-0.07202913698235366
     13.06800000000008	-0.07202738026575856
     13.06833333333342	-0.07202561431516985
     13.06866666666675	-0.07202329191083282
     13.06900000000008	-0.07202130530769803
     13.06933333333342	-0.0720198120963168
     13.06966666666675	-0.07201831376990286
     13.07000000000009	-0.07201680652937985
     13.07033333333342	-0.07201543167701414
     13.07066666666675	-0.07201373652171457
     13.07100000000009	-0.07201208623552717
     13.07133333333342	-0.07201093689069313
     13.07166666666675	-0.07200953628503913
     13.07200000000009	-0.07200815464436161
     13.07233333333342	-0.07200720822670255
     13.07266666666676	-0.07200592119480445
     13.07300000000009	-0.07200463348963196
     13.07333333333342	-0.07200366841919387
     13.07366666666676	-0.07200252075365697
     13.07400000000009	-0.07200150577857831
     13.07433333333342	-0.07200078429144113
     13.07466666666676	-0.07199982588568635
     13.07500000000009	-0.07199872210530643
     13.07533333333343	-0.07199812009988182
     13.07566666666676	-0.07199729852826083
     13.07600000000009	-0.07199628804723686
     13.07633333333343	-0.07199562129498008
     13.07666666666676	-0.07199492276349717
     13.07700000000009	-0.07199413195392869
     13.07733333333343	-0.07199370919472056
     13.07766666666676	-0.07199294298663009
      13.0780000000001	-0.07199224445761397
     13.07833333333343	-0.07199186877609857
     13.07866666666676	-0.07199139881678442
      13.0790000000001	-0.07199093319356317
     13.07933333333343	-0.07199046017928501
     13.07966666666676	-0.07199000728703989
      13.0800000000001	-0.07198951188946028
     13.08033333333343	-0.07198916641072699
     13.08066666666677	-0.0719887252252347
      13.0810000000001	-0.07198828223239701
     13.08133333333343	-0.07198801610388496
     13.08166666666677	-0.07198764161959856
      13.0820000000001	-0.0719872288828118
     13.08233333333343	-0.07198691552965901
     13.08266666666677	-0.07198684156664809
      13.0830000000001	-0.07198665309145499
     13.08333333333344	-0.07198622457211566
     13.08366666666677	-0.07198579745371531
      13.0840000000001	-0.07198542741586481
     13.08433333333344	-0.07198507544557281
     13.08466666666677	-0.07198474892665312
      13.0850000000001	-0.07198442533847933
     13.08533333333344	-0.07198407769745355
     13.08566666666677	-0.07198377879340521
     13.08600000000011	-0.07198344571326099
     13.08633333333344	-0.07198299863222013
     13.08666666666677	-0.07198265866362658
     13.08700000000011	-0.07198235522180194
     13.08733333333344	-0.07198194335663917
     13.08766666666677	-0.07198163916246161
     13.08800000000011	-0.07198131880879427
     13.08833333333344	-0.07198084187027308
     13.08866666666678	-0.07198050615064192
     13.08900000000011	-0.07198019733083438
     13.08933333333344	-0.07197973011573179
     13.08966666666678	-0.07197941625894684
     13.09000000000011	-0.07197910526780511
     13.09033333333344	-0.07197862563216206
     13.09066666666678	-0.07197826326384428
     13.09100000000011	-0.07197797372265875
     13.09133333333344	-0.0719775255142892
     13.09166666666678	-0.07197718662373159
     13.09200000000011	-0.07197686032614614
     13.09233333333345	-0.0719763975075479
     13.09266666666678	-0.07197606919402633
     13.09300000000011	-0.07197575775670166
     13.09333333333345	-0.07197533785292742
     13.09366666666678	-0.07197501039852279
     13.09400000000011	-0.07197471428116721
     13.09433333333345	-0.07197429823953728
     13.09466666666678	-0.07197397977099253
     13.09500000000012	-0.07197369533211619
     13.09533333333345	-0.07197336926122129
     13.09566666666678	-0.0719729628953676
     13.09600000000012	-0.07197267702368235
     13.09633333333345	-0.07197242498227788
     13.09666666666678	-0.07197213377900483
     13.09700000000012	-0.07197177472449992
     13.09733333333345	-0.07197151761397082
     13.09766666666679	-0.07197128239843942
     13.09800000000012	-0.07197100743262638
     13.09833333333345	-0.07197069422062073
     13.09866666666679	-0.07197050053010258
     13.09900000000012	-0.07197029857470934
     13.09933333333345	-0.07197004662217674
     13.09966666666679	-0.07196979937535843
     13.10000000000012	-0.07196958926988999
     13.10033333333346	-0.07196940501744806
     13.10066666666679	-0.07196921999323046
     13.10100000000012	-0.07196904027711236
     13.10133333333346	-0.07196886872394495
     13.10166666666679	-0.0719687087055748
     13.10200000000012	-0.07196856052862768
     13.10233333333346	-0.07196841833475283
     13.10266666666679	-0.07196829657837783
     13.10300000000013	-0.07196817090928738
     13.10333333333346	-0.07196806422136033
     13.10366666666679	-0.07196796621905396
     13.10400000000013	-0.07196786878755221
     13.10433333333346	-0.07196779464610532
     13.10466666666679	-0.07196771520836046
     13.10500000000013	-0.0719676511443199
     13.10533333333346	-0.07196759743509808
      13.1056666666668	-0.07196754888829109
     13.10600000000013	-0.07196750798946419
     13.10633333333346	-0.07196747525274336
      13.1066666666668	-0.07196745048175084
     13.10700000000013	-0.07196743268470833
     13.10733333333346	-0.07196742096883392
      13.1076666666668	-0.07196741496083699
     13.10800000000013	-0.07196741486718033
     13.10833333333347	-0.07196742089048294
      13.1086666666668	-0.07196743305519943
     13.10900000000013	-0.07196745056594603
     13.10933333333347	-0.07196747249356297
      13.1096666666668	-0.07196749839352587
     13.11000000000013	-0.07196752836075683
     13.11033333333347	-0.07196756253593582
      13.1106666666668	-0.07196760067860035
     13.11100000000014	-0.07196764220020174
     13.11133333333347	-0.07196768661569802
      13.1116666666668	-0.07196773357382016
     13.11200000000014	-0.07196778293902402
     13.11233333333347	-0.07196783464692019
      13.1126666666668	-0.07196788853074318
     13.11300000000014	-0.07196794428964053
     13.11333333333347	-0.07196800167869416
     13.11366666666681	-0.07196806039145401
     13.11400000000014	-0.07196812021626355
     13.11433333333347	-0.07196818103724509
     13.11466666666681	-0.07196824273544597
     13.11500000000014	-0.07196830513012979
     13.11533333333347	-0.07196836800874221
     13.11566666666681	-0.07196843119212952
     13.11600000000014	-0.0719684945665223
     13.11633333333348	-0.071968558051343
     13.11666666666681	-0.07196862152190707
     13.11700000000014	-0.07196868491072579
     13.11733333333348	-0.07196874806788423
     13.11766666666681	-0.07196881087333487
     13.11800000000014	-0.07196887327646397
     13.11833333333348	-0.07196893525549072
     13.11866666666681	-0.07196899676293726
     13.11900000000015	-0.07196905772488768
     13.11933333333348	-0.07196911808328751
     13.11966666666681	-0.07196917783641012
     13.12000000000015	-0.07196923696413013
     13.12033333333348	-0.07196929545634884
     13.12066666666681	-0.07196935329238754
     13.12100000000015	-0.07196941045934289
     13.12133333333348	-0.07196946696274925
     13.12166666666682	-0.07196952287499805
     13.12200000000015	-0.07196957813717925
     13.12233333333348	-0.07196963269080055
     13.12266666666682	-0.07196968664161293
     13.12300000000015	-0.07196974106349216
     13.12333333333348	-0.07196979410525921
     13.12366666666682	-0.07196984739001587
     13.12400000000015	-0.07196989706757469
     13.12433333333349	-0.07196994889055322
     13.12466666666682	-0.07196999957522081
     13.12500000000015	-0.07197004917696474
     13.12533333333349	-0.07197009975388356
     13.12566666666682	-0.07197015393837851
     13.12600000000015	-0.07197020377500984
     13.12633333333349	-0.07197024836535625
     13.12666666666682	-0.07197029631810847
     13.12700000000016	-0.07197034658881325
     13.12733333333349	-0.0719703971724119
     13.12766666666682	-0.0719704467115716
     13.12800000000016	-0.07197049761082494
     13.12833333333349	-0.07197054282130672
     13.12866666666682	-0.07197059062221096
     13.12900000000016	-0.07197063708047294
     13.12933333333349	-0.07197068681338914
     13.12966666666683	-0.07197073735436563
     13.13000000000016	-0.07197078631646753
     13.13033333333349	-0.07197083362438579
     13.13066666666683	-0.07197088060811677
     13.13100000000016	-0.07197092833575262
     13.13133333333349	-0.07197097703432562
     13.13166666666683	-0.0719710261386531
     13.13200000000016	-0.07197107492576593
      13.1323333333335	-0.07197112312357511
     13.13266666666683	-0.07197117101438749
     13.13300000000016	-0.07197121907687827
      13.1333333333335	-0.07197126753626343
     13.13366666666683	-0.07197131620123494
     13.13400000000016	-0.07197136469467343
      13.1343333333335	-0.07197141281697979
     13.13466666666683	-0.07197146068045981
     13.13500000000016	-0.07197150852288177
      13.1353333333335	-0.07197155645151711
     13.13566666666683	-0.07197160435801432
     13.13600000000017	-0.07197165204351118
      13.1363333333335	-0.07197169933622311
     13.13666666666683	-0.07197174627203382
     13.13700000000017	-0.07197179307961891
      13.1373333333335	-0.07197183979160468
     13.13766666666683	-0.07197188630063406
     13.13800000000017	-0.07197193240711014
      13.1383333333335	-0.07197197800485125
     13.13866666666684	-0.07197202311071145
     13.13900000000017	-0.07197206778511103
      13.1393333333335	-0.07197211202185132
     13.13966666666684	-0.07197215584665775
     13.14000000000017	-0.07197219930379906
      13.1403333333335	-0.07197224225694096
     13.14066666666684	-0.07197228457142001
     13.14100000000017	-0.07197232627833805
     13.14133333333351	-0.07197236737061984
     13.14166666666684	-0.07197240782874359
     13.14200000000017	-0.07197244766401403
     13.14233333333351	-0.07197248684017357
     13.14266666666684	-0.07197252528885184
     13.14300000000017	-0.07197256298957175
     13.14333333333351	-0.07197259991030258
     13.14366666666684	-0.07197263606096745
     13.14400000000018	-0.07197267147165431
     13.14433333333351	-0.07197270615627124
     13.14466666666684	-0.07197274009816526
     13.14500000000018	-0.07197277318189944
     13.14533333333351	-0.07197280539690559
     13.14566666666684	-0.07197283679425172
     13.14600000000018	-0.07197286733878802
     13.14633333333351	-0.07197289705960155
     13.14666666666685	-0.07197292897687139
     13.14700000000018	-0.07197295907266785
     13.14733333333351	-0.07197298241044486
     13.14766666666685	-0.07197300555182322
     13.14800000000018	-0.0719730328601185
     13.14833333333351	-0.07197306202513866
     13.14866666666685	-0.07197308802359666
     13.14900000000018	-0.07197310893128084
     13.14933333333352	-0.07197312738400244
     13.14966666666685	-0.07197314787512957
     13.15000000000018	-0.07197317037008658
     13.15033333333352	-0.07197319174486766
     13.15066666666685	-0.07197321042176071
     13.15100000000018	-0.07197322748574114
     13.15133333333352	-0.0719732413630066
     13.15166666666685	-0.07197325805830851
     13.15200000000019	-0.07197327692637648
     13.15233333333352	-0.07197329506678228
     13.15266666666685	-0.07197330593621398
     13.15300000000019	-0.07197331712105624
     13.15333333333352	-0.07197332806309341
     13.15366666666685	-0.07197334429705035
     13.15400000000019	-0.07197335716108395
     13.15433333333352	-0.07197336626748385
     13.15466666666686	-0.07197337818841205
     13.15500000000019	-0.07197338783702857
     13.15533333333352	-0.07197339584018578
     13.15566666666686	-0.07197340423234133
     13.15600000000019	-0.07197341358540789
     13.15633333333352	-0.07197342288854262
     13.15666666666686	-0.07197343134001405
     13.15700000000019	-0.07197343876275751
     13.15733333333353	-0.07197344538950015
     13.15766666666686	-0.07197345165444859
     13.15800000000019	-0.0719734578430148
     13.15833333333353	-0.07197346346286489
     13.15866666666686	-0.07197346994820428
     13.15900000000019	-0.07197347624565691
     13.15933333333353	-0.07197348196886004
     13.15966666666686	-0.07197348591853028
      13.1600000000002	-0.07197348995975805
     13.16033333333353	-0.07197349553255966
     13.16066666666686	-0.07197349941992011
      13.1610000000002	-0.07197350351681664
     13.16133333333353	-0.07197350866732019
     13.16166666666686	-0.07197351182573734
      13.1620000000002	-0.07197351562561675
     13.16233333333353	-0.0719735186935398
     13.16266666666687	-0.0719735230279054
      13.1630000000002	-0.07197352652942507
     13.16333333333353	-0.07197352887523792
     13.16366666666687	-0.0719735329731566
      13.1640000000002	-0.07197353631677633
     13.16433333333353	-0.0719735387254752
     13.16466666666687	-0.07197354058509078
      13.1650000000002	-0.07197354477065235
     13.16533333333354	-0.07197354784340532
     13.16566666666687	-0.07197354989560525
      13.1660000000002	-0.0719735527456925
     13.16633333333354	-0.07197355615446645
     13.16666666666687	-0.07197355831140283
      13.1670000000002	-0.07197356009595508
     13.16733333333354	-0.0719735623672815
     13.16766666666687	-0.07197356509068856
     13.16800000000021	-0.07197356769628456
     13.16833333333354	-0.07197356999642351
     13.16866666666687	-0.07197357207669731
     13.16900000000021	-0.07197357412873631
     13.16933333333354	-0.07197357627661874
     13.16966666666687	-0.07197357848501128
     13.17000000000021	-0.07197358063534463
     13.17033333333354	-0.07197358266447448
     13.17066666666688	-0.0719735846061746
     13.17100000000021	-0.07197358652407729
     13.17133333333354	-0.07197358843827618
     13.17166666666688	-0.07197359031827143
     13.17200000000021	-0.07197359212514301
     13.17233333333354	-0.07197359385064869
     13.17266666666688	-0.07197359551497393
     13.17300000000021	-0.07197359713391586
     13.17333333333355	-0.07197359870951668
     13.17366666666688	-0.07197359901667666
     13.17400000000021	-0.07197360087963794
     13.17433333333355	-0.07197360315567304
     13.17466666666688	-0.0719736036984736
     13.17500000000021	-0.07197360560358818
     13.17533333333355	-0.07197360630161499
     13.17566666666688	-0.07197360768871149
     13.17600000000022	-0.07197360803589821
     13.17633333333355	-0.07197360875963839
     13.17666666666688	-0.07197361069444548
     13.17700000000022	-0.071973611241629
     13.17733333333355	-0.0719736112272972
     13.17766666666688	-0.07197361187981662
     13.17800000000022	-0.0719736126255061
     13.17833333333355	-0.07197361306167996
     13.17866666666689	-0.07197361317745478
     13.17900000000022	-0.07197361334899546
     13.17933333333355	-0.07197361346641222
     13.17966666666689	-0.0719736133662737
     13.18000000000022	-0.07197361310805808
     13.18033333333355	-0.07197361284966079
     13.18066666666689	-0.07197361254492744
     13.18100000000022	-0.07197361205632463
     13.18133333333355	-0.07197361140091357
     13.18166666666689	-0.07197361067250227
     13.18200000000022	-0.07197360990329923
     13.18233333333356	-0.07197360904757745
     13.18266666666689	-0.07197360806608032
     13.18300000000022	-0.07197360697176962
     13.18333333333356	-0.07197360579702126
     13.18366666666689	-0.0719736045866312
     13.18400000000022	-0.07197360328611054
     13.18433333333356	-0.07197360189480226
     13.18466666666689	-0.07197360042429148
     13.18500000000023	-0.07197359889181758
     13.18533333333356	-0.07197359730998491
     13.18566666666689	-0.07197359568052902
     13.18600000000023	-0.07197359399873941
     13.18633333333356	-0.07197359226206054
     13.18666666666689	-0.07197359048053566
     13.18700000000023	-0.07197358866052042
     13.18733333333356	-0.07197358681041528
      13.1876666666669	-0.07197358493380084
     13.18800000000023	-0.07197358303083425
     13.18833333333356	-0.07197358110306634
      13.1886666666669	-0.07197357915522357
     13.18900000000023	-0.071973577193058
     13.18933333333356	-0.07197357522098552
      13.1896666666669	-0.07197357324196869
     13.19000000000023	-0.07197357125877725
     13.19033333333357	-0.07197356927477665
      13.1906666666669	-0.07197356729369012
     13.19100000000023	-0.07197356531893205
     13.19133333333357	-0.07197356335306565
      13.1916666666669	-0.07197356139935773
     13.19200000000023	-0.07197356037008734
     13.19233333333357	-0.07197355808540437
      13.1926666666669	-0.07197355623684061
     13.19300000000024	-0.07197355373214238
     13.19333333333357	-0.07197355233214536
      13.1936666666669	-0.07197355123618017
     13.19400000000024	-0.07197354950690127
     13.19433333333357	-0.07197354734572783
      13.1946666666669	-0.07197354529351763
     13.19500000000024	-0.07197354358810258
     13.19533333333357	-0.07197354210528975
     13.19566666666691	-0.07197354061122106
     13.19600000000024	-0.07197353898265145
     13.19633333333357	-0.07197353730210292
     13.19666666666691	-0.07197353569968291
     13.19700000000024	-0.07197353437828598
     13.19733333333357	-0.07197353285542009
     13.19766666666691	-0.07197353145477854
     13.19800000000024	-0.07197353032566757
     13.19833333333358	-0.07197352891492459
     13.19866666666691	-0.07197352748042163
     13.19900000000024	-0.07197352641065596
     13.19933333333358	-0.07197352516017484
     13.19966666666691	-0.07197352393292575
     13.20000000000024	-0.07197352304581096
     13.20033333333358	-0.07197352189302282
     13.20066666666691	-0.07197352070919255
     13.20100000000025	-0.07197351991787027
     13.20133333333358	-0.07197351888756218
     13.20166666666691	-0.07197351807395264
     13.20200000000025	-0.0719735170528267
     13.20233333333358	-0.07197351639740035
     13.20266666666691	-0.07197351544417187
     13.20300000000025	-0.07197351488110691
     13.20333333333358	-0.07197351394210673
     13.20366666666692	-0.07197351343730851
     13.20400000000025	-0.07197351261531598
     13.20433333333358	-0.07197351213283323
     13.20466666666692	-0.07197351139039142
     13.20500000000025	-0.0719735109412907
     13.20533333333358	-0.07197351031350764
     13.20566666666692	-0.07197350991984777
     13.20600000000025	-0.07197350935863409
     13.20633333333359	-0.07197350899710613
     13.20666666666692	-0.07197350848795794
     13.20700000000025	-0.07197350817958958
     13.20733333333359	-0.07197350773701894
     13.20766666666692	-0.0719735074811358
     13.20800000000025	-0.0719735070884803
     13.20833333333359	-0.07197350643992695
     13.20866666666692	-0.07197350579560127
     13.20900000000026	-0.07197350566377517
     13.20933333333359	-0.07197350603970279
     13.20966666666692	-0.07197350623645639
     13.21000000000026	-0.07197350610809436
     13.21033333333359	-0.07197350513758631
     13.21066666666692	-0.07197350453371611
     13.21100000000026	-0.07197350438093782
     13.21133333333359	-0.07197350460595342
     13.21166666666693	-0.07197350502678419
     13.21200000000026	-0.07197350490542746
     13.21233333333359	-0.07197350449109295
     13.21266666666693	-0.07197350433756497
     13.21300000000026	-0.07197350429411298
     13.21333333333359	-0.07197350439236004
     13.21366666666693	-0.07197350462385058
     13.21400000000026	-0.07197350458829287
      13.2143333333336	-0.07197350447142527
     13.21466666666693	-0.071973504533416
     13.21500000000026	-0.07197350457796797
      13.2153333333336	-0.07197350464805174
     13.21566666666693	-0.07197350475483964
     13.21600000000026	-0.07197350495200831
      13.2163333333336	-0.07197350502701853
     13.21666666666693	-0.07197350507373125
     13.21700000000027	-0.07197350517392559
      13.2173333333336	-0.07197350534139124
     13.21766666666693	-0.07197350553419936
     13.21800000000027	-0.0719735057197938
      13.2183333333336	-0.07197350589870993
     13.21866666666693	-0.0719735060753344
     13.21900000000027	-0.07197350627157655
      13.2193333333336	-0.07197350648831362
     13.21966666666694	-0.07197350671978543
     13.22000000000027	-0.07197350695977084
      13.2203333333336	-0.07197350720540584
     13.22066666666694	-0.07197350745655708
     13.22100000000027	-0.07197350771681596
      13.2213333333336	-0.07197350799027265
     13.22166666666694	-0.07197350827631931
     13.22200000000027	-0.07197350857188715
     13.22233333333361	-0.07197350887446469
     13.22266666666694	-0.07197350918460826
     13.22300000000027	-0.07197350950347489
     13.22333333333361	-0.07197350983231736
     13.22366666666694	-0.07197351017107617
     13.22400000000027	-0.07197351051852297
     13.22433333333361	-0.07197351087275632
     13.22466666666694	-0.07197351123457105
     13.22500000000027	-0.07197351160520414
     13.22533333333361	-0.07197351198581634
     13.22566666666694	-0.07197351237472549
     13.22600000000028	-0.07197351276998439
     13.22633333333361	-0.07197351317075226
     13.22666666666694	-0.07197351357801061
     13.22700000000028	-0.07197351399241904
     13.22733333333361	-0.07197351441438679
     13.22766666666694	-0.07197351484357926
     13.22800000000028	-0.07197351527892668
     13.22833333333361	-0.07197351571943932
     13.22866666666695	-0.07197351616481501
     13.22900000000028	-0.07197351661540977
     13.22933333333361	-0.07197351707126505
     13.22966666666695	-0.07197351753224383
     13.23000000000028	-0.07197351799809787
     13.23033333333361	-0.071973518467902
     13.23066666666695	-0.07197351894102894
     13.23100000000028	-0.0719735194178395
     13.23133333333362	-0.07197351989875746
     13.23166666666695	-0.07197352038332124
     13.23200000000028	-0.07197352087059858
     13.23233333333362	-0.0719735213600201
     13.23266666666695	-0.07197352185153633
     13.23300000000028	-0.07197352234541307
     13.23333333333362	-0.07197352284150188
     13.23366666666695	-0.07197352333961586
     13.23400000000029	-0.07197352383911716
     13.23433333333362	-0.07197352433946722
     13.23466666666695	-0.07197352484052393
     13.23500000000029	-0.07197352534233865
     13.23533333333362	-0.07197352584482186
     13.23566666666695	-0.07197352634754793
     13.23600000000029	-0.07197352685041805
     13.23633333333362	-0.07197352735300749
     13.23666666666696	-0.07197352785486372
     13.23700000000029	-0.07197352835614952
     13.23733333333362	-0.07197352885724867
     13.23766666666696	-0.07197352935736973
     13.23800000000029	-0.0719735298556026
     13.23833333333362	-0.07197353035257059
     13.23866666666696	-0.0719735308480661
     13.23900000000029	-0.07197353135892505
     13.23933333333363	-0.07197353184194588
     13.23966666666696	-0.07197353230098565
     13.24000000000029	-0.07197353280004624
     13.24033333333363	-0.0719735333026074
     13.24066666666696	-0.07197353375442626
     13.24100000000029	-0.07197353421130151
     13.24133333333363	-0.07197353469074667
     13.24166666666696	-0.07197353517958001
      13.2420000000003	-0.07197353563222553
     13.24233333333363	-0.0719735360686619
     13.24266666666696	-0.07197353652271274
      13.2430000000003	-0.07197353701285998
     13.24333333333363	-0.07197353747664129
     13.24366666666696	-0.07197353792885099
      13.2440000000003	-0.07197353835706009
     13.24433333333363	-0.07197353877986375
     13.24466666666697	-0.07197353924850176
      13.2450000000003	-0.07197353970600455
     13.24533333333363	-0.07197354013895622
     13.24566666666697	-0.0719735405639239
      13.2460000000003	-0.07197354099385136
     13.24633333333363	-0.07197354142987929
     13.24666666666697	-0.07197354186590336
      13.2470000000003	-0.0719735422905541
     13.24733333333364	-0.07197354270730585
     13.24766666666697	-0.07197354312127924
      13.2480000000003	-0.07197354353357444
     13.24833333333364	-0.07197354394570399
     13.24866666666697	-0.07197354435680596
      13.2490000000003	-0.07197354476220515
     13.24933333333364	-0.0719735451627798
     13.24966666666697	-0.07197354555866184
     13.25000000000031	-0.07197354595216141
     13.25033333333364	-0.07197354634406432
     13.25066666666697	-0.07197354673335868
     13.25100000000031	-0.0719735471187478
     13.25133333333364	-0.07197354749999323
     13.25166666666697	-0.07197354787780046
     13.25200000000031	-0.07197354825185907
     13.25233333333364	-0.07197354862449297
     13.25266666666698	-0.0719735489924466
     13.25300000000031	-0.07197354935912706
     13.25333333333364	-0.07197354972199593
     13.25366666666698	-0.0719735500819208
     13.25400000000031	-0.0719735504373106
     13.25433333333364	-0.07197355079042912
     13.25466666666698	-0.07197355114015079
     13.25500000000031	-0.07197355148751383
     13.25533333333365	-0.07197355183167153
     13.25566666666698	-0.07197355217213491
     13.25600000000031	-0.07197355250918862
     13.25633333333365	-0.07197355284336523
     13.25666666666698	-0.07197355317480979
     13.25700000000031	-0.07197355350252166
     13.25733333333365	-0.07197355382776438
     13.25766666666698	-0.07197355414945626
     13.25800000000032	-0.07197355446920618
     13.25833333333365	-0.07197355478509515
     13.25866666666698	-0.07197355509663961
     13.25900000000032	-0.07197355540686992
     13.25933333333365	-0.07197355571337319
     13.25966666666698	-0.07197355601701028
     13.26000000000032	-0.07197355631755888
     13.26033333333365	-0.0719735566149583
     13.26066666666699	-0.07197355690927343
     13.26100000000032	-0.07197355720061122
     13.26133333333365	-0.07197355748895116
     13.26166666666699	-0.07197355777414667
     13.26200000000032	-0.0719735580561595
     13.26233333333365	-0.07197355833578778
     13.26266666666699	-0.07197355861167289
     13.26300000000032	-0.0719735588842339
     13.26333333333366	-0.07197355915406245
     13.26366666666699	-0.07197355942117041
     13.26400000000032	-0.07197355968581895
     13.26433333333366	-0.07197355994570286
     13.26466666666699	-0.07197356020361322
     13.26500000000032	-0.07197356045853442
     13.26533333333366	-0.07197356071019795

     14.00033333333333	-0.07139653688194654
     14.00066666666667	-0.07289815232209164
                14.001	-0.07424527669830334
     14.00133333333333	-0.07337966261426075
     14.00166666666667	-0.07128710615819195
                14.002	-0.070575589604012
     14.00233333333334	-0.07193405083310264
     14.00266666666667	-0.07361698084562798
                14.003	-0.07375035395315992
     14.00333333333334	-0.07250396390833518
     14.00366666666667	-0.07142060541592155
                14.004	-0.07157466030120598
     14.00433333333334	-0.07251247614444105
     14.00466666666667	-0.07311425667596687
     14.00500000000001	-0.07288252669161854
     14.00533333333334	-0.07228346130946051
     14.00566666666667	-0.07200791941540989
     14.00600000000001	-0.07223612107484984
     14.00633333333334	-0.07261163731852613
     14.00666666666667	-0.07273910239130364
     14.00700000000001	-0.07258244744387315
     14.00733333333334	-0.07239338469943754
     14.00766666666668	-0.07237506892716705
     14.00800000000001	-0.07250055387608509
     14.00833333333334	-0.0726179146938217
     14.00866666666668	-0.07263050507617981
     14.00900000000001	-0.07257547102318607
     14.00933333333334	-0.07254074218103766
     14.00966666666668	-0.0725663157616368
     14.01000000000001	-0.07262047985096376
     14.01033333333335	-0.0726563505918021
     14.01066666666668	-0.07265950859605495
     14.01100000000001	-0.07265471782420782
     14.01133333333335	-0.07266388339637586
     14.01166666666668	-0.07268607485576735
     14.01200000000001	-0.07271274557090525
     14.01233333333335	-0.07273064182101904
     14.01266666666668	-0.07274197243167943
     14.01300000000002	-0.0727537085205347
     14.01333333333335	-0.07276937368832533
     14.01366666666668	-0.07278828767174682
     14.01400000000002	-0.07280665112419708
     14.01433333333335	-0.0728228041812697
     14.01466666666668	-0.07283736500296353
     14.01500000000002	-0.07285346521765955
     14.01533333333335	-0.07286974209250992
     14.01566666666669	-0.07288632936746571
     14.01600000000002	-0.07290214269511791
     14.01633333333335	-0.07291664155826556
     14.01666666666669	-0.07293237254563538
     14.01700000000002	-0.07294838755657249
     14.01733333333335	-0.07296354906035715
     14.01766666666669	-0.07297752800430866
     14.01800000000002	-0.07299105938687055
     14.01833333333336	-0.07300486456316865
     14.01866666666669	-0.07301897149452014
     14.01900000000002	-0.07303242380263728
     14.01933333333336	-0.07304580722862437
     14.01966666666669	-0.07305816083551696
     14.02000000000002	-0.07306968868424031
     14.02033333333336	-0.07308097518523389
     14.02066666666669	-0.07309232210738491
     14.02100000000003	-0.07310349798510959
     14.02133333333336	-0.07311411484787235
     14.02166666666669	-0.073124004771743
     14.02200000000003	-0.07313328854654244
     14.02233333333336	-0.07314218162337541
     14.02266666666669	-0.0731507901222289
     14.02300000000003	-0.07315903425476013
     14.02333333333336	-0.07316679231520519
      14.0236666666667	-0.07317395867720561
     14.02400000000003	-0.07318082965422815
     14.02433333333336	-0.07318735471307468
      14.0246666666667	-0.07319334885591929
     14.02500000000003	-0.07319883950488362
     14.02533333333336	-0.07320394919745349
      14.0256666666667	-0.07320875713057895
     14.02600000000003	-0.07321323713171228
     14.02633333333337	-0.07321727962228128
      14.0266666666667	-0.07322100344373363
     14.02700000000003	-0.07322440425858312
     14.02733333333337	-0.07322750158245213
      14.0276666666667	-0.07323020730972428
     14.02800000000003	-0.0732325897782669
     14.02833333333337	-0.07323475680242046
      14.0286666666667	-0.07323673159259166
     14.02900000000004	-0.07323846878624084
     14.02933333333337	-0.07323993921920381
      14.0296666666667	-0.07324117145628342
     14.03000000000004	-0.0732422294394024
     14.03033333333337	-0.07324312684965936
      14.0306666666667	-0.07324385199194444
     14.03100000000004	-0.07324441945882526
     14.03133333333337	-0.07324486040611204
     14.03166666666671	-0.07324520623783987
     14.03200000000004	-0.07324547520153168
     14.03233333333337	-0.073245691505978
     14.03266666666671	-0.07324587133514308
     14.03300000000004	-0.07324566452687034
     14.03333333333337	-0.0732455505362145
     14.03366666666671	-0.07324555640775988
     14.03400000000004	-0.07324562400323849
     14.03433333333338	-0.07324560280906953
     14.03466666666671	-0.07324543625933637
     14.03500000000004	-0.07324530019122728
     14.03533333333338	-0.07324515382040177
     14.03566666666671	-0.07324502093153508
     14.03600000000004	-0.07324504974515518
     14.03633333333338	-0.07324514701309602
     14.03666666666671	-0.07324523114381237
     14.03700000000005	-0.07324524777135645
     14.03733333333338	-0.0732453548694009
     14.03766666666671	-0.07324567452178006
     14.03800000000005	-0.07324609659217449
     14.03833333333338	-0.0732463297311363
     14.03866666666671	-0.07324647069844401
     14.03900000000005	-0.073246776892282
     14.03933333333338	-0.07324727772066114
     14.03966666666672	-0.0732479235881936
     14.04000000000005	-0.07324857736082142
     14.04033333333338	-0.07324921237411418
     14.04066666666672	-0.07324987954753109
     14.04100000000005	-0.07325060784284401
     14.04133333333338	-0.07325140636215376
     14.04166666666672	-0.07325225226051213
     14.04200000000005	-0.07325312760448513
     14.04233333333339	-0.07325402127523166
     14.04266666666672	-0.07325492348507646
     14.04300000000005	-0.07325583114817491
     14.04333333333339	-0.07325673885787209
     14.04366666666672	-0.07325765533657234
     14.04400000000005	-0.07325857279865515
     14.04433333333339	-0.07325948325168881
     14.04466666666672	-0.07326036574632912
     14.04500000000005	-0.07326120792597268
     14.04533333333339	-0.07326201204750002
     14.04566666666672	-0.07326323112432501
     14.04600000000006	-0.07326445118124961
     14.04633333333339	-0.07326538393012463
     14.04666666666672	-0.07326595155908855
     14.04700000000006	-0.07326621614169786
     14.04733333333339	-0.0732664322420245
     14.04766666666672	-0.07326681341648962
     14.04800000000006	-0.07326722211904778
     14.04833333333339	-0.07326764157300113
     14.04866666666673	-0.07326793974312976
     14.04900000000006	-0.07326826214070162
     14.04933333333339	-0.07326810540208845
     14.04966666666673	-0.07326781325360505
     14.05000000000006	-0.07326712348409578
     14.05033333333339	-0.07326668044440282
     14.05066666666673	-0.0732661582551777
     14.05100000000006	-0.07326550369321463
      14.0513333333334	-0.07326496486847642
     14.05166666666673	-0.07326473538288432
     14.05200000000006	-0.07326451883595304
      14.0523333333334	-0.07326347738811949
     14.05266666666673	-0.07326209355435082
     14.05300000000006	-0.07326120598606839
      14.0533333333334	-0.07325998913677091
     14.05366666666673	-0.07325885894132853
     14.05400000000007	-0.07325756356607832
      14.0543333333334	-0.07325601620327227
     14.05466666666673	-0.07325448827100002
     14.05500000000007	-0.07325297098248715
      14.0553333333334	-0.07325139756426721
     14.05566666666673	-0.07325034569185149
     14.05600000000007	-0.07324785646535621
      14.0563333333334	-0.07324583597923016
     14.05666666666674	-0.07324414820171765
     14.05700000000007	-0.07324222972328467
      14.0573333333334	-0.07324001731850004
     14.05766666666674	-0.0732378028817824
     14.05800000000007	-0.07323559890401669
      14.0583333333334	-0.07323332256737149
     14.05866666666674	-0.07323102608287627
     14.05900000000007	-0.07322876144044259
     14.05933333333341	-0.07322648466919632
     14.05966666666674	-0.07322411803403417
     14.06000000000007	-0.07322169293701089
     14.06033333333341	-0.07321930634603802
     14.06066666666674	-0.0732169698036272
     14.06100000000007	-0.07321463615289811
     14.06133333333341	-0.07321226701928708
     14.06166666666674	-0.07320984117151599
     14.06200000000008	-0.07320740337336311
     14.06233333333341	-0.07320490255935196
     14.06266666666674	-0.0732026313364998
     14.06300000000008	-0.07319982703342612
     14.06333333333341	-0.07319821864809077
     14.06366666666674	-0.0731962815251343
     14.06400000000008	-0.07319305962493475
     14.06433333333341	-0.07319110216829275
     14.06466666666675	-0.07318915971604552
     14.06500000000008	-0.07318704303228152
     14.06533333333341	-0.07318487686293737
     14.06566666666675	-0.07318298162230513
     14.06600000000008	-0.07318053392982739
     14.06633333333341	-0.07317869144404772
     14.06666666666675	-0.07317688421961949
     14.06700000000008	-0.0731744807981452
     14.06733333333342	-0.07317265404363708
     14.06766666666675	-0.07317077247052645
     14.06800000000008	-0.07316898482160474
     14.06833333333342	-0.07316689525398909
     14.06866666666675	-0.07316511586988156
     14.06900000000008	-0.07316376110132403
     14.06933333333342	-0.07316207540633828
     14.06966666666675	-0.07316036268506144
     14.07000000000009	-0.07315897710102455
     14.07033333333342	-0.07315747979439617
     14.07066666666675	-0.07315602070443063
     14.07100000000009	-0.07315488101742057
     14.07133333333342	-0.07315341501521093
     14.07166666666675	-0.07315197733110389
     14.07200000000009	-0.07315102834403028
     14.07233333333342	-0.07314982858735485
     14.07266666666676	-0.07314849503884735
     14.07300000000009	-0.07314762285404204
     14.07333333333342	-0.07314651667747067
     14.07366666666676	-0.07314548130825815
     14.07400000000009	-0.07314469056603441
     14.07433333333342	-0.07314366398233374
     14.07466666666676	-0.07314264381252225
     14.07500000000009	-0.07314210109970434
     14.07533333333343	-0.07314124797438336
     14.07566666666676	-0.07314037497040564
     14.07600000000009	-0.07313972509052545
     14.07633333333343	-0.07313867100657259
     14.07666666666676	-0.07313794638508847
     14.07700000000009	-0.07313769061957909
     14.07733333333343	-0.0731370994570392
     14.07766666666676	-0.07313623647860881
      14.0780000000001	-0.07313564116779087
     14.07833333333343	-0.07313518155145116
     14.07866666666676	-0.07313471921459243
      14.0790000000001	-0.07313431914704187
     14.07933333333343	-0.07313389726119331
     14.07966666666676	-0.07313334944740579
      14.0800000000001	-0.07313297816493199
     14.08033333333343	-0.07313248512878148
     14.08066666666677	-0.07313202938082504
      14.0810000000001	-0.07313177706436835
     14.08133333333343	-0.07313141027046835
     14.08166666666677	-0.07313098132257251
      14.0820000000001	-0.07313064329859718
     14.08233333333343	-0.07313026215368905
     14.08266666666677	-0.07313016738080257
      14.0830000000001	-0.07312995227324366
     14.08333333333344	-0.07312956050569785
     14.08366666666677	-0.07312917623281195
      14.0840000000001	-0.07312878462967778
     14.08433333333344	-0.07312839465227308
     14.08466666666677	-0.07312803073504569
      14.0850000000001	-0.07312767446637355
     14.08533333333344	-0.07312739012484808
     14.08566666666677	-0.07312708168867754
     14.08600000000011	-0.07312665130407139
     14.08633333333344	-0.07312628725405977
     14.08666666666677	-0.0731259416689265
     14.08700000000011	-0.07312551358179141
     14.08733333333344	-0.07312521385706414
     14.08766666666677	-0.07312490693898009
     14.08800000000011	-0.0731244353410021
     14.08833333333344	-0.07312408903657162
     14.08866666666678	-0.07312376229779792
     14.08900000000011	-0.07312328590112112
     14.08933333333344	-0.07312296843853684
     14.08966666666678	-0.07312265815496967
     14.09000000000011	-0.07312217707066958
     14.09033333333344	-0.0731218274732468
     14.09066666666678	-0.07312148473258157
     14.09100000000011	-0.07312104619528706
     14.09133333333344	-0.07312072160916003
     14.09166666666678	-0.07312037635033602
     14.09200000000011	-0.07311992847359318
     14.09233333333345	-0.07311959594801465
     14.09266666666678	-0.07311926657550101
     14.09300000000011	-0.07311883223273205
     14.09333333333345	-0.07311849565699524
     14.09366666666678	-0.07311820173251665
     14.09400000000011	-0.07311779143159637
     14.09433333333345	-0.07311746678256885
     14.09466666666678	-0.07311716787287988
     14.09500000000012	-0.0731168281615627
     14.09533333333345	-0.0731164175706757
     14.09566666666678	-0.07311613411156623
     14.09600000000012	-0.07311587535144155
     14.09633333333345	-0.07311557365535994
     14.09666666666678	-0.0731152041334943
     14.09700000000012	-0.07311493764031853
     14.09733333333345	-0.07311469651305907
     14.09766666666679	-0.073114417676338
     14.09800000000012	-0.07311409449682173
     14.09833333333345	-0.07311387976913777
     14.09866666666679	-0.07311367401144091
     14.09900000000012	-0.07311342434757068
     14.09933333333345	-0.07311316907656826
     14.09966666666679	-0.07311294266640471
     14.10000000000012	-0.07311274176212965
     14.10033333333346	-0.07311254767218656
     14.10066666666679	-0.07311235944734673
     14.10100000000012	-0.0731121797515772
     14.10133333333346	-0.07311200939358527
     14.10166666666679	-0.07311184941988839
     14.10200000000012	-0.07311169277999369
     14.10233333333346	-0.07311155716160503
     14.10266666666679	-0.07311142180131484
     14.10300000000013	-0.07311130401832167
     14.10333333333346	-0.07311119409135457
     14.10366666666679	-0.07311108478957229
     14.10400000000013	-0.0731109961853211
     14.10433333333346	-0.07311090403383125
     14.10466666666679	-0.07311082746745216
     14.10500000000013	-0.07311075948297201
     14.10533333333346	-0.07311069947880666
      14.1056666666668	-0.07311064627731878
     14.10600000000013	-0.07311059988221477
     14.10633333333346	-0.07311056096755675
      14.1066666666668	-0.07311052932618249
     14.10700000000013	-0.07311050427834051
     14.10733333333346	-0.07311048520920115
      14.1076666666668	-0.07311047193777434
     14.10800000000013	-0.07311046445131009
     14.10833333333347	-0.07311046285073855
      14.1086666666668	-0.07311046659955725
     14.10900000000013	-0.07311047497235373
     14.10933333333347	-0.07311048753242981
      14.1096666666668	-0.0731105042226394
     14.11000000000013	-0.07311052504531436
     14.11033333333347	-0.07311054977053956
      14.1106666666668	-0.07311057795358476
     14.11100000000014	-0.07311060912311992
     14.11133333333347	-0.07311064305314147
      14.1116666666668	-0.07311067950133109
     14.11200000000014	-0.07311071826857239
     14.11233333333347	-0.07311075920231241
      14.1126666666668	-0.07311080213801753
     14.11300000000014	-0.07311084683388135
     14.11333333333347	-0.07311089310271381
     14.11366666666681	-0.07311094062579712
     14.11400000000014	-0.07311098916454906
     14.11433333333347	-0.07311103861278165
     14.11466666666681	-0.07311108889701368
     14.11500000000014	-0.07311113987967997
     14.11533333333347	-0.07311119136543633
     14.11566666666681	-0.07311124317333678
     14.11600000000014	-0.07311129518237612
     14.11633333333348	-0.07311134728889174
     14.11666666666681	-0.07311139947489502
     14.11700000000014	-0.07311145161330601
     14.11733333333348	-0.07311150356292534
     14.11766666666681	-0.07311155524027363
     14.11800000000014	-0.07311160661616237
     14.11833333333348	-0.07311165766338992
     14.11866666666681	-0.07311170832974544
     14.11900000000015	-0.07311175856358931
     14.11933333333348	-0.07311180832595369
     14.11966666666681	-0.07311185759810172
     14.12000000000015	-0.07311190637242887
     14.12033333333348	-0.07311195464362899
     14.12066666666681	-0.07311200240312316
     14.12100000000015	-0.07311204969191003
     14.12133333333348	-0.07311209644552535
     14.12166666666682	-0.07311214260266893
     14.12200000000015	-0.07311218827575594
     14.12233333333348	-0.07311223442469139
     14.12266666666682	-0.07311228177494049
     14.12300000000015	-0.07311232399125635
     14.12333333333348	-0.07311236662220269
     14.12366666666682	-0.07311240833153369
     14.12400000000015	-0.07311245225005759
     14.12433333333349	-0.07311249911950352
     14.12466666666682	-0.07311254429821454
     14.12500000000015	-0.07311258469841199
     14.12533333333349	-0.07311262271963878
     14.12566666666682	-0.07311266613704
     14.12600000000015	-0.07311271006875197
     14.12633333333349	-0.07311274986010947
     14.12666666666682	-0.07311279278893427
     14.12700000000016	-0.07311283632855063
     14.12733333333349	-0.07311287787650791
     14.12766666666682	-0.07311291984667971
     14.12800000000016	-0.07311295785343912
     14.12833333333349	-0.07311300185708872
     14.12866666666682	-0.07311304402958355
     14.12900000000016	-0.07311308598527773
     14.12933333333349	-0.07311312814418017
     14.12966666666683	-0.0731131700429245
     14.13000000000016	-0.07311321188969161
     14.13033333333349	-0.07311325410704948
     14.13066666666683	-0.07311329657045379
     14.13100000000016	-0.0731133389050095
     14.13133333333349	-0.07311338117933028
     14.13166666666683	-0.07311342375779767
     14.13200000000016	-0.0731134667518952
      14.1323333333335	-0.07311350987310009
     14.13266666666683	-0.07311355280210477
     14.13300000000016	-0.07311359554712692
      14.1333333333335	-0.07311363836116685
     14.13366666666683	-0.07311368142301455
     14.13400000000016	-0.07311372463406926
      14.1343333333335	-0.07311376785123802
     14.13466666666683	-0.07311381090875044
     14.13500000000016	-0.07311385382138705
      14.1353333333335	-0.07311389660243753
     14.13566666666683	-0.0731139393402216
     14.13600000000017	-0.07311398200108812
      14.1363333333335	-0.07311402453251234
     14.13666666666683	-0.07311406695890563
     14.13700000000017	-0.07311410919502638
      14.1373333333335	-0.07311415117443876
     14.13766666666683	-0.07311419283667597
     14.13800000000017	-0.07311423417507855
      14.1383333333335	-0.07311427519584933
     14.13866666666684	-0.07311431587301473
     14.13900000000017	-0.07311435615334137
      14.1393333333335	-0.07311439598706256
     14.13966666666684	-0.07311443539787424
     14.14000000000017	-0.07311447441064226
      14.1403333333335	-0.07311451299528864
     14.14066666666684	-0.07311455110657751
     14.14100000000017	-0.07311458863946689
     14.14133333333351	-0.07311462553786671
     14.14166666666684	-0.07311466185309808
     14.14200000000017	-0.07311469760052861
     14.14233333333351	-0.07311473272882547
     14.14266666666684	-0.073114767161177
     14.14300000000017	-0.07311480087971509
     14.14333333333351	-0.07311483390804482
     14.14366666666684	-0.07311486623490775
     14.14400000000018	-0.07311489787482593
     14.14433333333351	-0.07311492882313433
     14.14466666666684	-0.07311495903579382
     14.14500000000018	-0.0731149884864737
     14.14533333333351	-0.07311501710761852
     14.14566666666684	-0.07311504495144602
     14.14600000000018	-0.07311507443153319
     14.14633333333351	-0.07311510227290481
     14.14666666666685	-0.07311512471604251
     14.14700000000018	-0.07311514643659868
     14.14733333333351	-0.07311517195091219
     14.14766666666685	-0.07311519926533727
     14.14800000000018	-0.0731152237697551
     14.14833333333351	-0.07311524348864644
     14.14866666666685	-0.07311526077537829
     14.14900000000018	-0.07311527996105811
     14.14933333333352	-0.07311530110348329
     14.14966666666685	-0.07311532117481383
     14.15000000000018	-0.07311533870414709
     14.15033333333352	-0.07311535467986924
     14.15066666666685	-0.07311537029423615
     14.15100000000018	-0.07311538590373232
     14.15133333333352	-0.07311540103612592
     14.15166666666685	-0.07311541534919869
     14.15200000000019	-0.07311542872486308
     14.15233333333352	-0.07311544120981972
     14.15266666666685	-0.07311545020973599
     14.15300000000019	-0.07311546202473486
     14.15333333333352	-0.07311547564608394
     14.15366666666685	-0.07311548537253611
     14.15400000000019	-0.07311549201865715
     14.15433333333352	-0.07311550282004489
     14.15466666666686	-0.07311551200493384
     14.15500000000019	-0.07311551960339488
     14.15533333333352	-0.07311552676446409
     14.15566666666686	-0.07311553405745616
     14.15600000000019	-0.07311554146180278
     14.15633333333352	-0.07311554851944599
     14.15666666666686	-0.0731155549222378
     14.15700000000019	-0.07311556067658424
     14.15733333333353	-0.07311556493900609
     14.15766666666686	-0.07311557048331051
     14.15800000000019	-0.07311557620036235
     14.15833333333353	-0.07311558112682719
     14.15866666666686	-0.07311558525544554
     14.15900000000019	-0.07311558924080044
     14.15933333333353	-0.07311559330049086
     14.15966666666686	-0.07311559673935766
      14.1600000000002	-0.07311560043191577
     14.16033333333353	-0.07311560462171833
     14.16066666666686	-0.07311560717702134
      14.1610000000002	-0.07311561012758563
     14.16133333333353	-0.07311561278396801
     14.16166666666686	-0.07311561622850836
      14.1620000000002	-0.07311561895602084
     14.16233333333353	-0.07311562087745242
     14.16266666666687	-0.07311562416841538
      14.1630000000002	-0.0731156265634636
     14.16333333333353	-0.07311562757276051
     14.16366666666687	-0.07311563055440005
      14.1640000000002	-0.07311563338006664
     14.16433333333353	-0.07311563510762356
     14.16466666666687	-0.07311563716095111
      14.1650000000002	-0.0731156395178742
     14.16533333333354	-0.07311564115329769
     14.16566666666687	-0.07311564245680575
      14.1660000000002	-0.07311564417035281
     14.16633333333354	-0.07311564622149444
     14.16666666666687	-0.07311564806653278
      14.1670000000002	-0.07311564966785601
     14.16733333333354	-0.07311565114820398
     14.16766666666687	-0.07311565264558986
     14.16800000000021	-0.07311565417190403
     14.16833333333354	-0.07311565571555753
     14.16866666666687	-0.07311565720772138
     14.16900000000021	-0.07311565863510255
     14.16933333333354	-0.07311566001306492
     14.16966666666687	-0.07311566136788733
     14.17000000000021	-0.0731156626932052
     14.17033333333354	-0.07311566397513369
     14.17066666666688	-0.07311566520606239
     14.17100000000021	-0.07311566639234665
     14.17133333333354	-0.07311566754364154
     14.17166666666688	-0.0731156686590529
     14.17200000000021	-0.07311566972464291
     14.17233333333354	-0.07311567073087497
     14.17266666666688	-0.07311567166963431
     14.17300000000021	-0.07311567254669091
     14.17333333333355	-0.07311567232417555
     14.17366666666688	-0.07311567344114929
     14.17400000000021	-0.07311567493427243
     14.17433333333355	-0.07311567491593537
     14.17466666666688	-0.0731156760969628
     14.17500000000021	-0.07311567618235444
     14.17533333333355	-0.0731156768639431
     14.17566666666688	-0.07311567662026996
     14.17600000000022	-0.07311567673612393
     14.17633333333355	-0.0731156778891683
     14.17666666666688	-0.07311567779211163
     14.17700000000022	-0.0731156772320658
     14.17733333333355	-0.07311567722967402
     14.17766666666688	-0.07311567732141629
     14.17800000000022	-0.07311567713171171
     14.17833333333355	-0.07311567662383085
     14.17866666666689	-0.07311567616237684
     14.17900000000022	-0.07311567564589119
     14.17933333333355	-0.07311567494873716
     14.17966666666689	-0.07311567410567472
     14.18000000000022	-0.07311567326146577
     14.18033333333355	-0.0731156723576684
     14.18066666666689	-0.07311567128890882
     14.18100000000022	-0.07311567006421607
     14.18133333333355	-0.0731156687691451
     14.18166666666689	-0.07311566743260942
     14.18200000000022	-0.07311566602176078
     14.18233333333356	-0.07311566449705011
     14.18266666666689	-0.07311566286575906
     14.18300000000022	-0.0731156611564389
     14.18333333333356	-0.07311565939402791
     14.18366666666689	-0.07311565757172456
     14.18400000000022	-0.07311565567510167
     14.18433333333356	-0.07311565370187806
     14.18466666666689	-0.0731156516638477
     14.18500000000023	-0.07311564961427862
     14.18533333333356	-0.07311564747282917
     14.18566666666689	-0.07311564526450202
     14.18600000000023	-0.07311564302454868
     14.18633333333356	-0.07311564076502154
     14.18666666666689	-0.07311563847800842
     14.18700000000023	-0.07311563615526982
     14.18733333333356	-0.07311563380267086
      14.1876666666669	-0.07311563141641582
     14.18800000000023	-0.07311562901700583
     14.18833333333356	-0.07311562660890669
      14.1886666666669	-0.07311562419357316
     14.18900000000023	-0.07311562176289836
     14.18933333333356	-0.07311561932419171
      14.1896666666669	-0.07311561688664057
     14.19000000000023	-0.07311561445479865
     14.19033333333357	-0.07311561202929749
      14.1906666666669	-0.07311560961107076
     14.19100000000023	-0.07311560720338296
     14.19133333333357	-0.07311560481053019
      14.1916666666669	-0.07311560243588684
     14.19200000000023	-0.07311560008152009
     14.19233333333357	-0.07311559774910643
      14.1926666666669	-0.0731155954438279
     14.19300000000024	-0.07311559316015018
     14.19333333333357	-0.0731155909062854
      14.1936666666669	-0.07311558868524645
     14.19400000000024	-0.07311558721327219
     14.19433333333357	-0.07311558548899932
      14.1946666666669	-0.07311558244266084
     14.19500000000024	-0.0731155802118069
     14.19533333333357	-0.0731155785732525
     14.19566666666691	-0.0731155768509317
     14.19600000000024	-0.07311557483075934
     14.19633333333357	-0.07311557275025858
     14.19666666666691	-0.07311557059248901
     14.19700000000024	-0.07311556879574049
     14.19733333333357	-0.07311556731025871
     14.19766666666691	-0.07311556551787907
     14.19800000000024	-0.07311556362679097
     14.19833333333358	-0.07311556199475475
     14.19866666666691	-0.07311556025735447
     14.19900000000024	-0.07311555863489004
     14.19933333333358	-0.07311555729918763
     14.19966666666691	-0.0731155557318819
     14.20000000000024	-0.07311555412034507
     14.20033333333358	-0.07311555281686553
     14.20066666666691	-0.07311555135612756
     14.20100000000025	-0.07311555009892984
     14.20133333333358	-0.07311554870714063
     14.20166666666691	-0.07311554755147133
     14.20200000000025	-0.07311554624043332
     14.20233333333358	-0.07311554513472593
     14.20266666666691	-0.07311554387344253
     14.20300000000025	-0.07311554285172882
     14.20333333333358	-0.07311554168306825
     14.20366666666692	-0.07311554074247777
     14.20400000000025	-0.07311553962664642
     14.20433333333358	-0.07311553875027257
     14.20466666666692	-0.07311553767387205
     14.20500000000025	-0.07311553690905842
     14.20533333333358	-0.0731155358988948
     14.20566666666692	-0.07311553514943996
     14.20600000000025	-0.07311553423695906
     14.20633333333359	-0.07311553352555641
     14.20666666666692	-0.07311553267945338
     14.20700000000025	-0.07311553201673941
     14.20733333333359	-0.07311553123768695
     14.20766666666692	-0.07311553062512739
     14.20800000000025	-0.07311552990408231
     14.20833333333359	-0.07311552933060404
     14.20866666666692	-0.07311552836998532
     14.20900000000026	-0.07311552765082351
     14.20933333333359	-0.07311552707196324
     14.20966666666692	-0.07311552675512888
     14.21000000000026	-0.07311552630003777
     14.21033333333359	-0.07311552585793447
     14.21066666666692	-0.07311552524526983
     14.21100000000026	-0.07311552474148096
     14.21133333333359	-0.07311552425641732
     14.21166666666693	-0.0731155239658514
     14.21200000000026	-0.07311552358669271
     14.21233333333359	-0.07311552325053804
     14.21266666666693	-0.07311552279860273
     14.21300000000026	-0.07311552246586833
     14.21333333333359	-0.07311552209624449
     14.21366666666693	-0.07311552177188593
     14.21400000000026	-0.07311552156603872
      14.2143333333336	-0.07311552126965799
     14.21466666666693	-0.07311552095521096
     14.21500000000026	-0.07311552074223314
      14.2153333333336	-0.07311552049848925
     14.21566666666693	-0.07311552025928879
     14.21600000000026	-0.07311552010859759
      14.2163333333336	-0.07311551990689744
     14.21666666666693	-0.07311551969177528
     14.21700000000027	-0.07311551956756336
      14.2173333333336	-0.07311551941606952
     14.21766666666693	-0.07311551926283774
     14.21800000000027	-0.07311551918234907
      14.2183333333336	-0.07311551906706674
     14.21866666666693	-0.0731155189489324
     14.21900000000027	-0.07311551890003454
      14.2193333333336	-0.07311551882932525
     14.21966666666694	-0.07311551874975453
     14.22000000000027	-0.07311551869925731
      14.2203333333336	-0.07311551867360154
     14.22066666666694	-0.07311551866291573
     14.22100000000027	-0.07311551866344974
      14.2213333333336	-0.07311551867570901
     14.22166666666694	-0.07311551869866802
     14.22200000000027	-0.0731155187309121
     14.22233333333361	-0.07311551877269129
     14.22266666666694	-0.07311551882621591
     14.22300000000027	-0.07311551889339014
     14.22333333333361	-0.0731155189745533
     14.22366666666694	-0.07311551906694158
     14.22400000000027	-0.07311551916805109
     14.22433333333361	-0.07311551927749374
     14.22466666666694	-0.07311551939713616
     14.22500000000027	-0.07311551952779501
     14.22533333333361	-0.07311551966933204
     14.22566666666694	-0.07311551982088317
     14.22600000000028	-0.0731155199820817
     14.22633333333361	-0.07311552015222089
     14.22666666666694	-0.07311552033162023
     14.22700000000028	-0.07311552051998962
     14.22733333333361	-0.07311552071681345
     14.22766666666694	-0.07311552092183006
     14.22800000000028	-0.07311552113500391
     14.22833333333361	-0.07311552135646993
     14.22866666666695	-0.0731155215859379
     14.22900000000028	-0.07311552182252673
     14.22933333333361	-0.07311552206588574
     14.22966666666695	-0.07311552231603613
     14.23000000000028	-0.07311552259472225
     14.23033333333361	-0.07311552284006752
     14.23066666666695	-0.07311552309077057
     14.23100000000028	-0.07311552338449569
     14.23133333333362	-0.07311552365158062
     14.23166666666695	-0.07311552393534171
     14.23200000000028	-0.07311552421093641
     14.23233333333362	-0.07311552451276264
     14.23266666666695	-0.0731155248109589
     14.23300000000028	-0.07311552509067443
     14.23333333333362	-0.07311552539783239
     14.23366666666695	-0.073115525713949
     14.23400000000029	-0.07311552601612242
     14.23433333333362	-0.07311552631155137
     14.23466666666695	-0.07311552661847377
     14.23500000000029	-0.0731155269420532
     14.23533333333362	-0.07311552727187594
     14.23566666666695	-0.0731155275948539
     14.23600000000029	-0.07311552791229679
     14.23633333333362	-0.07311552823342196
     14.23666666666696	-0.07311552856128452
     14.23700000000029	-0.0731155288920577
     14.23733333333362	-0.07311552922190967
     14.23766666666696	-0.07311552955244126
     14.23800000000029	-0.07311552988461949
     14.23833333333362	-0.07311553021813125
     14.23866666666696	-0.07311553055175025
     14.23900000000029	-0.07311553088601365
     14.23933333333363	-0.07311553122185317
     14.23966666666696	-0.0731155315512876
     14.24000000000029	-0.07311553188396049
     14.24033333333363	-0.07311553222761007
     14.24066666666696	-0.07311553255016039
     14.24100000000029	-0.07311553288420201
     14.24133333333363	-0.07311553321094938
     14.24166666666696	-0.07311553355091004
      14.2420000000003	-0.07311553387361593
     14.24233333333363	-0.07311553421225297
     14.24266666666696	-0.07311553453332589
      14.2430000000003	-0.0731155348446664
     14.24333333333363	-0.07311553518483008
     14.24366666666696	-0.07311553551096402
      14.2440000000003	-0.07311553581524791
     14.24433333333363	-0.07311553615259819
     14.24466666666697	-0.07311553647292153
      14.2450000000003	-0.07311553677627994
     14.24533333333363	-0.07311553707281375
     14.24566666666697	-0.07311553741681201
      14.2460000000003	-0.07311553774029303
     14.24633333333363	-0.07311553803740273
     14.24666666666697	-0.07311553832776314
      14.2470000000003	-0.07311553862576835
     14.24733333333364	-0.07311553893409491
     14.24766666666697	-0.07311553924878614
      14.2480000000003	-0.07311553955218672
     14.24833333333364	-0.07311553984312211
     14.24866666666697	-0.07311554013037853
      14.2490000000003	-0.07311554042100248
     14.24933333333364	-0.07311554071437379
     14.24966666666697	-0.07311554100649471
     14.25000000000031	-0.07311554129152871
     14.25033333333364	-0.07311554157245871
     14.25066666666697	-0.07311554185162045
     14.25100000000031	-0.07311554213060953
     14.25133333333364	-0.07311554240863352
     14.25166666666697	-0.07311554268420915
     14.25200000000031	-0.07311554295673835
     14.25233333333364	-0.07311554322663143
     14.25266666666698	-0.07311554349449052
     14.25300000000031	-0.07311554376052844
     14.25333333333364	-0.07311554402399473
     14.25366666666698	-0.07311554428594935
     14.25400000000031	-0.07311554454025009
     14.25433333333364	-0.07311554479889242
     14.25466666666698	-0.07311554505880358
     14.25500000000031	-0.07311554531401789
     14.25533333333365	-0.07311554556056674
     14.25566666666698	-0.07311554580905165
     14.25600000000031	-0.07311554606207572
     14.25633333333365	-0.07311554630798933
     14.25666666666698	-0.07311554654261515
     14.25700000000031	-0.07311554678270665
     14.25733333333365	-0.07311554703593941
     14.25766666666698	-0.07311554726002516
     14.25800000000032	-0.07311554749391921
     14.25833333333365	-0.07311554773834396
     14.25866666666698	-0.07311554795709461
     14.25900000000032	-0.07311554819627672
     14.25933333333365	-0.07311554840108693
     14.25966666666698	-0.0731155486403797
     14.26000000000032	-0.07311554888479624
     14.26033333333365	-0.07311554907006651
     14.26066666666699	-0.07311554929399393
     14.26100000000032	-0.07311554953100725
     14.26133333333365	-0.0731155497241165
     14.26166666666699	-0.07311554994423874

