 0.0003333333333333333	0
 0.0006666666666666666	0
                 0.001	0
  0.001333333333333333	0
  0.001666666666666667	0
                 0.002	0
  0.002333333333333334	0
  0.002666666666666667	0
                 0.003	0
  0.003333333333333334	0
  0.003666666666666667	0
  0.004000000000000001	0
  0.004333333333333334	0
  0.004666666666666667	0
                 0.005	0
  0.005333333333333333	0
  0.005666666666666666	0
  0.005999999999999999	0
  0.006333333333333332	0
  0.006666666666666665	0
  0.006999999999999998	0
  0.007333333333333331	0
  0.007666666666666665	0
  0.007999999999999998	0
  0.008333333333333331	0
  0.008666666666666665	0
  0.008999999999999998	0
  0.009333333333333331	0
  0.009666666666666664	0
  0.009999999999999997	0
   0.01033333333333333	0
   0.01066666666666666	0
                 0.011	0
   0.01133333333333333	0
   0.01166666666666666	0
                 0.012	0
   0.01233333333333333	0
   0.01266666666666666	0
   0.01299999999999999	0
   0.01333333333333333	0
   0.01366666666666666	0
   0.01399999999999999	0
   0.01433333333333333	0
   0.01466666666666666	0
   0.01499999999999999	0
   0.01533333333333333	0
   0.01566666666666666	0
   0.01599999999999999	0
   0.01633333333333333	0
   0.01666666666666666	0
                 0.017	0
   0.01733333333333333	0
   0.01766666666666667	0
                 0.018	0
   0.01833333333333334	0
   0.01866666666666667	0
   0.01900000000000001	0
   0.01933333333333334	0
   0.01966666666666668	0
   0.02000000000000001	0
   0.02033333333333335	0
   0.02066666666666668	0
   0.02100000000000002	0
   0.02133333333333335	0
   0.02166666666666668	0
   0.02200000000000002	0
   0.02233333333333335	0
   0.02266666666666669	0
   0.02300000000000002	0
   0.02333333333333336	0
   0.02366666666666669	0
   0.02400000000000003	0
   0.02433333333333336	0
    0.0246666666666667	0
   0.02500000000000003	0
   0.02533333333333337	0
    0.0256666666666667	0
   0.02600000000000004	0
   0.02633333333333337	0
   0.02666666666666671	0
   0.02700000000000004	0
   0.02733333333333338	0
   0.02766666666666671	0
   0.02800000000000005	0
   0.02833333333333338	0
   0.02866666666666672	0
   0.02900000000000005	0
   0.02933333333333338	0
   0.02966666666666672	0
   0.03000000000000005	0
   0.03033333333333339	0
   0.03066666666666672	0
   0.03100000000000006	0
   0.03133333333333339	0
   0.03166666666666672	0
   0.03200000000000006	0
   0.03233333333333339	0
   0.03266666666666672	0
   0.03300000000000005	0
   0.03333333333333338	0
   0.03366666666666671	0
   0.03400000000000004	0
   0.03433333333333338	0
   0.03466666666666671	0
   0.03500000000000004	0
   0.03533333333333337	0
    0.0356666666666667	0
   0.03600000000000003	0
   0.03633333333333336	0
   0.03666666666666669	0
   0.03700000000000003	0
   0.03733333333333336	0
   0.03766666666666669	0
   0.03800000000000002	0
   0.03833333333333335	0
   0.03866666666666668	0
   0.03900000000000001	0
   0.03933333333333335	0
   0.03966666666666668	0
   0.04000000000000001	0
   0.04033333333333334	0
   0.04066666666666667	0
                 0.041	0
   0.04133333333333333	0
   0.04166666666666666	0
                 0.042	0
   0.04233333333333333	0
   0.04266666666666666	0
   0.04299999999999999	0
   0.04333333333333332	0
   0.04366666666666665	0
   0.04399999999999998	0
   0.04433333333333331	0
   0.04466666666666665	0
   0.04499999999999998	0
   0.04533333333333331	0
   0.04566666666666664	0
   0.04599999999999997	0
    0.0463333333333333	0
   0.04666666666666663	0
   0.04699999999999997	0
    0.0473333333333333	0
   0.04766666666666663	0
   0.04799999999999996	0
   0.04833333333333329	0
   0.04866666666666662	0
   0.04899999999999995	0
   0.04933333333333328	0
   0.04966666666666662	0
   0.04999999999999995	0
   0.05033333333333328	0
   0.05066666666666661	0
   0.05099999999999994	0
   0.05133333333333327	0
    0.0516666666666666	0
   0.05199999999999994	0
   0.05233333333333327	0
    0.0526666666666666	0
   0.05299999999999993	0
   0.05333333333333326	0
   0.05366666666666659	0
   0.05399999999999992	0
   0.05433333333333325	0
   0.05466666666666659	0
   0.05499999999999992	0
   0.05533333333333325	0
   0.05566666666666658	0
   0.05599999999999991	0
   0.05633333333333324	0
   0.05666666666666657	0
    0.0569999999999999	0
   0.05733333333333324	0
   0.05766666666666657	0
    0.0579999999999999	0
   0.05833333333333323	0
   0.05866666666666656	0
   0.05899999999999989	0
   0.05933333333333322	0
   0.05966666666666656	0
   0.05999999999999989	0
   0.06033333333333322	0
   0.06066666666666655	0
   0.06099999999999988	0
   0.06133333333333321	0
   0.06166666666666654	0
   0.06199999999999987	0
   0.06233333333333321	0
   0.06266666666666654	0
   0.06299999999999988	0
   0.06333333333333321	0
   0.06366666666666655	0
   0.06399999999999989	0
   0.06433333333333323	0
   0.06466666666666657	0
   0.06499999999999991	0
   0.06533333333333324	0
   0.06566666666666658	0
   0.06599999999999992	0
   0.06633333333333326	0
    0.0666666666666666	0
   0.06699999999999993	0
   0.06733333333333327	0
   0.06766666666666661	0
   0.06799999999999995	0
   0.06833333333333329	0
   0.06866666666666663	0
   0.06899999999999996	0
    0.0693333333333333	0
   0.06966666666666664	0
   0.06999999999999998	0
   0.07033333333333332	0
   0.07066666666666666	0
   0.07099999999999999	0
   0.07133333333333333	0
   0.07166666666666667	0
   0.07200000000000001	0
   0.07233333333333335	0
   0.07266666666666668	0
   0.07300000000000002	0
   0.07333333333333336	0
    0.0736666666666667	0
   0.07400000000000004	0
   0.07433333333333338	0
   0.07466666666666671	0
   0.07500000000000005	0
   0.07533333333333339	0
   0.07566666666666673	0
   0.07600000000000007	0
   0.07633333333333341	0
   0.07666666666666674	0
   0.07700000000000008	0
   0.07733333333333342	0
   0.07766666666666676	0
    0.0780000000000001	0
   0.07833333333333344	0
   0.07866666666666677	0
   0.07900000000000011	0
   0.07933333333333345	0
   0.07966666666666679	0
   0.08000000000000013	0
   0.08033333333333346	0
    0.0806666666666668	0
   0.08100000000000014	0
   0.08133333333333348	0
   0.08166666666666682	0
   0.08200000000000016	0
   0.08233333333333349	0
   0.08266666666666683	0
   0.08300000000000017	0
   0.08333333333333351	0
   0.08366666666666685	0
   0.08400000000000019	0
   0.08433333333333352	0
   0.08466666666666686	0
    0.0850000000000002	0
   0.08533333333333354	0
   0.08566666666666688	0
   0.08600000000000022	0
   0.08633333333333355	0
   0.08666666666666689	0
   0.08700000000000023	0
   0.08733333333333357	0
   0.08766666666666691	0
   0.08800000000000024	0
   0.08833333333333358	0
   0.08866666666666692	0
   0.08900000000000026	0
    0.0893333333333336	0
   0.08966666666666694	0
   0.09000000000000027	0
   0.09033333333333361	0
   0.09066666666666695	0
   0.09100000000000029	0
   0.09133333333333363	0
   0.09166666666666697	0
    0.0920000000000003	0
   0.09233333333333364	0
   0.09266666666666698	0
   0.09300000000000032	0
   0.09333333333333366	0
     0.093666666666667	0
   0.09400000000000033	0
   0.09433333333333367	0
   0.09466666666666701	0
   0.09500000000000035	0
   0.09533333333333369	0
   0.09566666666666702	0
   0.09600000000000036	0
    0.0963333333333337	0
   0.09666666666666704	0
   0.09700000000000038	0
   0.09733333333333372	0
   0.09766666666666705	0
   0.09800000000000039	0
   0.09833333333333373	0
   0.09866666666666707	0
   0.09900000000000041	0
   0.09933333333333375	0
   0.09966666666666708	0
    0.1000000000000004	0
    0.1003333333333338	0
    0.1006666666666671	0
    0.1010000000000004	0
    0.1013333333333338	0
    0.1016666666666671	0
    0.1020000000000005	0
    0.1023333333333338	0
    0.1026666666666671	0
    0.1030000000000005	0
    0.1033333333333338	0
    0.1036666666666671	0
    0.1040000000000005	0
    0.1043333333333338	0
    0.1046666666666672	0
    0.1050000000000005	0
    0.1053333333333338	0
    0.1056666666666672	0
    0.1060000000000005	0
    0.1063333333333338	0
    0.1066666666666672	0
    0.1070000000000005	0
    0.1073333333333339	0
    0.1076666666666672	0
    0.1080000000000005	0
    0.1083333333333339	0
    0.1086666666666672	0
    0.1090000000000006	0
    0.1093333333333339	0
    0.1096666666666672	0
    0.1100000000000006	0
    0.1103333333333339	0
    0.1106666666666672	0
    0.1110000000000006	0
    0.1113333333333339	0
    0.1116666666666673	0
    0.1120000000000006	0
    0.1123333333333339	0
    0.1126666666666673	0
    0.1130000000000006	0
     0.113333333333334	0
    0.1136666666666673	0
    0.1140000000000006	0
     0.114333333333334	0
    0.1146666666666673	0
    0.1150000000000006	0
     0.115333333333334	0
    0.1156666666666673	0
    0.1160000000000007	0
     0.116333333333334	0
    0.1166666666666673	0
    0.1170000000000007	0
     0.117333333333334	0
    0.1176666666666673	0
    0.1180000000000007	0
     0.118333333333334	0
    0.1186666666666674	0
    0.1190000000000007	0
     0.119333333333334	0
    0.1196666666666674	0
    0.1200000000000007	0
    0.1203333333333341	0
    0.1206666666666674	0
    0.1210000000000007	0
    0.1213333333333341	0
    0.1216666666666674	0
    0.1220000000000007	0
    0.1223333333333341	0
    0.1226666666666674	0
    0.1230000000000008	0
    0.1233333333333341	0
    0.1236666666666674	0
    0.1240000000000008	0
    0.1243333333333341	0
    0.1246666666666675	0
    0.1250000000000008	0
    0.1253333333333341	0
    0.1256666666666674	0
    0.1260000000000008	0
    0.1263333333333341	0
    0.1266666666666674	0
    0.1270000000000007	0
     0.127333333333334	0
    0.1276666666666674	0
    0.1280000000000007	0
     0.128333333333334	0
    0.1286666666666673	0
    0.1290000000000007	0
     0.129333333333334	0
    0.1296666666666673	0
    0.1300000000000006	0
     0.130333333333334	0
    0.1306666666666673	0
    0.1310000000000006	0
    0.1313333333333339	0
    0.1316666666666673	0
    0.1320000000000006	0
    0.1323333333333339	0
    0.1326666666666672	0
    0.1330000000000006	0
    0.1333333333333339	0
    0.1336666666666672	0
    0.1340000000000005	0
    0.1343333333333339	0
    0.1346666666666672	0
    0.1350000000000005	0
    0.1353333333333338	0
    0.1356666666666672	0
    0.1360000000000005	0
    0.1363333333333338	0
    0.1366666666666671	0
    0.1370000000000005	0
    0.1373333333333338	0
    0.1376666666666671	0
    0.1380000000000004	0
    0.1383333333333338	0
    0.1386666666666671	0
    0.1390000000000004	0
    0.1393333333333337	0
     0.139666666666667	0
    0.1400000000000004	0
    0.1403333333333337	0
     0.140666666666667	0
    0.1410000000000003	0
    0.1413333333333337	0
     0.141666666666667	0
    0.1420000000000003	0
    0.1423333333333336	0
     0.142666666666667	0
    0.1430000000000003	0
    0.1433333333333336	0
    0.1436666666666669	0
    0.1440000000000003	0
    0.1443333333333336	0
    0.1446666666666669	0
    0.1450000000000002	0
    0.1453333333333336	0
    0.1456666666666669	0
    0.1460000000000002	0
    0.1463333333333335	0
    0.1466666666666669	0
    0.1470000000000002	0
    0.1473333333333335	0
    0.1476666666666668	0
    0.1480000000000002	0
    0.1483333333333335	0
    0.1486666666666668	0
    0.1490000000000001	0
    0.1493333333333335	0
    0.1496666666666668	0
    0.1500000000000001	0
    0.1503333333333334	0
    0.1506666666666668	0
    0.1510000000000001	0
    0.1513333333333334	0
    0.1516666666666667	0
    0.1520000000000001	0
    0.1523333333333334	0
    0.1526666666666667	0
                 0.153	0
    0.1533333333333333	0
    0.1536666666666667	0
                 0.154	0
    0.1543333333333333	0
    0.1546666666666666	0
                 0.155	0
    0.1553333333333333	0
    0.1556666666666666	0
    0.1559999999999999	0
    0.1563333333333333	0
    0.1566666666666666	0
    0.1569999999999999	0
    0.1573333333333332	0
    0.1576666666666666	0
    0.1579999999999999	0
    0.1583333333333332	0
    0.1586666666666665	0
    0.1589999999999999	0
    0.1593333333333332	0
    0.1596666666666665	0
    0.1599999999999998	0
    0.1603333333333332	0
    0.1606666666666665	0
    0.1609999999999998	0
    0.1613333333333331	0
    0.1616666666666665	0
    0.1619999999999998	0
    0.1623333333333331	0
    0.1626666666666664	0
    0.1629999999999998	0
    0.1633333333333331	0
    0.1636666666666664	0
    0.1639999999999997	0
    0.1643333333333331	0
    0.1646666666666664	0
    0.1649999999999997	0
     0.165333333333333	0
    0.1656666666666664	0
    0.1659999999999997	0
     0.166333333333333	0
    0.1666666666666663	0
    0.1669999999999996	0
     0.167333333333333	0
    0.1676666666666663	0
    0.1679999999999996	0
    0.1683333333333329	0
    0.1686666666666663	0
    0.1689999999999996	0
    0.1693333333333329	0
    0.1696666666666662	0
    0.1699999999999996	0
    0.1703333333333329	0
    0.1706666666666662	0
    0.1709999999999995	0
    0.1713333333333329	0
    0.1716666666666662	0
    0.1719999999999995	0
    0.1723333333333328	0
    0.1726666666666662	0
    0.1729999999999995	0
    0.1733333333333328	0
    0.1736666666666661	0
    0.1739999999999995	0
    0.1743333333333328	0
    0.1746666666666661	0
    0.1749999999999994	0
    0.1753333333333328	0
    0.1756666666666661	0
    0.1759999999999994	0
    0.1763333333333327	0
    0.1766666666666661	0
    0.1769999999999994	0
    0.1773333333333327	0
     0.177666666666666	0
    0.1779999999999994	0
    0.1783333333333327	0
     0.178666666666666	0
    0.1789999999999993	0
    0.1793333333333327	0
     0.179666666666666	0
    0.1799999999999993	0
    0.1803333333333326	0
    0.1806666666666659	0
    0.1809999999999993	0
    0.1813333333333326	0
    0.1816666666666659	0
    0.1819999999999992	0
    0.1823333333333326	0
    0.1826666666666659	0
    0.1829999999999992	0
    0.1833333333333325	0
    0.1836666666666659	0
    0.1839999999999992	0
    0.1843333333333325	0
    0.1846666666666658	0
    0.1849999999999992	0
    0.1853333333333325	0
    0.1856666666666658	0
    0.1859999999999991	0
    0.1863333333333325	0
    0.1866666666666658	0
    0.1869999999999991	0
    0.1873333333333324	0
    0.1876666666666658	0
    0.1879999999999991	0
    0.1883333333333324	0
    0.1886666666666657	0
    0.1889999999999991	0
    0.1893333333333324	0
    0.1896666666666657	0
     0.189999999999999	0
    0.1903333333333324	0
    0.1906666666666657	0
     0.190999999999999	0
    0.1913333333333323	0
    0.1916666666666657	0
     0.191999999999999	0
    0.1923333333333323	0
    0.1926666666666656	0
     0.192999999999999	0
    0.1933333333333323	0
    0.1936666666666656	0
    0.1939999999999989	0
    0.1943333333333322	0
    0.1946666666666656	0
    0.1949999999999989	0
    0.1953333333333322	0
    0.1956666666666655	0
    0.1959999999999989	0
    0.1963333333333322	0
    0.1966666666666655	0
    0.1969999999999988	0
    0.1973333333333322	0
    0.1976666666666655	0
    0.1979999999999988	0
    0.1983333333333321	0
    0.1986666666666655	0
    0.1989999999999988	0
    0.1993333333333321	0
    0.1996666666666654	0
    0.1999999999999988	0
    0.2003333333333321	0
    0.2006666666666654	0
    0.2009999999999987	0
    0.2013333333333321	0
    0.2016666666666654	0
    0.2019999999999987	0
     0.202333333333332	0
    0.2026666666666654	0
    0.2029999999999987	0
     0.203333333333332	0
    0.2036666666666653	0
    0.2039999999999987	0
     0.204333333333332	0
    0.2046666666666653	0
    0.2049999999999986	0
     0.205333333333332	0
    0.2056666666666653	0
    0.2059999999999986	0
    0.2063333333333319	0
    0.2066666666666652	0
    0.2069999999999986	0
    0.2073333333333319	0
    0.2076666666666652	0
    0.2079999999999985	0
    0.2083333333333319	0
    0.2086666666666652	0
    0.2089999999999985	0
    0.2093333333333318	0
    0.2096666666666652	0
    0.2099999999999985	0
    0.2103333333333318	0
    0.2106666666666651	0
    0.2109999999999985	0
    0.2113333333333318	0
    0.2116666666666651	0
    0.2119999999999984	0
    0.2123333333333318	0
    0.2126666666666651	0
    0.2129999999999984	0
    0.2133333333333317	0
    0.2136666666666651	0
    0.2139999999999984	0
    0.2143333333333317	0
     0.214666666666665	0
    0.2149999999999984	0
    0.2153333333333317	0
     0.215666666666665	0
    0.2159999999999983	0
    0.2163333333333317	0
     0.216666666666665	0
    0.2169999999999983	0
    0.2173333333333316	0
     0.217666666666665	0
    0.2179999999999983	0
    0.2183333333333316	0
    0.2186666666666649	0
    0.2189999999999983	0
    0.2193333333333316	0
    0.2196666666666649	0
    0.2199999999999982	0
    0.2203333333333315	0
    0.2206666666666649	0
    0.2209999999999982	0
    0.2213333333333315	0
    0.2216666666666648	0
    0.2219999999999982	0
    0.2223333333333315	0
    0.2226666666666648	0
    0.2229999999999981	0
    0.2233333333333315	0
    0.2236666666666648	0
    0.2239999999999981	0
    0.2243333333333314	0
    0.2246666666666648	0
    0.2249999999999981	0
    0.2253333333333314	0
    0.2256666666666647	0
    0.2259999999999981	0
    0.2263333333333314	0
    0.2266666666666647	0
     0.226999999999998	0
    0.2273333333333314	0
    0.2276666666666647	0
     0.227999999999998	0
    0.2283333333333313	0
    0.2286666666666647	0
     0.228999999999998	0
    0.2293333333333313	0
    0.2296666666666646	0
     0.229999999999998	0
    0.2303333333333313	0
    0.2306666666666646	0
    0.2309999999999979	0
    0.2313333333333313	0
    0.2316666666666646	0
    0.2319999999999979	0
    0.2323333333333312	0
    0.2326666666666646	0
    0.2329999999999979	0
    0.2333333333333312	0
    0.2336666666666645	0
    0.2339999999999978	0
    0.2343333333333312	0
    0.2346666666666645	0
    0.2349999999999978	0
    0.2353333333333311	0
    0.2356666666666645	0
    0.2359999999999978	0
    0.2363333333333311	0
    0.2366666666666644	0
    0.2369999999999978	0
    0.2373333333333311	0
    0.2376666666666644	0
    0.2379999999999977	0
    0.2383333333333311	0
    0.2386666666666644	0
    0.2389999999999977	0
     0.239333333333331	0
    0.2396666666666644	0
    0.2399999999999977	0
     0.240333333333331	0
    0.2406666666666643	0
    0.2409999999999977	0
     0.241333333333331	0
    0.2416666666666643	0
    0.2419999999999976	0
     0.242333333333331	0
    0.2426666666666643	0
    0.2429999999999976	0
    0.2433333333333309	0
    0.2436666666666643	0
    0.2439999999999976	0
    0.2443333333333309	0
    0.2446666666666642	0
    0.2449999999999976	0
    0.2453333333333309	0
    0.2456666666666642	0
    0.2459999999999975	0
    0.2463333333333309	0
    0.2466666666666642	0
    0.2469999999999975	0
    0.2473333333333308	0
    0.2476666666666641	0
    0.2479999999999975	0
    0.2483333333333308	0
    0.2486666666666641	0
    0.2489999999999974	0
    0.2493333333333308	0
    0.2496666666666641	0
    0.2499999999999974	0
    0.2503333333333307	0
    0.2506666666666641	0
    0.2509999999999974	0
    0.2513333333333308	0
    0.2516666666666642	0
    0.2519999999999975	0
    0.2523333333333309	0
    0.2526666666666642	0
    0.2529999999999976	0
    0.2533333333333309	0
    0.2536666666666643	0
    0.2539999999999976	0
     0.254333333333331	0
    0.2546666666666643	0
    0.2549999999999977	0
     0.255333333333331	0
    0.2556666666666644	0
    0.2559999999999977	0
    0.2563333333333311	0
    0.2566666666666644	0
    0.2569999999999978	0
    0.2573333333333311	0
    0.2576666666666645	0
    0.2579999999999978	0
    0.2583333333333312	0
    0.2586666666666645	0
    0.2589999999999979	0
    0.2593333333333313	0
    0.2596666666666646	0
     0.259999999999998	0
    0.2603333333333313	0
    0.2606666666666647	0
     0.260999999999998	0
    0.2613333333333314	0
    0.2616666666666647	0
    0.2619999999999981	0
    0.2623333333333314	0
    0.2626666666666648	0
    0.2629999999999981	0
    0.2633333333333315	0
    0.2636666666666648	0
    0.2639999999999982	0
    0.2643333333333315	0
    0.2646666666666649	0
    0.2649999999999982	0
    0.2653333333333316	0
    0.2656666666666649	0
    0.2659999999999983	0
    0.2663333333333316	0
     0.266666666666665	0
    0.2669999999999983	0
    0.2673333333333317	0
    0.2676666666666651	0
    0.2679999999999984	0
    0.2683333333333318	0
    0.2686666666666651	0
    0.2689999999999985	0
    0.2693333333333318	0
    0.2696666666666652	0
    0.2699999999999985	0
    0.2703333333333319	0
    0.2706666666666652	0
    0.2709999999999986	0
    0.2713333333333319	0
    0.2716666666666653	0
    0.2719999999999986	0
     0.272333333333332	0
    0.2726666666666653	0
    0.2729999999999987	0
     0.273333333333332	0
    0.2736666666666654	0
    0.2739999999999987	0
    0.2743333333333321	0
    0.2746666666666654	0
    0.2749999999999988	0
    0.2753333333333322	0
    0.2756666666666655	0
    0.2759999999999989	0
    0.2763333333333322	0
    0.2766666666666656	0
    0.2769999999999989	0
    0.2773333333333323	0
    0.2776666666666656	0
     0.277999999999999	0
    0.2783333333333323	0
    0.2786666666666657	0
     0.278999999999999	0
    0.2793333333333324	0
    0.2796666666666657	0
    0.2799999999999991	0
    0.2803333333333324	0
    0.2806666666666658	0
    0.2809999999999991	0
    0.2813333333333325	0
    0.2816666666666658	0
    0.2819999999999992	0
    0.2823333333333325	0
    0.2826666666666659	0
    0.2829999999999993	0
    0.2833333333333326	0
     0.283666666666666	0
    0.2839999999999993	0
    0.2843333333333327	0
     0.284666666666666	0
    0.2849999999999994	0
    0.2853333333333327	0
    0.2856666666666661	0
    0.2859999999999994	0
    0.2863333333333328	0
    0.2866666666666661	0
    0.2869999999999995	0
    0.2873333333333328	0
    0.2876666666666662	0
    0.2879999999999995	0
    0.2883333333333329	0
    0.2886666666666662	0
    0.2889999999999996	0
    0.2893333333333329	0
    0.2896666666666663	0
    0.2899999999999996	0
     0.290333333333333	0
    0.2906666666666664	0
    0.2909999999999997	0
    0.2913333333333331	0
    0.2916666666666664	0
    0.2919999999999998	0
    0.2923333333333331	0
    0.2926666666666665	0
    0.2929999999999998	0
    0.2933333333333332	0
    0.2936666666666665	0
    0.2939999999999999	0
    0.2943333333333332	0
    0.2946666666666666	0
    0.2949999999999999	0
    0.2953333333333333	0
    0.2956666666666666	0
                 0.296	0
    0.2963333333333333	0
    0.2966666666666667	0
                 0.297	0
    0.2973333333333334	0
    0.2976666666666667	0
    0.2980000000000001	0
    0.2983333333333335	0
    0.2986666666666668	0
    0.2990000000000002	0
    0.2993333333333335	0
    0.2996666666666669	0
    0.3000000000000002	0
    0.3003333333333336	0
    0.3006666666666669	0
    0.3010000000000003	0
    0.3013333333333336	0
     0.301666666666667	0
    0.3020000000000003	0
    0.3023333333333337	0
     0.302666666666667	0
    0.3030000000000004	0
    0.3033333333333337	0
    0.3036666666666671	0
    0.3040000000000004	0
    0.3043333333333338	0
    0.3046666666666671	0
    0.3050000000000005	0
    0.3053333333333338	0
    0.3056666666666672	0
    0.3060000000000005	0
    0.3063333333333339	0
    0.3066666666666673	0
    0.3070000000000006	0
     0.307333333333334	0
    0.3076666666666673	0
    0.3080000000000007	0
     0.308333333333334	0
    0.3086666666666674	0
    0.3090000000000007	0
    0.3093333333333341	0
    0.3096666666666674	0
    0.3100000000000008	0
    0.3103333333333341	0
    0.3106666666666675	0
    0.3110000000000008	0
    0.3113333333333342	0
    0.3116666666666675	0
    0.3120000000000009	0
    0.3123333333333342	0
    0.3126666666666676	0
    0.3130000000000009	0
    0.3133333333333343	0
    0.3136666666666676	0
     0.314000000000001	0
    0.3143333333333344	0
    0.3146666666666677	0
    0.3150000000000011	0
    0.3153333333333344	0
    0.3156666666666678	0
    0.3160000000000011	0
    0.3163333333333345	0
    0.3166666666666678	0
    0.3170000000000012	0
    0.3173333333333345	0
    0.3176666666666679	0
    0.3180000000000012	0
    0.3183333333333346	0
    0.3186666666666679	0
    0.3190000000000013	0
    0.3193333333333346	0
     0.319666666666668	0
    0.3200000000000013	0
    0.3203333333333347	0
     0.320666666666668	0
    0.3210000000000014	0
    0.3213333333333347	0
    0.3216666666666681	0
    0.3220000000000015	0
    0.3223333333333348	0
    0.3226666666666682	0
    0.3230000000000015	0
    0.3233333333333349	0
    0.3236666666666682	0
    0.3240000000000016	0
    0.3243333333333349	0
    0.3246666666666683	0
    0.3250000000000016	0
     0.325333333333335	0
    0.3256666666666683	0
    0.3260000000000017	0
     0.326333333333335	0
    0.3266666666666684	0
    0.3270000000000017	0
    0.3273333333333351	0
    0.3276666666666684	0
    0.3280000000000018	0
    0.3283333333333351	0
    0.3286666666666685	0
    0.3290000000000018	0
    0.3293333333333352	0
    0.3296666666666686	0
    0.3300000000000019	0
    0.3303333333333353	0
    0.3306666666666686	0
     0.331000000000002	0
    0.3313333333333353	0
    0.3316666666666687	0
     0.332000000000002	0
    0.3323333333333354	0
    0.3326666666666687	0
    0.3330000000000021	0
    0.3333333333333354	0
    0.3336666666666688	0
    0.3340000000000021	0
    0.3343333333333355	0
    0.3346666666666688	0
    0.3350000000000022	0
    0.3353333333333355	0
    0.3356666666666689	0
    0.3360000000000022	0
    0.3363333333333356	0
    0.3366666666666689	0
    0.3370000000000023	0
    0.3373333333333356	0
     0.337666666666669	0
    0.3380000000000024	0
    0.3383333333333357	0
    0.3386666666666691	0
    0.3390000000000024	0
    0.3393333333333358	0
    0.3396666666666691	0
    0.3400000000000025	0
    0.3403333333333358	0
    0.3406666666666692	0
    0.3410000000000025	0
    0.3413333333333359	0
    0.3416666666666692	0
    0.3420000000000026	0
    0.3423333333333359	0
    0.3426666666666693	0
    0.3430000000000026	0
     0.343333333333336	0
    0.3436666666666693	0
    0.3440000000000027	0
     0.344333333333336	0
    0.3446666666666694	0
    0.3450000000000027	0
    0.3453333333333361	0
    0.3456666666666695	0
    0.3460000000000028	0
    0.3463333333333362	0
    0.3466666666666695	0
    0.3470000000000029	0
    0.3473333333333362	0
    0.3476666666666696	0
    0.3480000000000029	0
    0.3483333333333363	0
    0.3486666666666696	0
     0.349000000000003	0
    0.3493333333333363	0
    0.3496666666666697	0
     0.350000000000003	0
    0.3503333333333364	0
    0.3506666666666697	0
    0.3510000000000031	0
    0.3513333333333364	0
    0.3516666666666698	0
    0.3520000000000031	0
    0.3523333333333365	0
    0.3526666666666698	0
    0.3530000000000032	0
    0.3533333333333366	0
    0.3536666666666699	0
    0.3540000000000033	0
    0.3543333333333366	0
      0.35466666666667	0
    0.3550000000000033	0
    0.3553333333333367	0
      0.35566666666667	0
    0.3560000000000034	0
    0.3563333333333367	0
    0.3566666666666701	0
    0.3570000000000034	0
    0.3573333333333368	0
    0.3576666666666701	0
    0.3580000000000035	0
    0.3583333333333368	0
    0.3586666666666702	0
    0.3590000000000035	0
    0.3593333333333369	0
    0.3596666666666702	0
    0.3600000000000036	0
    0.3603333333333369	0
    0.3606666666666703	0
    0.3610000000000037	0
     0.361333333333337	0
    0.3616666666666704	0
    0.3620000000000037	0
    0.3623333333333371	0
    0.3626666666666704	0
    0.3630000000000038	0
    0.3633333333333371	0
    0.3636666666666705	0
    0.3640000000000038	0
    0.3643333333333372	0
    0.3646666666666705	0
    0.3650000000000039	0
    0.3653333333333372	0
    0.3656666666666706	0
    0.3660000000000039	0
    0.3663333333333373	0
    0.3666666666666706	0
     0.367000000000004	0
    0.3673333333333373	0
    0.3676666666666707	0
     0.368000000000004	0
    0.3683333333333374	0
    0.3686666666666708	0
    0.3690000000000041	0
    0.3693333333333375	0
    0.3696666666666708	0
    0.3700000000000042	0
    0.3703333333333375	0
    0.3706666666666709	0
    0.3710000000000042	0
    0.3713333333333376	0
    0.3716666666666709	0
    0.3720000000000043	0
    0.3723333333333376	0
     0.372666666666671	0
    0.3730000000000043	0
    0.3733333333333377	0
     0.373666666666671	0
    0.3740000000000044	0
    0.3743333333333377	0
    0.3746666666666711	0
    0.3750000000000044	0
    0.3753333333333378	0
    0.3756666666666711	0
    0.3760000000000045	0
    0.3763333333333378	0
    0.3766666666666712	0
    0.3770000000000046	0
    0.3773333333333379	0
    0.3776666666666713	0
    0.3780000000000046	0
     0.378333333333338	0
    0.3786666666666713	0
    0.3790000000000047	0
     0.379333333333338	0
    0.3796666666666714	0
    0.3800000000000047	0
    0.3803333333333381	0
    0.3806666666666714	0
    0.3810000000000048	0
    0.3813333333333381	0
    0.3816666666666715	0
    0.3820000000000048	0
    0.3823333333333382	0
    0.3826666666666715	0
    0.3830000000000049	0
    0.3833333333333382	0
    0.3836666666666716	0
    0.3840000000000049	0
    0.3843333333333383	0
    0.3846666666666717	0
     0.385000000000005	0
    0.3853333333333384	0
    0.3856666666666717	0
    0.3860000000000051	0
    0.3863333333333384	0
    0.3866666666666718	0
    0.3870000000000051	0
    0.3873333333333385	0
    0.3876666666666718	0
    0.3880000000000052	0
    0.3883333333333385	0
    0.3886666666666719	0
    0.3890000000000052	0
    0.3893333333333386	0
    0.3896666666666719	0
    0.3900000000000053	0
    0.3903333333333386	0
     0.390666666666672	0
    0.3910000000000053	0
    0.3913333333333387	0
     0.391666666666672	0
    0.3920000000000054	0
    0.3923333333333388	0
    0.3926666666666721	0
    0.3930000000000055	0
    0.3933333333333388	0
    0.3936666666666722	0
    0.3940000000000055	0
    0.3943333333333389	0
    0.3946666666666722	0
    0.3950000000000056	0
    0.3953333333333389	0
    0.3956666666666723	0
    0.3960000000000056	0
     0.396333333333339	0
    0.3966666666666723	0
    0.3970000000000057	0
     0.397333333333339	0
    0.3976666666666724	0
    0.3980000000000057	0
    0.3983333333333391	0
    0.3986666666666724	0
    0.3990000000000058	0
    0.3993333333333391	0
    0.3996666666666725	0
    0.4000000000000059	0
    0.4003333333333392	0
    0.4006666666666726	0
    0.4010000000000059	0
    0.4013333333333393	0
    0.4016666666666726	0
     0.402000000000006	0
    0.4023333333333393	0
    0.4026666666666727	0
     0.403000000000006	0
    0.4033333333333394	0
    0.4036666666666727	0
    0.4040000000000061	0
    0.4043333333333394	0
    0.4046666666666728	0
    0.4050000000000061	0
    0.4053333333333395	0
    0.4056666666666728	0
    0.4060000000000062	0
    0.4063333333333395	0
    0.4066666666666729	0
    0.4070000000000062	0
    0.4073333333333396	0
    0.4076666666666729	0
    0.4080000000000063	0
    0.4083333333333397	0
     0.408666666666673	0
    0.4090000000000064	0
    0.4093333333333397	0
    0.4096666666666731	0
    0.4100000000000064	0
    0.4103333333333398	0
    0.4106666666666731	0
    0.4110000000000065	0
    0.4113333333333398	0
    0.4116666666666732	0
    0.4120000000000065	0
    0.4123333333333399	0
    0.4126666666666732	0
    0.4130000000000066	0
    0.4133333333333399	0
    0.4136666666666733	0
    0.4140000000000066	0
      0.41433333333334	0
    0.4146666666666733	0
    0.4150000000000067	0
      0.41533333333334	0
    0.4156666666666734	0
    0.4160000000000068	0
    0.4163333333333401	0
    0.4166666666666735	0
    0.4170000000000068	0
    0.4173333333333402	0
    0.4176666666666735	0
    0.4180000000000069	0
    0.4183333333333402	0
    0.4186666666666736	0
    0.4190000000000069	0
    0.4193333333333403	0
    0.4196666666666736	0
     0.420000000000007	0
    0.4203333333333403	0
    0.4206666666666737	0
     0.421000000000007	0
    0.4213333333333404	0
    0.4216666666666737	0
    0.4220000000000071	0
    0.4223333333333404	0
    0.4226666666666738	0
    0.4230000000000071	0
    0.4233333333333405	0
    0.4236666666666739	0
    0.4240000000000072	0
    0.4243333333333406	0
    0.4246666666666739	0
    0.4250000000000073	0
    0.4253333333333406	0
     0.425666666666674	0
    0.4260000000000073	0
    0.4263333333333407	0
     0.426666666666674	0
    0.4270000000000074	0
    0.4273333333333407	0
    0.4276666666666741	0
    0.4280000000000074	0
    0.4283333333333408	0
    0.4286666666666741	0
    0.4290000000000075	0
    0.4293333333333408	0
    0.4296666666666742	0
    0.4300000000000075	0
    0.4303333333333409	0
    0.4306666666666742	0
    0.4310000000000076	0
     0.431333333333341	0
    0.4316666666666743	0
    0.4320000000000077	0
     0.432333333333341	0
    0.4326666666666744	0
    0.4330000000000077	0
    0.4333333333333411	0
    0.4336666666666744	0
    0.4340000000000078	0
    0.4343333333333411	0
    0.4346666666666745	0
    0.4350000000000078	0
    0.4353333333333412	0
    0.4356666666666745	0
    0.4360000000000079	0
    0.4363333333333412	0
    0.4366666666666746	0
    0.4370000000000079	0
    0.4373333333333413	0
    0.4376666666666746	0
     0.438000000000008	0
    0.4383333333333413	0
    0.4386666666666747	0
    0.4390000000000081	0
    0.4393333333333414	0
    0.4396666666666748	0
    0.4400000000000081	0
    0.4403333333333415	0
    0.4406666666666748	0
    0.4410000000000082	0
    0.4413333333333415	0
    0.4416666666666749	0
    0.4420000000000082	0
    0.4423333333333416	0
    0.4426666666666749	0
    0.4430000000000083	0
    0.4433333333333416	0
     0.443666666666675	0
    0.4440000000000083	0
    0.4443333333333417	0
     0.444666666666675	0
    0.4450000000000084	0
    0.4453333333333417	0
    0.4456666666666751	0
    0.4460000000000084	0
    0.4463333333333418	0
    0.4466666666666751	0
    0.4470000000000085	0
    0.4473333333333419	0
    0.4476666666666752	0
    0.4480000000000086	0
    0.4483333333333419	0
    0.4486666666666753	0
    0.4490000000000086	0
     0.449333333333342	0
    0.4496666666666753	0
    0.4500000000000087	0
     0.450333333333342	0
    0.4506666666666754	0
    0.4510000000000087	0
    0.4513333333333421	0
    0.4516666666666754	0
    0.4520000000000088	0
    0.4523333333333421	0
    0.4526666666666755	0
    0.4530000000000088	0
    0.4533333333333422	0
    0.4536666666666755	0
    0.4540000000000089	0
    0.4543333333333422	0
    0.4546666666666756	0
     0.455000000000009	0
    0.4553333333333423	0
    0.4556666666666757	0
     0.456000000000009	0
    0.4563333333333424	0
    0.4566666666666757	0
    0.4570000000000091	0
    0.4573333333333424	0
    0.4576666666666758	0
    0.4580000000000091	0
    0.4583333333333425	0
    0.4586666666666758	0
    0.4590000000000092	0
    0.4593333333333425	0
    0.4596666666666759	0
    0.4600000000000092	0
    0.4603333333333426	0
    0.4606666666666759	0
    0.4610000000000093	0
    0.4613333333333426	0
     0.461666666666676	0
    0.4620000000000093	0
    0.4623333333333427	0
    0.4626666666666761	0
    0.4630000000000094	0
    0.4633333333333428	0
    0.4636666666666761	0
    0.4640000000000095	0
    0.4643333333333428	0
    0.4646666666666762	0
    0.4650000000000095	0
    0.4653333333333429	0
    0.4656666666666762	0
    0.4660000000000096	0
    0.4663333333333429	0
    0.4666666666666763	0
    0.4670000000000096	0
     0.467333333333343	0
    0.4676666666666763	0
    0.4680000000000097	0
     0.468333333333343	0
    0.4686666666666764	0
    0.4690000000000097	0
    0.4693333333333431	0
    0.4696666666666764	0
    0.4700000000000098	0
    0.4703333333333432	0
    0.4706666666666765	0
    0.4710000000000099	0
    0.4713333333333432	0
    0.4716666666666766	0
    0.4720000000000099	0
    0.4723333333333433	0
    0.4726666666666766	0
      0.47300000000001	0
    0.4733333333333433	0
    0.4736666666666767	0
      0.47400000000001	0
    0.4743333333333434	0

     1.000333333333333	-3.014615707564662e-06
     1.000666666666667	-3.014615707564662e-06
                 1.001	-3.014615707564662e-06
     1.001333333333333	-3.014615707564662e-06
     1.001666666666666	-3.014615707564662e-06
                 1.002	-3.014615707564662e-06
     1.002333333333333	-3.014615707564662e-06
     1.002666666666666	-3.014615707564662e-06
                 1.003	-3.014615707564662e-06
     1.003333333333333	-3.014615707564662e-06
     1.003666666666666	-3.014615707564662e-06
                 1.004	-3.014615707564662e-06
     1.004333333333333	-3.014615707564662e-06
     1.004666666666666	-3.014615707564662e-06
     1.004999999999999	-3.014615707564662e-06
     1.005333333333333	-3.014615707564662e-06
     1.005666666666666	-3.014615707564662e-06
     1.005999999999999	-3.014615707564662e-06
     1.006333333333333	-3.014615707564662e-06
     1.006666666666666	-3.014615707564662e-06
     1.006999999999999	-3.014615707564662e-06
     1.007333333333333	-3.014615707564662e-06
     1.007666666666666	-3.014615707564662e-06
     1.007999999999999	-3.014615707564662e-06
     1.008333333333332	-3.014615707564662e-06
     1.008666666666666	-3.014615707564662e-06
     1.008999999999999	-3.014615707564662e-06
     1.009333333333332	-3.014615707564662e-06
     1.009666666666666	-3.014615707564662e-06
     1.009999999999999	-3.014615707564662e-06
     1.010333333333332	-3.014615707564662e-06
     1.010666666666665	-3.014615707564662e-06
     1.010999999999999	-3.014615707564662e-06
     1.011333333333332	-3.014615707564662e-06
     1.011666666666665	-3.014615707564662e-06
     1.011999999999999	-3.014615707564662e-06
     1.012333333333332	-3.014615707564662e-06
     1.012666666666665	-3.014615707564662e-06
     1.012999999999999	-3.014615707564662e-06
     1.013333333333332	-3.014615707564662e-06
     1.013666666666665	-3.014615707564662e-06
     1.013999999999998	-3.014615707564662e-06
     1.014333333333332	-3.014615707564662e-06
     1.014666666666665	-3.014615707564662e-06
     1.014999999999998	-3.014615707564662e-06
     1.015333333333332	-3.014615707564662e-06
     1.015666666666665	-3.014615707564662e-06
     1.015999999999998	-3.014615707564662e-06
     1.016333333333332	-3.014615707564662e-06
     1.016666666666665	-3.014615707564662e-06
     1.016999999999998	-3.014615707564662e-06
     1.017333333333331	-3.014615707564662e-06
     1.017666666666665	-3.014615707564662e-06
     1.017999999999998	-3.014615707564662e-06
     1.018333333333331	-3.014615707564662e-06
     1.018666666666665	-3.014615707564662e-06
     1.018999999999998	-3.014615707564662e-06
     1.019333333333331	-3.014615707564662e-06
     1.019666666666665	-3.014615707564662e-06
     1.019999999999998	-3.014615707564662e-06
     1.020333333333331	-3.014615707564662e-06
     1.020666666666664	-3.014615707564662e-06
     1.020999999999998	-3.014615707564662e-06
     1.021333333333331	-3.014615707564662e-06
     1.021666666666664	-3.014615707564662e-06
     1.021999999999998	-3.014615707564662e-06
     1.022333333333331	-3.014615707564662e-06
     1.022666666666664	-3.014615707564662e-06
     1.022999999999997	-3.014615707564662e-06
     1.023333333333331	-3.014615707564662e-06
     1.023666666666664	-3.014615707564662e-06
     1.023999999999997	-3.014615707564662e-06
     1.024333333333331	-3.014615707564662e-06
     1.024666666666664	-3.014615707564662e-06
     1.024999999999997	-3.014615707564662e-06
     1.025333333333331	-3.014615707564662e-06
     1.025666666666664	-3.014615707564662e-06
     1.025999999999997	-3.014615707564662e-06
      1.02633333333333	-3.014615707564662e-06
     1.026666666666664	-3.014615707564662e-06
     1.026999999999997	-3.014615707564662e-06
      1.02733333333333	-3.014615707564662e-06
     1.027666666666664	-3.014615707564662e-06
     1.027999999999997	-3.014615707564662e-06
      1.02833333333333	-3.014615707564662e-06
     1.028666666666664	-3.014615707564662e-06
     1.028999999999997	-3.014615707564662e-06
      1.02933333333333	-3.014615707564662e-06
     1.029666666666663	-3.014615707564662e-06
     1.029999999999997	-3.014615707564662e-06
      1.03033333333333	-3.014615707564662e-06
     1.030666666666663	-3.014615707564662e-06
     1.030999999999997	-3.014615707564662e-06
      1.03133333333333	-3.014615707564662e-06
     1.031666666666663	-3.014615707564662e-06
     1.031999999999996	-3.014615707564662e-06
      1.03233333333333	-3.014615707564662e-06
     1.032666666666663	-3.014615707564662e-06
     1.032999999999996	-3.014615707564662e-06
      1.03333333333333	-3.014615707564662e-06
     1.033666666666663	-3.014615707564662e-06
     1.033999999999996	-3.014615707564662e-06
      1.03433333333333	-3.014615707564662e-06
     1.034666666666663	-3.014615707564662e-06
     1.034999999999996	-3.014615707564662e-06
     1.035333333333329	-3.014615707564662e-06
     1.035666666666663	-3.014615707564662e-06
     1.035999999999996	-3.014615707564662e-06
     1.036333333333329	-3.014615707564662e-06
     1.036666666666663	-3.014615707564662e-06
     1.036999999999996	-3.014615707564662e-06
     1.037333333333329	-3.014615707564662e-06
     1.037666666666663	-3.014615707564662e-06
     1.037999999999996	-3.014615707564662e-06
     1.038333333333329	-3.014615707564662e-06
     1.038666666666662	-3.014615707564662e-06
     1.038999999999996	-3.014615707564662e-06
     1.039333333333329	-3.014615707564662e-06
     1.039666666666662	-3.014615707564662e-06
     1.039999999999996	-3.014615707564662e-06
     1.040333333333329	-3.014615707564662e-06
     1.040666666666662	-3.014615707564662e-06
     1.040999999999995	-3.014615707564662e-06
     1.041333333333329	-3.014615707564662e-06
     1.041666666666662	-3.014615707564662e-06
     1.041999999999995	-3.014615707564662e-06
     1.042333333333329	-3.014615707564662e-06
     1.042666666666662	-3.014615707564662e-06
     1.042999999999995	-3.014615707564662e-06
     1.043333333333329	-3.014615707564662e-06
     1.043666666666662	-3.014615707564662e-06
     1.043999999999995	-3.014615707564662e-06
     1.044333333333328	-3.014615707564662e-06
     1.044666666666662	-3.014615707564662e-06
     1.044999999999995	-3.014615707564662e-06
     1.045333333333328	-3.014615707564662e-06
     1.045666666666662	-3.014615707564662e-06
     1.045999999999995	-3.014615707564662e-06
     1.046333333333328	-3.014615707564662e-06
     1.046666666666662	-3.014615707564662e-06
     1.046999999999995	-3.014615707564662e-06
     1.047333333333328	-3.014615707564662e-06
     1.047666666666661	-3.014615707564662e-06
     1.047999999999995	-3.014615707564662e-06
     1.048333333333328	-3.014615707564662e-06
     1.048666666666661	-3.014615707564662e-06
     1.048999999999995	-3.014615707564662e-06
     1.049333333333328	-3.014615707564662e-06
     1.049666666666661	-3.014615707564662e-06
     1.049999999999994	-3.014615707564662e-06
     1.050333333333328	-3.014615707564662e-06
     1.050666666666661	-3.014615707564662e-06
     1.050999999999994	-3.014615707564662e-06
     1.051333333333328	-3.014615707564662e-06
     1.051666666666661	-3.014615707564662e-06
     1.051999999999994	-3.014615707564662e-06
     1.052333333333328	-3.014615707564662e-06
     1.052666666666661	-3.014615707564662e-06
     1.052999999999994	-3.014615707564662e-06
     1.053333333333327	-3.014615707564662e-06
     1.053666666666661	-3.014615707564662e-06
     1.053999999999994	-3.014615707564662e-06
     1.054333333333327	-3.014615707564662e-06
     1.054666666666661	-3.014615707564662e-06
     1.054999999999994	-3.014615707564662e-06
     1.055333333333327	-3.014615707564662e-06
     1.055666666666661	-3.014615707564662e-06
     1.055999999999994	-3.014615707564662e-06
     1.056333333333327	-3.014615707564662e-06
      1.05666666666666	-3.014615707564662e-06
     1.056999999999994	-3.014615707564662e-06
     1.057333333333327	-3.014615707564662e-06
      1.05766666666666	-3.014615707564662e-06
     1.057999999999994	-3.014615707564662e-06
     1.058333333333327	-3.014615707564662e-06
      1.05866666666666	-3.014615707564662e-06
     1.058999999999994	-3.014615707564662e-06
     1.059333333333327	-3.014615707564662e-06
      1.05966666666666	-3.014615707564662e-06
     1.059999999999993	-3.014615707564662e-06
     1.060333333333327	-3.014615707564662e-06
      1.06066666666666	-3.014615707564662e-06
     1.060999999999993	-3.014615707564662e-06
     1.061333333333327	-3.014615707564662e-06
      1.06166666666666	-3.014615707564662e-06
     1.061999999999993	-3.014615707564662e-06
     1.062333333333326	-3.014615707564662e-06
      1.06266666666666	-3.014615707564662e-06
     1.062999999999993	-3.014615707564662e-06
     1.063333333333326	-3.014615707564662e-06
      1.06366666666666	-3.014615707564662e-06
     1.063999999999993	-3.014615707564662e-06
     1.064333333333326	-3.014615707564662e-06
      1.06466666666666	-3.014615707564662e-06
     1.064999999999993	-3.014615707564662e-06
     1.065333333333326	-3.014615707564662e-06
     1.065666666666659	-3.014615707564662e-06
     1.065999999999993	-3.014615707564662e-06
     1.066333333333326	-3.014615707564662e-06
     1.066666666666659	-3.014615707564662e-06
     1.066999999999993	-3.014615707564662e-06
     1.067333333333326	-3.014615707564662e-06
     1.067666666666659	-3.014615707564662e-06
     1.067999999999993	-3.014615707564662e-06
     1.068333333333326	-3.014615707564662e-06
     1.068666666666659	-3.014615707564662e-06
     1.068999999999992	-3.014615707564662e-06
     1.069333333333326	-3.014615707564662e-06
     1.069666666666659	-3.014615707564662e-06
     1.069999999999992	-3.014615707564662e-06
     1.070333333333326	-3.014615707564662e-06
     1.070666666666659	-3.014615707564662e-06
     1.070999999999992	-3.014615707564662e-06
     1.071333333333325	-3.014615707564662e-06
     1.071666666666659	-3.014615707564662e-06
     1.071999999999992	-3.014615707564662e-06
     1.072333333333325	-3.014615707564662e-06
     1.072666666666659	-3.014615707564662e-06
     1.072999999999992	-3.014615707564662e-06
     1.073333333333325	-3.014615707564662e-06
     1.073666666666659	-3.014615707564662e-06
     1.073999999999992	-3.014615707564662e-06
     1.074333333333325	-3.014615707564662e-06
     1.074666666666658	-3.014615707564662e-06
     1.074999999999992	-3.014615707564662e-06
     1.075333333333325	-3.014615707564662e-06
     1.075666666666658	-3.014615707564662e-06
     1.075999999999992	-3.014615707564662e-06
     1.076333333333325	-3.014615707564662e-06
     1.076666666666658	-3.014615707564662e-06
     1.076999999999992	-3.014615707564662e-06
     1.077333333333325	-3.014615707564662e-06
     1.077666666666658	-3.014615707564662e-06
     1.077999999999991	-3.014615707564662e-06
     1.078333333333325	-3.014615707564662e-06
     1.078666666666658	-3.014615707564662e-06
     1.078999999999991	-3.014615707564662e-06
     1.079333333333325	-3.014615707564662e-06
     1.079666666666658	-3.014615707564662e-06
     1.079999999999991	-3.014615707564662e-06
     1.080333333333324	-3.014615707564662e-06
     1.080666666666658	-3.014615707564662e-06
     1.080999999999991	-3.014615707564662e-06
     1.081333333333324	-3.014615707564662e-06
     1.081666666666658	-3.014615707564662e-06
     1.081999999999991	-3.014615707564662e-06
     1.082333333333324	-3.014615707564662e-06
     1.082666666666658	-3.014615707564662e-06
     1.082999999999991	-3.014615707564662e-06
     1.083333333333324	-3.014615707564662e-06
     1.083666666666657	-3.014615707564662e-06
     1.083999999999991	-3.014615707564662e-06
     1.084333333333324	-3.014615707564662e-06
     1.084666666666657	-3.014615707564662e-06
     1.084999999999991	-3.014615707564662e-06
     1.085333333333324	-3.014615707564662e-06
     1.085666666666657	-3.014615707564662e-06
     1.085999999999991	-3.014615707564662e-06
     1.086333333333324	-3.014615707564662e-06
     1.086666666666657	-3.014615707564662e-06
      1.08699999999999	-3.014615707564662e-06
     1.087333333333324	-3.014615707564662e-06
     1.087666666666657	-3.014615707564662e-06
      1.08799999999999	-3.014615707564662e-06
     1.088333333333324	-3.014615707564662e-06
     1.088666666666657	-3.014615707564662e-06
      1.08899999999999	-3.014615707564662e-06
     1.089333333333323	-3.014615707564662e-06
     1.089666666666657	-3.014615707564662e-06
      1.08999999999999	-3.014615707564662e-06
     1.090333333333323	-3.014615707564662e-06
     1.090666666666657	-3.014615707564662e-06
      1.09099999999999	-3.014615707564662e-06
     1.091333333333323	-3.014615707564662e-06
     1.091666666666657	-3.014615707564662e-06
      1.09199999999999	-3.014615707564662e-06
     1.092333333333323	-3.014615707564662e-06
     1.092666666666656	-3.014615707564662e-06
      1.09299999999999	-3.014615707564662e-06
     1.093333333333323	-3.014615707564662e-06
     1.093666666666656	-3.014615707564662e-06
      1.09399999999999	-3.014615707564662e-06
     1.094333333333323	-3.014615707564662e-06
     1.094666666666656	-3.014615707564662e-06
      1.09499999999999	-3.014615707564662e-06
     1.095333333333323	-3.014615707564662e-06
     1.095666666666656	-3.014615707564662e-06
     1.095999999999989	-3.014615707564662e-06
     1.096333333333323	-3.014615707564662e-06
     1.096666666666656	-3.014615707564662e-06
     1.096999999999989	-3.014615707564662e-06
     1.097333333333323	-3.014615707564662e-06
     1.097666666666656	-3.014615707564662e-06
     1.097999999999989	-3.014615707564662e-06
     1.098333333333323	-3.014615707564662e-06
     1.098666666666656	-3.014615707564662e-06
     1.098999999999989	-3.014615707564662e-06
     1.099333333333322	-3.014615707564662e-06
     1.099666666666656	-3.014615707564662e-06
     1.099999999999989	-3.014615707564662e-06
     1.100333333333322	-3.014615707564662e-06
     1.100666666666656	-3.014615707564662e-06
     1.100999999999989	-3.014615707564662e-06
     1.101333333333322	-3.014615707564662e-06
     1.101666666666655	-3.014615707564662e-06
     1.101999999999989	-3.014615707564662e-06
     1.102333333333322	-3.014615707564662e-06
     1.102666666666655	-3.014615707564662e-06
     1.102999999999989	-3.014615707564662e-06
     1.103333333333322	-3.014615707564662e-06
     1.103666666666655	-3.014615707564662e-06
     1.103999999999989	-3.014615707564662e-06
     1.104333333333322	-3.014615707564662e-06
     1.104666666666655	-3.014615707564662e-06
     1.104999999999988	-3.014615707564662e-06
     1.105333333333322	-3.014615707564662e-06
     1.105666666666655	-3.014615707564662e-06
     1.105999999999988	-3.014615707564662e-06
     1.106333333333322	-3.014615707564662e-06
     1.106666666666655	-3.014615707564662e-06
     1.106999999999988	-3.014615707564662e-06
     1.107333333333322	-3.014615707564662e-06
     1.107666666666655	-3.014615707564662e-06
     1.107999999999988	-3.014615707564662e-06
     1.108333333333321	-3.014615707564662e-06
     1.108666666666655	-3.014615707564662e-06
     1.108999999999988	-3.014615707564662e-06
     1.109333333333321	-3.014615707564662e-06
     1.109666666666655	-3.014615707564662e-06
     1.109999999999988	-3.014615707564662e-06
     1.110333333333321	-3.014615707564662e-06
     1.110666666666654	-3.014615707564662e-06
     1.110999999999988	-3.014615707564662e-06
     1.111333333333321	-3.014615707564662e-06
     1.111666666666654	-3.014615707564662e-06
     1.111999999999988	-3.014615707564662e-06
     1.112333333333321	-3.014615707564662e-06
     1.112666666666654	-3.014615707564662e-06
     1.112999999999988	-3.014615707564662e-06
     1.113333333333321	-3.014615707564662e-06
     1.113666666666654	-3.014615707564662e-06
     1.113999999999987	-3.014615707564662e-06
     1.114333333333321	-3.014615707564662e-06
     1.114666666666654	-3.014615707564662e-06
     1.114999999999987	-3.014615707564662e-06
     1.115333333333321	-3.014615707564662e-06
     1.115666666666654	-3.014615707564662e-06
     1.115999999999987	-3.014615707564662e-06
     1.116333333333321	-3.014615707564662e-06
     1.116666666666654	-3.014615707564662e-06
     1.116999999999987	-3.014615707564662e-06
      1.11733333333332	-3.014615707564662e-06
     1.117666666666654	-3.014615707564662e-06
     1.117999999999987	-3.014615707564662e-06
      1.11833333333332	-3.014615707564662e-06
     1.118666666666654	-3.014615707564662e-06
     1.118999999999987	-3.014615707564662e-06
      1.11933333333332	-3.014615707564662e-06
     1.119666666666653	-3.014615707564662e-06
     1.119999999999987	-3.014615707564662e-06
      1.12033333333332	-3.014615707564662e-06
     1.120666666666653	-3.014615707564662e-06
     1.120999999999987	-3.014615707564662e-06
      1.12133333333332	-3.014615707564662e-06
     1.121666666666653	-3.014615707564662e-06
     1.121999999999987	-3.014615707564662e-06
      1.12233333333332	-3.014615707564662e-06
     1.122666666666653	-3.014615707564662e-06
     1.122999999999986	-3.014615707564662e-06
      1.12333333333332	-3.014615707564662e-06
     1.123666666666653	-3.014615707564662e-06
     1.123999999999986	-3.014615707564662e-06
      1.12433333333332	-3.014615707564662e-06
     1.124666666666653	-3.014615707564662e-06
     1.124999999999986	-3.014615707564662e-06
      1.12533333333332	-3.014615707564662e-06
     1.125666666666653	-3.014615707564662e-06
     1.125999999999986	-3.014615707564662e-06
     1.126333333333319	-3.014615707564662e-06
     1.126666666666653	-3.014615707564662e-06
     1.126999999999986	-3.014615707564662e-06
     1.127333333333319	-3.014615707564662e-06
     1.127666666666653	-3.014615707564662e-06
     1.127999999999986	-3.014615707564662e-06
     1.128333333333319	-3.014615707564662e-06
     1.128666666666652	-3.014615707564662e-06
     1.128999999999986	-3.014615707564662e-06
     1.129333333333319	-3.014615707564662e-06
     1.129666666666652	-3.014615707564662e-06
     1.129999999999986	-3.014615707564662e-06
     1.130333333333319	-3.014615707564662e-06
     1.130666666666652	-3.014615707564662e-06
     1.130999999999986	-3.014615707564662e-06
     1.131333333333319	-3.014615707564662e-06
     1.131666666666652	-3.014615707564662e-06
     1.131999999999985	-3.014615707564662e-06
     1.132333333333319	-3.014615707564662e-06
     1.132666666666652	-3.014615707564662e-06
     1.132999999999985	-3.014615707564662e-06
     1.133333333333319	-3.014615707564662e-06
     1.133666666666652	-3.014615707564662e-06
     1.133999999999985	-3.014615707564662e-06
     1.134333333333319	-3.014615707564662e-06
     1.134666666666652	-3.014615707564662e-06
     1.134999999999985	-3.014615707564662e-06
     1.135333333333318	-3.014615707564662e-06
     1.135666666666652	-3.014615707564662e-06
     1.135999999999985	-3.014615707564662e-06
     1.136333333333318	-3.014615707564662e-06
     1.136666666666652	-3.014615707564662e-06
     1.136999999999985	-3.014615707564662e-06
     1.137333333333318	-3.014615707564662e-06
     1.137666666666652	-3.014615707564662e-06
     1.137999999999985	-3.014615707564662e-06
     1.138333333333318	-3.014615707564662e-06
     1.138666666666651	-3.014615707564662e-06
     1.138999999999985	-3.014615707564662e-06
     1.139333333333318	-3.014615707564662e-06
     1.139666666666651	-3.014615707564662e-06
     1.139999999999985	-3.014615707564662e-06
     1.140333333333318	-3.014615707564662e-06
     1.140666666666651	-3.014615707564662e-06
     1.140999999999984	-3.014615707564662e-06
     1.141333333333318	-3.014615707564662e-06
     1.141666666666651	-3.014615707564662e-06
     1.141999999999984	-3.014615707564662e-06
     1.142333333333318	-3.014615707564662e-06
     1.142666666666651	-3.014615707564662e-06
     1.142999999999984	-3.014615707564662e-06
     1.143333333333318	-3.014615707564662e-06
     1.143666666666651	-3.014615707564662e-06
     1.143999999999984	-3.014615707564662e-06
     1.144333333333317	-3.014615707564662e-06
     1.144666666666651	-3.014615707564662e-06
     1.144999999999984	-3.014615707564662e-06
     1.145333333333317	-3.014615707564662e-06
     1.145666666666651	-3.014615707564662e-06
     1.145999999999984	-3.014615707564662e-06
     1.146333333333317	-3.014615707564662e-06
     1.146666666666651	-3.014615707564662e-06
     1.146999999999984	-3.014615707564662e-06
     1.147333333333317	-3.014615707564662e-06
      1.14766666666665	-3.014615707564662e-06
     1.147999999999984	-3.014615707564662e-06
     1.148333333333317	-3.014615707564662e-06
      1.14866666666665	-3.014615707564662e-06
     1.148999999999984	-3.014615707564662e-06
     1.149333333333317	-3.014615707564662e-06
      1.14966666666665	-3.014615707564662e-06
     1.149999999999983	-3.014615707564662e-06
     1.150333333333317	-3.014615707564662e-06
      1.15066666666665	-3.014615707564662e-06
     1.150999999999983	-3.014615707564662e-06
     1.151333333333317	-3.014615707564662e-06
      1.15166666666665	-3.014615707564662e-06
     1.151999999999983	-3.014615707564662e-06
     1.152333333333317	-3.014615707564662e-06
      1.15266666666665	-3.014615707564662e-06
     1.152999999999983	-3.014615707564662e-06
     1.153333333333316	-3.014615707564662e-06
      1.15366666666665	-3.014615707564662e-06
     1.153999999999983	-3.014615707564662e-06
     1.154333333333316	-3.014615707564662e-06
      1.15466666666665	-3.014615707564662e-06
     1.154999999999983	-3.014615707564662e-06
     1.155333333333316	-3.014615707564662e-06
      1.15566666666665	-3.014615707564662e-06
     1.155999999999983	-3.014615707564662e-06
     1.156333333333316	-3.014615707564662e-06
     1.156666666666649	-3.014615707564662e-06
     1.156999999999983	-3.014615707564662e-06
     1.157333333333316	-3.014615707564662e-06
     1.157666666666649	-3.014615707564662e-06
     1.157999999999983	-3.014615707564662e-06
     1.158333333333316	-3.014615707564662e-06
     1.158666666666649	-3.014615707564662e-06
     1.158999999999982	-3.014615707564662e-06
     1.159333333333316	-3.014615707564662e-06
     1.159666666666649	-3.014615707564662e-06
     1.159999999999982	-3.014615707564662e-06
     1.160333333333316	-3.014615707564662e-06
     1.160666666666649	-3.014615707564662e-06
     1.160999999999982	-3.014615707564662e-06
     1.161333333333316	-3.014615707564662e-06
     1.161666666666649	-3.014615707564662e-06
     1.161999999999982	-3.014615707564662e-06
     1.162333333333315	-3.014615707564662e-06
     1.162666666666649	-3.014615707564662e-06
     1.162999999999982	-3.014615707564662e-06
     1.163333333333315	-3.014615707564662e-06
     1.163666666666649	-3.014615707564662e-06
     1.163999999999982	-3.014615707564662e-06
     1.164333333333315	-3.014615707564662e-06
     1.164666666666649	-3.014615707564662e-06
     1.164999999999982	-3.014615707564662e-06
     1.165333333333315	-3.014615707564662e-06
     1.165666666666648	-3.014615707564662e-06
     1.165999999999982	-3.014615707564662e-06
     1.166333333333315	-3.014615707564662e-06
     1.166666666666648	-3.014615707564662e-06
     1.166999999999982	-3.014615707564662e-06
     1.167333333333315	-3.014615707564662e-06
     1.167666666666648	-3.014615707564662e-06
     1.167999999999981	-3.014615707564662e-06
     1.168333333333315	-3.014615707564662e-06
     1.168666666666648	-3.014615707564662e-06
     1.168999999999981	-3.014615707564662e-06
     1.169333333333315	-3.014615707564662e-06
     1.169666666666648	-3.014615707564662e-06
     1.169999999999981	-3.014615707564662e-06
     1.170333333333315	-3.014615707564662e-06
     1.170666666666648	-3.014615707564662e-06
     1.170999999999981	-3.014615707564662e-06
     1.171333333333314	-3.014615707564662e-06
     1.171666666666648	-3.014615707564662e-06
     1.171999999999981	-3.014615707564662e-06
     1.172333333333314	-3.014615707564662e-06
     1.172666666666648	-3.014615707564662e-06
     1.172999999999981	-3.014615707564662e-06
     1.173333333333314	-3.014615707564662e-06
     1.173666666666648	-3.014615707564662e-06
     1.173999999999981	-3.014615707564662e-06
     1.174333333333314	-3.014615707564662e-06
     1.174666666666647	-3.014615707564662e-06
     1.174999999999981	-3.014615707564662e-06
     1.175333333333314	-3.014615707564662e-06
     1.175666666666647	-3.014615707564662e-06
     1.175999999999981	-3.014615707564662e-06
     1.176333333333314	-3.014615707564662e-06
     1.176666666666647	-3.014615707564662e-06
     1.176999999999981	-3.014615707564662e-06
     1.177333333333314	-3.014615707564662e-06
     1.177666666666647	-3.014615707564662e-06
      1.17799999999998	-3.014615707564662e-06
     1.178333333333314	-3.014615707564662e-06
     1.178666666666647	-3.014615707564662e-06
      1.17899999999998	-3.014615707564662e-06
     1.179333333333314	-3.014615707564662e-06
     1.179666666666647	-3.014615707564662e-06
      1.17999999999998	-3.014615707564662e-06
     1.180333333333313	-3.014615707564662e-06
     1.180666666666647	-3.014615707564662e-06
      1.18099999999998	-3.014615707564662e-06
     1.181333333333313	-3.014615707564662e-06
     1.181666666666647	-3.014615707564662e-06
      1.18199999999998	-3.014615707564662e-06
     1.182333333333313	-3.014615707564662e-06
     1.182666666666647	-3.014615707564662e-06
      1.18299999999998	-3.014615707564662e-06
     1.183333333333313	-3.014615707564662e-06
     1.183666666666646	-3.014615707564662e-06
      1.18399999999998	-3.014615707564662e-06
     1.184333333333313	-3.014615707564662e-06
     1.184666666666646	-3.014615707564662e-06
      1.18499999999998	-3.014615707564662e-06
     1.185333333333313	-3.014615707564662e-06
     1.185666666666646	-3.014615707564662e-06
      1.18599999999998	-3.014615707564662e-06
     1.186333333333313	-3.014615707564662e-06
     1.186666666666646	-3.014615707564662e-06
     1.186999999999979	-3.014615707564662e-06
     1.187333333333313	-3.014615707564662e-06
     1.187666666666646	-3.014615707564662e-06
     1.187999999999979	-3.014615707564662e-06
     1.188333333333313	-3.014615707564662e-06
     1.188666666666646	-3.014615707564662e-06
     1.188999999999979	-3.014615707564662e-06
     1.189333333333312	-3.014615707564662e-06
     1.189666666666646	-3.014615707564662e-06
     1.189999999999979	-3.014615707564662e-06
     1.190333333333312	-3.014615707564662e-06
     1.190666666666646	-3.014615707564662e-06
     1.190999999999979	-3.014615707564662e-06
     1.191333333333312	-3.014615707564662e-06
     1.191666666666646	-3.014615707564662e-06
     1.191999999999979	-3.014615707564662e-06
     1.192333333333312	-3.014615707564662e-06
     1.192666666666645	-3.014615707564662e-06
     1.192999999999979	-3.014615707564662e-06
     1.193333333333312	-3.014615707564662e-06
     1.193666666666645	-3.014615707564662e-06
     1.193999999999979	-3.014615707564662e-06
     1.194333333333312	-3.014615707564662e-06
     1.194666666666645	-3.014615707564662e-06
     1.194999999999979	-3.014615707564662e-06
     1.195333333333312	-3.014615707564662e-06
     1.195666666666645	-3.014615707564662e-06
     1.195999999999978	-3.014615707564662e-06
     1.196333333333312	-3.014615707564662e-06
     1.196666666666645	-3.014615707564662e-06
     1.196999999999978	-3.014615707564662e-06
     1.197333333333312	-3.014615707564662e-06
     1.197666666666645	-3.014615707564662e-06
     1.197999999999978	-3.014615707564662e-06
     1.198333333333311	-3.014615707564662e-06
     1.198666666666645	-3.014615707564662e-06
     1.198999999999978	-3.014615707564662e-06
     1.199333333333311	-3.014615707564662e-06
     1.199666666666645	-3.014615707564662e-06
     1.199999999999978	-3.014615707564662e-06
     1.200333333333311	-3.014615707564662e-06
     1.200666666666645	-3.014615707564662e-06
     1.200999999999978	-3.014615707564662e-06
     1.201333333333311	-3.014615707564662e-06
     1.201666666666644	-3.014615707564662e-06
     1.201999999999978	-3.014615707564662e-06
     1.202333333333311	-3.014615707564662e-06
     1.202666666666644	-3.014615707564662e-06
     1.202999999999978	-3.014615707564662e-06
     1.203333333333311	-3.014615707564662e-06
     1.203666666666644	-3.014615707564662e-06
     1.203999999999978	-3.014615707564662e-06
     1.204333333333311	-3.014615707564662e-06
     1.204666666666644	-3.014615707564662e-06
     1.204999999999977	-3.014615707564662e-06
     1.205333333333311	-3.014615707564662e-06
     1.205666666666644	-3.014615707564662e-06
     1.205999999999977	-3.014615707564662e-06
     1.206333333333311	-3.014615707564662e-06
     1.206666666666644	-3.014615707564662e-06
     1.206999999999977	-3.014615707564662e-06
      1.20733333333331	-3.014615707564662e-06
     1.207666666666644	-3.014615707564662e-06
     1.207999999999977	-3.014615707564662e-06
      1.20833333333331	-3.014615707564662e-06
     1.208666666666644	-3.014615707564662e-06
     1.208999999999977	-3.014615707564662e-06
      1.20933333333331	-3.014615707564662e-06
     1.209666666666644	-3.014615707564662e-06
     1.209999999999977	-3.014615707564662e-06
      1.21033333333331	-3.014615707564662e-06
     1.210666666666643	-3.014615707564662e-06
     1.210999999999977	-3.014615707564662e-06
      1.21133333333331	-3.014615707564662e-06
     1.211666666666643	-3.014615707564662e-06
     1.211999999999977	-3.014615707564662e-06
      1.21233333333331	-3.014615707564662e-06
     1.212666666666643	-3.014615707564662e-06
     1.212999999999977	-3.014615707564662e-06
      1.21333333333331	-3.014615707564662e-06
     1.213666666666643	-3.014615707564662e-06
     1.213999999999976	-3.014615707564662e-06
      1.21433333333331	-3.014615707564662e-06
     1.214666666666643	-3.014615707564662e-06
     1.214999999999976	-3.014615707564662e-06
      1.21533333333331	-3.014615707564662e-06
     1.215666666666643	-3.014615707564662e-06
     1.215999999999976	-3.014615707564662e-06
      1.21633333333331	-3.014615707564662e-06
     1.216666666666643	-3.014615707564662e-06
     1.216999999999976	-3.014615707564662e-06
     1.217333333333309	-3.014615707564662e-06
     1.217666666666643	-3.014615707564662e-06
     1.217999999999976	-3.014615707564662e-06
     1.218333333333309	-3.014615707564662e-06
     1.218666666666643	-3.014615707564662e-06
     1.218999999999976	-3.014615707564662e-06
     1.219333333333309	-3.014615707564662e-06
     1.219666666666642	-3.014615707564662e-06
     1.219999999999976	-3.014615707564662e-06
     1.220333333333309	-3.014615707564662e-06
     1.220666666666642	-3.014615707564662e-06
     1.220999999999976	-3.014615707564662e-06
     1.221333333333309	-3.014615707564662e-06
     1.221666666666642	-3.014615707564662e-06
     1.221999999999976	-3.014615707564662e-06
     1.222333333333309	-3.014615707564662e-06
     1.222666666666642	-3.014615707564662e-06
     1.222999999999975	-3.014615707564662e-06
     1.223333333333309	-3.014615707564662e-06
     1.223666666666642	-3.014615707564662e-06
     1.223999999999975	-3.014615707564662e-06
     1.224333333333309	-3.014615707564662e-06
     1.224666666666642	-3.014615707564662e-06
     1.224999999999975	-3.014615707564662e-06
     1.225333333333309	-3.014615707564662e-06
     1.225666666666642	-3.014615707564662e-06
     1.225999999999975	-3.014615707564662e-06
     1.226333333333308	-3.014615707564662e-06
     1.226666666666642	-3.014615707564662e-06
     1.226999999999975	-3.014615707564662e-06
     1.227333333333308	-3.014615707564662e-06
     1.227666666666642	-3.014615707564662e-06
     1.227999999999975	-3.014615707564662e-06
     1.228333333333308	-3.014615707564662e-06
     1.228666666666641	-3.014615707564662e-06
     1.228999999999975	-3.014615707564662e-06
     1.229333333333308	-3.014615707564662e-06
     1.229666666666641	-3.014615707564662e-06
     1.229999999999975	-3.014615707564662e-06
     1.230333333333308	-3.014615707564662e-06
     1.230666666666641	-3.014615707564662e-06
     1.230999999999975	-3.014615707564662e-06
     1.231333333333308	-3.014615707564662e-06
     1.231666666666641	-3.014615707564662e-06
     1.231999999999974	-3.014615707564662e-06
     1.232333333333308	-3.014615707564662e-06
     1.232666666666641	-3.014615707564662e-06
     1.232999999999974	-3.014615707564662e-06
     1.233333333333308	-3.014615707564662e-06
     1.233666666666641	-3.014615707564662e-06
     1.233999999999974	-3.014615707564662e-06
     1.234333333333308	-3.014615707564662e-06
     1.234666666666641	-3.014615707564662e-06
     1.234999999999974	-3.014615707564662e-06
     1.235333333333307	-3.014615707564662e-06
     1.235666666666641	-3.014615707564662e-06
     1.235999999999974	-3.014615707564662e-06
     1.236333333333307	-3.014615707564662e-06
     1.236666666666641	-3.014615707564662e-06
     1.236999999999974	-3.014615707564662e-06
     1.237333333333307	-3.014615707564662e-06
      1.23766666666664	-3.014615707564662e-06
     1.237999999999974	-3.014615707564662e-06
     1.238333333333307	-3.014615707564662e-06
      1.23866666666664	-3.014615707564662e-06
     1.238999999999974	-3.014615707564662e-06
     1.239333333333307	-3.014615707564662e-06
      1.23966666666664	-3.014615707564662e-06
     1.239999999999974	-3.014615707564662e-06
     1.240333333333307	-3.014615707564662e-06
      1.24066666666664	-3.014615707564662e-06
     1.240999999999973	-3.014615707564662e-06
     1.241333333333307	-3.014615707564662e-06
      1.24166666666664	-3.014615707564662e-06
     1.241999999999973	-3.014615707564662e-06
     1.242333333333307	-3.014615707564662e-06
      1.24266666666664	-3.014615707564662e-06
     1.242999999999973	-3.014615707564662e-06
     1.243333333333307	-3.014615707564662e-06
      1.24366666666664	-3.014615707564662e-06
     1.243999999999973	-3.014615707564662e-06
     1.244333333333306	-3.014615707564662e-06
      1.24466666666664	-3.014615707564662e-06
     1.244999999999973	-3.014615707564662e-06
     1.245333333333306	-3.014615707564662e-06
      1.24566666666664	-3.014615707564662e-06
     1.245999999999973	-3.014615707564662e-06
     1.246333333333306	-3.014615707564662e-06
      1.24666666666664	-3.014615707564662e-06
     1.246999999999973	-3.014615707564662e-06
     1.247333333333306	-3.014615707564662e-06
     1.247666666666639	-3.014615707564662e-06
     1.247999999999973	-3.014615707564662e-06
     1.248333333333306	-3.014615707564662e-06
     1.248666666666639	-3.014615707564662e-06
     1.248999999999973	-3.014615707564662e-06
     1.249333333333306	-3.014615707564662e-06
     1.249666666666639	-3.014615707564662e-06
     1.249999999999972	-3.014615707564662e-06
     1.250333333333306	-3.014615707564662e-06
     1.250666666666639	-3.014615707564662e-06
     1.250999999999972	-3.014615707564662e-06
     1.251333333333306	-3.014615707564662e-06
     1.251666666666639	-3.014615707564662e-06
     1.251999999999972	-3.014615707564662e-06
     1.252333333333306	-3.014615707564662e-06
     1.252666666666639	-3.014615707564662e-06
     1.252999999999972	-3.014615707564662e-06
     1.253333333333305	-3.014615707564662e-06
     1.253666666666639	-3.014615707564662e-06
     1.253999999999972	-3.014615707564662e-06
     1.254333333333305	-3.014615707564662e-06
     1.254666666666639	-3.014615707564662e-06
     1.254999999999972	-3.014615707564662e-06
     1.255333333333305	-3.014615707564662e-06
     1.255666666666639	-3.014615707564662e-06
     1.255999999999972	-3.014615707564662e-06
     1.256333333333305	-3.014615707564662e-06
     1.256666666666638	-3.014615707564662e-06
     1.256999999999972	-3.014615707564662e-06
     1.257333333333305	-3.014615707564662e-06
     1.257666666666638	-3.014615707564662e-06
     1.257999999999972	-3.014615707564662e-06
     1.258333333333305	-3.014615707564662e-06
     1.258666666666638	-3.014615707564662e-06
     1.258999999999971	-3.014615707564662e-06
     1.259333333333305	-3.014615707564662e-06
     1.259666666666638	-3.014615707564662e-06
     1.259999999999971	-3.014615707564662e-06
     1.260333333333305	-3.014615707564662e-06
     1.260666666666638	-3.014615707564662e-06
     1.260999999999971	-3.014615707564662e-06
     1.261333333333305	-3.014615707564662e-06
     1.261666666666638	-3.014615707564662e-06
     1.261999999999971	-3.014615707564662e-06
     1.262333333333304	-3.014615707564662e-06
     1.262666666666638	-3.014615707564662e-06
     1.262999999999971	-3.014615707564662e-06
     1.263333333333304	-3.014615707564662e-06
     1.263666666666638	-3.014615707564662e-06
     1.263999999999971	-3.014615707564662e-06
     1.264333333333304	-3.014615707564662e-06
     1.264666666666638	-3.014615707564662e-06
     1.264999999999971	-3.014615707564662e-06
     1.265333333333304	-3.014615707564662e-06
     1.265666666666637	-3.014615707564662e-06
     1.265999999999971	-3.014615707564662e-06
     1.266333333333304	-3.014615707564662e-06
     1.266666666666637	-3.014615707564662e-06
     1.266999999999971	-3.014615707564662e-06
     1.267333333333304	-3.014615707564662e-06
     1.267666666666637	-3.014615707564662e-06
      1.26799999999997	-3.014615707564662e-06
     1.268333333333304	-3.014615707564662e-06
     1.268666666666637	-3.014615707564662e-06
      1.26899999999997	-3.014615707564662e-06
     1.269333333333304	-3.014615707564662e-06
     1.269666666666637	-3.014615707564662e-06
      1.26999999999997	-3.014615707564662e-06
     1.270333333333304	-3.014615707564662e-06
     1.270666666666637	-3.014615707564662e-06
      1.27099999999997	-3.014615707564662e-06
     1.271333333333303	-3.014615707564662e-06
     1.271666666666637	-3.014615707564662e-06
      1.27199999999997	-3.014615707564662e-06
     1.272333333333303	-3.014615707564662e-06
     1.272666666666637	-3.014615707564662e-06
      1.27299999999997	-3.014615707564662e-06
     1.273333333333303	-3.014615707564662e-06
     1.273666666666637	-3.014615707564662e-06
      1.27399999999997	-3.014615707564662e-06
     1.274333333333303	-3.014615707564662e-06
     1.274666666666636	-3.014615707564662e-06
      1.27499999999997	-3.014615707564662e-06
     1.275333333333303	-3.014615707564662e-06
     1.275666666666636	-3.014615707564662e-06
      1.27599999999997	-3.014615707564662e-06
     1.276333333333303	-3.014615707564662e-06
     1.276666666666636	-3.014615707564662e-06
     1.276999999999969	-3.014615707564662e-06
     1.277333333333303	-3.014615707564662e-06
     1.277666666666636	-3.014615707564662e-06
     1.277999999999969	-3.014615707564662e-06
     1.278333333333303	-3.014615707564662e-06
     1.278666666666636	-3.014615707564662e-06
     1.278999999999969	-3.014615707564662e-06
     1.279333333333303	-3.014615707564662e-06
     1.279666666666636	-3.014615707564662e-06
     1.279999999999969	-3.014615707564662e-06
     1.280333333333302	-3.014615707564662e-06
     1.280666666666636	-3.014615707564662e-06
     1.280999999999969	-3.014615707564662e-06
     1.281333333333302	-3.014615707564662e-06
     1.281666666666636	-3.014615707564662e-06
     1.281999999999969	-3.014615707564662e-06
     1.282333333333302	-3.014615707564662e-06
     1.282666666666636	-3.014615707564662e-06
     1.282999999999969	-3.014615707564662e-06
     1.283333333333302	-3.014615707564662e-06
     1.283666666666635	-3.014615707564662e-06
     1.283999999999969	-3.014615707564662e-06
     1.284333333333302	-3.014615707564662e-06
     1.284666666666635	-3.014615707564662e-06
     1.284999999999969	-3.014615707564662e-06
     1.285333333333302	-3.014615707564662e-06
     1.285666666666635	-3.014615707564662e-06
     1.285999999999969	-3.014615707564662e-06
     1.286333333333302	-3.014615707564662e-06
     1.286666666666635	-3.014615707564662e-06
     1.286999999999968	-3.014615707564662e-06
     1.287333333333302	-3.014615707564662e-06
     1.287666666666635	-3.014615707564662e-06
     1.287999999999968	-3.014615707564662e-06
     1.288333333333302	-3.014615707564662e-06
     1.288666666666635	-3.014615707564662e-06
     1.288999999999968	-3.014615707564662e-06
     1.289333333333301	-3.014615707564662e-06
     1.289666666666635	-3.014615707564662e-06
     1.289999999999968	-3.014615707564662e-06
     1.290333333333301	-3.014615707564662e-06
     1.290666666666635	-3.014615707564662e-06
     1.290999999999968	-3.014615707564662e-06
     1.291333333333301	-3.014615707564662e-06
     1.291666666666635	-3.014615707564662e-06
     1.291999999999968	-3.014615707564662e-06
     1.292333333333301	-3.014615707564662e-06
     1.292666666666634	-3.014615707564662e-06
     1.292999999999968	-3.014615707564662e-06
     1.293333333333301	-3.014615707564662e-06
     1.293666666666634	-3.014615707564662e-06
     1.293999999999968	-3.014615707564662e-06
     1.294333333333301	-3.014615707564662e-06
     1.294666666666634	-3.014615707564662e-06
     1.294999999999968	-3.014615707564662e-06
     1.295333333333301	-3.014615707564662e-06
     1.295666666666634	-3.014615707564662e-06
     1.295999999999967	-3.014615707564662e-06
     1.296333333333301	-3.014615707564662e-06
     1.296666666666634	-3.014615707564662e-06
     1.296999999999967	-3.014615707564662e-06
     1.297333333333301	-3.014615707564662e-06
     1.297666666666634	-3.014615707564662e-06
     1.297999999999967	-3.014615707564662e-06
       1.2983333333333	-3.014615707564662e-06
     1.298666666666634	-3.014615707564662e-06
     1.298999999999967	-3.014615707564662e-06
       1.2993333333333	-3.014615707564662e-06
     1.299666666666634	-3.014615707564662e-06
     1.299999999999967	-3.014615707564662e-06
       1.3003333333333	-3.014615707564662e-06
     1.300666666666634	-3.014615707564662e-06
     1.300999999999967	-3.014615707564662e-06
       1.3013333333333	-3.014615707564662e-06
     1.301666666666633	-3.014615707564662e-06
     1.301999999999967	-3.014615707564662e-06
       1.3023333333333	-3.014615707564662e-06
     1.302666666666633	-3.014615707564662e-06
     1.302999999999967	-3.014615707564662e-06
       1.3033333333333	-3.014615707564662e-06
     1.303666666666633	-3.014615707564662e-06
     1.303999999999967	-3.014615707564662e-06
       1.3043333333333	-3.014615707564662e-06
     1.304666666666633	-3.014615707564662e-06
     1.304999999999966	-3.014615707564662e-06
       1.3053333333333	-3.014615707564662e-06
     1.305666666666633	-3.014615707564662e-06
     1.305999999999966	-3.014615707564662e-06
       1.3063333333333	-3.014615707564662e-06
     1.306666666666633	-3.014615707564662e-06
     1.306999999999966	-3.014615707564662e-06
     1.307333333333299	-3.014615707564662e-06
     1.307666666666633	-3.014615707564662e-06
     1.307999999999966	-3.014615707564662e-06
     1.308333333333299	-3.014615707564662e-06
     1.308666666666633	-3.014615707564662e-06
     1.308999999999966	-3.014615707564662e-06
     1.309333333333299	-3.014615707564662e-06
     1.309666666666633	-3.014615707564662e-06
     1.309999999999966	-3.014615707564662e-06
     1.310333333333299	-3.014615707564662e-06
     1.310666666666632	-3.014615707564662e-06
     1.310999999999966	-3.014615707564662e-06
     1.311333333333299	-3.014615707564662e-06
     1.311666666666632	-3.014615707564662e-06
     1.311999999999966	-3.014615707564662e-06
     1.312333333333299	-3.014615707564662e-06
     1.312666666666632	-3.014615707564662e-06
     1.312999999999966	-3.014615707564662e-06
     1.313333333333299	-3.014615707564662e-06
     1.313666666666632	-3.014615707564662e-06
     1.313999999999965	-3.014615707564662e-06
     1.314333333333299	-3.014615707564662e-06
     1.314666666666632	-3.014615707564662e-06
     1.314999999999965	-3.014615707564662e-06
     1.315333333333299	-3.014615707564662e-06
     1.315666666666632	-3.014615707564662e-06
     1.315999999999965	-3.014615707564662e-06
     1.316333333333298	-3.014615707564662e-06
     1.316666666666632	-3.014615707564662e-06
     1.316999999999965	-3.014615707564662e-06
     1.317333333333298	-3.014615707564662e-06
     1.317666666666632	-3.014615707564662e-06
     1.317999999999965	-3.014615707564662e-06
     1.318333333333298	-3.014615707564662e-06
     1.318666666666632	-3.014615707564662e-06
     1.318999999999965	-3.014615707564662e-06
     1.319333333333298	-3.014615707564662e-06
     1.319666666666631	-3.014615707564662e-06
     1.319999999999965	-3.014615707564662e-06
     1.320333333333298	-3.014615707564662e-06
     1.320666666666631	-3.014615707564662e-06
     1.320999999999965	-3.014615707564662e-06
     1.321333333333298	-3.014615707564662e-06
     1.321666666666631	-3.014615707564662e-06
     1.321999999999965	-3.014615707564662e-06
     1.322333333333298	-3.014615707564662e-06
     1.322666666666631	-3.014615707564662e-06
     1.322999999999964	-3.014615707564662e-06
     1.323333333333298	-3.014615707564662e-06
     1.323666666666631	-3.014615707564662e-06
     1.323999999999964	-3.014615707564662e-06
     1.324333333333298	-3.014615707564662e-06
     1.324666666666631	-3.014615707564662e-06
     1.324999999999964	-3.014615707564662e-06
     1.325333333333298	-3.014615707564662e-06
     1.325666666666631	-3.014615707564662e-06
     1.325999999999964	-3.014615707564662e-06
     1.326333333333297	-3.014615707564662e-06
     1.326666666666631	-3.014615707564662e-06
     1.326999999999964	-3.014615707564662e-06
     1.327333333333297	-3.014615707564662e-06
     1.327666666666631	-3.014615707564662e-06
     1.327999999999964	-3.014615707564662e-06
     1.328333333333297	-3.014615707564662e-06
      1.32866666666663	-3.014615707564662e-06
     1.328999999999964	-3.014615707564662e-06
     1.329333333333297	-3.014615707564662e-06
      1.32966666666663	-3.014615707564662e-06
     1.329999999999964	-3.014615707564662e-06
     1.330333333333297	-3.014615707564662e-06
      1.33066666666663	-3.014615707564662e-06
     1.330999999999964	-3.014615707564662e-06
     1.331333333333297	-3.014615707564662e-06
      1.33166666666663	-3.014615707564662e-06
     1.331999999999963	-3.014615707564662e-06
     1.332333333333297	-3.014615707564662e-06
      1.33266666666663	-3.014615707564662e-06
     1.332999999999963	-3.014615707564662e-06
     1.333333333333297	-3.014615707564662e-06
      1.33366666666663	-3.014615707564662e-06

     2.000333333333333	-1.406533373103578e-06
     2.000666666666667	-1.406533373103578e-06
                 2.001	-1.406533373103578e-06
     2.001333333333333	-1.406533373103578e-06
     2.001666666666666	-1.406533373103578e-06
                 2.002	-1.406533373103578e-06
     2.002333333333333	-1.406533373103578e-06
     2.002666666666666	-1.406533373103578e-06
                 2.003	-1.406533373103578e-06
     2.003333333333333	-1.406533373103578e-06
     2.003666666666666	-1.406533373103578e-06
                 2.004	-1.406533373103578e-06
     2.004333333333333	-1.406533373103578e-06
     2.004666666666666	-1.406533373103578e-06
     2.004999999999999	-1.406533373103578e-06
     2.005333333333333	-1.406533373103578e-06
     2.005666666666666	-1.406533373103578e-06
     2.005999999999999	-1.406533373103578e-06
     2.006333333333333	-1.406533373103578e-06
     2.006666666666666	-1.406533373103578e-06
     2.006999999999999	-1.406533373103578e-06
     2.007333333333333	-1.406533373103578e-06
     2.007666666666666	-1.406533373103578e-06
     2.007999999999999	-1.406533373103578e-06
     2.008333333333332	-1.406533373103578e-06
     2.008666666666666	-1.406533373103578e-06
     2.008999999999999	-1.406533373103578e-06
     2.009333333333332	-1.406533373103578e-06
     2.009666666666666	-1.406533373103578e-06
     2.009999999999999	-1.406533373103578e-06
     2.010333333333332	-1.406533373103578e-06
     2.010666666666665	-1.406533373103578e-06
     2.010999999999999	-1.406533373103578e-06
     2.011333333333332	-1.406533373103578e-06
     2.011666666666665	-1.406533373103578e-06
     2.011999999999999	-1.406533373103578e-06
     2.012333333333332	-1.406533373103578e-06
     2.012666666666665	-1.406533373103578e-06
     2.012999999999999	-1.406533373103578e-06
     2.013333333333332	-1.406533373103578e-06
     2.013666666666665	-1.406533373103578e-06
     2.013999999999998	-1.406533373103578e-06
     2.014333333333332	-1.406533373103578e-06
     2.014666666666665	-1.406533373103578e-06
     2.014999999999998	-1.406533373103578e-06
     2.015333333333332	-1.406533373103578e-06
     2.015666666666665	-1.406533373103578e-06
     2.015999999999998	-1.406533373103578e-06
     2.016333333333332	-1.406533373103578e-06
     2.016666666666665	-1.406533373103578e-06
     2.016999999999998	-1.406533373103578e-06
     2.017333333333331	-1.406533373103578e-06
     2.017666666666665	-1.406533373103578e-06
     2.017999999999998	-1.406533373103578e-06
     2.018333333333331	-1.406533373103578e-06
     2.018666666666665	-1.406533373103578e-06
     2.018999999999998	-1.406533373103578e-06
     2.019333333333331	-1.406533373103578e-06
     2.019666666666665	-1.406533373103578e-06
     2.019999999999998	-1.406533373103578e-06
     2.020333333333331	-1.406533373103578e-06
     2.020666666666664	-1.406533373103578e-06
     2.020999999999998	-1.406533373103578e-06
     2.021333333333331	-1.406533373103578e-06
     2.021666666666664	-1.406533373103578e-06
     2.021999999999998	-1.406533373103578e-06
     2.022333333333331	-1.406533373103578e-06
     2.022666666666664	-1.406533373103578e-06
     2.022999999999997	-1.406533373103578e-06
     2.023333333333331	-1.406533373103578e-06
     2.023666666666664	-1.406533373103578e-06
     2.023999999999997	-1.406533373103578e-06
     2.024333333333331	-1.406533373103578e-06
     2.024666666666664	-1.406533373103578e-06
     2.024999999999997	-1.406533373103578e-06
     2.025333333333331	-1.406533373103578e-06
     2.025666666666664	-1.406533373103578e-06
     2.025999999999997	-1.406533373103578e-06
      2.02633333333333	-1.406533373103578e-06
     2.026666666666664	-1.406533373103578e-06
     2.026999999999997	-1.406533373103578e-06
      2.02733333333333	-1.406533373103578e-06
     2.027666666666664	-1.406533373103578e-06
     2.027999999999997	-1.406533373103578e-06
      2.02833333333333	-1.406533373103578e-06
     2.028666666666664	-1.406533373103578e-06
     2.028999999999997	-1.406533373103578e-06
      2.02933333333333	-1.406533373103578e-06
     2.029666666666663	-1.406533373103578e-06
     2.029999999999997	-1.406533373103578e-06
      2.03033333333333	-1.406533373103578e-06
     2.030666666666663	-1.406533373103578e-06
     2.030999999999997	-1.406533373103578e-06
      2.03133333333333	-1.406533373103578e-06
     2.031666666666663	-1.406533373103578e-06
     2.031999999999996	-1.406533373103578e-06
      2.03233333333333	-1.406533373103578e-06
     2.032666666666663	-1.406533373103578e-06
     2.032999999999996	-1.406533373103578e-06
      2.03333333333333	-1.406533373103578e-06
     2.033666666666663	-1.406533373103578e-06
     2.033999999999996	-1.406533373103578e-06
      2.03433333333333	-1.406533373103578e-06
     2.034666666666663	-1.406533373103578e-06
     2.034999999999996	-1.406533373103578e-06
     2.035333333333329	-1.406533373103578e-06
     2.035666666666663	-1.406533373103578e-06
     2.035999999999996	-1.406533373103578e-06
     2.036333333333329	-1.406533373103578e-06
     2.036666666666663	-1.406533373103578e-06
     2.036999999999996	-1.406533373103578e-06
     2.037333333333329	-1.406533373103578e-06
     2.037666666666663	-1.406533373103578e-06
     2.037999999999996	-1.406533373103578e-06
     2.038333333333329	-1.406533373103578e-06
     2.038666666666662	-1.406533373103578e-06
     2.038999999999996	-1.406533373103578e-06
     2.039333333333329	-1.406533373103578e-06
     2.039666666666662	-1.406533373103578e-06
     2.039999999999996	-1.406533373103578e-06
     2.040333333333329	-1.406533373103578e-06
     2.040666666666662	-1.406533373103578e-06
     2.040999999999995	-1.406533373103578e-06
     2.041333333333329	-1.406533373103578e-06
     2.041666666666662	-1.406533373103578e-06
     2.041999999999995	-1.406533373103578e-06
     2.042333333333329	-1.406533373103578e-06
     2.042666666666662	-1.406533373103578e-06
     2.042999999999995	-1.406533373103578e-06
     2.043333333333329	-1.406533373103578e-06
     2.043666666666662	-1.406533373103578e-06
     2.043999999999995	-1.406533373103578e-06
     2.044333333333328	-1.406533373103578e-06
     2.044666666666662	-1.406533373103578e-06
     2.044999999999995	-1.406533373103578e-06
     2.045333333333328	-1.406533373103578e-06
     2.045666666666662	-1.406533373103578e-06
     2.045999999999995	-1.406533373103578e-06
     2.046333333333328	-1.406533373103578e-06
     2.046666666666662	-1.406533373103578e-06
     2.046999999999995	-1.406533373103578e-06
     2.047333333333328	-1.406533373103578e-06
     2.047666666666661	-1.406533373103578e-06
     2.047999999999995	-1.406533373103578e-06
     2.048333333333328	-1.406533373103578e-06
     2.048666666666661	-1.406533373103578e-06
     2.048999999999995	-1.406533373103578e-06
     2.049333333333328	-1.406533373103578e-06
     2.049666666666661	-1.406533373103578e-06
     2.049999999999994	-1.406533373103578e-06
     2.050333333333328	-1.406533373103578e-06
     2.050666666666661	-1.406533373103578e-06
     2.050999999999994	-1.406533373103578e-06
     2.051333333333328	-1.406533373103578e-06
     2.051666666666661	-1.406533373103578e-06
     2.051999999999994	-1.406533373103578e-06
     2.052333333333328	-1.406533373103578e-06
     2.052666666666661	-1.406533373103578e-06
     2.052999999999994	-1.406533373103578e-06
     2.053333333333327	-1.406533373103578e-06
     2.053666666666661	-1.406533373103578e-06
     2.053999999999994	-1.406533373103578e-06
     2.054333333333327	-1.406533373103578e-06
     2.054666666666661	-1.406533373103578e-06
     2.054999999999994	-1.406533373103578e-06
     2.055333333333327	-1.406533373103578e-06
     2.055666666666661	-1.406533373103578e-06
     2.055999999999994	-1.406533373103578e-06
     2.056333333333327	-1.406533373103578e-06
      2.05666666666666	-1.406533373103578e-06
     2.056999999999994	-1.406533373103578e-06
     2.057333333333327	-1.406533373103578e-06
      2.05766666666666	-1.406533373103578e-06
     2.057999999999994	-1.406533373103578e-06
     2.058333333333327	-1.406533373103578e-06
      2.05866666666666	-1.406533373103578e-06
     2.058999999999994	-1.406533373103578e-06
     2.059333333333327	-1.406533373103578e-06
      2.05966666666666	-1.406533373103578e-06
     2.059999999999993	-1.406533373103578e-06
     2.060333333333327	-1.406533373103578e-06
      2.06066666666666	-1.406533373103578e-06
     2.060999999999993	-1.406533373103578e-06
     2.061333333333327	-1.406533373103578e-06
      2.06166666666666	-1.406533373103578e-06
     2.061999999999993	-1.406533373103578e-06
     2.062333333333326	-1.406533373103578e-06
      2.06266666666666	-1.406533373103578e-06
     2.062999999999993	-1.406533373103578e-06
     2.063333333333326	-1.406533373103578e-06
      2.06366666666666	-1.406533373103578e-06
     2.063999999999993	-1.406533373103578e-06
     2.064333333333326	-1.406533373103578e-06
      2.06466666666666	-1.406533373103578e-06
     2.064999999999993	-1.406533373103578e-06
     2.065333333333326	-1.406533373103578e-06
     2.065666666666659	-1.406533373103578e-06
     2.065999999999993	-1.406533373103578e-06
     2.066333333333326	-1.406533373103578e-06
     2.066666666666659	-1.406533373103578e-06
     2.066999999999993	-1.406533373103578e-06
     2.067333333333326	-1.406533373103578e-06
     2.067666666666659	-1.406533373103578e-06
     2.067999999999993	-1.406533373103578e-06
     2.068333333333326	-1.406533373103578e-06
     2.068666666666659	-1.406533373103578e-06
     2.068999999999992	-1.406533373103578e-06
     2.069333333333326	-1.406533373103578e-06
     2.069666666666659	-1.406533373103578e-06
     2.069999999999992	-1.406533373103578e-06
     2.070333333333326	-1.406533373103578e-06
     2.070666666666659	-1.406533373103578e-06
     2.070999999999992	-1.406533373103578e-06
     2.071333333333325	-1.406533373103578e-06
     2.071666666666659	-1.406533373103578e-06
     2.071999999999992	-1.406533373103578e-06
     2.072333333333325	-1.406533373103578e-06
     2.072666666666659	-1.406533373103578e-06
     2.072999999999992	-1.406533373103578e-06
     2.073333333333325	-1.406533373103578e-06
     2.073666666666659	-1.406533373103578e-06
     2.073999999999992	-1.406533373103578e-06
     2.074333333333325	-1.406533373103578e-06
     2.074666666666658	-1.406533373103578e-06
     2.074999999999992	-1.406533373103578e-06
     2.075333333333325	-1.406533373103578e-06
     2.075666666666658	-1.406533373103578e-06
     2.075999999999992	-1.406533373103578e-06
     2.076333333333325	-1.406533373103578e-06
     2.076666666666658	-1.406533373103578e-06
     2.076999999999992	-1.406533373103578e-06
     2.077333333333325	-1.406533373103578e-06
     2.077666666666658	-1.406533373103578e-06
     2.077999999999991	-1.406533373103578e-06
     2.078333333333325	-1.406533373103578e-06
     2.078666666666658	-1.406533373103578e-06
     2.078999999999991	-1.406533373103578e-06
     2.079333333333325	-1.406533373103578e-06
     2.079666666666658	-1.406533373103578e-06
     2.079999999999991	-1.406533373103578e-06
     2.080333333333324	-1.406533373103578e-06
     2.080666666666658	-1.406533373103578e-06
     2.080999999999991	-1.406533373103578e-06
     2.081333333333324	-1.406533373103578e-06
     2.081666666666658	-1.406533373103578e-06
     2.081999999999991	-1.406533373103578e-06
     2.082333333333324	-1.406533373103578e-06
     2.082666666666658	-1.406533373103578e-06
     2.082999999999991	-1.406533373103578e-06
     2.083333333333324	-1.406533373103578e-06
     2.083666666666657	-1.406533373103578e-06
     2.083999999999991	-1.406533373103578e-06
     2.084333333333324	-1.406533373103578e-06
     2.084666666666657	-1.406533373103578e-06
     2.084999999999991	-1.406533373103578e-06
     2.085333333333324	-1.406533373103578e-06
     2.085666666666657	-1.406533373103578e-06
     2.085999999999991	-1.406533373103578e-06
     2.086333333333324	-1.406533373103578e-06
     2.086666666666657	-1.406533373103578e-06
      2.08699999999999	-1.406533373103578e-06
     2.087333333333324	-1.406533373103578e-06
     2.087666666666657	-1.406533373103578e-06
      2.08799999999999	-1.406533373103578e-06
     2.088333333333324	-1.406533373103578e-06
     2.088666666666657	-1.406533373103578e-06
      2.08899999999999	-1.406533373103578e-06
     2.089333333333323	-1.406533373103578e-06
     2.089666666666657	-1.406533373103578e-06
      2.08999999999999	-1.406533373103578e-06
     2.090333333333323	-1.406533373103578e-06
     2.090666666666657	-1.406533373103578e-06
      2.09099999999999	-1.406533373103578e-06
     2.091333333333323	-1.406533373103578e-06
     2.091666666666657	-1.406533373103578e-06
      2.09199999999999	-1.406533373103578e-06
     2.092333333333323	-1.406533373103578e-06
     2.092666666666656	-1.406533373103578e-06
      2.09299999999999	-1.406533373103578e-06
     2.093333333333323	-1.406533373103578e-06
     2.093666666666656	-1.406533373103578e-06
      2.09399999999999	-1.406533373103578e-06
     2.094333333333323	-1.406533373103578e-06
     2.094666666666656	-1.406533373103578e-06
      2.09499999999999	-1.406533373103578e-06
     2.095333333333323	-1.406533373103578e-06
     2.095666666666656	-1.406533373103578e-06
     2.095999999999989	-1.406533373103578e-06
     2.096333333333323	-1.406533373103578e-06
     2.096666666666656	-1.406533373103578e-06
     2.096999999999989	-1.406533373103578e-06
     2.097333333333323	-1.406533373103578e-06
     2.097666666666656	-1.406533373103578e-06
     2.097999999999989	-1.406533373103578e-06
     2.098333333333323	-1.406533373103578e-06
     2.098666666666656	-1.406533373103578e-06
     2.098999999999989	-1.406533373103578e-06
     2.099333333333322	-1.406533373103578e-06
     2.099666666666656	-1.406533373103578e-06
     2.099999999999989	-1.406533373103578e-06
     2.100333333333322	-1.406533373103578e-06
     2.100666666666656	-1.406533373103578e-06
     2.100999999999989	-1.406533373103578e-06
     2.101333333333322	-1.406533373103578e-06
     2.101666666666655	-1.406533373103578e-06
     2.101999999999989	-1.406533373103578e-06
     2.102333333333322	-1.406533373103578e-06
     2.102666666666655	-1.406533373103578e-06
     2.102999999999989	-1.406533373103578e-06
     2.103333333333322	-1.406533373103578e-06
     2.103666666666655	-1.406533373103578e-06
     2.103999999999989	-1.406533373103578e-06
     2.104333333333322	-1.406533373103578e-06
     2.104666666666655	-1.406533373103578e-06
     2.104999999999988	-1.406533373103578e-06
     2.105333333333322	-1.406533373103578e-06
     2.105666666666655	-1.406533373103578e-06
     2.105999999999988	-1.406533373103578e-06
     2.106333333333322	-1.406533373103578e-06
     2.106666666666655	-1.406533373103578e-06
     2.106999999999988	-1.406533373103578e-06
     2.107333333333322	-1.406533373103578e-06
     2.107666666666655	-1.406533373103578e-06
     2.107999999999988	-1.406533373103578e-06
     2.108333333333321	-1.406533373103578e-06
     2.108666666666655	-1.406533373103578e-06
     2.108999999999988	-1.406533373103578e-06
     2.109333333333321	-1.406533373103578e-06
     2.109666666666655	-1.406533373103578e-06
     2.109999999999988	-1.406533373103578e-06
     2.110333333333321	-1.406533373103578e-06
     2.110666666666654	-1.406533373103578e-06
     2.110999999999988	-1.406533373103578e-06
     2.111333333333321	-1.406533373103578e-06
     2.111666666666654	-1.406533373103578e-06
     2.111999999999988	-1.406533373103578e-06
     2.112333333333321	-1.406533373103578e-06
     2.112666666666654	-1.406533373103578e-06
     2.112999999999988	-1.406533373103578e-06
     2.113333333333321	-1.406533373103578e-06
     2.113666666666654	-1.406533373103578e-06
     2.113999999999987	-1.406533373103578e-06
     2.114333333333321	-1.406533373103578e-06
     2.114666666666654	-1.406533373103578e-06
     2.114999999999987	-1.406533373103578e-06
     2.115333333333321	-1.406533373103578e-06
     2.115666666666654	-1.406533373103578e-06
     2.115999999999987	-1.406533373103578e-06
     2.116333333333321	-1.406533373103578e-06
     2.116666666666654	-1.406533373103578e-06
     2.116999999999987	-1.406533373103578e-06
      2.11733333333332	-1.406533373103578e-06
     2.117666666666654	-1.406533373103578e-06
     2.117999999999987	-1.406533373103578e-06
      2.11833333333332	-1.406533373103578e-06
     2.118666666666654	-1.406533373103578e-06
     2.118999999999987	-1.406533373103578e-06
      2.11933333333332	-1.406533373103578e-06
     2.119666666666653	-1.406533373103578e-06
     2.119999999999987	-1.406533373103578e-06
      2.12033333333332	-1.406533373103578e-06
     2.120666666666653	-1.406533373103578e-06
     2.120999999999987	-1.406533373103578e-06
      2.12133333333332	-1.406533373103578e-06
     2.121666666666653	-1.406533373103578e-06
     2.121999999999987	-1.406533373103578e-06
      2.12233333333332	-1.406533373103578e-06
     2.122666666666653	-1.406533373103578e-06
     2.122999999999986	-1.406533373103578e-06
      2.12333333333332	-1.406533373103578e-06
     2.123666666666653	-1.406533373103578e-06
     2.123999999999986	-1.406533373103578e-06
      2.12433333333332	-1.406533373103578e-06
     2.124666666666653	-1.406533373103578e-06
     2.124999999999986	-1.406533373103578e-06
      2.12533333333332	-1.406533373103578e-06
     2.125666666666653	-1.406533373103578e-06
     2.125999999999986	-1.406533373103578e-06
     2.126333333333319	-1.406533373103578e-06
     2.126666666666653	-1.406533373103578e-06
     2.126999999999986	-1.406533373103578e-06
     2.127333333333319	-1.406533373103578e-06
     2.127666666666653	-1.406533373103578e-06
     2.127999999999986	-1.406533373103578e-06
     2.128333333333319	-1.406533373103578e-06
     2.128666666666652	-1.406533373103578e-06
     2.128999999999986	-1.406533373103578e-06
     2.129333333333319	-1.406533373103578e-06
     2.129666666666652	-1.406533373103578e-06
     2.129999999999986	-1.406533373103578e-06
     2.130333333333319	-1.406533373103578e-06
     2.130666666666652	-1.406533373103578e-06
     2.130999999999986	-1.406533373103578e-06
     2.131333333333319	-1.406533373103578e-06
     2.131666666666652	-1.406533373103578e-06
     2.131999999999985	-1.406533373103578e-06
     2.132333333333319	-1.406533373103578e-06
     2.132666666666652	-1.406533373103578e-06
     2.132999999999985	-1.406533373103578e-06
     2.133333333333319	-1.406533373103578e-06
     2.133666666666652	-1.406533373103578e-06
     2.133999999999985	-1.406533373103578e-06
     2.134333333333319	-1.406533373103578e-06
     2.134666666666652	-1.406533373103578e-06
     2.134999999999985	-1.406533373103578e-06
     2.135333333333318	-1.406533373103578e-06
     2.135666666666652	-1.406533373103578e-06
     2.135999999999985	-1.406533373103578e-06
     2.136333333333318	-1.406533373103578e-06
     2.136666666666652	-1.406533373103578e-06
     2.136999999999985	-1.406533373103578e-06
     2.137333333333318	-1.406533373103578e-06
     2.137666666666652	-1.406533373103578e-06
     2.137999999999985	-1.406533373103578e-06
     2.138333333333318	-1.406533373103578e-06
     2.138666666666651	-1.406533373103578e-06
     2.138999999999985	-1.406533373103578e-06
     2.139333333333318	-1.406533373103578e-06
     2.139666666666651	-1.406533373103578e-06
     2.139999999999985	-1.406533373103578e-06
     2.140333333333318	-1.406533373103578e-06
     2.140666666666651	-1.406533373103578e-06
     2.140999999999984	-1.406533373103578e-06
     2.141333333333318	-1.406533373103578e-06
     2.141666666666651	-1.406533373103578e-06
     2.141999999999984	-1.406533373103578e-06
     2.142333333333318	-1.406533373103578e-06
     2.142666666666651	-1.406533373103578e-06
     2.142999999999984	-1.406533373103578e-06
     2.143333333333318	-1.406533373103578e-06
     2.143666666666651	-1.406533373103578e-06
     2.143999999999984	-1.406533373103578e-06
     2.144333333333317	-1.406533373103578e-06
     2.144666666666651	-1.406533373103578e-06
     2.144999999999984	-1.406533373103578e-06
     2.145333333333317	-1.406533373103578e-06
     2.145666666666651	-1.406533373103578e-06
     2.145999999999984	-1.406533373103578e-06
     2.146333333333317	-1.406533373103578e-06
     2.146666666666651	-1.406533373103578e-06
     2.146999999999984	-1.406533373103578e-06
     2.147333333333317	-1.406533373103578e-06
      2.14766666666665	-1.406533373103578e-06
     2.147999999999984	-1.406533373103578e-06
     2.148333333333317	-1.406533373103578e-06
      2.14866666666665	-1.406533373103578e-06
     2.148999999999984	-1.406533373103578e-06
     2.149333333333317	-1.406533373103578e-06
      2.14966666666665	-1.406533373103578e-06
     2.149999999999983	-1.406533373103578e-06
     2.150333333333317	-1.406533373103578e-06
      2.15066666666665	-1.406533373103578e-06
     2.150999999999983	-1.406533373103578e-06
     2.151333333333317	-1.406533373103578e-06
      2.15166666666665	-1.406533373103578e-06
     2.151999999999983	-1.406533373103578e-06
     2.152333333333317	-1.406533373103578e-06
      2.15266666666665	-1.406533373103578e-06
     2.152999999999983	-1.406533373103578e-06
     2.153333333333316	-1.406533373103578e-06
      2.15366666666665	-1.406533373103578e-06
     2.153999999999983	-1.406533373103578e-06
     2.154333333333316	-1.406533373103578e-06
      2.15466666666665	-1.406533373103578e-06
     2.154999999999983	-1.406533373103578e-06
     2.155333333333316	-1.406533373103578e-06
      2.15566666666665	-1.406533373103578e-06
     2.155999999999983	-1.406533373103578e-06
     2.156333333333316	-1.406533373103578e-06
     2.156666666666649	-1.406533373103578e-06
     2.156999999999983	-1.406533373103578e-06
     2.157333333333316	-1.406533373103578e-06
     2.157666666666649	-1.406533373103578e-06
     2.157999999999983	-1.406533373103578e-06
     2.158333333333316	-1.406533373103578e-06
     2.158666666666649	-1.406533373103578e-06
     2.158999999999982	-1.406533373103578e-06
     2.159333333333316	-1.406533373103578e-06
     2.159666666666649	-1.406533373103578e-06
     2.159999999999982	-1.406533373103578e-06
     2.160333333333316	-1.406533373103578e-06
     2.160666666666649	-1.406533373103578e-06
     2.160999999999982	-1.406533373103578e-06
     2.161333333333316	-1.406533373103578e-06
     2.161666666666649	-1.406533373103578e-06
     2.161999999999982	-1.406533373103578e-06
     2.162333333333315	-1.406533373103578e-06
     2.162666666666649	-1.406533373103578e-06
     2.162999999999982	-1.406533373103578e-06
     2.163333333333315	-1.406533373103578e-06
     2.163666666666649	-1.406533373103578e-06
     2.163999999999982	-1.406533373103578e-06
     2.164333333333315	-1.406533373103578e-06
     2.164666666666649	-1.406533373103578e-06
     2.164999999999982	-1.406533373103578e-06
     2.165333333333315	-1.406533373103578e-06
     2.165666666666648	-1.406533373103578e-06
     2.165999999999982	-1.406533373103578e-06
     2.166333333333315	-1.406533373103578e-06
     2.166666666666648	-1.406533373103578e-06
     2.166999999999982	-1.406533373103578e-06
     2.167333333333315	-1.406533373103578e-06
     2.167666666666648	-1.406533373103578e-06
     2.167999999999981	-1.406533373103578e-06
     2.168333333333315	-1.406533373103578e-06
     2.168666666666648	-1.406533373103578e-06
     2.168999999999981	-1.406533373103578e-06
     2.169333333333315	-1.406533373103578e-06
     2.169666666666648	-1.406533373103578e-06
     2.169999999999981	-1.406533373103578e-06
     2.170333333333315	-1.406533373103578e-06
     2.170666666666648	-1.406533373103578e-06
     2.170999999999981	-1.406533373103578e-06
     2.171333333333314	-1.406533373103578e-06
     2.171666666666648	-1.406533373103578e-06
     2.171999999999981	-1.406533373103578e-06
     2.172333333333314	-1.406533373103578e-06
     2.172666666666648	-1.406533373103578e-06
     2.172999999999981	-1.406533373103578e-06
     2.173333333333314	-1.406533373103578e-06
     2.173666666666648	-1.406533373103578e-06
     2.173999999999981	-1.406533373103578e-06
     2.174333333333314	-1.406533373103578e-06
     2.174666666666647	-1.406533373103578e-06
     2.174999999999981	-1.406533373103578e-06
     2.175333333333314	-1.406533373103578e-06
     2.175666666666647	-1.406533373103578e-06
     2.175999999999981	-1.406533373103578e-06
     2.176333333333314	-1.406533373103578e-06
     2.176666666666647	-1.406533373103578e-06
     2.176999999999981	-1.406533373103578e-06
     2.177333333333314	-1.406533373103578e-06
     2.177666666666647	-1.406533373103578e-06
      2.17799999999998	-1.406533373103578e-06
     2.178333333333314	-1.406533373103578e-06
     2.178666666666647	-1.406533373103578e-06
      2.17899999999998	-1.406533373103578e-06
     2.179333333333314	-1.406533373103578e-06
     2.179666666666647	-1.406533373103578e-06
      2.17999999999998	-1.406533373103578e-06
     2.180333333333313	-1.406533373103578e-06
     2.180666666666647	-1.406533373103578e-06
      2.18099999999998	-1.406533373103578e-06
     2.181333333333313	-1.406533373103578e-06
     2.181666666666647	-1.406533373103578e-06
      2.18199999999998	-1.406533373103578e-06
     2.182333333333313	-1.406533373103578e-06
     2.182666666666647	-1.406533373103578e-06
      2.18299999999998	-1.406533373103578e-06
     2.183333333333313	-1.406533373103578e-06
     2.183666666666646	-1.406533373103578e-06
      2.18399999999998	-1.406533373103578e-06
     2.184333333333313	-1.406533373103578e-06
     2.184666666666646	-1.406533373103578e-06
      2.18499999999998	-1.406533373103578e-06
     2.185333333333313	-1.406533373103578e-06
     2.185666666666646	-1.406533373103578e-06
      2.18599999999998	-1.406533373103578e-06
     2.186333333333313	-1.406533373103578e-06
     2.186666666666646	-1.406533373103578e-06
     2.186999999999979	-1.406533373103578e-06
     2.187333333333313	-1.406533373103578e-06
     2.187666666666646	-1.406533373103578e-06
     2.187999999999979	-1.406533373103578e-06
     2.188333333333313	-1.406533373103578e-06
     2.188666666666646	-1.406533373103578e-06
     2.188999999999979	-1.406533373103578e-06
     2.189333333333312	-1.406533373103578e-06
     2.189666666666646	-1.406533373103578e-06
     2.189999999999979	-1.406533373103578e-06
     2.190333333333312	-1.406533373103578e-06
     2.190666666666646	-1.406533373103578e-06
     2.190999999999979	-1.406533373103578e-06
     2.191333333333312	-1.406533373103578e-06
     2.191666666666646	-1.406533373103578e-06
     2.191999999999979	-1.406533373103578e-06
     2.192333333333312	-1.406533373103578e-06
     2.192666666666645	-1.406533373103578e-06
     2.192999999999979	-1.406533373103578e-06
     2.193333333333312	-1.406533373103578e-06
     2.193666666666645	-1.406533373103578e-06
     2.193999999999979	-1.406533373103578e-06
     2.194333333333312	-1.406533373103578e-06
     2.194666666666645	-1.406533373103578e-06
     2.194999999999979	-1.406533373103578e-06
     2.195333333333312	-1.406533373103578e-06
     2.195666666666645	-1.406533373103578e-06
     2.195999999999978	-1.406533373103578e-06
     2.196333333333312	-1.406533373103578e-06
     2.196666666666645	-1.406533373103578e-06
     2.196999999999978	-1.406533373103578e-06
     2.197333333333312	-1.406533373103578e-06
     2.197666666666645	-1.406533373103578e-06
     2.197999999999978	-1.406533373103578e-06
     2.198333333333311	-1.406533373103578e-06
     2.198666666666645	-1.406533373103578e-06
     2.198999999999978	-1.406533373103578e-06
     2.199333333333311	-1.406533373103578e-06
     2.199666666666645	-1.406533373103578e-06
     2.199999999999978	-1.406533373103578e-06
     2.200333333333311	-1.406533373103578e-06
     2.200666666666645	-1.406533373103578e-06
     2.200999999999978	-1.406533373103578e-06
     2.201333333333311	-1.406533373103578e-06
     2.201666666666644	-1.406533373103578e-06
     2.201999999999978	-1.406533373103578e-06
     2.202333333333311	-1.406533373103578e-06
     2.202666666666644	-1.406533373103578e-06
     2.202999999999978	-1.406533373103578e-06
     2.203333333333311	-1.406533373103578e-06
     2.203666666666644	-1.406533373103578e-06
     2.203999999999978	-1.406533373103578e-06
     2.204333333333311	-1.406533373103578e-06
     2.204666666666644	-1.406533373103578e-06
     2.204999999999977	-1.406533373103578e-06
     2.205333333333311	-1.406533373103578e-06
     2.205666666666644	-1.406533373103578e-06
     2.205999999999977	-1.406533373103578e-06
     2.206333333333311	-1.406533373103578e-06
     2.206666666666644	-1.406533373103578e-06
     2.206999999999977	-1.406533373103578e-06
      2.20733333333331	-1.406533373103578e-06
     2.207666666666644	-1.406533373103578e-06
     2.207999999999977	-1.406533373103578e-06
      2.20833333333331	-1.406533373103578e-06
     2.208666666666644	-1.406533373103578e-06
     2.208999999999977	-1.406533373103578e-06
      2.20933333333331	-1.406533373103578e-06
     2.209666666666644	-1.406533373103578e-06
     2.209999999999977	-1.406533373103578e-06
      2.21033333333331	-1.406533373103578e-06
     2.210666666666643	-1.406533373103578e-06
     2.210999999999977	-1.406533373103578e-06
      2.21133333333331	-1.406533373103578e-06
     2.211666666666643	-1.406533373103578e-06
     2.211999999999977	-1.406533373103578e-06
      2.21233333333331	-1.406533373103578e-06
     2.212666666666643	-1.406533373103578e-06
     2.212999999999977	-1.406533373103578e-06
      2.21333333333331	-1.406533373103578e-06
     2.213666666666643	-1.406533373103578e-06
     2.213999999999976	-1.406533373103578e-06
      2.21433333333331	-1.406533373103578e-06
     2.214666666666643	-1.406533373103578e-06
     2.214999999999976	-1.406533373103578e-06
      2.21533333333331	-1.406533373103578e-06
     2.215666666666643	-1.406533373103578e-06
     2.215999999999976	-1.406533373103578e-06
      2.21633333333331	-1.406533373103578e-06
     2.216666666666643	-1.406533373103578e-06
     2.216999999999976	-1.406533373103578e-06
     2.217333333333309	-1.406533373103578e-06
     2.217666666666643	-1.406533373103578e-06
     2.217999999999976	-1.406533373103578e-06
     2.218333333333309	-1.406533373103578e-06
     2.218666666666643	-1.406533373103578e-06
     2.218999999999976	-1.406533373103578e-06
     2.219333333333309	-1.406533373103578e-06
     2.219666666666642	-1.406533373103578e-06
     2.219999999999976	-1.406533373103578e-06
     2.220333333333309	-1.406533373103578e-06
     2.220666666666642	-1.406533373103578e-06
     2.220999999999976	-1.406533373103578e-06
     2.221333333333309	-1.406533373103578e-06
     2.221666666666642	-1.406533373103578e-06
     2.221999999999976	-1.406533373103578e-06
     2.222333333333309	-1.406533373103578e-06
     2.222666666666642	-1.406533373103578e-06
     2.222999999999975	-1.406533373103578e-06
     2.223333333333309	-1.406533373103578e-06
     2.223666666666642	-1.406533373103578e-06
     2.223999999999975	-1.406533373103578e-06
     2.224333333333309	-1.406533373103578e-06
     2.224666666666642	-1.406533373103578e-06
     2.224999999999975	-1.406533373103578e-06
     2.225333333333309	-1.406533373103578e-06
     2.225666666666642	-1.406533373103578e-06
     2.225999999999975	-1.406533373103578e-06
     2.226333333333308	-1.406533373103578e-06
     2.226666666666642	-1.406533373103578e-06
     2.226999999999975	-1.406533373103578e-06
     2.227333333333308	-1.406533373103578e-06
     2.227666666666642	-1.406533373103578e-06
     2.227999999999975	-1.406533373103578e-06
     2.228333333333308	-1.406533373103578e-06
     2.228666666666641	-1.406533373103578e-06
     2.228999999999975	-1.406533373103578e-06
     2.229333333333308	-1.406533373103578e-06
     2.229666666666641	-1.406533373103578e-06
     2.229999999999975	-1.406533373103578e-06
     2.230333333333308	-1.406533373103578e-06
     2.230666666666641	-1.406533373103578e-06
     2.230999999999975	-1.406533373103578e-06
     2.231333333333308	-1.406533373103578e-06
     2.231666666666641	-1.406533373103578e-06
     2.231999999999974	-1.406533373103578e-06
     2.232333333333308	-1.406533373103578e-06
     2.232666666666641	-1.406533373103578e-06
     2.232999999999974	-1.406533373103578e-06
     2.233333333333308	-1.406533373103578e-06
     2.233666666666641	-1.406533373103578e-06
     2.233999999999974	-1.406533373103578e-06
     2.234333333333308	-1.406533373103578e-06
     2.234666666666641	-1.406533373103578e-06
     2.234999999999974	-1.406533373103578e-06
     2.235333333333307	-1.406533373103578e-06
     2.235666666666641	-1.406533373103578e-06
     2.235999999999974	-1.406533373103578e-06
     2.236333333333307	-1.406533373103578e-06
     2.236666666666641	-1.406533373103578e-06
     2.236999999999974	-1.406533373103578e-06
     2.237333333333307	-1.406533373103578e-06
      2.23766666666664	-1.406533373103578e-06
     2.237999999999974	-1.406533373103578e-06
     2.238333333333307	-1.406533373103578e-06
      2.23866666666664	-1.406533373103578e-06
     2.238999999999974	-1.406533373103578e-06
     2.239333333333307	-1.406533373103578e-06
      2.23966666666664	-1.406533373103578e-06
     2.239999999999974	-1.406533373103578e-06
     2.240333333333307	-1.406533373103578e-06
      2.24066666666664	-1.406533373103578e-06
     2.240999999999973	-1.406533373103578e-06
     2.241333333333307	-1.406533373103578e-06
      2.24166666666664	-1.406533373103578e-06
     2.241999999999973	-1.406533373103578e-06
     2.242333333333307	-1.406533373103578e-06
      2.24266666666664	-1.406533373103578e-06
     2.242999999999973	-1.406533373103578e-06
     2.243333333333307	-1.406533373103578e-06
      2.24366666666664	-1.406533373103578e-06
     2.243999999999973	-1.406533373103578e-06
     2.244333333333306	-1.406533373103578e-06
      2.24466666666664	-1.406533373103578e-06
     2.244999999999973	-1.406533373103578e-06
     2.245333333333306	-1.406533373103578e-06
      2.24566666666664	-1.406533373103578e-06
     2.245999999999973	-1.406533373103578e-06
     2.246333333333306	-1.406533373103578e-06
      2.24666666666664	-1.406533373103578e-06
     2.246999999999973	-1.406533373103578e-06
     2.247333333333306	-1.406533373103578e-06
     2.247666666666639	-1.406533373103578e-06
     2.247999999999973	-1.406533373103578e-06
     2.248333333333306	-1.406533373103578e-06
     2.248666666666639	-1.406533373103578e-06
     2.248999999999973	-1.406533373103578e-06
     2.249333333333306	-1.406533373103578e-06
     2.249666666666639	-1.406533373103578e-06
     2.249999999999972	-1.406533373103578e-06
     2.250333333333306	-1.406533373103578e-06
     2.250666666666639	-1.406533373103578e-06
     2.250999999999972	-1.406533373103578e-06
     2.251333333333306	-1.406533373103578e-06
     2.251666666666639	-1.406533373103578e-06
     2.251999999999972	-1.406533373103578e-06
     2.252333333333306	-1.406533373103578e-06
     2.252666666666639	-1.406533373103578e-06
     2.252999999999972	-1.406533373103578e-06
     2.253333333333305	-1.406533373103578e-06
     2.253666666666639	-1.406533373103578e-06
     2.253999999999972	-1.406533373103578e-06
     2.254333333333305	-1.406533373103578e-06
     2.254666666666639	-1.406533373103578e-06
     2.254999999999972	-1.406533373103578e-06
     2.255333333333305	-1.406533373103578e-06
     2.255666666666639	-1.406533373103578e-06
     2.255999999999972	-1.406533373103578e-06
     2.256333333333305	-1.406533373103578e-06
     2.256666666666638	-1.406533373103578e-06
     2.256999999999972	-1.406533373103578e-06
     2.257333333333305	-1.406533373103578e-06
     2.257666666666638	-1.406533373103578e-06
     2.257999999999972	-1.406533373103578e-06
     2.258333333333305	-1.406533373103578e-06
     2.258666666666638	-1.406533373103578e-06
     2.258999999999971	-1.406533373103578e-06
     2.259333333333305	-1.406533373103578e-06
     2.259666666666638	-1.406533373103578e-06
     2.259999999999971	-1.406533373103578e-06
     2.260333333333305	-1.406533373103578e-06
     2.260666666666638	-1.406533373103578e-06
     2.260999999999971	-1.406533373103578e-06
     2.261333333333305	-1.406533373103578e-06
     2.261666666666638	-1.406533373103578e-06
     2.261999999999971	-1.406533373103578e-06
     2.262333333333304	-1.406533373103578e-06
     2.262666666666638	-1.406533373103578e-06
     2.262999999999971	-1.406533373103578e-06
     2.263333333333304	-1.406533373103578e-06
     2.263666666666638	-1.406533373103578e-06
     2.263999999999971	-1.406533373103578e-06
     2.264333333333304	-1.406533373103578e-06
     2.264666666666638	-1.406533373103578e-06
     2.264999999999971	-1.406533373103578e-06
     2.265333333333304	-1.406533373103578e-06
     2.265666666666637	-1.406533373103578e-06
     2.265999999999971	-1.406533373103578e-06
     2.266333333333304	-1.406533373103578e-06
     2.266666666666637	-1.406533373103578e-06
     2.266999999999971	-1.406533373103578e-06
     2.267333333333304	-1.406533373103578e-06
     2.267666666666637	-1.406533373103578e-06
      2.26799999999997	-1.406533373103578e-06
     2.268333333333304	-1.406533373103578e-06
     2.268666666666637	-1.406533373103578e-06
      2.26899999999997	-1.406533373103578e-06
     2.269333333333304	-1.406533373103578e-06
     2.269666666666637	-1.406533373103578e-06
      2.26999999999997	-1.406533373103578e-06
     2.270333333333304	-1.406533373103578e-06
     2.270666666666637	-1.406533373103578e-06
      2.27099999999997	-1.406533373103578e-06
     2.271333333333303	-1.406533373103578e-06
     2.271666666666637	-1.406533373103578e-06
      2.27199999999997	-1.406533373103578e-06
     2.272333333333303	-1.406533373103578e-06
     2.272666666666637	-1.406533373103578e-06
      2.27299999999997	-1.406533373103578e-06
     2.273333333333303	-1.406533373103578e-06
     2.273666666666637	-1.406533373103578e-06
      2.27399999999997	-1.406533373103578e-06
     2.274333333333303	-1.406533373103578e-06
     2.274666666666636	-1.406533373103578e-06
      2.27499999999997	-1.406533373103578e-06
     2.275333333333303	-1.406533373103578e-06
     2.275666666666636	-1.406533373103578e-06
      2.27599999999997	-1.406533373103578e-06
     2.276333333333303	-1.406533373103578e-06
     2.276666666666636	-1.406533373103578e-06
     2.276999999999969	-1.406533373103578e-06
     2.277333333333303	-1.406533373103578e-06
     2.277666666666636	-1.406533373103578e-06
     2.277999999999969	-1.406533373103578e-06
     2.278333333333303	-1.406533373103578e-06
     2.278666666666636	-1.406533373103578e-06
     2.278999999999969	-1.406533373103578e-06
     2.279333333333303	-1.406533373103578e-06
     2.279666666666636	-1.406533373103578e-06
     2.279999999999969	-1.406533373103578e-06
     2.280333333333302	-1.406533373103578e-06
     2.280666666666636	-1.406533373103578e-06
     2.280999999999969	-1.406533373103578e-06
     2.281333333333302	-1.406533373103578e-06
     2.281666666666636	-1.406533373103578e-06
     2.281999999999969	-1.406533373103578e-06
     2.282333333333302	-1.406533373103578e-06
     2.282666666666636	-1.406533373103578e-06
     2.282999999999969	-1.406533373103578e-06
     2.283333333333302	-1.406533373103578e-06
     2.283666666666635	-1.406533373103578e-06
     2.283999999999969	-1.406533373103578e-06
     2.284333333333302	-1.406533373103578e-06
     2.284666666666635	-1.406533373103578e-06
     2.284999999999969	-1.406533373103578e-06
     2.285333333333302	-1.406533373103578e-06
     2.285666666666635	-1.406533373103578e-06
     2.285999999999969	-1.406533373103578e-06
     2.286333333333302	-1.406533373103578e-06
     2.286666666666635	-1.406533373103578e-06
     2.286999999999968	-1.406533373103578e-06
     2.287333333333302	-1.406533373103578e-06
     2.287666666666635	-1.406533373103578e-06
     2.287999999999968	-1.406533373103578e-06
     2.288333333333302	-1.406533373103578e-06
     2.288666666666635	-1.406533373103578e-06
     2.288999999999968	-1.406533373103578e-06
     2.289333333333301	-1.406533373103578e-06
     2.289666666666635	-1.406533373103578e-06
     2.289999999999968	-1.406533373103578e-06
     2.290333333333301	-1.406533373103578e-06
     2.290666666666635	-1.406533373103578e-06
     2.290999999999968	-1.406533373103578e-06
     2.291333333333301	-1.406533373103578e-06
     2.291666666666635	-1.406533373103578e-06
     2.291999999999968	-1.406533373103578e-06
     2.292333333333301	-1.406533373103578e-06
     2.292666666666634	-1.406533373103578e-06
     2.292999999999968	-1.406533373103578e-06
     2.293333333333301	-1.406533373103578e-06
     2.293666666666634	-1.406533373103578e-06
     2.293999999999968	-1.406533373103578e-06
     2.294333333333301	-1.406533373103578e-06
     2.294666666666634	-1.406533373103578e-06
     2.294999999999968	-1.406533373103578e-06
     2.295333333333301	-1.406533373103578e-06
     2.295666666666634	-1.406533373103578e-06
     2.295999999999967	-1.406533373103578e-06
     2.296333333333301	-1.406533373103578e-06
     2.296666666666634	-1.406533373103578e-06
     2.296999999999967	-1.406533373103578e-06
     2.297333333333301	-1.406533373103578e-06
     2.297666666666634	-1.406533373103578e-06
     2.297999999999967	-1.406533373103578e-06
       2.2983333333333	-1.406533373103578e-06
     2.298666666666634	-1.406533373103578e-06
     2.298999999999967	-1.406533373103578e-06
       2.2993333333333	-1.406533373103578e-06
     2.299666666666634	-1.406533373103578e-06
     2.299999999999967	-1.406533373103578e-06
       2.3003333333333	-1.406533373103578e-06
     2.300666666666634	-1.406533373103578e-06
     2.300999999999967	-1.406533373103578e-06
       2.3013333333333	-1.406533373103578e-06
     2.301666666666633	-1.406533373103578e-06
     2.301999999999967	-1.406533373103578e-06
       2.3023333333333	-1.406533373103578e-06
     2.302666666666633	-1.406533373103578e-06
     2.302999999999967	-1.406533373103578e-06
       2.3033333333333	-1.406533373103578e-06
     2.303666666666633	-1.406533373103578e-06
     2.303999999999967	-1.406533373103578e-06
       2.3043333333333	-1.406533373103578e-06
     2.304666666666633	-1.406533373103578e-06
     2.304999999999966	-1.406533373103578e-06
       2.3053333333333	-1.406533373103578e-06
     2.305666666666633	-1.406533373103578e-06
     2.305999999999966	-1.406533373103578e-06
       2.3063333333333	-1.406533373103578e-06
     2.306666666666633	-1.406533373103578e-06
     2.306999999999966	-1.406533373103578e-06
     2.307333333333299	-1.406533373103578e-06
     2.307666666666633	-1.406533373103578e-06
     2.307999999999966	-1.406533373103578e-06
     2.308333333333299	-1.406533373103578e-06
     2.308666666666633	-1.406533373103578e-06
     2.308999999999966	-1.406533373103578e-06
     2.309333333333299	-1.406533373103578e-06
     2.309666666666633	-1.406533373103578e-06
     2.309999999999966	-1.406533373103578e-06
     2.310333333333299	-1.406533373103578e-06
     2.310666666666632	-1.406533373103578e-06
     2.310999999999966	-1.406533373103578e-06
     2.311333333333299	-1.406533373103578e-06
     2.311666666666632	-1.406533373103578e-06
     2.311999999999966	-1.406533373103578e-06
     2.312333333333299	-1.406533373103578e-06
     2.312666666666632	-1.406533373103578e-06
     2.312999999999966	-1.406533373103578e-06
     2.313333333333299	-1.406533373103578e-06
     2.313666666666632	-1.406533373103578e-06
     2.313999999999965	-1.406533373103578e-06
     2.314333333333299	-1.406533373103578e-06
     2.314666666666632	-1.406533373103578e-06
     2.314999999999965	-1.406533373103578e-06
     2.315333333333299	-1.406533373103578e-06
     2.315666666666632	-1.406533373103578e-06
     2.315999999999965	-1.406533373103578e-06
     2.316333333333298	-1.406533373103578e-06
     2.316666666666632	-1.406533373103578e-06
     2.316999999999965	-1.406533373103578e-06
     2.317333333333298	-1.406533373103578e-06
     2.317666666666632	-1.406533373103578e-06
     2.317999999999965	-1.406533373103578e-06
     2.318333333333298	-1.406533373103578e-06
     2.318666666666632	-1.406533373103578e-06
     2.318999999999965	-1.406533373103578e-06
     2.319333333333298	-1.406533373103578e-06
     2.319666666666631	-1.406533373103578e-06

     3.000333333333333	-7.405919092156313e-07
     3.000666666666667	-7.405919092156313e-07
                 3.001	-7.405919092156313e-07
     3.001333333333333	-7.405919092156313e-07
     3.001666666666666	-7.405919092156313e-07
                 3.002	-7.405919092156313e-07
     3.002333333333333	-7.405919092156313e-07
     3.002666666666666	-7.405919092156313e-07
                 3.003	-7.405919092156313e-07
     3.003333333333333	-7.405919092156313e-07
     3.003666666666666	-7.405919092156313e-07
                 3.004	-7.405919092156313e-07
     3.004333333333333	-7.405919092156313e-07
     3.004666666666666	-7.405919092156313e-07
     3.004999999999999	-7.405919092156313e-07
     3.005333333333333	-7.405919092156313e-07
     3.005666666666666	-7.405919092156313e-07
     3.005999999999999	-7.405919092156313e-07
     3.006333333333333	-7.405919092156313e-07
     3.006666666666666	-7.405919092156313e-07
     3.006999999999999	-7.405919092156313e-07
     3.007333333333333	-7.405919092156313e-07
     3.007666666666666	-7.405919092156313e-07
     3.007999999999999	-7.405919092156313e-07
     3.008333333333332	-7.405919092156313e-07
     3.008666666666666	-7.405919092156313e-07
     3.008999999999999	-7.405919092156313e-07
     3.009333333333332	-7.405919092156313e-07
     3.009666666666666	-7.405919092156313e-07
     3.009999999999999	-7.405919092156313e-07
     3.010333333333332	-7.405919092156313e-07
     3.010666666666665	-7.405919092156313e-07
     3.010999999999999	-7.405919092156313e-07
     3.011333333333332	-7.405919092156313e-07
     3.011666666666665	-7.405919092156313e-07
     3.011999999999999	-7.405919092156313e-07
     3.012333333333332	-7.405919092156313e-07
     3.012666666666665	-7.405919092156313e-07
     3.012999999999999	-7.405919092156313e-07
     3.013333333333332	-7.405919092156313e-07
     3.013666666666665	-7.405919092156313e-07
     3.013999999999998	-7.405919092156313e-07
     3.014333333333332	-7.405919092156313e-07
     3.014666666666665	-7.405919092156313e-07
     3.014999999999998	-7.405919092156313e-07
     3.015333333333332	-7.405919092156313e-07
     3.015666666666665	-7.405919092156313e-07
     3.015999999999998	-7.405919092156313e-07
     3.016333333333332	-7.405919092156313e-07
     3.016666666666665	-7.405919092156313e-07
     3.016999999999998	-7.405919092156313e-07
     3.017333333333331	-7.405919092156313e-07
     3.017666666666665	-7.405919092156313e-07
     3.017999999999998	-7.405919092156313e-07
     3.018333333333331	-7.405919092156313e-07
     3.018666666666665	-7.405919092156313e-07
     3.018999999999998	-7.405919092156313e-07
     3.019333333333331	-7.405919092156313e-07
     3.019666666666665	-7.405919092156313e-07
     3.019999999999998	-7.405919092156313e-07
     3.020333333333331	-7.405919092156313e-07
     3.020666666666664	-7.405919092156313e-07
     3.020999999999998	-7.405919092156313e-07
     3.021333333333331	-7.405919092156313e-07
     3.021666666666664	-7.405919092156313e-07
     3.021999999999998	-7.405919092156313e-07
     3.022333333333331	-7.405919092156313e-07
     3.022666666666664	-7.405919092156313e-07
     3.022999999999997	-7.405919092156313e-07
     3.023333333333331	-7.405919092156313e-07
     3.023666666666664	-7.405919092156313e-07
     3.023999999999997	-7.405919092156313e-07
     3.024333333333331	-7.405919092156313e-07
     3.024666666666664	-7.405919092156313e-07
     3.024999999999997	-7.405919092156313e-07
     3.025333333333331	-7.405919092156313e-07
     3.025666666666664	-7.405919092156313e-07
     3.025999999999997	-7.405919092156313e-07
      3.02633333333333	-7.405919092156313e-07
     3.026666666666664	-7.405919092156313e-07
     3.026999999999997	-7.405919092156313e-07
      3.02733333333333	-7.405919092156313e-07
     3.027666666666664	-7.405919092156313e-07
     3.027999999999997	-7.405919092156313e-07
      3.02833333333333	-7.405919092156313e-07
     3.028666666666664	-7.405919092156313e-07
     3.028999999999997	-7.405919092156313e-07
      3.02933333333333	-7.405919092156313e-07
     3.029666666666663	-7.405919092156313e-07
     3.029999999999997	-7.405919092156313e-07
      3.03033333333333	-7.405919092156313e-07
     3.030666666666663	-7.405919092156313e-07
     3.030999999999997	-7.405919092156313e-07
      3.03133333333333	-7.405919092156313e-07
     3.031666666666663	-7.405919092156313e-07
     3.031999999999996	-7.405919092156313e-07
      3.03233333333333	-7.405919092156313e-07
     3.032666666666663	-7.405919092156313e-07
     3.032999999999996	-7.405919092156313e-07
      3.03333333333333	-7.405919092156313e-07
     3.033666666666663	-7.405919092156313e-07
     3.033999999999996	-7.405919092156313e-07
      3.03433333333333	-7.405919092156313e-07
     3.034666666666663	-7.405919092156313e-07
     3.034999999999996	-7.405919092156313e-07
     3.035333333333329	-7.405919092156313e-07
     3.035666666666663	-7.405919092156313e-07
     3.035999999999996	-7.405919092156313e-07
     3.036333333333329	-7.405919092156313e-07
     3.036666666666663	-7.405919092156313e-07
     3.036999999999996	-7.405919092156313e-07
     3.037333333333329	-7.405919092156313e-07
     3.037666666666663	-7.405919092156313e-07
     3.037999999999996	-7.405919092156313e-07
     3.038333333333329	-7.405919092156313e-07
     3.038666666666662	-7.405919092156313e-07
     3.038999999999996	-7.405919092156313e-07
     3.039333333333329	-7.405919092156313e-07
     3.039666666666662	-7.405919092156313e-07
     3.039999999999996	-7.405919092156313e-07
     3.040333333333329	-7.405919092156313e-07
     3.040666666666662	-7.405919092156313e-07
     3.040999999999995	-7.405919092156313e-07
     3.041333333333329	-7.405919092156313e-07
     3.041666666666662	-7.405919092156313e-07
     3.041999999999995	-7.405919092156313e-07
     3.042333333333329	-7.405919092156313e-07
     3.042666666666662	-7.405919092156313e-07
     3.042999999999995	-7.405919092156313e-07
     3.043333333333329	-7.405919092156313e-07
     3.043666666666662	-7.405919092156313e-07
     3.043999999999995	-7.405919092156313e-07
     3.044333333333328	-7.405919092156313e-07
     3.044666666666662	-7.405919092156313e-07
     3.044999999999995	-7.405919092156313e-07
     3.045333333333328	-7.405919092156313e-07
     3.045666666666662	-7.405919092156313e-07
     3.045999999999995	-7.405919092156313e-07
     3.046333333333328	-7.405919092156313e-07
     3.046666666666662	-7.405919092156313e-07
     3.046999999999995	-7.405919092156313e-07
     3.047333333333328	-7.405919092156313e-07
     3.047666666666661	-7.405919092156313e-07
     3.047999999999995	-7.405919092156313e-07
     3.048333333333328	-7.405919092156313e-07
     3.048666666666661	-7.405919092156313e-07
     3.048999999999995	-7.405919092156313e-07
     3.049333333333328	-7.405919092156313e-07
     3.049666666666661	-7.405919092156313e-07
     3.049999999999994	-7.405919092156313e-07
     3.050333333333328	-7.405919092156313e-07
     3.050666666666661	-7.405919092156313e-07
     3.050999999999994	-7.405919092156313e-07
     3.051333333333328	-7.405919092156313e-07
     3.051666666666661	-7.405919092156313e-07
     3.051999999999994	-7.405919092156313e-07
     3.052333333333328	-7.405919092156313e-07
     3.052666666666661	-7.405919092156313e-07
     3.052999999999994	-7.405919092156313e-07
     3.053333333333327	-7.405919092156313e-07
     3.053666666666661	-7.405919092156313e-07
     3.053999999999994	-7.405919092156313e-07
     3.054333333333327	-7.405919092156313e-07
     3.054666666666661	-7.405919092156313e-07
     3.054999999999994	-7.405919092156313e-07
     3.055333333333327	-7.405919092156313e-07
     3.055666666666661	-7.405919092156313e-07
     3.055999999999994	-7.405919092156313e-07
     3.056333333333327	-7.405919092156313e-07
      3.05666666666666	-7.405919092156313e-07
     3.056999999999994	-7.405919092156313e-07
     3.057333333333327	-7.405919092156313e-07
      3.05766666666666	-7.405919092156313e-07
     3.057999999999994	-7.405919092156313e-07
     3.058333333333327	-7.405919092156313e-07
      3.05866666666666	-7.405919092156313e-07
     3.058999999999994	-7.405919092156313e-07
     3.059333333333327	-7.405919092156313e-07
      3.05966666666666	-7.405919092156313e-07
     3.059999999999993	-7.405919092156313e-07
     3.060333333333327	-7.405919092156313e-07
      3.06066666666666	-7.405919092156313e-07
     3.060999999999993	-7.405919092156313e-07
     3.061333333333327	-7.405919092156313e-07
      3.06166666666666	-7.405919092156313e-07
     3.061999999999993	-7.405919092156313e-07
     3.062333333333326	-7.405919092156313e-07
      3.06266666666666	-7.405919092156313e-07
     3.062999999999993	-7.405919092156313e-07
     3.063333333333326	-7.405919092156313e-07
      3.06366666666666	-7.405919092156313e-07
     3.063999999999993	-7.405919092156313e-07
     3.064333333333326	-7.405919092156313e-07
      3.06466666666666	-7.405919092156313e-07
     3.064999999999993	-7.405919092156313e-07
     3.065333333333326	-7.405919092156313e-07
     3.065666666666659	-7.405919092156313e-07
     3.065999999999993	-7.405919092156313e-07
     3.066333333333326	-7.405919092156313e-07
     3.066666666666659	-7.405919092156313e-07
     3.066999999999993	-7.405919092156313e-07
     3.067333333333326	-7.405919092156313e-07
     3.067666666666659	-7.405919092156313e-07
     3.067999999999993	-7.405919092156313e-07
     3.068333333333326	-7.405919092156313e-07
     3.068666666666659	-7.405919092156313e-07
     3.068999999999992	-7.405919092156313e-07
     3.069333333333326	-7.405919092156313e-07
     3.069666666666659	-7.405919092156313e-07
     3.069999999999992	-7.405919092156313e-07
     3.070333333333326	-7.405919092156313e-07
     3.070666666666659	-7.405919092156313e-07
     3.070999999999992	-7.405919092156313e-07
     3.071333333333325	-7.405919092156313e-07
     3.071666666666659	-7.405919092156313e-07
     3.071999999999992	-7.405919092156313e-07
     3.072333333333325	-7.405919092156313e-07
     3.072666666666659	-7.405919092156313e-07
     3.072999999999992	-7.405919092156313e-07
     3.073333333333325	-7.405919092156313e-07
     3.073666666666659	-7.405919092156313e-07
     3.073999999999992	-7.405919092156313e-07
     3.074333333333325	-7.405919092156313e-07
     3.074666666666658	-7.405919092156313e-07
     3.074999999999992	-7.405919092156313e-07
     3.075333333333325	-7.405919092156313e-07
     3.075666666666658	-7.405919092156313e-07
     3.075999999999992	-7.405919092156313e-07
     3.076333333333325	-7.405919092156313e-07
     3.076666666666658	-7.405919092156313e-07
     3.076999999999992	-7.405919092156313e-07
     3.077333333333325	-7.405919092156313e-07
     3.077666666666658	-7.405919092156313e-07
     3.077999999999991	-7.405919092156313e-07
     3.078333333333325	-7.405919092156313e-07
     3.078666666666658	-7.405919092156313e-07
     3.078999999999991	-7.405919092156313e-07
     3.079333333333325	-7.405919092156313e-07
     3.079666666666658	-7.405919092156313e-07
     3.079999999999991	-7.405919092156313e-07
     3.080333333333324	-7.405919092156313e-07
     3.080666666666658	-7.405919092156313e-07
     3.080999999999991	-7.405919092156313e-07
     3.081333333333324	-7.405919092156313e-07
     3.081666666666658	-7.405919092156313e-07
     3.081999999999991	-7.405919092156313e-07
     3.082333333333324	-7.405919092156313e-07
     3.082666666666658	-7.405919092156313e-07
     3.082999999999991	-7.405919092156313e-07
     3.083333333333324	-7.405919092156313e-07
     3.083666666666657	-7.405919092156313e-07
     3.083999999999991	-7.405919092156313e-07
     3.084333333333324	-7.405919092156313e-07
     3.084666666666657	-7.405919092156313e-07
     3.084999999999991	-7.405919092156313e-07
     3.085333333333324	-7.405919092156313e-07
     3.085666666666657	-7.405919092156313e-07
     3.085999999999991	-7.405919092156313e-07
     3.086333333333324	-7.405919092156313e-07
     3.086666666666657	-7.405919092156313e-07
      3.08699999999999	-7.405919092156313e-07
     3.087333333333324	-7.405919092156313e-07
     3.087666666666657	-7.405919092156313e-07
      3.08799999999999	-7.405919092156313e-07
     3.088333333333324	-7.405919092156313e-07
     3.088666666666657	-7.405919092156313e-07
      3.08899999999999	-7.405919092156313e-07
     3.089333333333323	-7.405919092156313e-07
     3.089666666666657	-7.405919092156313e-07
      3.08999999999999	-7.405919092156313e-07
     3.090333333333323	-7.405919092156313e-07
     3.090666666666657	-7.405919092156313e-07
      3.09099999999999	-7.405919092156313e-07
     3.091333333333323	-7.405919092156313e-07
     3.091666666666657	-7.405919092156313e-07
      3.09199999999999	-7.405919092156313e-07
     3.092333333333323	-7.405919092156313e-07
     3.092666666666656	-7.405919092156313e-07
      3.09299999999999	-7.405919092156313e-07
     3.093333333333323	-7.405919092156313e-07
     3.093666666666656	-7.405919092156313e-07
      3.09399999999999	-7.405919092156313e-07
     3.094333333333323	-7.405919092156313e-07
     3.094666666666656	-7.405919092156313e-07
      3.09499999999999	-7.405919092156313e-07
     3.095333333333323	-7.405919092156313e-07
     3.095666666666656	-7.405919092156313e-07
     3.095999999999989	-7.405919092156313e-07
     3.096333333333323	-7.405919092156313e-07
     3.096666666666656	-7.405919092156313e-07
     3.096999999999989	-7.405919092156313e-07
     3.097333333333323	-7.405919092156313e-07
     3.097666666666656	-7.405919092156313e-07
     3.097999999999989	-7.405919092156313e-07
     3.098333333333323	-7.405919092156313e-07
     3.098666666666656	-7.405919092156313e-07
     3.098999999999989	-7.405919092156313e-07
     3.099333333333322	-7.405919092156313e-07
     3.099666666666656	-7.405919092156313e-07
     3.099999999999989	-7.405919092156313e-07
     3.100333333333322	-7.405919092156313e-07
     3.100666666666656	-7.405919092156313e-07
     3.100999999999989	-7.405919092156313e-07
     3.101333333333322	-7.405919092156313e-07
     3.101666666666655	-7.405919092156313e-07
     3.101999999999989	-7.405919092156313e-07
     3.102333333333322	-7.405919092156313e-07
     3.102666666666655	-7.405919092156313e-07
     3.102999999999989	-7.405919092156313e-07
     3.103333333333322	-7.405919092156313e-07
     3.103666666666655	-7.405919092156313e-07
     3.103999999999989	-7.405919092156313e-07
     3.104333333333322	-7.405919092156313e-07
     3.104666666666655	-7.405919092156313e-07
     3.104999999999988	-7.405919092156313e-07
     3.105333333333322	-7.405919092156313e-07
     3.105666666666655	-7.405919092156313e-07
     3.105999999999988	-7.405919092156313e-07
     3.106333333333322	-7.405919092156313e-07
     3.106666666666655	-7.405919092156313e-07
     3.106999999999988	-7.405919092156313e-07
     3.107333333333322	-7.405919092156313e-07
     3.107666666666655	-7.405919092156313e-07
     3.107999999999988	-7.405919092156313e-07
     3.108333333333321	-7.405919092156313e-07
     3.108666666666655	-7.405919092156313e-07
     3.108999999999988	-7.405919092156313e-07
     3.109333333333321	-7.405919092156313e-07
     3.109666666666655	-7.405919092156313e-07
     3.109999999999988	-7.405919092156313e-07
     3.110333333333321	-7.405919092156313e-07
     3.110666666666654	-7.405919092156313e-07
     3.110999999999988	-7.405919092156313e-07
     3.111333333333321	-7.405919092156313e-07
     3.111666666666654	-7.405919092156313e-07
     3.111999999999988	-7.405919092156313e-07
     3.112333333333321	-7.405919092156313e-07
     3.112666666666654	-7.405919092156313e-07
     3.112999999999988	-7.405919092156313e-07
     3.113333333333321	-7.405919092156313e-07
     3.113666666666654	-7.405919092156313e-07
     3.113999999999987	-7.405919092156313e-07
     3.114333333333321	-7.405919092156313e-07
     3.114666666666654	-7.405919092156313e-07
     3.114999999999987	-7.405919092156313e-07
     3.115333333333321	-7.405919092156313e-07
     3.115666666666654	-7.405919092156313e-07
     3.115999999999987	-7.405919092156313e-07
     3.116333333333321	-7.405919092156313e-07
     3.116666666666654	-7.405919092156313e-07
     3.116999999999987	-7.405919092156313e-07
      3.11733333333332	-7.405919092156313e-07
     3.117666666666654	-7.405919092156313e-07
     3.117999999999987	-7.405919092156313e-07
      3.11833333333332	-7.405919092156313e-07
     3.118666666666654	-7.405919092156313e-07
     3.118999999999987	-7.405919092156313e-07
      3.11933333333332	-7.405919092156313e-07
     3.119666666666653	-7.405919092156313e-07
     3.119999999999987	-7.405919092156313e-07
      3.12033333333332	-7.405919092156313e-07
     3.120666666666653	-7.405919092156313e-07
     3.120999999999987	-7.405919092156313e-07
      3.12133333333332	-7.405919092156313e-07
     3.121666666666653	-7.405919092156313e-07
     3.121999999999987	-7.405919092156313e-07
      3.12233333333332	-7.405919092156313e-07
     3.122666666666653	-7.405919092156313e-07
     3.122999999999986	-7.405919092156313e-07
      3.12333333333332	-7.405919092156313e-07
     3.123666666666653	-7.405919092156313e-07
     3.123999999999986	-7.405919092156313e-07
      3.12433333333332	-7.405919092156313e-07
     3.124666666666653	-7.405919092156313e-07
     3.124999999999986	-7.405919092156313e-07
      3.12533333333332	-7.405919092156313e-07
     3.125666666666653	-7.405919092156313e-07
     3.125999999999986	-7.405919092156313e-07
     3.126333333333319	-7.405919092156313e-07
     3.126666666666653	-7.405919092156313e-07
     3.126999999999986	-7.405919092156313e-07
     3.127333333333319	-7.405919092156313e-07
     3.127666666666653	-7.405919092156313e-07
     3.127999999999986	-7.405919092156313e-07
     3.128333333333319	-7.405919092156313e-07
     3.128666666666652	-7.405919092156313e-07
     3.128999999999986	-7.405919092156313e-07
     3.129333333333319	-7.405919092156313e-07
     3.129666666666652	-7.405919092156313e-07
     3.129999999999986	-7.405919092156313e-07
     3.130333333333319	-7.405919092156313e-07
     3.130666666666652	-7.405919092156313e-07
     3.130999999999986	-7.405919092156313e-07
     3.131333333333319	-7.405919092156313e-07
     3.131666666666652	-7.405919092156313e-07
     3.131999999999985	-7.405919092156313e-07
     3.132333333333319	-7.405919092156313e-07
     3.132666666666652	-7.405919092156313e-07
     3.132999999999985	-7.405919092156313e-07
     3.133333333333319	-7.405919092156313e-07
     3.133666666666652	-7.405919092156313e-07
     3.133999999999985	-7.405919092156313e-07
     3.134333333333319	-7.405919092156313e-07
     3.134666666666652	-7.405919092156313e-07
     3.134999999999985	-7.405919092156313e-07
     3.135333333333318	-7.405919092156313e-07
     3.135666666666652	-7.405919092156313e-07
     3.135999999999985	-7.405919092156313e-07
     3.136333333333318	-7.405919092156313e-07
     3.136666666666652	-7.405919092156313e-07
     3.136999999999985	-7.405919092156313e-07
     3.137333333333318	-7.405919092156313e-07
     3.137666666666652	-7.405919092156313e-07
     3.137999999999985	-7.405919092156313e-07
     3.138333333333318	-7.405919092156313e-07
     3.138666666666651	-7.405919092156313e-07
     3.138999999999985	-7.405919092156313e-07
     3.139333333333318	-7.405919092156313e-07
     3.139666666666651	-7.405919092156313e-07
     3.139999999999985	-7.405919092156313e-07
     3.140333333333318	-7.405919092156313e-07
     3.140666666666651	-7.405919092156313e-07
     3.140999999999984	-7.405919092156313e-07
     3.141333333333318	-7.405919092156313e-07
     3.141666666666651	-7.405919092156313e-07
     3.141999999999984	-7.405919092156313e-07
     3.142333333333318	-7.405919092156313e-07
     3.142666666666651	-7.405919092156313e-07
     3.142999999999984	-7.405919092156313e-07
     3.143333333333318	-7.405919092156313e-07
     3.143666666666651	-7.405919092156313e-07
     3.143999999999984	-7.405919092156313e-07
     3.144333333333317	-7.405919092156313e-07
     3.144666666666651	-7.405919092156313e-07
     3.144999999999984	-7.405919092156313e-07
     3.145333333333317	-7.405919092156313e-07
     3.145666666666651	-7.405919092156313e-07
     3.145999999999984	-7.405919092156313e-07
     3.146333333333317	-7.405919092156313e-07
     3.146666666666651	-7.405919092156313e-07
     3.146999999999984	-7.405919092156313e-07
     3.147333333333317	-7.405919092156313e-07
      3.14766666666665	-7.405919092156313e-07
     3.147999999999984	-7.405919092156313e-07
     3.148333333333317	-7.405919092156313e-07
      3.14866666666665	-7.405919092156313e-07
     3.148999999999984	-7.405919092156313e-07
     3.149333333333317	-7.405919092156313e-07
      3.14966666666665	-7.405919092156313e-07
     3.149999999999983	-7.405919092156313e-07
     3.150333333333317	-7.405919092156313e-07
      3.15066666666665	-7.405919092156313e-07
     3.150999999999983	-7.405919092156313e-07
     3.151333333333317	-7.405919092156313e-07
      3.15166666666665	-7.405919092156313e-07
     3.151999999999983	-7.405919092156313e-07
     3.152333333333317	-7.405919092156313e-07
      3.15266666666665	-7.405919092156313e-07
     3.152999999999983	-7.405919092156313e-07
     3.153333333333316	-7.405919092156313e-07
      3.15366666666665	-7.405919092156313e-07
     3.153999999999983	-7.405919092156313e-07
     3.154333333333316	-7.405919092156313e-07
      3.15466666666665	-7.405919092156313e-07
     3.154999999999983	-7.405919092156313e-07
     3.155333333333316	-7.405919092156313e-07
      3.15566666666665	-7.405919092156313e-07
     3.155999999999983	-7.405919092156313e-07
     3.156333333333316	-7.405919092156313e-07
     3.156666666666649	-7.405919092156313e-07
     3.156999999999983	-7.405919092156313e-07
     3.157333333333316	-7.405919092156313e-07
     3.157666666666649	-7.405919092156313e-07
     3.157999999999983	-7.405919092156313e-07
     3.158333333333316	-7.405919092156313e-07
     3.158666666666649	-7.405919092156313e-07
     3.158999999999982	-7.405919092156313e-07
     3.159333333333316	-7.405919092156313e-07
     3.159666666666649	-7.405919092156313e-07
     3.159999999999982	-7.405919092156313e-07
     3.160333333333316	-7.405919092156313e-07
     3.160666666666649	-7.405919092156313e-07
     3.160999999999982	-7.405919092156313e-07
     3.161333333333316	-7.405919092156313e-07
     3.161666666666649	-7.405919092156313e-07
     3.161999999999982	-7.405919092156313e-07
     3.162333333333315	-7.405919092156313e-07
     3.162666666666649	-7.405919092156313e-07
     3.162999999999982	-7.405919092156313e-07
     3.163333333333315	-7.405919092156313e-07
     3.163666666666649	-7.405919092156313e-07
     3.163999999999982	-7.405919092156313e-07
     3.164333333333315	-7.405919092156313e-07
     3.164666666666649	-7.405919092156313e-07
     3.164999999999982	-7.405919092156313e-07
     3.165333333333315	-7.405919092156313e-07
     3.165666666666648	-7.405919092156313e-07
     3.165999999999982	-7.405919092156313e-07
     3.166333333333315	-7.405919092156313e-07
     3.166666666666648	-7.405919092156313e-07
     3.166999999999982	-7.405919092156313e-07
     3.167333333333315	-7.405919092156313e-07
     3.167666666666648	-7.405919092156313e-07
     3.167999999999981	-7.405919092156313e-07
     3.168333333333315	-7.405919092156313e-07
     3.168666666666648	-7.405919092156313e-07
     3.168999999999981	-7.405919092156313e-07
     3.169333333333315	-7.405919092156313e-07
     3.169666666666648	-7.405919092156313e-07
     3.169999999999981	-7.405919092156313e-07
     3.170333333333315	-7.405919092156313e-07
     3.170666666666648	-7.405919092156313e-07
     3.170999999999981	-7.405919092156313e-07
     3.171333333333314	-7.405919092156313e-07
     3.171666666666648	-7.405919092156313e-07
     3.171999999999981	-7.405919092156313e-07
     3.172333333333314	-7.405919092156313e-07
     3.172666666666648	-7.405919092156313e-07
     3.172999999999981	-7.405919092156313e-07
     3.173333333333314	-7.405919092156313e-07
     3.173666666666648	-7.405919092156313e-07
     3.173999999999981	-7.405919092156313e-07
     3.174333333333314	-7.405919092156313e-07
     3.174666666666647	-7.405919092156313e-07
     3.174999999999981	-7.405919092156313e-07
     3.175333333333314	-7.405919092156313e-07
     3.175666666666647	-7.405919092156313e-07
     3.175999999999981	-7.405919092156313e-07
     3.176333333333314	-7.405919092156313e-07
     3.176666666666647	-7.405919092156313e-07
     3.176999999999981	-7.405919092156313e-07
     3.177333333333314	-7.405919092156313e-07
     3.177666666666647	-7.405919092156313e-07
      3.17799999999998	-7.405919092156313e-07
     3.178333333333314	-7.405919092156313e-07
     3.178666666666647	-7.405919092156313e-07
      3.17899999999998	-7.405919092156313e-07
     3.179333333333314	-7.405919092156313e-07
     3.179666666666647	-7.405919092156313e-07
      3.17999999999998	-7.405919092156313e-07
     3.180333333333313	-7.405919092156313e-07
     3.180666666666647	-7.405919092156313e-07
      3.18099999999998	-7.405919092156313e-07
     3.181333333333313	-7.405919092156313e-07
     3.181666666666647	-7.405919092156313e-07
      3.18199999999998	-7.405919092156313e-07
     3.182333333333313	-7.405919092156313e-07
     3.182666666666647	-7.405919092156313e-07
      3.18299999999998	-7.405919092156313e-07
     3.183333333333313	-7.405919092156313e-07
     3.183666666666646	-7.405919092156313e-07
      3.18399999999998	-7.405919092156313e-07
     3.184333333333313	-7.405919092156313e-07
     3.184666666666646	-7.405919092156313e-07
      3.18499999999998	-7.405919092156313e-07
     3.185333333333313	-7.405919092156313e-07
     3.185666666666646	-7.405919092156313e-07
      3.18599999999998	-7.405919092156313e-07
     3.186333333333313	-7.405919092156313e-07
     3.186666666666646	-7.405919092156313e-07
     3.186999999999979	-7.405919092156313e-07
     3.187333333333313	-7.405919092156313e-07
     3.187666666666646	-7.405919092156313e-07
     3.187999999999979	-7.405919092156313e-07
     3.188333333333313	-7.405919092156313e-07
     3.188666666666646	-7.405919092156313e-07
     3.188999999999979	-7.405919092156313e-07
     3.189333333333312	-7.405919092156313e-07
     3.189666666666646	-7.405919092156313e-07
     3.189999999999979	-7.405919092156313e-07
     3.190333333333312	-7.405919092156313e-07
     3.190666666666646	-7.405919092156313e-07
     3.190999999999979	-7.405919092156313e-07
     3.191333333333312	-7.405919092156313e-07
     3.191666666666646	-7.405919092156313e-07
     3.191999999999979	-7.405919092156313e-07
     3.192333333333312	-7.405919092156313e-07
     3.192666666666645	-7.405919092156313e-07
     3.192999999999979	-7.405919092156313e-07
     3.193333333333312	-7.405919092156313e-07
     3.193666666666645	-7.405919092156313e-07
     3.193999999999979	-7.405919092156313e-07
     3.194333333333312	-7.405919092156313e-07
     3.194666666666645	-7.405919092156313e-07
     3.194999999999979	-7.405919092156313e-07
     3.195333333333312	-7.405919092156313e-07
     3.195666666666645	-7.405919092156313e-07
     3.195999999999978	-7.405919092156313e-07
     3.196333333333312	-7.405919092156313e-07
     3.196666666666645	-7.405919092156313e-07
     3.196999999999978	-7.405919092156313e-07
     3.197333333333312	-7.405919092156313e-07
     3.197666666666645	-7.405919092156313e-07
     3.197999999999978	-7.405919092156313e-07
     3.198333333333311	-7.405919092156313e-07
     3.198666666666645	-7.405919092156313e-07
     3.198999999999978	-7.405919092156313e-07
     3.199333333333311	-7.405919092156313e-07
     3.199666666666645	-7.405919092156313e-07
     3.199999999999978	-7.405919092156313e-07
     3.200333333333311	-7.405919092156313e-07
     3.200666666666645	-7.405919092156313e-07
     3.200999999999978	-7.405919092156313e-07
     3.201333333333311	-7.405919092156313e-07
     3.201666666666644	-7.405919092156313e-07
     3.201999999999978	-7.405919092156313e-07
     3.202333333333311	-7.405919092156313e-07
     3.202666666666644	-7.405919092156313e-07
     3.202999999999978	-7.405919092156313e-07
     3.203333333333311	-7.405919092156313e-07
     3.203666666666644	-7.405919092156313e-07
     3.203999999999978	-7.405919092156313e-07
     3.204333333333311	-7.405919092156313e-07
     3.204666666666644	-7.405919092156313e-07
     3.204999999999977	-7.405919092156313e-07
     3.205333333333311	-7.405919092156313e-07
     3.205666666666644	-7.405919092156313e-07
     3.205999999999977	-7.405919092156313e-07
     3.206333333333311	-7.405919092156313e-07
     3.206666666666644	-7.405919092156313e-07
     3.206999999999977	-7.405919092156313e-07
      3.20733333333331	-7.405919092156313e-07
     3.207666666666644	-7.405919092156313e-07
     3.207999999999977	-7.405919092156313e-07
      3.20833333333331	-7.405919092156313e-07
     3.208666666666644	-7.405919092156313e-07
     3.208999999999977	-7.405919092156313e-07
      3.20933333333331	-7.405919092156313e-07
     3.209666666666644	-7.405919092156313e-07
     3.209999999999977	-7.405919092156313e-07
      3.21033333333331	-7.405919092156313e-07
     3.210666666666643	-7.405919092156313e-07
     3.210999999999977	-7.405919092156313e-07
      3.21133333333331	-7.405919092156313e-07
     3.211666666666643	-7.405919092156313e-07
     3.211999999999977	-7.405919092156313e-07
      3.21233333333331	-7.405919092156313e-07
     3.212666666666643	-7.405919092156313e-07
     3.212999999999977	-7.405919092156313e-07
      3.21333333333331	-7.405919092156313e-07
     3.213666666666643	-7.405919092156313e-07
     3.213999999999976	-7.405919092156313e-07
      3.21433333333331	-7.405919092156313e-07
     3.214666666666643	-7.405919092156313e-07
     3.214999999999976	-7.405919092156313e-07
      3.21533333333331	-7.405919092156313e-07
     3.215666666666643	-7.405919092156313e-07
     3.215999999999976	-7.405919092156313e-07
      3.21633333333331	-7.405919092156313e-07
     3.216666666666643	-7.405919092156313e-07
     3.216999999999976	-7.405919092156313e-07
     3.217333333333309	-7.405919092156313e-07
     3.217666666666643	-7.405919092156313e-07
     3.217999999999976	-7.405919092156313e-07
     3.218333333333309	-7.405919092156313e-07
     3.218666666666643	-7.405919092156313e-07
     3.218999999999976	-7.405919092156313e-07
     3.219333333333309	-7.405919092156313e-07
     3.219666666666642	-7.405919092156313e-07
     3.219999999999976	-7.405919092156313e-07
     3.220333333333309	-7.405919092156313e-07
     3.220666666666642	-7.405919092156313e-07
     3.220999999999976	-7.405919092156313e-07
     3.221333333333309	-7.405919092156313e-07
     3.221666666666642	-7.405919092156313e-07
     3.221999999999976	-7.405919092156313e-07
     3.222333333333309	-7.405919092156313e-07
     3.222666666666642	-7.405919092156313e-07
     3.222999999999975	-7.405919092156313e-07
     3.223333333333309	-7.405919092156313e-07
     3.223666666666642	-7.405919092156313e-07
     3.223999999999975	-7.405919092156313e-07
     3.224333333333309	-7.405919092156313e-07
     3.224666666666642	-7.405919092156313e-07
     3.224999999999975	-7.405919092156313e-07
     3.225333333333309	-7.405919092156313e-07
     3.225666666666642	-7.405919092156313e-07
     3.225999999999975	-7.405919092156313e-07
     3.226333333333308	-7.405919092156313e-07
     3.226666666666642	-7.405919092156313e-07
     3.226999999999975	-7.405919092156313e-07
     3.227333333333308	-7.405919092156313e-07
     3.227666666666642	-7.405919092156313e-07
     3.227999999999975	-7.405919092156313e-07
     3.228333333333308	-7.405919092156313e-07
     3.228666666666641	-7.405919092156313e-07
     3.228999999999975	-7.405919092156313e-07
     3.229333333333308	-7.405919092156313e-07
     3.229666666666641	-7.405919092156313e-07
     3.229999999999975	-7.405919092156313e-07
     3.230333333333308	-7.405919092156313e-07
     3.230666666666641	-7.405919092156313e-07
     3.230999999999975	-7.405919092156313e-07
     3.231333333333308	-7.405919092156313e-07
     3.231666666666641	-7.405919092156313e-07
     3.231999999999974	-7.405919092156313e-07
     3.232333333333308	-7.405919092156313e-07
     3.232666666666641	-7.405919092156313e-07
     3.232999999999974	-7.405919092156313e-07
     3.233333333333308	-7.405919092156313e-07
     3.233666666666641	-7.405919092156313e-07
     3.233999999999974	-7.405919092156313e-07
     3.234333333333308	-7.405919092156313e-07
     3.234666666666641	-7.405919092156313e-07
     3.234999999999974	-7.405919092156313e-07
     3.235333333333307	-7.405919092156313e-07
     3.235666666666641	-7.405919092156313e-07
     3.235999999999974	-7.405919092156313e-07
     3.236333333333307	-7.405919092156313e-07
     3.236666666666641	-7.405919092156313e-07
     3.236999999999974	-7.405919092156313e-07
     3.237333333333307	-7.405919092156313e-07
      3.23766666666664	-7.405919092156313e-07
     3.237999999999974	-7.405919092156313e-07
     3.238333333333307	-7.405919092156313e-07
      3.23866666666664	-7.405919092156313e-07
     3.238999999999974	-7.405919092156313e-07
     3.239333333333307	-7.405919092156313e-07
      3.23966666666664	-7.405919092156313e-07
     3.239999999999974	-7.405919092156313e-07
     3.240333333333307	-7.405919092156313e-07
      3.24066666666664	-7.405919092156313e-07
     3.240999999999973	-7.405919092156313e-07
     3.241333333333307	-7.405919092156313e-07
      3.24166666666664	-7.405919092156313e-07
     3.241999999999973	-7.405919092156313e-07
     3.242333333333307	-7.405919092156313e-07
      3.24266666666664	-7.405919092156313e-07
     3.242999999999973	-7.405919092156313e-07
     3.243333333333307	-7.405919092156313e-07
      3.24366666666664	-7.405919092156313e-07
     3.243999999999973	-7.405919092156313e-07
     3.244333333333306	-7.405919092156313e-07
      3.24466666666664	-7.405919092156313e-07
     3.244999999999973	-7.405919092156313e-07
     3.245333333333306	-7.405919092156313e-07
      3.24566666666664	-7.405919092156313e-07
     3.245999999999973	-7.405919092156313e-07
     3.246333333333306	-7.405919092156313e-07
      3.24666666666664	-7.405919092156313e-07
     3.246999999999973	-7.405919092156313e-07
     3.247333333333306	-7.405919092156313e-07
     3.247666666666639	-7.405919092156313e-07
     3.247999999999973	-7.405919092156313e-07
     3.248333333333306	-7.405919092156313e-07
     3.248666666666639	-7.405919092156313e-07
     3.248999999999973	-7.405919092156313e-07
     3.249333333333306	-7.405919092156313e-07
     3.249666666666639	-7.405919092156313e-07
     3.249999999999972	-7.405919092156313e-07
     3.250333333333306	-7.405919092156313e-07
     3.250666666666639	-7.405919092156313e-07
     3.250999999999972	-7.405919092156313e-07
     3.251333333333306	-7.405919092156313e-07
     3.251666666666639	-7.405919092156313e-07
     3.251999999999972	-7.405919092156313e-07
     3.252333333333306	-7.405919092156313e-07
     3.252666666666639	-7.405919092156313e-07
     3.252999999999972	-7.405919092156313e-07
     3.253333333333305	-7.405919092156313e-07
     3.253666666666639	-7.405919092156313e-07
     3.253999999999972	-7.405919092156313e-07
     3.254333333333305	-7.405919092156313e-07
     3.254666666666639	-7.405919092156313e-07
     3.254999999999972	-7.405919092156313e-07
     3.255333333333305	-7.405919092156313e-07
     3.255666666666639	-7.405919092156313e-07
     3.255999999999972	-7.405919092156313e-07
     3.256333333333305	-7.405919092156313e-07
     3.256666666666638	-7.405919092156313e-07
     3.256999999999972	-7.405919092156313e-07
     3.257333333333305	-7.405919092156313e-07
     3.257666666666638	-7.405919092156313e-07
     3.257999999999972	-7.405919092156313e-07
     3.258333333333305	-7.405919092156313e-07
     3.258666666666638	-7.405919092156313e-07
     3.258999999999971	-7.405919092156313e-07
     3.259333333333305	-7.405919092156313e-07
     3.259666666666638	-7.405919092156313e-07
     3.259999999999971	-7.405919092156313e-07
     3.260333333333305	-7.405919092156313e-07
     3.260666666666638	-7.405919092156313e-07
     3.260999999999971	-7.405919092156313e-07
     3.261333333333305	-7.405919092156313e-07
     3.261666666666638	-7.405919092156313e-07
     3.261999999999971	-7.405919092156313e-07
     3.262333333333304	-7.405919092156313e-07
     3.262666666666638	-7.405919092156313e-07
     3.262999999999971	-7.405919092156313e-07
     3.263333333333304	-7.405919092156313e-07
     3.263666666666638	-7.405919092156313e-07
     3.263999999999971	-7.405919092156313e-07
     3.264333333333304	-7.405919092156313e-07
     3.264666666666638	-7.405919092156313e-07
     3.264999999999971	-7.405919092156313e-07
     3.265333333333304	-7.405919092156313e-07
     3.265666666666637	-7.405919092156313e-07
     3.265999999999971	-7.405919092156313e-07
     3.266333333333304	-7.405919092156313e-07
     3.266666666666637	-7.405919092156313e-07
     3.266999999999971	-7.405919092156313e-07
     3.267333333333304	-7.405919092156313e-07
     3.267666666666637	-7.405919092156313e-07
      3.26799999999997	-7.405919092156313e-07
     3.268333333333304	-7.405919092156313e-07
     3.268666666666637	-7.405919092156313e-07
      3.26899999999997	-7.405919092156313e-07
     3.269333333333304	-7.405919092156313e-07
     3.269666666666637	-7.405919092156313e-07
      3.26999999999997	-7.405919092156313e-07
     3.270333333333304	-7.405919092156313e-07
     3.270666666666637	-7.405919092156313e-07
      3.27099999999997	-7.405919092156313e-07
     3.271333333333303	-7.405919092156313e-07
     3.271666666666637	-7.405919092156313e-07
      3.27199999999997	-7.405919092156313e-07
     3.272333333333303	-7.405919092156313e-07
     3.272666666666637	-7.405919092156313e-07
      3.27299999999997	-7.405919092156313e-07
     3.273333333333303	-7.405919092156313e-07
     3.273666666666637	-7.405919092156313e-07
      3.27399999999997	-7.405919092156313e-07
     3.274333333333303	-7.405919092156313e-07
     3.274666666666636	-7.405919092156313e-07
      3.27499999999997	-7.405919092156313e-07
     3.275333333333303	-7.405919092156313e-07
     3.275666666666636	-7.405919092156313e-07
      3.27599999999997	-7.405919092156313e-07
     3.276333333333303	-7.405919092156313e-07
     3.276666666666636	-7.405919092156313e-07
     3.276999999999969	-7.405919092156313e-07
     3.277333333333303	-7.405919092156313e-07
     3.277666666666636	-7.405919092156313e-07
     3.277999999999969	-7.405919092156313e-07
     3.278333333333303	-7.405919092156313e-07
     3.278666666666636	-7.405919092156313e-07
     3.278999999999969	-7.405919092156313e-07
     3.279333333333303	-7.405919092156313e-07
     3.279666666666636	-7.405919092156313e-07
     3.279999999999969	-7.405919092156313e-07
     3.280333333333302	-7.405919092156313e-07
     3.280666666666636	-7.405919092156313e-07
     3.280999999999969	-7.405919092156313e-07
     3.281333333333302	-7.405919092156313e-07
     3.281666666666636	-7.405919092156313e-07
     3.281999999999969	-7.405919092156313e-07
     3.282333333333302	-7.405919092156313e-07
     3.282666666666636	-7.405919092156313e-07
     3.282999999999969	-7.405919092156313e-07
     3.283333333333302	-7.405919092156313e-07
     3.283666666666635	-7.405919092156313e-07
     3.283999999999969	-7.405919092156313e-07
     3.284333333333302	-7.405919092156313e-07
     3.284666666666635	-7.405919092156313e-07
     3.284999999999969	-7.405919092156313e-07
     3.285333333333302	-7.405919092156313e-07
     3.285666666666635	-7.405919092156313e-07
     3.285999999999969	-7.405919092156313e-07
     3.286333333333302	-7.405919092156313e-07
     3.286666666666635	-7.405919092156313e-07
     3.286999999999968	-7.405919092156313e-07
     3.287333333333302	-7.405919092156313e-07
     3.287666666666635	-7.405919092156313e-07
     3.287999999999968	-7.405919092156313e-07
     3.288333333333302	-7.405919092156313e-07
     3.288666666666635	-7.405919092156313e-07
     3.288999999999968	-7.405919092156313e-07
     3.289333333333301	-7.405919092156313e-07
     3.289666666666635	-7.405919092156313e-07
     3.289999999999968	-7.405919092156313e-07
     3.290333333333301	-7.405919092156313e-07
     3.290666666666635	-7.405919092156313e-07
     3.290999999999968	-7.405919092156313e-07
     3.291333333333301	-7.405919092156313e-07
     3.291666666666635	-7.405919092156313e-07
     3.291999999999968	-7.405919092156313e-07
     3.292333333333301	-7.405919092156313e-07
     3.292666666666634	-7.405919092156313e-07
     3.292999999999968	-7.405919092156313e-07
     3.293333333333301	-7.405919092156313e-07
     3.293666666666634	-7.405919092156313e-07
     3.293999999999968	-7.405919092156313e-07
     3.294333333333301	-7.405919092156313e-07
     3.294666666666634	-7.405919092156313e-07
     3.294999999999968	-7.405919092156313e-07
     3.295333333333301	-7.405919092156313e-07
     3.295666666666634	-7.405919092156313e-07
     3.295999999999967	-7.405919092156313e-07
     3.296333333333301	-7.405919092156313e-07
     3.296666666666634	-7.405919092156313e-07
     3.296999999999967	-7.405919092156313e-07
     3.297333333333301	-7.405919092156313e-07
     3.297666666666634	-7.405919092156313e-07
     3.297999999999967	-7.405919092156313e-07
       3.2983333333333	-7.405919092156313e-07
     3.298666666666634	-7.405919092156313e-07
     3.298999999999967	-7.405919092156313e-07
       3.2993333333333	-7.405919092156313e-07
     3.299666666666634	-7.405919092156313e-07
     3.299999999999967	-7.405919092156313e-07
       3.3003333333333	-7.405919092156313e-07
     3.300666666666634	-7.405919092156313e-07
     3.300999999999967	-7.405919092156313e-07
       3.3013333333333	-7.405919092156313e-07
     3.301666666666633	-7.405919092156313e-07
     3.301999999999967	-7.405919092156313e-07
       3.3023333333333	-7.405919092156313e-07
     3.302666666666633	-7.405919092156313e-07
     3.302999999999967	-7.405919092156313e-07
       3.3033333333333	-7.405919092156313e-07
     3.303666666666633	-7.405919092156313e-07
     3.303999999999967	-7.405919092156313e-07
       3.3043333333333	-7.405919092156313e-07
     3.304666666666633	-7.405919092156313e-07
     3.304999999999966	-7.405919092156313e-07
       3.3053333333333	-7.405919092156313e-07

     4.000333333333334	-2.981080027832315e-07
     4.000666666666667	-2.981080027832315e-07
     4.001000000000001	-2.981080027832315e-07
     4.001333333333335	-2.981080027832315e-07
     4.001666666666669	-2.981080027832315e-07
     4.002000000000002	-2.981080027832315e-07
     4.002333333333336	-2.981080027832315e-07
      4.00266666666667	-2.981080027832315e-07
     4.003000000000004	-2.981080027832315e-07
     4.003333333333337	-2.981080027832315e-07
     4.003666666666671	-2.981080027832315e-07
     4.004000000000005	-2.981080027832315e-07
     4.004333333333339	-2.981080027832315e-07
     4.004666666666672	-2.981080027832315e-07
     4.005000000000006	-2.981080027832315e-07
      4.00533333333334	-2.981080027832315e-07
     4.005666666666674	-2.981080027832315e-07
     4.006000000000007	-2.981080027832315e-07
     4.006333333333341	-2.981080027832315e-07
     4.006666666666675	-2.981080027832315e-07
     4.007000000000009	-2.981080027832315e-07
     4.007333333333342	-2.981080027832315e-07
     4.007666666666676	-2.981080027832315e-07
      4.00800000000001	-2.981080027832315e-07
     4.008333333333344	-2.981080027832315e-07
     4.008666666666677	-2.981080027832315e-07
     4.009000000000011	-2.981080027832315e-07
     4.009333333333345	-2.981080027832315e-07
     4.009666666666678	-2.981080027832315e-07
     4.010000000000012	-2.981080027832315e-07
     4.010333333333346	-2.981080027832315e-07
      4.01066666666668	-2.981080027832315e-07
     4.011000000000013	-2.981080027832315e-07
     4.011333333333347	-2.981080027832315e-07
     4.011666666666681	-2.981080027832315e-07
     4.012000000000015	-2.981080027832315e-07
     4.012333333333348	-2.981080027832315e-07
     4.012666666666682	-2.981080027832315e-07
     4.013000000000016	-2.981080027832315e-07
      4.01333333333335	-2.981080027832315e-07
     4.013666666666683	-2.981080027832315e-07
     4.014000000000017	-2.981080027832315e-07
     4.014333333333351	-2.981080027832315e-07
     4.014666666666685	-2.981080027832315e-07
     4.015000000000018	-2.981080027832315e-07
     4.015333333333352	-2.981080027832315e-07
     4.015666666666686	-2.981080027832315e-07
      4.01600000000002	-2.981080027832315e-07
     4.016333333333353	-2.981080027832315e-07
     4.016666666666687	-2.981080027832315e-07
     4.017000000000021	-2.981080027832315e-07
     4.017333333333355	-2.981080027832315e-07
     4.017666666666688	-2.981080027832315e-07
     4.018000000000022	-2.981080027832315e-07
     4.018333333333356	-2.981080027832315e-07
     4.018666666666689	-2.981080027832315e-07
     4.019000000000023	-2.981080027832315e-07
     4.019333333333357	-2.981080027832315e-07
     4.019666666666691	-2.981080027832315e-07
     4.020000000000024	-2.981080027832315e-07
     4.020333333333358	-2.981080027832315e-07
     4.020666666666692	-2.981080027832315e-07
     4.021000000000026	-2.981080027832315e-07
     4.021333333333359	-2.981080027832315e-07
     4.021666666666693	-2.981080027832315e-07
     4.022000000000027	-2.981080027832315e-07
     4.022333333333361	-2.981080027832315e-07
     4.022666666666694	-2.981080027832315e-07
     4.023000000000028	-2.981080027832315e-07
     4.023333333333362	-2.981080027832315e-07
     4.023666666666696	-2.981080027832315e-07
     4.024000000000029	-2.981080027832315e-07
     4.024333333333363	-2.981080027832315e-07
     4.024666666666697	-2.981080027832315e-07
     4.025000000000031	-2.981080027832315e-07
     4.025333333333364	-2.981080027832315e-07
     4.025666666666698	-2.981080027832315e-07
     4.026000000000032	-2.981080027832315e-07
     4.026333333333366	-2.981080027832315e-07
     4.026666666666699	-2.981080027832315e-07
     4.027000000000033	-2.981080027832315e-07
     4.027333333333367	-2.981080027832315e-07
       4.0276666666667	-2.981080027832315e-07
     4.028000000000034	-2.981080027832315e-07
     4.028333333333368	-2.981080027832315e-07
     4.028666666666702	-2.981080027832315e-07
     4.029000000000035	-2.981080027832315e-07
     4.029333333333369	-2.981080027832315e-07
     4.029666666666703	-2.981080027832315e-07
     4.030000000000037	-2.981080027832315e-07
      4.03033333333337	-2.981080027832315e-07
     4.030666666666704	-2.981080027832315e-07
     4.031000000000038	-2.981080027832315e-07
     4.031333333333372	-2.981080027832315e-07
     4.031666666666705	-2.981080027832315e-07
     4.032000000000039	-2.981080027832315e-07
     4.032333333333373	-2.981080027832315e-07
     4.032666666666707	-2.981080027832315e-07
      4.03300000000004	-2.981080027832315e-07
     4.033333333333374	-2.981080027832315e-07
     4.033666666666708	-2.981080027832315e-07
     4.034000000000042	-2.981080027832315e-07
     4.034333333333375	-2.981080027832315e-07
     4.034666666666709	-2.981080027832315e-07
     4.035000000000043	-2.981080027832315e-07
     4.035333333333377	-2.981080027832315e-07
      4.03566666666671	-2.981080027832315e-07
     4.036000000000044	-2.981080027832315e-07
     4.036333333333378	-2.981080027832315e-07
     4.036666666666711	-2.981080027832315e-07
     4.037000000000045	-2.981080027832315e-07
     4.037333333333379	-2.981080027832315e-07
     4.037666666666713	-2.981080027832315e-07
     4.038000000000046	-2.981080027832315e-07
      4.03833333333338	-2.981080027832315e-07
     4.038666666666714	-2.981080027832315e-07
     4.039000000000048	-2.981080027832315e-07
     4.039333333333381	-2.981080027832315e-07
     4.039666666666715	-2.981080027832315e-07
     4.040000000000049	-2.981080027832315e-07
     4.040333333333383	-2.981080027832315e-07
     4.040666666666716	-2.981080027832315e-07
      4.04100000000005	-2.981080027832315e-07
     4.041333333333384	-2.981080027832315e-07
     4.041666666666718	-2.981080027832315e-07
     4.042000000000051	-2.981080027832315e-07
     4.042333333333385	-2.981080027832315e-07
     4.042666666666719	-2.981080027832315e-07
     4.043000000000053	-2.981080027832315e-07
     4.043333333333386	-2.981080027832315e-07
      4.04366666666672	-2.981080027832315e-07
     4.044000000000054	-2.981080027832315e-07
     4.044333333333388	-2.981080027832315e-07
     4.044666666666721	-2.981080027832315e-07
     4.045000000000055	-2.981080027832315e-07
     4.045333333333389	-2.981080027832315e-07
     4.045666666666722	-2.981080027832315e-07
     4.046000000000056	-2.981080027832315e-07
      4.04633333333339	-2.981080027832315e-07
     4.046666666666724	-2.981080027832315e-07
     4.047000000000057	-2.981080027832315e-07
     4.047333333333391	-2.981080027832315e-07
     4.047666666666725	-2.981080027832315e-07
     4.048000000000059	-2.981080027832315e-07
     4.048333333333392	-2.981080027832315e-07
     4.048666666666726	-2.981080027832315e-07
      4.04900000000006	-2.981080027832315e-07
     4.049333333333394	-2.981080027832315e-07
     4.049666666666727	-2.981080027832315e-07
     4.050000000000061	-2.981080027832315e-07
     4.050333333333395	-2.981080027832315e-07
     4.050666666666729	-2.981080027832315e-07
     4.051000000000062	-2.981080027832315e-07
     4.051333333333396	-2.981080027832315e-07
      4.05166666666673	-2.981080027832315e-07
     4.052000000000064	-2.981080027832315e-07
     4.052333333333397	-2.981080027832315e-07
     4.052666666666731	-2.981080027832315e-07
     4.053000000000065	-2.981080027832315e-07
     4.053333333333399	-2.981080027832315e-07
     4.053666666666732	-2.981080027832315e-07
     4.054000000000066	-2.981080027832315e-07
       4.0543333333334	-2.981080027832315e-07
     4.054666666666733	-2.981080027832315e-07
     4.055000000000067	-2.981080027832315e-07
     4.055333333333401	-2.981080027832315e-07
     4.055666666666735	-2.981080027832315e-07
     4.056000000000068	-2.981080027832315e-07
     4.056333333333402	-2.981080027832315e-07
     4.056666666666736	-2.981080027832315e-07
      4.05700000000007	-2.981080027832315e-07
     4.057333333333403	-2.981080027832315e-07
     4.057666666666737	-2.981080027832315e-07
     4.058000000000071	-2.981080027832315e-07
     4.058333333333405	-2.981080027832315e-07
     4.058666666666738	-2.981080027832315e-07
     4.059000000000072	-2.981080027832315e-07
     4.059333333333406	-2.981080027832315e-07
      4.05966666666674	-2.981080027832315e-07
     4.060000000000073	-2.981080027832315e-07
     4.060333333333407	-2.981080027832315e-07
     4.060666666666741	-2.981080027832315e-07
     4.061000000000075	-2.981080027832315e-07
     4.061333333333408	-2.981080027832315e-07
     4.061666666666742	-2.981080027832315e-07
     4.062000000000076	-2.981080027832315e-07
      4.06233333333341	-2.981080027832315e-07
     4.062666666666743	-2.981080027832315e-07
     4.063000000000077	-2.981080027832315e-07
     4.063333333333411	-2.981080027832315e-07
     4.063666666666744	-2.981080027832315e-07
     4.064000000000078	-2.981080027832315e-07
     4.064333333333412	-2.981080027832315e-07
     4.064666666666746	-2.981080027832315e-07
     4.065000000000079	-2.981080027832315e-07
     4.065333333333413	-2.981080027832315e-07
     4.065666666666747	-2.981080027832315e-07
     4.066000000000081	-2.981080027832315e-07
     4.066333333333414	-2.981080027832315e-07
     4.066666666666748	-2.981080027832315e-07
     4.067000000000082	-2.981080027832315e-07
     4.067333333333416	-2.981080027832315e-07
     4.067666666666749	-2.981080027832315e-07
     4.068000000000083	-2.981080027832315e-07
     4.068333333333417	-2.981080027832315e-07
     4.068666666666751	-2.981080027832315e-07
     4.069000000000084	-2.981080027832315e-07
     4.069333333333418	-2.981080027832315e-07
     4.069666666666752	-2.981080027832315e-07
     4.070000000000086	-2.981080027832315e-07
     4.070333333333419	-2.981080027832315e-07
     4.070666666666753	-2.981080027832315e-07
     4.071000000000087	-2.981080027832315e-07
     4.071333333333421	-2.981080027832315e-07
     4.071666666666754	-2.981080027832315e-07
     4.072000000000088	-2.981080027832315e-07
     4.072333333333422	-2.981080027832315e-07
     4.072666666666755	-2.981080027832315e-07
     4.073000000000089	-2.981080027832315e-07
     4.073333333333423	-2.981080027832315e-07
     4.073666666666757	-2.981080027832315e-07
      4.07400000000009	-2.981080027832315e-07
     4.074333333333424	-2.981080027832315e-07
     4.074666666666758	-2.981080027832315e-07
     4.075000000000092	-2.981080027832315e-07
     4.075333333333425	-2.981080027832315e-07
     4.075666666666759	-2.981080027832315e-07
     4.076000000000093	-2.981080027832315e-07
     4.076333333333427	-2.981080027832315e-07
      4.07666666666676	-2.981080027832315e-07
     4.077000000000094	-2.981080027832315e-07
     4.077333333333428	-2.981080027832315e-07
     4.077666666666762	-2.981080027832315e-07
     4.078000000000095	-2.981080027832315e-07
     4.078333333333429	-2.981080027832315e-07
     4.078666666666763	-2.981080027832315e-07
     4.079000000000097	-2.981080027832315e-07
      4.07933333333343	-2.981080027832315e-07
     4.079666666666764	-2.981080027832315e-07
     4.080000000000098	-2.981080027832315e-07
     4.080333333333432	-2.981080027832315e-07
     4.080666666666765	-2.981080027832315e-07
     4.081000000000099	-2.981080027832315e-07
     4.081333333333433	-2.981080027832315e-07
     4.081666666666766	-2.981080027832315e-07
       4.0820000000001	-2.981080027832315e-07
     4.082333333333434	-2.981080027832315e-07
     4.082666666666768	-2.981080027832315e-07
     4.083000000000101	-2.981080027832315e-07
     4.083333333333435	-2.981080027832315e-07
     4.083666666666769	-2.981080027832315e-07
     4.084000000000103	-2.981080027832315e-07
     4.084333333333436	-2.981080027832315e-07
      4.08466666666677	-2.981080027832315e-07
     4.085000000000104	-2.981080027832315e-07
     4.085333333333438	-2.981080027832315e-07
     4.085666666666771	-2.981080027832315e-07
     4.086000000000105	-2.981080027832315e-07
     4.086333333333439	-2.981080027832315e-07
     4.086666666666773	-2.981080027832315e-07
     4.087000000000106	-2.981080027832315e-07
      4.08733333333344	-2.981080027832315e-07
     4.087666666666774	-2.981080027832315e-07
     4.088000000000108	-2.981080027832315e-07
     4.088333333333441	-2.981080027832315e-07
     4.088666666666775	-2.981080027832315e-07
     4.089000000000109	-2.981080027832315e-07
     4.089333333333443	-2.981080027832315e-07
     4.089666666666776	-2.981080027832315e-07
      4.09000000000011	-2.981080027832315e-07
     4.090333333333444	-2.981080027832315e-07
     4.090666666666777	-2.981080027832315e-07
     4.091000000000111	-2.981080027832315e-07
     4.091333333333445	-2.981080027832315e-07
     4.091666666666779	-2.981080027832315e-07
     4.092000000000112	-2.981080027832315e-07
     4.092333333333446	-2.981080027832315e-07
      4.09266666666678	-2.981080027832315e-07
     4.093000000000114	-2.981080027832315e-07
     4.093333333333447	-2.981080027832315e-07
     4.093666666666781	-2.981080027832315e-07
     4.094000000000115	-2.981080027832315e-07
     4.094333333333449	-2.981080027832315e-07
     4.094666666666782	-2.981080027832315e-07
     4.095000000000116	-2.981080027832315e-07
      4.09533333333345	-2.981080027832315e-07
     4.095666666666784	-2.981080027832315e-07
     4.096000000000117	-2.981080027832315e-07
     4.096333333333451	-2.981080027832315e-07
     4.096666666666785	-2.981080027832315e-07
     4.097000000000119	-2.981080027832315e-07
     4.097333333333452	-2.981080027832315e-07
     4.097666666666786	-2.981080027832315e-07
      4.09800000000012	-2.981080027832315e-07
     4.098333333333454	-2.981080027832315e-07
     4.098666666666787	-2.981080027832315e-07
     4.099000000000121	-2.981080027832315e-07
     4.099333333333455	-2.981080027832315e-07
     4.099666666666788	-2.981080027832315e-07
     4.100000000000122	-2.981080027832315e-07
     4.100333333333456	-2.981080027832315e-07
      4.10066666666679	-2.981080027832315e-07
     4.101000000000123	-2.981080027832315e-07
     4.101333333333457	-2.981080027832315e-07
     4.101666666666791	-2.981080027832315e-07
     4.102000000000125	-2.981080027832315e-07
     4.102333333333458	-2.981080027832315e-07
     4.102666666666792	-2.981080027832315e-07
     4.103000000000126	-2.981080027832315e-07
      4.10333333333346	-2.981080027832315e-07
     4.103666666666793	-2.981080027832315e-07
     4.104000000000127	-2.981080027832315e-07
     4.104333333333461	-2.981080027832315e-07
     4.104666666666795	-2.981080027832315e-07
     4.105000000000128	-2.981080027832315e-07
     4.105333333333462	-2.981080027832315e-07
     4.105666666666796	-2.981080027832315e-07
      4.10600000000013	-2.981080027832315e-07
     4.106333333333463	-2.981080027832315e-07
     4.106666666666797	-2.981080027832315e-07
     4.107000000000131	-2.981080027832315e-07
     4.107333333333465	-2.981080027832315e-07
     4.107666666666798	-2.981080027832315e-07
     4.108000000000132	-2.981080027832315e-07
     4.108333333333466	-2.981080027832315e-07
     4.108666666666799	-2.981080027832315e-07
     4.109000000000133	-2.981080027832315e-07
     4.109333333333467	-2.981080027832315e-07
     4.109666666666801	-2.981080027832315e-07
     4.110000000000134	-2.981080027832315e-07
     4.110333333333468	-2.981080027832315e-07
     4.110666666666802	-2.981080027832315e-07
     4.111000000000136	-2.981080027832315e-07
     4.111333333333469	-2.981080027832315e-07
     4.111666666666803	-2.981080027832315e-07
     4.112000000000137	-2.981080027832315e-07
     4.112333333333471	-2.981080027832315e-07
     4.112666666666804	-2.981080027832315e-07
     4.113000000000138	-2.981080027832315e-07
     4.113333333333472	-2.981080027832315e-07
     4.113666666666806	-2.981080027832315e-07
     4.114000000000139	-2.981080027832315e-07
     4.114333333333473	-2.981080027832315e-07
     4.114666666666807	-2.981080027832315e-07
     4.115000000000141	-2.981080027832315e-07
     4.115333333333474	-2.981080027832315e-07
     4.115666666666808	-2.981080027832315e-07
     4.116000000000142	-2.981080027832315e-07
     4.116333333333476	-2.981080027832315e-07
     4.116666666666809	-2.981080027832315e-07
     4.117000000000143	-2.981080027832315e-07
     4.117333333333477	-2.981080027832315e-07
      4.11766666666681	-2.981080027832315e-07
     4.118000000000144	-2.981080027832315e-07
     4.118333333333478	-2.981080027832315e-07
     4.118666666666812	-2.981080027832315e-07
     4.119000000000145	-2.981080027832315e-07
     4.119333333333479	-2.981080027832315e-07
     4.119666666666813	-2.981080027832315e-07
     4.120000000000147	-2.981080027832315e-07
      4.12033333333348	-2.981080027832315e-07
     4.120666666666814	-2.981080027832315e-07
     4.121000000000148	-2.981080027832315e-07
     4.121333333333482	-2.981080027832315e-07
     4.121666666666815	-2.981080027832315e-07
     4.122000000000149	-2.981080027832315e-07
     4.122333333333483	-2.981080027832315e-07
     4.122666666666817	-2.981080027832315e-07
      4.12300000000015	-2.981080027832315e-07
     4.123333333333484	-2.981080027832315e-07
     4.123666666666818	-2.981080027832315e-07
     4.124000000000152	-2.981080027832315e-07
     4.124333333333485	-2.981080027832315e-07
     4.124666666666819	-2.981080027832315e-07
     4.125000000000153	-2.981080027832315e-07
     4.125333333333487	-2.981080027832315e-07
      4.12566666666682	-2.981080027832315e-07
     4.126000000000154	-2.981080027832315e-07
     4.126333333333488	-2.981080027832315e-07
     4.126666666666821	-2.981080027832315e-07
     4.127000000000155	-2.981080027832315e-07
     4.127333333333489	-2.981080027832315e-07
     4.127666666666823	-2.981080027832315e-07
     4.128000000000156	-2.981080027832315e-07
      4.12833333333349	-2.981080027832315e-07
     4.128666666666824	-2.981080027832315e-07
     4.129000000000158	-2.981080027832315e-07
     4.129333333333491	-2.981080027832315e-07
     4.129666666666825	-2.981080027832315e-07
     4.130000000000159	-2.981080027832315e-07
     4.130333333333493	-2.981080027832315e-07
     4.130666666666826	-2.981080027832315e-07
      4.13100000000016	-2.981080027832315e-07
     4.131333333333494	-2.981080027832315e-07
     4.131666666666828	-2.981080027832315e-07
     4.132000000000161	-2.981080027832315e-07
     4.132333333333495	-2.981080027832315e-07
     4.132666666666829	-2.981080027832315e-07
     4.133000000000163	-2.981080027832315e-07
     4.133333333333496	-2.981080027832315e-07
      4.13366666666683	-2.981080027832315e-07
     4.134000000000164	-2.981080027832315e-07
     4.134333333333498	-2.981080027832315e-07
     4.134666666666831	-2.981080027832315e-07
     4.135000000000165	-2.981080027832315e-07
     4.135333333333499	-2.981080027832315e-07
     4.135666666666832	-2.981080027832315e-07
     4.136000000000166	-2.981080027832315e-07
       4.1363333333335	-2.981080027832315e-07
     4.136666666666834	-2.981080027832315e-07
     4.137000000000167	-2.981080027832315e-07
     4.137333333333501	-2.981080027832315e-07
     4.137666666666835	-2.981080027832315e-07
     4.138000000000169	-2.981080027832315e-07
     4.138333333333502	-2.981080027832315e-07
     4.138666666666836	-2.981080027832315e-07
      4.13900000000017	-2.981080027832315e-07
     4.139333333333504	-2.981080027832315e-07
     4.139666666666837	-2.981080027832315e-07
     4.140000000000171	-2.981080027832315e-07
     4.140333333333505	-2.981080027832315e-07
     4.140666666666839	-2.981080027832315e-07
     4.141000000000172	-2.981080027832315e-07
     4.141333333333506	-2.981080027832315e-07
      4.14166666666684	-2.981080027832315e-07
     4.142000000000174	-2.981080027832315e-07
     4.142333333333507	-2.981080027832315e-07
     4.142666666666841	-2.981080027832315e-07
     4.143000000000175	-2.981080027832315e-07
     4.143333333333509	-2.981080027832315e-07
     4.143666666666842	-2.981080027832315e-07
     4.144000000000176	-2.981080027832315e-07
      4.14433333333351	-2.981080027832315e-07
     4.144666666666843	-2.981080027832315e-07
     4.145000000000177	-2.981080027832315e-07
     4.145333333333511	-2.981080027832315e-07
     4.145666666666845	-2.981080027832315e-07
     4.146000000000178	-2.981080027832315e-07
     4.146333333333512	-2.981080027832315e-07
     4.146666666666846	-2.981080027832315e-07
      4.14700000000018	-2.981080027832315e-07
     4.147333333333513	-2.981080027832315e-07
     4.147666666666847	-2.981080027832315e-07
     4.148000000000181	-2.981080027832315e-07
     4.148333333333515	-2.981080027832315e-07
     4.148666666666848	-2.981080027832315e-07
     4.149000000000182	-2.981080027832315e-07
     4.149333333333516	-2.981080027832315e-07
      4.14966666666685	-2.981080027832315e-07
     4.150000000000183	-2.981080027832315e-07
     4.150333333333517	-2.981080027832315e-07
     4.150666666666851	-2.981080027832315e-07
     4.151000000000185	-2.981080027832315e-07
     4.151333333333518	-2.981080027832315e-07
     4.151666666666852	-2.981080027832315e-07
     4.152000000000186	-2.981080027832315e-07
      4.15233333333352	-2.981080027832315e-07
     4.152666666666853	-2.981080027832315e-07
     4.153000000000187	-2.981080027832315e-07
     4.153333333333521	-2.981080027832315e-07
     4.153666666666854	-2.981080027832315e-07
     4.154000000000188	-2.981080027832315e-07
     4.154333333333522	-2.981080027832315e-07
     4.154666666666856	-2.981080027832315e-07
     4.155000000000189	-2.981080027832315e-07
     4.155333333333523	-2.981080027832315e-07
     4.155666666666857	-2.981080027832315e-07
     4.156000000000191	-2.981080027832315e-07
     4.156333333333524	-2.981080027832315e-07
     4.156666666666858	-2.981080027832315e-07
     4.157000000000192	-2.981080027832315e-07
     4.157333333333526	-2.981080027832315e-07
     4.157666666666859	-2.981080027832315e-07
     4.158000000000193	-2.981080027832315e-07
     4.158333333333527	-2.981080027832315e-07
     4.158666666666861	-2.981080027832315e-07
     4.159000000000194	-2.981080027832315e-07
     4.159333333333528	-2.981080027832315e-07
     4.159666666666862	-2.981080027832315e-07
     4.160000000000196	-2.981080027832315e-07
     4.160333333333529	-2.981080027832315e-07
     4.160666666666863	-2.981080027832315e-07
     4.161000000000197	-2.981080027832315e-07
     4.161333333333531	-2.981080027832315e-07
     4.161666666666864	-2.981080027832315e-07
     4.162000000000198	-2.981080027832315e-07
     4.162333333333532	-2.981080027832315e-07
     4.162666666666865	-2.981080027832315e-07
     4.163000000000199	-2.981080027832315e-07
     4.163333333333533	-2.981080027832315e-07
     4.163666666666867	-2.981080027832315e-07
       4.1640000000002	-2.981080027832315e-07
     4.164333333333534	-2.981080027832315e-07
     4.164666666666868	-2.981080027832315e-07
     4.165000000000202	-2.981080027832315e-07
     4.165333333333535	-2.981080027832315e-07
     4.165666666666869	-2.981080027832315e-07
     4.166000000000203	-2.981080027832315e-07
     4.166333333333537	-2.981080027832315e-07
      4.16666666666687	-2.981080027832315e-07
     4.167000000000204	-2.981080027832315e-07
     4.167333333333538	-2.981080027832315e-07
     4.167666666666872	-2.981080027832315e-07
     4.168000000000205	-2.981080027832315e-07
     4.168333333333539	-2.981080027832315e-07
     4.168666666666873	-2.981080027832315e-07
     4.169000000000207	-2.981080027832315e-07
      4.16933333333354	-2.981080027832315e-07
     4.169666666666874	-2.981080027832315e-07
     4.170000000000208	-2.981080027832315e-07
     4.170333333333542	-2.981080027832315e-07
     4.170666666666875	-2.981080027832315e-07
     4.171000000000209	-2.981080027832315e-07
     4.171333333333543	-2.981080027832315e-07
     4.171666666666876	-2.981080027832315e-07
      4.17200000000021	-2.981080027832315e-07
     4.172333333333544	-2.981080027832315e-07
     4.172666666666878	-2.981080027832315e-07
     4.173000000000211	-2.981080027832315e-07
     4.173333333333545	-2.981080027832315e-07
     4.173666666666879	-2.981080027832315e-07
     4.174000000000213	-2.981080027832315e-07
     4.174333333333546	-2.981080027832315e-07
      4.17466666666688	-2.981080027832315e-07
     4.175000000000214	-2.981080027832315e-07
     4.175333333333548	-2.981080027832315e-07
     4.175666666666881	-2.981080027832315e-07
     4.176000000000215	-2.981080027832315e-07
     4.176333333333549	-2.981080027832315e-07
     4.176666666666883	-2.981080027832315e-07
     4.177000000000216	-2.981080027832315e-07
      4.17733333333355	-2.981080027832315e-07
     4.177666666666884	-2.981080027832315e-07
     4.178000000000218	-2.981080027832315e-07
     4.178333333333551	-2.981080027832315e-07
     4.178666666666885	-2.981080027832315e-07
     4.179000000000219	-2.981080027832315e-07
     4.179333333333553	-2.981080027832315e-07
     4.179666666666886	-2.981080027832315e-07
      4.18000000000022	-2.981080027832315e-07
     4.180333333333554	-2.981080027832315e-07
     4.180666666666887	-2.981080027832315e-07
     4.181000000000221	-2.981080027832315e-07
     4.181333333333555	-2.981080027832315e-07
     4.181666666666889	-2.981080027832315e-07
     4.182000000000222	-2.981080027832315e-07
     4.182333333333556	-2.981080027832315e-07
      4.18266666666689	-2.981080027832315e-07
     4.183000000000224	-2.981080027832315e-07
     4.183333333333557	-2.981080027832315e-07
     4.183666666666891	-2.981080027832315e-07
     4.184000000000225	-2.981080027832315e-07
     4.184333333333559	-2.981080027832315e-07
     4.184666666666892	-2.981080027832315e-07
     4.185000000000226	-2.981080027832315e-07
      4.18533333333356	-2.981080027832315e-07
     4.185666666666894	-2.981080027832315e-07
     4.186000000000227	-2.981080027832315e-07
     4.186333333333561	-2.981080027832315e-07
     4.186666666666895	-2.981080027832315e-07
     4.187000000000229	-2.981080027832315e-07
     4.187333333333562	-2.981080027832315e-07
     4.187666666666896	-2.981080027832315e-07
      4.18800000000023	-2.981080027832315e-07
     4.188333333333564	-2.981080027832315e-07
     4.188666666666897	-2.981080027832315e-07
     4.189000000000231	-2.981080027832315e-07
     4.189333333333565	-2.981080027832315e-07
     4.189666666666898	-2.981080027832315e-07
     4.190000000000232	-2.981080027832315e-07
     4.190333333333566	-2.981080027832315e-07
       4.1906666666669	-2.981080027832315e-07
     4.191000000000233	-2.981080027832315e-07
     4.191333333333567	-2.981080027832315e-07
     4.191666666666901	-2.981080027832315e-07
     4.192000000000235	-2.981080027832315e-07
     4.192333333333568	-2.981080027832315e-07
     4.192666666666902	-2.981080027832315e-07
     4.193000000000236	-2.981080027832315e-07
      4.19333333333357	-2.981080027832315e-07
     4.193666666666903	-2.981080027832315e-07
     4.194000000000237	-2.981080027832315e-07
     4.194333333333571	-2.981080027832315e-07
     4.194666666666905	-2.981080027832315e-07
     4.195000000000238	-2.981080027832315e-07
     4.195333333333572	-2.981080027832315e-07
     4.195666666666906	-2.981080027832315e-07
      4.19600000000024	-2.981080027832315e-07
     4.196333333333573	-2.981080027832315e-07
     4.196666666666907	-2.981080027832315e-07
     4.197000000000241	-2.981080027832315e-07
     4.197333333333575	-2.981080027832315e-07
     4.197666666666908	-2.981080027832315e-07
     4.198000000000242	-2.981080027832315e-07
     4.198333333333576	-2.981080027832315e-07
     4.198666666666909	-2.981080027832315e-07
     4.199000000000243	-2.981080027832315e-07
     4.199333333333577	-2.981080027832315e-07
     4.199666666666911	-2.981080027832315e-07
     4.200000000000244	-2.981080027832315e-07
     4.200333333333578	-2.981080027832315e-07
     4.200666666666912	-2.981080027832315e-07
     4.201000000000246	-2.981080027832315e-07
     4.201333333333579	-2.981080027832315e-07
     4.201666666666913	-2.981080027832315e-07
     4.202000000000247	-2.981080027832315e-07
     4.202333333333581	-2.981080027832315e-07
     4.202666666666914	-2.981080027832315e-07
     4.203000000000248	-2.981080027832315e-07
     4.203333333333582	-2.981080027832315e-07
     4.203666666666916	-2.981080027832315e-07
     4.204000000000249	-2.981080027832315e-07
     4.204333333333583	-2.981080027832315e-07
     4.204666666666917	-2.981080027832315e-07
     4.205000000000251	-2.981080027832315e-07
     4.205333333333584	-2.981080027832315e-07
     4.205666666666918	-2.981080027832315e-07
     4.206000000000252	-2.981080027832315e-07
     4.206333333333586	-2.981080027832315e-07
     4.206666666666919	-2.981080027832315e-07
     4.207000000000253	-2.981080027832315e-07
     4.207333333333587	-2.981080027832315e-07
      4.20766666666692	-2.981080027832315e-07
     4.208000000000254	-2.981080027832315e-07
     4.208333333333588	-2.981080027832315e-07
     4.208666666666922	-2.981080027832315e-07
     4.209000000000255	-2.981080027832315e-07
     4.209333333333589	-2.981080027832315e-07
     4.209666666666923	-2.981080027832315e-07
     4.210000000000257	-2.981080027832315e-07
      4.21033333333359	-2.981080027832315e-07
     4.210666666666924	-2.981080027832315e-07
     4.211000000000258	-2.981080027832315e-07
     4.211333333333592	-2.981080027832315e-07
     4.211666666666925	-2.981080027832315e-07
     4.212000000000259	-2.981080027832315e-07
     4.212333333333593	-2.981080027832315e-07
     4.212666666666927	-2.981080027832315e-07
      4.21300000000026	-2.981080027832315e-07
     4.213333333333594	-2.981080027832315e-07
     4.213666666666928	-2.981080027832315e-07
     4.214000000000262	-2.981080027832315e-07
     4.214333333333595	-2.981080027832315e-07
     4.214666666666929	-2.981080027832315e-07
     4.215000000000263	-2.981080027832315e-07
     4.215333333333596	-2.981080027832315e-07
      4.21566666666693	-2.981080027832315e-07
     4.216000000000264	-2.981080027832315e-07
     4.216333333333598	-2.981080027832315e-07
     4.216666666666931	-2.981080027832315e-07
     4.217000000000265	-2.981080027832315e-07
     4.217333333333599	-2.981080027832315e-07
     4.217666666666933	-2.981080027832315e-07
     4.218000000000266	-2.981080027832315e-07
       4.2183333333336	-2.981080027832315e-07
     4.218666666666934	-2.981080027832315e-07
     4.219000000000268	-2.981080027832315e-07
     4.219333333333601	-2.981080027832315e-07
     4.219666666666935	-2.981080027832315e-07
     4.220000000000269	-2.981080027832315e-07
     4.220333333333603	-2.981080027832315e-07
     4.220666666666936	-2.981080027832315e-07
      4.22100000000027	-2.981080027832315e-07
     4.221333333333604	-2.981080027832315e-07
     4.221666666666938	-2.981080027832315e-07
     4.222000000000271	-2.981080027832315e-07
     4.222333333333605	-2.981080027832315e-07
     4.222666666666939	-2.981080027832315e-07
     4.223000000000273	-2.981080027832315e-07
     4.223333333333606	-2.981080027832315e-07
      4.22366666666694	-2.981080027832315e-07
     4.224000000000274	-2.981080027832315e-07
     4.224333333333607	-2.981080027832315e-07
     4.224666666666941	-2.981080027832315e-07
     4.225000000000275	-2.981080027832315e-07
     4.225333333333609	-2.981080027832315e-07
     4.225666666666942	-2.981080027832315e-07
     4.226000000000276	-2.981080027832315e-07
      4.22633333333361	-2.981080027832315e-07
     4.226666666666944	-2.981080027832315e-07
     4.227000000000277	-2.981080027832315e-07
     4.227333333333611	-2.981080027832315e-07
     4.227666666666945	-2.981080027832315e-07
     4.228000000000279	-2.981080027832315e-07
     4.228333333333612	-2.981080027832315e-07
     4.228666666666946	-2.981080027832315e-07
      4.22900000000028	-2.981080027832315e-07
     4.229333333333614	-2.981080027832315e-07
     4.229666666666947	-2.981080027832315e-07
     4.230000000000281	-2.981080027832315e-07
     4.230333333333615	-2.981080027832315e-07
     4.230666666666949	-2.981080027832315e-07
     4.231000000000282	-2.981080027832315e-07
     4.231333333333616	-2.981080027832315e-07
      4.23166666666695	-2.981080027832315e-07
     4.232000000000284	-2.981080027832315e-07
     4.232333333333617	-2.981080027832315e-07
     4.232666666666951	-2.981080027832315e-07
     4.233000000000285	-2.981080027832315e-07
     4.233333333333618	-2.981080027832315e-07
     4.233666666666952	-2.981080027832315e-07
     4.234000000000286	-2.981080027832315e-07
      4.23433333333362	-2.981080027832315e-07
     4.234666666666953	-2.981080027832315e-07
     4.235000000000287	-2.981080027832315e-07
     4.235333333333621	-2.981080027832315e-07
     4.235666666666955	-2.981080027832315e-07
     4.236000000000288	-2.981080027832315e-07
     4.236333333333622	-2.981080027832315e-07
     4.236666666666956	-2.981080027832315e-07
      4.23700000000029	-2.981080027832315e-07
     4.237333333333623	-2.981080027832315e-07
     4.237666666666957	-2.981080027832315e-07
     4.238000000000291	-2.981080027832315e-07
     4.238333333333625	-2.981080027832315e-07
     4.238666666666958	-2.981080027832315e-07
     4.239000000000292	-2.981080027832315e-07
     4.239333333333626	-2.981080027832315e-07
      4.23966666666696	-2.981080027832315e-07
     4.240000000000293	-2.981080027832315e-07
     4.240333333333627	-2.981080027832315e-07
     4.240666666666961	-2.981080027832315e-07
     4.241000000000295	-2.981080027832315e-07
     4.241333333333628	-2.981080027832315e-07
     4.241666666666962	-2.981080027832315e-07
     4.242000000000296	-2.981080027832315e-07
     4.242333333333629	-2.981080027832315e-07
     4.242666666666963	-2.981080027832315e-07
     4.243000000000297	-2.981080027832315e-07
     4.243333333333631	-2.981080027832315e-07
     4.243666666666964	-2.981080027832315e-07
     4.244000000000298	-2.981080027832315e-07
     4.244333333333632	-2.981080027832315e-07
     4.244666666666966	-2.981080027832315e-07
     4.245000000000299	-2.981080027832315e-07
     4.245333333333633	-2.981080027832315e-07
     4.245666666666967	-2.981080027832315e-07
     4.246000000000301	-2.981080027832315e-07
     4.246333333333634	-2.981080027832315e-07
     4.246666666666968	-2.981080027832315e-07
     4.247000000000302	-2.981080027832315e-07
     4.247333333333636	-2.981080027832315e-07
     4.247666666666969	-2.981080027832315e-07
     4.248000000000303	-2.981080027832315e-07
     4.248333333333637	-2.981080027832315e-07
     4.248666666666971	-2.981080027832315e-07
     4.249000000000304	-2.981080027832315e-07
     4.249333333333638	-2.981080027832315e-07
     4.249666666666972	-2.981080027832315e-07
     4.250000000000306	-2.981080027832315e-07
     4.250333333333639	-2.981080027832315e-07
     4.250666666666973	-2.981080027832315e-07
     4.251000000000307	-2.981080027832315e-07
      4.25133333333364	-2.981080027832315e-07
     4.251666666666974	-2.981080027832315e-07
     4.252000000000308	-2.981080027832315e-07
     4.252333333333642	-2.981080027832315e-07
     4.252666666666975	-2.981080027832315e-07
     4.253000000000309	-2.981080027832315e-07
     4.253333333333643	-2.981080027832315e-07
     4.253666666666977	-2.981080027832315e-07
      4.25400000000031	-2.981080027832315e-07
     4.254333333333644	-2.981080027832315e-07
     4.254666666666978	-2.981080027832315e-07
     4.255000000000312	-2.981080027832315e-07
     4.255333333333645	-2.981080027832315e-07
     4.255666666666979	-2.981080027832315e-07
     4.256000000000313	-2.981080027832315e-07
     4.256333333333647	-2.981080027832315e-07
      4.25666666666698	-2.981080027832315e-07
     4.257000000000314	-2.981080027832315e-07
     4.257333333333648	-2.981080027832315e-07
     4.257666666666982	-2.981080027832315e-07
     4.258000000000315	-2.981080027832315e-07
     4.258333333333649	-2.981080027832315e-07
     4.258666666666983	-2.981080027832315e-07
     4.259000000000317	-2.981080027832315e-07
      4.25933333333365	-2.981080027832315e-07
     4.259666666666984	-2.981080027832315e-07
     4.260000000000318	-2.981080027832315e-07
     4.260333333333651	-2.981080027832315e-07
     4.260666666666985	-2.981080027832315e-07
     4.261000000000319	-2.981080027832315e-07
     4.261333333333653	-2.981080027832315e-07
     4.261666666666986	-2.981080027832315e-07
      4.26200000000032	-2.981080027832315e-07
     4.262333333333654	-2.981080027832315e-07
     4.262666666666988	-2.981080027832315e-07
     4.263000000000321	-2.981080027832315e-07
     4.263333333333655	-2.981080027832315e-07
     4.263666666666989	-2.981080027832315e-07
     4.264000000000323	-2.981080027832315e-07
     4.264333333333656	-2.981080027832315e-07
      4.26466666666699	-2.981080027832315e-07
     4.265000000000324	-2.981080027832315e-07
     4.265333333333658	-2.981080027832315e-07
     4.265666666666991	-2.981080027832315e-07
     4.266000000000325	-2.981080027832315e-07
     4.266333333333659	-2.981080027832315e-07
     4.266666666666993	-2.981080027832315e-07
     4.267000000000326	-2.981080027832315e-07
      4.26733333333366	-2.981080027832315e-07
     4.267666666666994	-2.981080027832315e-07
     4.268000000000328	-2.981080027832315e-07
     4.268333333333661	-2.981080027832315e-07
     4.268666666666995	-2.981080027832315e-07
     4.269000000000329	-2.981080027832315e-07
     4.269333333333662	-2.981080027832315e-07
     4.269666666666996	-2.981080027832315e-07
      4.27000000000033	-2.981080027832315e-07
     4.270333333333664	-2.981080027832315e-07
     4.270666666666997	-2.981080027832315e-07
     4.271000000000331	-2.981080027832315e-07
     4.271333333333665	-2.981080027832315e-07
     4.271666666666999	-2.981080027832315e-07
     4.272000000000332	-2.981080027832315e-07
     4.272333333333666	-2.981080027832315e-07
        4.272666666667	-2.981080027832315e-07
     4.273000000000334	-2.981080027832315e-07
     4.273333333333667	-2.981080027832315e-07
     4.273666666667001	-2.981080027832315e-07
     4.274000000000335	-2.981080027832315e-07
     4.274333333333669	-2.981080027832315e-07
     4.274666666667002	-2.981080027832315e-07
     4.275000000000336	-2.981080027832315e-07
      4.27533333333367	-2.981080027832315e-07
     4.275666666667004	-2.981080027832315e-07
     4.276000000000337	-2.981080027832315e-07
     4.276333333333671	-2.981080027832315e-07
     4.276666666667005	-2.981080027832315e-07
     4.277000000000339	-2.981080027832315e-07
     4.277333333333672	-2.981080027832315e-07
     4.277666666667006	-2.981080027832315e-07
      4.27800000000034	-2.981080027832315e-07
     4.278333333333673	-2.981080027832315e-07
     4.278666666667007	-2.981080027832315e-07
     4.279000000000341	-2.981080027832315e-07
     4.279333333333675	-2.981080027832315e-07
     4.279666666667008	-2.981080027832315e-07
     4.280000000000342	-2.981080027832315e-07
     4.280333333333676	-2.981080027832315e-07
      4.28066666666701	-2.981080027832315e-07
     4.281000000000343	-2.981080027832315e-07
     4.281333333333677	-2.981080027832315e-07
     4.281666666667011	-2.981080027832315e-07
     4.282000000000345	-2.981080027832315e-07
     4.282333333333678	-2.981080027832315e-07
     4.282666666667012	-2.981080027832315e-07
     4.283000000000346	-2.981080027832315e-07
      4.28333333333368	-2.981080027832315e-07
     4.283666666667013	-2.981080027832315e-07
     4.284000000000347	-2.981080027832315e-07
     4.284333333333681	-2.981080027832315e-07
     4.284666666667015	-2.981080027832315e-07
     4.285000000000348	-2.981080027832315e-07
     4.285333333333682	-2.981080027832315e-07
     4.285666666667016	-2.981080027832315e-07
      4.28600000000035	-2.981080027832315e-07
     4.286333333333683	-2.981080027832315e-07
     4.286666666667017	-2.981080027832315e-07
     4.287000000000351	-2.981080027832315e-07
     4.287333333333684	-2.981080027832315e-07
     4.287666666667018	-2.981080027832315e-07
     4.288000000000352	-2.981080027832315e-07
     4.288333333333686	-2.981080027832315e-07
     4.288666666667019	-2.981080027832315e-07
     4.289000000000353	-2.981080027832315e-07
     4.289333333333687	-2.981080027832315e-07
     4.289666666667021	-2.981080027832315e-07
     4.290000000000354	-2.981080027832315e-07
     4.290333333333688	-2.981080027832315e-07
     4.290666666667022	-2.981080027832315e-07
     4.291000000000356	-2.981080027832315e-07
     4.291333333333689	-2.981080027832315e-07
     4.291666666667023	-2.981080027832315e-07
     4.292000000000357	-2.981080027832315e-07
     4.292333333333691	-2.981080027832315e-07
     4.292666666667024	-2.981080027832315e-07
     4.293000000000358	-2.981080027832315e-07
     4.293333333333692	-2.981080027832315e-07

     5.000333333333334	2.937666336575671e-08
     5.000666666666667	2.937666336575671e-08
     5.001000000000001	2.937666336575671e-08
     5.001333333333335	2.937666336575671e-08
     5.001666666666669	2.937666336575671e-08
     5.002000000000002	2.937666336575671e-08
     5.002333333333336	2.937666336575671e-08
      5.00266666666667	2.937666336575671e-08
     5.003000000000004	2.937666336575671e-08
     5.003333333333337	2.937666336575671e-08
     5.003666666666671	2.937666336575671e-08
     5.004000000000005	2.937666336575671e-08
     5.004333333333339	2.937666336575671e-08
     5.004666666666672	2.937666336575671e-08
     5.005000000000006	2.937666336575671e-08
      5.00533333333334	2.937666336575671e-08
     5.005666666666674	2.937666336575671e-08
     5.006000000000007	2.937666336575671e-08
     5.006333333333341	2.937666336575671e-08
     5.006666666666675	2.937666336575671e-08
     5.007000000000009	2.937666336575671e-08
     5.007333333333342	2.937666336575671e-08
     5.007666666666676	2.937666336575671e-08
      5.00800000000001	2.937666336575671e-08
     5.008333333333344	2.937666336575671e-08
     5.008666666666677	2.937666336575671e-08
     5.009000000000011	2.937666336575671e-08
     5.009333333333345	2.937666336575671e-08
     5.009666666666678	2.937666336575671e-08
     5.010000000000012	2.937666336575671e-08
     5.010333333333346	2.937666336575671e-08
      5.01066666666668	2.937666336575671e-08
     5.011000000000013	2.937666336575671e-08
     5.011333333333347	2.937666336575671e-08
     5.011666666666681	2.937666336575671e-08
     5.012000000000015	2.937666336575671e-08
     5.012333333333348	2.937666336575671e-08
     5.012666666666682	2.937666336575671e-08
     5.013000000000016	2.937666336575671e-08
      5.01333333333335	2.937666336575671e-08
     5.013666666666683	2.937666336575671e-08
     5.014000000000017	2.937666336575671e-08
     5.014333333333351	2.937666336575671e-08
     5.014666666666685	2.937666336575671e-08
     5.015000000000018	2.937666336575671e-08
     5.015333333333352	2.937666336575671e-08
     5.015666666666686	2.937666336575671e-08
      5.01600000000002	2.937666336575671e-08
     5.016333333333353	2.937666336575671e-08
     5.016666666666687	2.937666336575671e-08
     5.017000000000021	2.937666336575671e-08
     5.017333333333355	2.937666336575671e-08
     5.017666666666688	2.937666336575671e-08
     5.018000000000022	2.937666336575671e-08
     5.018333333333356	2.937666336575671e-08
     5.018666666666689	2.937666336575671e-08
     5.019000000000023	2.937666336575671e-08
     5.019333333333357	2.937666336575671e-08
     5.019666666666691	2.937666336575671e-08
     5.020000000000024	2.937666336575671e-08
     5.020333333333358	2.937666336575671e-08
     5.020666666666692	2.937666336575671e-08
     5.021000000000026	2.937666336575671e-08
     5.021333333333359	2.937666336575671e-08
     5.021666666666693	2.937666336575671e-08
     5.022000000000027	2.937666336575671e-08
     5.022333333333361	2.937666336575671e-08
     5.022666666666694	2.937666336575671e-08
     5.023000000000028	2.937666336575671e-08
     5.023333333333362	2.937666336575671e-08
     5.023666666666696	2.937666336575671e-08
     5.024000000000029	2.937666336575671e-08
     5.024333333333363	2.937666336575671e-08
     5.024666666666697	2.937666336575671e-08
     5.025000000000031	2.937666336575671e-08
     5.025333333333364	2.937666336575671e-08
     5.025666666666698	2.937666336575671e-08
     5.026000000000032	2.937666336575671e-08
     5.026333333333366	2.937666336575671e-08
     5.026666666666699	2.937666336575671e-08
     5.027000000000033	2.937666336575671e-08
     5.027333333333367	2.937666336575671e-08
       5.0276666666667	2.937666336575671e-08
     5.028000000000034	2.937666336575671e-08
     5.028333333333368	2.937666336575671e-08
     5.028666666666702	2.937666336575671e-08
     5.029000000000035	2.937666336575671e-08
     5.029333333333369	2.937666336575671e-08
     5.029666666666703	2.937666336575671e-08
     5.030000000000037	2.937666336575671e-08
      5.03033333333337	2.937666336575671e-08
     5.030666666666704	2.937666336575671e-08
     5.031000000000038	2.937666336575671e-08
     5.031333333333372	2.937666336575671e-08
     5.031666666666705	2.937666336575671e-08
     5.032000000000039	2.937666336575671e-08
     5.032333333333373	2.937666336575671e-08
     5.032666666666707	2.937666336575671e-08
      5.03300000000004	2.937666336575671e-08
     5.033333333333374	2.937666336575671e-08
     5.033666666666708	2.937666336575671e-08
     5.034000000000042	2.937666336575671e-08
     5.034333333333375	2.937666336575671e-08
     5.034666666666709	2.937666336575671e-08
     5.035000000000043	2.937666336575671e-08
     5.035333333333377	2.937666336575671e-08
      5.03566666666671	2.937666336575671e-08
     5.036000000000044	2.937666336575671e-08
     5.036333333333378	2.937666336575671e-08
     5.036666666666711	2.937666336575671e-08
     5.037000000000045	2.937666336575671e-08
     5.037333333333379	2.937666336575671e-08
     5.037666666666713	2.937666336575671e-08
     5.038000000000046	2.937666336575671e-08
      5.03833333333338	2.937666336575671e-08
     5.038666666666714	2.937666336575671e-08
     5.039000000000048	2.937666336575671e-08
     5.039333333333381	2.937666336575671e-08
     5.039666666666715	2.937666336575671e-08
     5.040000000000049	2.937666336575671e-08
     5.040333333333383	2.937666336575671e-08
     5.040666666666716	2.937666336575671e-08
      5.04100000000005	2.937666336575671e-08
     5.041333333333384	2.937666336575671e-08
     5.041666666666718	2.937666336575671e-08
     5.042000000000051	2.937666336575671e-08
     5.042333333333385	2.937666336575671e-08
     5.042666666666719	2.937666336575671e-08
     5.043000000000053	2.937666336575671e-08
     5.043333333333386	2.937666336575671e-08
      5.04366666666672	2.937666336575671e-08
     5.044000000000054	2.937666336575671e-08
     5.044333333333388	2.937666336575671e-08
     5.044666666666721	2.937666336575671e-08
     5.045000000000055	2.937666336575671e-08
     5.045333333333389	2.937666336575671e-08
     5.045666666666722	2.937666336575671e-08
     5.046000000000056	2.937666336575671e-08
      5.04633333333339	2.937666336575671e-08
     5.046666666666724	2.937666336575671e-08
     5.047000000000057	2.937666336575671e-08
     5.047333333333391	2.937666336575671e-08
     5.047666666666725	2.937666336575671e-08
     5.048000000000059	2.937666336575671e-08
     5.048333333333392	2.937666336575671e-08
     5.048666666666726	2.937666336575671e-08
      5.04900000000006	2.937666336575671e-08
     5.049333333333394	2.937666336575671e-08
     5.049666666666727	2.937666336575671e-08
     5.050000000000061	2.937666336575671e-08
     5.050333333333395	2.937666336575671e-08
     5.050666666666729	2.937666336575671e-08
     5.051000000000062	2.937666336575671e-08
     5.051333333333396	2.937666336575671e-08
      5.05166666666673	2.937666336575671e-08
     5.052000000000064	2.937666336575671e-08
     5.052333333333397	2.937666336575671e-08
     5.052666666666731	2.937666336575671e-08
     5.053000000000065	2.937666336575671e-08
     5.053333333333399	2.937666336575671e-08
     5.053666666666732	2.937666336575671e-08
     5.054000000000066	2.937666336575671e-08
       5.0543333333334	2.937666336575671e-08
     5.054666666666733	2.937666336575671e-08
     5.055000000000067	2.937666336575671e-08
     5.055333333333401	2.937666336575671e-08
     5.055666666666735	2.937666336575671e-08
     5.056000000000068	2.937666336575671e-08
     5.056333333333402	2.937666336575671e-08
     5.056666666666736	2.937666336575671e-08
      5.05700000000007	2.937666336575671e-08
     5.057333333333403	2.937666336575671e-08
     5.057666666666737	2.937666336575671e-08
     5.058000000000071	2.937666336575671e-08
     5.058333333333405	2.937666336575671e-08
     5.058666666666738	2.937666336575671e-08
     5.059000000000072	2.937666336575671e-08
     5.059333333333406	2.937666336575671e-08
      5.05966666666674	2.937666336575671e-08
     5.060000000000073	2.937666336575671e-08
     5.060333333333407	2.937666336575671e-08
     5.060666666666741	2.937666336575671e-08
     5.061000000000075	2.937666336575671e-08
     5.061333333333408	2.937666336575671e-08
     5.061666666666742	2.937666336575671e-08
     5.062000000000076	2.937666336575671e-08
      5.06233333333341	2.937666336575671e-08
     5.062666666666743	2.937666336575671e-08
     5.063000000000077	2.937666336575671e-08
     5.063333333333411	2.937666336575671e-08
     5.063666666666744	2.937666336575671e-08
     5.064000000000078	2.937666336575671e-08
     5.064333333333412	2.937666336575671e-08
     5.064666666666746	2.937666336575671e-08
     5.065000000000079	2.937666336575671e-08
     5.065333333333413	2.937666336575671e-08
     5.065666666666747	2.937666336575671e-08
     5.066000000000081	2.937666336575671e-08
     5.066333333333414	2.937666336575671e-08
     5.066666666666748	2.937666336575671e-08
     5.067000000000082	2.937666336575671e-08
     5.067333333333416	2.937666336575671e-08
     5.067666666666749	2.937666336575671e-08
     5.068000000000083	2.937666336575671e-08
     5.068333333333417	2.937666336575671e-08
     5.068666666666751	2.937666336575671e-08
     5.069000000000084	2.937666336575671e-08
     5.069333333333418	2.937666336575671e-08
     5.069666666666752	2.937666336575671e-08
     5.070000000000086	2.937666336575671e-08
     5.070333333333419	2.937666336575671e-08
     5.070666666666753	2.937666336575671e-08
     5.071000000000087	2.937666336575671e-08
     5.071333333333421	2.937666336575671e-08
     5.071666666666754	2.937666336575671e-08
     5.072000000000088	2.937666336575671e-08
     5.072333333333422	2.937666336575671e-08
     5.072666666666755	2.937666336575671e-08
     5.073000000000089	2.937666336575671e-08
     5.073333333333423	2.937666336575671e-08
     5.073666666666757	2.937666336575671e-08
      5.07400000000009	2.937666336575671e-08
     5.074333333333424	2.937666336575671e-08
     5.074666666666758	2.937666336575671e-08
     5.075000000000092	2.937666336575671e-08
     5.075333333333425	2.937666336575671e-08
     5.075666666666759	2.937666336575671e-08
     5.076000000000093	2.937666336575671e-08
     5.076333333333427	2.937666336575671e-08
      5.07666666666676	2.937666336575671e-08
     5.077000000000094	2.937666336575671e-08
     5.077333333333428	2.937666336575671e-08
     5.077666666666762	2.937666336575671e-08
     5.078000000000095	2.937666336575671e-08
     5.078333333333429	2.937666336575671e-08
     5.078666666666763	2.937666336575671e-08
     5.079000000000097	2.937666336575671e-08
      5.07933333333343	2.937666336575671e-08
     5.079666666666764	2.937666336575671e-08
     5.080000000000098	2.937666336575671e-08
     5.080333333333432	2.937666336575671e-08
     5.080666666666765	2.937666336575671e-08
     5.081000000000099	2.937666336575671e-08
     5.081333333333433	2.937666336575671e-08
     5.081666666666766	2.937666336575671e-08
       5.0820000000001	2.937666336575671e-08
     5.082333333333434	2.937666336575671e-08
     5.082666666666768	2.937666336575671e-08
     5.083000000000101	2.937666336575671e-08
     5.083333333333435	2.937666336575671e-08
     5.083666666666769	2.937666336575671e-08
     5.084000000000103	2.937666336575671e-08
     5.084333333333436	2.937666336575671e-08
      5.08466666666677	2.937666336575671e-08
     5.085000000000104	2.937666336575671e-08
     5.085333333333438	2.937666336575671e-08
     5.085666666666771	2.937666336575671e-08
     5.086000000000105	2.937666336575671e-08
     5.086333333333439	2.937666336575671e-08
     5.086666666666773	2.937666336575671e-08
     5.087000000000106	2.937666336575671e-08
      5.08733333333344	2.937666336575671e-08
     5.087666666666774	2.937666336575671e-08
     5.088000000000108	2.937666336575671e-08
     5.088333333333441	2.937666336575671e-08
     5.088666666666775	2.937666336575671e-08
     5.089000000000109	2.937666336575671e-08
     5.089333333333443	2.937666336575671e-08
     5.089666666666776	2.937666336575671e-08
      5.09000000000011	2.937666336575671e-08
     5.090333333333444	2.937666336575671e-08
     5.090666666666777	2.937666336575671e-08
     5.091000000000111	2.937666336575671e-08
     5.091333333333445	2.937666336575671e-08
     5.091666666666779	2.937666336575671e-08
     5.092000000000112	2.937666336575671e-08
     5.092333333333446	2.937666336575671e-08
      5.09266666666678	2.937666336575671e-08
     5.093000000000114	2.937666336575671e-08
     5.093333333333447	2.937666336575671e-08
     5.093666666666781	2.937666336575671e-08
     5.094000000000115	2.937666336575671e-08
     5.094333333333449	2.937666336575671e-08
     5.094666666666782	2.937666336575671e-08
     5.095000000000116	2.937666336575671e-08
      5.09533333333345	2.937666336575671e-08
     5.095666666666784	2.937666336575671e-08
     5.096000000000117	2.937666336575671e-08
     5.096333333333451	2.937666336575671e-08
     5.096666666666785	2.937666336575671e-08
     5.097000000000119	2.937666336575671e-08
     5.097333333333452	2.937666336575671e-08
     5.097666666666786	2.937666336575671e-08
      5.09800000000012	2.937666336575671e-08
     5.098333333333454	2.937666336575671e-08
     5.098666666666787	2.937666336575671e-08
     5.099000000000121	2.937666336575671e-08
     5.099333333333455	2.937666336575671e-08
     5.099666666666788	2.937666336575671e-08
     5.100000000000122	2.937666336575671e-08
     5.100333333333456	2.937666336575671e-08
      5.10066666666679	2.937666336575671e-08
     5.101000000000123	2.937666336575671e-08
     5.101333333333457	2.937666336575671e-08
     5.101666666666791	2.937666336575671e-08
     5.102000000000125	2.937666336575671e-08
     5.102333333333458	2.937666336575671e-08
     5.102666666666792	2.937666336575671e-08
     5.103000000000126	2.937666336575671e-08
      5.10333333333346	2.937666336575671e-08
     5.103666666666793	2.937666336575671e-08
     5.104000000000127	2.937666336575671e-08
     5.104333333333461	2.937666336575671e-08
     5.104666666666795	2.937666336575671e-08
     5.105000000000128	2.937666336575671e-08
     5.105333333333462	2.937666336575671e-08
     5.105666666666796	2.937666336575671e-08
      5.10600000000013	2.937666336575671e-08
     5.106333333333463	2.937666336575671e-08
     5.106666666666797	2.937666336575671e-08
     5.107000000000131	2.937666336575671e-08
     5.107333333333465	2.937666336575671e-08
     5.107666666666798	2.937666336575671e-08
     5.108000000000132	2.937666336575671e-08
     5.108333333333466	2.937666336575671e-08
     5.108666666666799	2.937666336575671e-08
     5.109000000000133	2.937666336575671e-08
     5.109333333333467	2.937666336575671e-08
     5.109666666666801	2.937666336575671e-08
     5.110000000000134	2.937666336575671e-08
     5.110333333333468	2.937666336575671e-08
     5.110666666666802	2.937666336575671e-08
     5.111000000000136	2.937666336575671e-08
     5.111333333333469	2.937666336575671e-08
     5.111666666666803	2.937666336575671e-08
     5.112000000000137	2.937666336575671e-08
     5.112333333333471	2.937666336575671e-08
     5.112666666666804	2.937666336575671e-08
     5.113000000000138	2.937666336575671e-08
     5.113333333333472	2.937666336575671e-08
     5.113666666666806	2.937666336575671e-08
     5.114000000000139	2.937666336575671e-08
     5.114333333333473	2.937666336575671e-08
     5.114666666666807	2.937666336575671e-08
     5.115000000000141	2.937666336575671e-08
     5.115333333333474	2.937666336575671e-08
     5.115666666666808	2.937666336575671e-08
     5.116000000000142	2.937666336575671e-08
     5.116333333333476	2.937666336575671e-08
     5.116666666666809	2.937666336575671e-08
     5.117000000000143	2.937666336575671e-08
     5.117333333333477	2.937666336575671e-08
      5.11766666666681	2.937666336575671e-08
     5.118000000000144	2.937666336575671e-08
     5.118333333333478	2.937666336575671e-08
     5.118666666666812	2.937666336575671e-08
     5.119000000000145	2.937666336575671e-08
     5.119333333333479	2.937666336575671e-08
     5.119666666666813	2.937666336575671e-08
     5.120000000000147	2.937666336575671e-08
      5.12033333333348	2.937666336575671e-08
     5.120666666666814	2.937666336575671e-08
     5.121000000000148	2.937666336575671e-08
     5.121333333333482	2.937666336575671e-08
     5.121666666666815	2.937666336575671e-08
     5.122000000000149	2.937666336575671e-08
     5.122333333333483	2.937666336575671e-08
     5.122666666666817	2.937666336575671e-08
      5.12300000000015	2.937666336575671e-08
     5.123333333333484	2.937666336575671e-08
     5.123666666666818	2.937666336575671e-08
     5.124000000000152	2.937666336575671e-08
     5.124333333333485	2.937666336575671e-08
     5.124666666666819	2.937666336575671e-08
     5.125000000000153	2.937666336575671e-08
     5.125333333333487	2.937666336575671e-08
      5.12566666666682	2.937666336575671e-08
     5.126000000000154	2.937666336575671e-08
     5.126333333333488	2.937666336575671e-08
     5.126666666666821	2.937666336575671e-08
     5.127000000000155	2.937666336575671e-08
     5.127333333333489	2.937666336575671e-08
     5.127666666666823	2.937666336575671e-08
     5.128000000000156	2.937666336575671e-08
      5.12833333333349	2.937666336575671e-08
     5.128666666666824	2.937666336575671e-08
     5.129000000000158	2.937666336575671e-08
     5.129333333333491	2.937666336575671e-08
     5.129666666666825	2.937666336575671e-08
     5.130000000000159	2.937666336575671e-08
     5.130333333333493	2.937666336575671e-08
     5.130666666666826	2.937666336575671e-08
      5.13100000000016	2.937666336575671e-08
     5.131333333333494	2.937666336575671e-08
     5.131666666666828	2.937666336575671e-08
     5.132000000000161	2.937666336575671e-08
     5.132333333333495	2.937666336575671e-08
     5.132666666666829	2.937666336575671e-08
     5.133000000000163	2.937666336575671e-08
     5.133333333333496	2.937666336575671e-08
      5.13366666666683	2.937666336575671e-08
     5.134000000000164	2.937666336575671e-08
     5.134333333333498	2.937666336575671e-08
     5.134666666666831	2.937666336575671e-08
     5.135000000000165	2.937666336575671e-08
     5.135333333333499	2.937666336575671e-08
     5.135666666666832	2.937666336575671e-08
     5.136000000000166	2.937666336575671e-08
       5.1363333333335	2.937666336575671e-08
     5.136666666666834	2.937666336575671e-08
     5.137000000000167	2.937666336575671e-08
     5.137333333333501	2.937666336575671e-08
     5.137666666666835	2.937666336575671e-08
     5.138000000000169	2.937666336575671e-08
     5.138333333333502	2.937666336575671e-08
     5.138666666666836	2.937666336575671e-08
      5.13900000000017	2.937666336575671e-08
     5.139333333333504	2.937666336575671e-08
     5.139666666666837	2.937666336575671e-08
     5.140000000000171	2.937666336575671e-08
     5.140333333333505	2.937666336575671e-08
     5.140666666666839	2.937666336575671e-08
     5.141000000000172	2.937666336575671e-08
     5.141333333333506	2.937666336575671e-08
      5.14166666666684	2.937666336575671e-08
     5.142000000000174	2.937666336575671e-08
     5.142333333333507	2.937666336575671e-08
     5.142666666666841	2.937666336575671e-08
     5.143000000000175	2.937666336575671e-08
     5.143333333333509	2.937666336575671e-08
     5.143666666666842	2.937666336575671e-08
     5.144000000000176	2.937666336575671e-08
      5.14433333333351	2.937666336575671e-08
     5.144666666666843	2.937666336575671e-08
     5.145000000000177	2.937666336575671e-08
     5.145333333333511	2.937666336575671e-08
     5.145666666666845	2.937666336575671e-08
     5.146000000000178	2.937666336575671e-08
     5.146333333333512	2.937666336575671e-08
     5.146666666666846	2.937666336575671e-08
      5.14700000000018	2.937666336575671e-08
     5.147333333333513	2.937666336575671e-08
     5.147666666666847	2.937666336575671e-08
     5.148000000000181	2.937666336575671e-08
     5.148333333333515	2.937666336575671e-08
     5.148666666666848	2.937666336575671e-08
     5.149000000000182	2.937666336575671e-08
     5.149333333333516	2.937666336575671e-08
      5.14966666666685	2.937666336575671e-08
     5.150000000000183	2.937666336575671e-08
     5.150333333333517	2.937666336575671e-08
     5.150666666666851	2.937666336575671e-08
     5.151000000000185	2.937666336575671e-08
     5.151333333333518	2.937666336575671e-08
     5.151666666666852	2.937666336575671e-08
     5.152000000000186	2.937666336575671e-08
      5.15233333333352	2.937666336575671e-08
     5.152666666666853	2.937666336575671e-08
     5.153000000000187	2.937666336575671e-08
     5.153333333333521	2.937666336575671e-08
     5.153666666666854	2.937666336575671e-08
     5.154000000000188	2.937666336575671e-08
     5.154333333333522	2.937666336575671e-08
     5.154666666666856	2.937666336575671e-08
     5.155000000000189	2.937666336575671e-08
     5.155333333333523	2.937666336575671e-08
     5.155666666666857	2.937666336575671e-08
     5.156000000000191	2.937666336575671e-08
     5.156333333333524	2.937666336575671e-08
     5.156666666666858	2.937666336575671e-08
     5.157000000000192	2.937666336575671e-08
     5.157333333333526	2.937666336575671e-08
     5.157666666666859	2.937666336575671e-08
     5.158000000000193	2.937666336575671e-08
     5.158333333333527	2.937666336575671e-08
     5.158666666666861	2.937666336575671e-08
     5.159000000000194	2.937666336575671e-08
     5.159333333333528	2.937666336575671e-08
     5.159666666666862	2.937666336575671e-08
     5.160000000000196	2.937666336575671e-08
     5.160333333333529	2.937666336575671e-08
     5.160666666666863	2.937666336575671e-08
     5.161000000000197	2.937666336575671e-08
     5.161333333333531	2.937666336575671e-08
     5.161666666666864	2.937666336575671e-08
     5.162000000000198	2.937666336575671e-08
     5.162333333333532	2.937666336575671e-08
     5.162666666666865	2.937666336575671e-08
     5.163000000000199	2.937666336575671e-08
     5.163333333333533	2.937666336575671e-08
     5.163666666666867	2.937666336575671e-08
       5.1640000000002	2.937666336575671e-08
     5.164333333333534	2.937666336575671e-08
     5.164666666666868	2.937666336575671e-08
     5.165000000000202	2.937666336575671e-08
     5.165333333333535	2.937666336575671e-08
     5.165666666666869	2.937666336575671e-08
     5.166000000000203	2.937666336575671e-08
     5.166333333333537	2.937666336575671e-08
      5.16666666666687	2.937666336575671e-08
     5.167000000000204	2.937666336575671e-08
     5.167333333333538	2.937666336575671e-08
     5.167666666666872	2.937666336575671e-08
     5.168000000000205	2.937666336575671e-08
     5.168333333333539	2.937666336575671e-08
     5.168666666666873	2.937666336575671e-08
     5.169000000000207	2.937666336575671e-08
      5.16933333333354	2.937666336575671e-08
     5.169666666666874	2.937666336575671e-08
     5.170000000000208	2.937666336575671e-08
     5.170333333333542	2.937666336575671e-08
     5.170666666666875	2.937666336575671e-08
     5.171000000000209	2.937666336575671e-08
     5.171333333333543	2.937666336575671e-08
     5.171666666666876	2.937666336575671e-08
      5.17200000000021	2.937666336575671e-08
     5.172333333333544	2.937666336575671e-08
     5.172666666666878	2.937666336575671e-08
     5.173000000000211	2.937666336575671e-08
     5.173333333333545	2.937666336575671e-08
     5.173666666666879	2.937666336575671e-08
     5.174000000000213	2.937666336575671e-08
     5.174333333333546	2.937666336575671e-08
      5.17466666666688	2.937666336575671e-08
     5.175000000000214	2.937666336575671e-08
     5.175333333333548	2.937666336575671e-08
     5.175666666666881	2.937666336575671e-08
     5.176000000000215	2.937666336575671e-08
     5.176333333333549	2.937666336575671e-08
     5.176666666666883	2.937666336575671e-08
     5.177000000000216	2.937666336575671e-08
      5.17733333333355	2.937666336575671e-08
     5.177666666666884	2.937666336575671e-08
     5.178000000000218	2.937666336575671e-08
     5.178333333333551	2.937666336575671e-08
     5.178666666666885	2.937666336575671e-08
     5.179000000000219	2.937666336575671e-08
     5.179333333333553	2.937666336575671e-08
     5.179666666666886	2.937666336575671e-08
      5.18000000000022	2.937666336575671e-08
     5.180333333333554	2.937666336575671e-08
     5.180666666666887	2.937666336575671e-08
     5.181000000000221	2.937666336575671e-08
     5.181333333333555	2.937666336575671e-08
     5.181666666666889	2.937666336575671e-08
     5.182000000000222	2.937666336575671e-08
     5.182333333333556	2.937666336575671e-08
      5.18266666666689	2.937666336575671e-08
     5.183000000000224	2.937666336575671e-08
     5.183333333333557	2.937666336575671e-08
     5.183666666666891	2.937666336575671e-08
     5.184000000000225	2.937666336575671e-08
     5.184333333333559	2.937666336575671e-08
     5.184666666666892	2.937666336575671e-08
     5.185000000000226	2.937666336575671e-08
      5.18533333333356	2.937666336575671e-08
     5.185666666666894	2.937666336575671e-08
     5.186000000000227	2.937666336575671e-08
     5.186333333333561	2.937666336575671e-08
     5.186666666666895	2.937666336575671e-08
     5.187000000000229	2.937666336575671e-08
     5.187333333333562	2.937666336575671e-08
     5.187666666666896	2.937666336575671e-08
      5.18800000000023	2.937666336575671e-08
     5.188333333333564	2.937666336575671e-08
     5.188666666666897	2.937666336575671e-08
     5.189000000000231	2.937666336575671e-08
     5.189333333333565	2.937666336575671e-08
     5.189666666666898	2.937666336575671e-08
     5.190000000000232	2.937666336575671e-08
     5.190333333333566	2.937666336575671e-08
       5.1906666666669	2.937666336575671e-08
     5.191000000000233	2.937666336575671e-08
     5.191333333333567	2.937666336575671e-08
     5.191666666666901	2.937666336575671e-08
     5.192000000000235	2.937666336575671e-08
     5.192333333333568	2.937666336575671e-08
     5.192666666666902	2.937666336575671e-08
     5.193000000000236	2.937666336575671e-08
      5.19333333333357	2.937666336575671e-08
     5.193666666666903	2.937666336575671e-08
     5.194000000000237	2.937666336575671e-08
     5.194333333333571	2.937666336575671e-08
     5.194666666666905	2.937666336575671e-08
     5.195000000000238	2.937666336575671e-08
     5.195333333333572	2.937666336575671e-08
     5.195666666666906	2.937666336575671e-08
      5.19600000000024	2.937666336575671e-08
     5.196333333333573	2.937666336575671e-08
     5.196666666666907	2.937666336575671e-08
     5.197000000000241	2.937666336575671e-08
     5.197333333333575	2.937666336575671e-08
     5.197666666666908	2.937666336575671e-08
     5.198000000000242	2.937666336575671e-08
     5.198333333333576	2.937666336575671e-08
     5.198666666666909	2.937666336575671e-08
     5.199000000000243	2.937666336575671e-08
     5.199333333333577	2.937666336575671e-08
     5.199666666666911	2.937666336575671e-08
     5.200000000000244	2.937666336575671e-08
     5.200333333333578	2.937666336575671e-08
     5.200666666666912	2.937666336575671e-08
     5.201000000000246	2.937666336575671e-08
     5.201333333333579	2.937666336575671e-08
     5.201666666666913	2.937666336575671e-08
     5.202000000000247	2.937666336575671e-08
     5.202333333333581	2.937666336575671e-08
     5.202666666666914	2.937666336575671e-08
     5.203000000000248	2.937666336575671e-08
     5.203333333333582	2.937666336575671e-08
     5.203666666666916	2.937666336575671e-08
     5.204000000000249	2.937666336575671e-08
     5.204333333333583	2.937666336575671e-08
     5.204666666666917	2.937666336575671e-08
     5.205000000000251	2.937666336575671e-08
     5.205333333333584	2.937666336575671e-08
     5.205666666666918	2.937666336575671e-08
     5.206000000000252	2.937666336575671e-08
     5.206333333333586	2.937666336575671e-08
     5.206666666666919	2.937666336575671e-08
     5.207000000000253	2.937666336575671e-08
     5.207333333333587	2.937666336575671e-08
      5.20766666666692	2.937666336575671e-08
     5.208000000000254	2.937666336575671e-08
     5.208333333333588	2.937666336575671e-08
     5.208666666666922	2.937666336575671e-08
     5.209000000000255	2.937666336575671e-08
     5.209333333333589	2.937666336575671e-08
     5.209666666666923	2.937666336575671e-08
     5.210000000000257	2.937666336575671e-08
      5.21033333333359	2.937666336575671e-08
     5.210666666666924	2.937666336575671e-08
     5.211000000000258	2.937666336575671e-08
     5.211333333333592	2.937666336575671e-08
     5.211666666666925	2.937666336575671e-08
     5.212000000000259	2.937666336575671e-08
     5.212333333333593	2.937666336575671e-08
     5.212666666666927	2.937666336575671e-08
      5.21300000000026	2.937666336575671e-08
     5.213333333333594	2.937666336575671e-08
     5.213666666666928	2.937666336575671e-08
     5.214000000000262	2.937666336575671e-08
     5.214333333333595	2.937666336575671e-08
     5.214666666666929	2.937666336575671e-08
     5.215000000000263	2.937666336575671e-08
     5.215333333333596	2.937666336575671e-08
      5.21566666666693	2.937666336575671e-08
     5.216000000000264	2.937666336575671e-08
     5.216333333333598	2.937666336575671e-08
     5.216666666666931	2.937666336575671e-08
     5.217000000000265	2.937666336575671e-08
     5.217333333333599	2.937666336575671e-08
     5.217666666666933	2.937666336575671e-08
     5.218000000000266	2.937666336575671e-08
       5.2183333333336	2.937666336575671e-08
     5.218666666666934	2.937666336575671e-08
     5.219000000000268	2.937666336575671e-08
     5.219333333333601	2.937666336575671e-08
     5.219666666666935	2.937666336575671e-08
     5.220000000000269	2.937666336575671e-08
     5.220333333333603	2.937666336575671e-08
     5.220666666666936	2.937666336575671e-08
      5.22100000000027	2.937666336575671e-08
     5.221333333333604	2.937666336575671e-08
     5.221666666666938	2.937666336575671e-08
     5.222000000000271	2.937666336575671e-08
     5.222333333333605	2.937666336575671e-08
     5.222666666666939	2.937666336575671e-08
     5.223000000000273	2.937666336575671e-08
     5.223333333333606	2.937666336575671e-08
      5.22366666666694	2.937666336575671e-08
     5.224000000000274	2.937666336575671e-08
     5.224333333333607	2.937666336575671e-08
     5.224666666666941	2.937666336575671e-08
     5.225000000000275	2.937666336575671e-08
     5.225333333333609	2.937666336575671e-08
     5.225666666666942	2.937666336575671e-08
     5.226000000000276	2.937666336575671e-08
      5.22633333333361	2.937666336575671e-08
     5.226666666666944	2.937666336575671e-08
     5.227000000000277	2.937666336575671e-08
     5.227333333333611	2.937666336575671e-08
     5.227666666666945	2.937666336575671e-08
     5.228000000000279	2.937666336575671e-08
     5.228333333333612	2.937666336575671e-08
     5.228666666666946	2.937666336575671e-08
      5.22900000000028	2.937666336575671e-08
     5.229333333333614	2.937666336575671e-08
     5.229666666666947	2.937666336575671e-08
     5.230000000000281	2.937666336575671e-08
     5.230333333333615	2.937666336575671e-08
     5.230666666666949	2.937666336575671e-08
     5.231000000000282	2.937666336575671e-08
     5.231333333333616	2.937666336575671e-08
      5.23166666666695	2.937666336575671e-08
     5.232000000000284	2.937666336575671e-08
     5.232333333333617	2.937666336575671e-08
     5.232666666666951	2.937666336575671e-08
     5.233000000000285	2.937666336575671e-08
     5.233333333333618	2.937666336575671e-08
     5.233666666666952	2.937666336575671e-08
     5.234000000000286	2.937666336575671e-08
      5.23433333333362	2.937666336575671e-08
     5.234666666666953	2.937666336575671e-08
     5.235000000000287	2.937666336575671e-08
     5.235333333333621	2.937666336575671e-08
     5.235666666666955	2.937666336575671e-08
     5.236000000000288	2.937666336575671e-08
     5.236333333333622	2.937666336575671e-08
     5.236666666666956	2.937666336575671e-08
      5.23700000000029	2.937666336575671e-08
     5.237333333333623	2.937666336575671e-08
     5.237666666666957	2.937666336575671e-08
     5.238000000000291	2.937666336575671e-08
     5.238333333333625	2.937666336575671e-08
     5.238666666666958	2.937666336575671e-08
     5.239000000000292	2.937666336575671e-08
     5.239333333333626	2.937666336575671e-08
      5.23966666666696	2.937666336575671e-08
     5.240000000000293	2.937666336575671e-08
     5.240333333333627	2.937666336575671e-08
     5.240666666666961	2.937666336575671e-08
     5.241000000000295	2.937666336575671e-08
     5.241333333333628	2.937666336575671e-08
     5.241666666666962	2.937666336575671e-08
     5.242000000000296	2.937666336575671e-08
     5.242333333333629	2.937666336575671e-08
     5.242666666666963	2.937666336575671e-08
     5.243000000000297	2.937666336575671e-08
     5.243333333333631	2.937666336575671e-08
     5.243666666666964	2.937666336575671e-08
     5.244000000000298	2.937666336575671e-08
     5.244333333333632	2.937666336575671e-08
     5.244666666666966	2.937666336575671e-08
     5.245000000000299	2.937666336575671e-08
     5.245333333333633	2.937666336575671e-08
     5.245666666666967	2.937666336575671e-08
     5.246000000000301	2.937666336575671e-08
     5.246333333333634	2.937666336575671e-08
     5.246666666666968	2.937666336575671e-08
     5.247000000000302	2.937666336575671e-08
     5.247333333333636	2.937666336575671e-08
     5.247666666666969	2.937666336575671e-08
     5.248000000000303	2.937666336575671e-08
     5.248333333333637	2.937666336575671e-08
     5.248666666666971	2.937666336575671e-08
     5.249000000000304	2.937666336575671e-08
     5.249333333333638	2.937666336575671e-08
     5.249666666666972	2.937666336575671e-08
     5.250000000000306	2.937666336575671e-08
     5.250333333333639	2.937666336575671e-08
     5.250666666666973	2.937666336575671e-08
     5.251000000000307	2.937666336575671e-08
      5.25133333333364	2.937666336575671e-08
     5.251666666666974	2.937666336575671e-08
     5.252000000000308	2.937666336575671e-08
     5.252333333333642	2.937666336575671e-08
     5.252666666666975	2.937666336575671e-08
     5.253000000000309	2.937666336575671e-08
     5.253333333333643	2.937666336575671e-08
     5.253666666666977	2.937666336575671e-08
      5.25400000000031	2.937666336575671e-08
     5.254333333333644	2.937666336575671e-08
     5.254666666666978	2.937666336575671e-08
     5.255000000000312	2.937666336575671e-08
     5.255333333333645	2.937666336575671e-08
     5.255666666666979	2.937666336575671e-08
     5.256000000000313	2.937666336575671e-08
     5.256333333333647	2.937666336575671e-08
      5.25666666666698	2.937666336575671e-08
     5.257000000000314	2.937666336575671e-08
     5.257333333333648	2.937666336575671e-08
     5.257666666666982	2.937666336575671e-08
     5.258000000000315	2.937666336575671e-08
     5.258333333333649	2.937666336575671e-08
     5.258666666666983	2.937666336575671e-08
     5.259000000000317	2.937666336575671e-08
      5.25933333333365	2.937666336575671e-08
     5.259666666666984	2.937666336575671e-08
     5.260000000000318	2.937666336575671e-08
     5.260333333333651	2.937666336575671e-08
     5.260666666666985	2.937666336575671e-08
     5.261000000000319	2.937666336575671e-08
     5.261333333333653	2.937666336575671e-08
     5.261666666666986	2.937666336575671e-08
      5.26200000000032	2.937666336575671e-08
     5.262333333333654	2.937666336575671e-08
     5.262666666666988	2.937666336575671e-08
     5.263000000000321	2.937666336575671e-08
     5.263333333333655	2.937666336575671e-08
     5.263666666666989	2.937666336575671e-08
     5.264000000000323	2.937666336575671e-08
     5.264333333333656	2.937666336575671e-08
      5.26466666666699	2.937666336575671e-08
     5.265000000000324	2.937666336575671e-08
     5.265333333333658	2.937666336575671e-08
     5.265666666666991	2.937666336575671e-08
     5.266000000000325	2.937666336575671e-08
     5.266333333333659	2.937666336575671e-08
     5.266666666666993	2.937666336575671e-08
     5.267000000000326	2.937666336575671e-08
      5.26733333333366	2.937666336575671e-08
     5.267666666666994	2.937666336575671e-08
     5.268000000000328	2.937666336575671e-08
     5.268333333333661	2.937666336575671e-08
     5.268666666666995	2.937666336575671e-08
     5.269000000000329	2.937666336575671e-08
     5.269333333333662	2.937666336575671e-08
     5.269666666666996	2.937666336575671e-08
      5.27000000000033	2.937666336575671e-08
     5.270333333333664	2.937666336575671e-08
     5.270666666666997	2.937666336575671e-08
     5.271000000000331	2.937666336575671e-08
     5.271333333333665	2.937666336575671e-08
     5.271666666666999	2.937666336575671e-08
     5.272000000000332	2.937666336575671e-08
     5.272333333333666	2.937666336575671e-08
        5.272666666667	2.937666336575671e-08
     5.273000000000334	2.937666336575671e-08
     5.273333333333667	2.937666336575671e-08
     5.273666666667001	2.937666336575671e-08
     5.274000000000335	2.937666336575671e-08
     5.274333333333669	2.937666336575671e-08
     5.274666666667002	2.937666336575671e-08
     5.275000000000336	2.937666336575671e-08
      5.27533333333367	2.937666336575671e-08
     5.275666666667004	2.937666336575671e-08
     5.276000000000337	2.937666336575671e-08
     5.276333333333671	2.937666336575671e-08
     5.276666666667005	2.937666336575671e-08
     5.277000000000339	2.937666336575671e-08
     5.277333333333672	2.937666336575671e-08
     5.277666666667006	2.937666336575671e-08
      5.27800000000034	2.937666336575671e-08
     5.278333333333673	2.937666336575671e-08
     5.278666666667007	2.937666336575671e-08
     5.279000000000341	2.937666336575671e-08
     5.279333333333675	2.937666336575671e-08
     5.279666666667008	2.937666336575671e-08
     5.280000000000342	2.937666336575671e-08
     5.280333333333676	2.937666336575671e-08
      5.28066666666701	2.937666336575671e-08
     5.281000000000343	2.937666336575671e-08
     5.281333333333677	2.937666336575671e-08
     5.281666666667011	2.937666336575671e-08
     5.282000000000345	2.937666336575671e-08
     5.282333333333678	2.937666336575671e-08
     5.282666666667012	2.937666336575671e-08
     5.283000000000346	2.937666336575671e-08
      5.28333333333368	2.937666336575671e-08
     5.283666666667013	2.937666336575671e-08
     5.284000000000347	2.937666336575671e-08
     5.284333333333681	2.937666336575671e-08
     5.284666666667015	2.937666336575671e-08
     5.285000000000348	2.937666336575671e-08

     6.000333333333334	2.676793848858005e-07
     6.000666666666667	2.676793848858005e-07
     6.001000000000001	2.676793848858005e-07
     6.001333333333335	2.676793848858005e-07
     6.001666666666669	2.676793848858005e-07
     6.002000000000002	2.676793848858005e-07
     6.002333333333336	2.676793848858005e-07
      6.00266666666667	2.676793848858005e-07
     6.003000000000004	2.676793848858005e-07
     6.003333333333337	2.676793848858005e-07
     6.003666666666671	2.676793848858005e-07
     6.004000000000005	2.676793848858005e-07
     6.004333333333339	2.676793848858005e-07
     6.004666666666672	2.676793848858005e-07
     6.005000000000006	2.676793848858005e-07
      6.00533333333334	2.676793848858005e-07
     6.005666666666674	2.676793848858005e-07
     6.006000000000007	2.676793848858005e-07
     6.006333333333341	2.676793848858005e-07
     6.006666666666675	2.676793848858005e-07
     6.007000000000009	2.676793848858005e-07
     6.007333333333342	2.676793848858005e-07
     6.007666666666676	2.676793848858005e-07
      6.00800000000001	2.676793848858005e-07
     6.008333333333344	2.676793848858005e-07
     6.008666666666677	2.676793848858005e-07
     6.009000000000011	2.676793848858005e-07
     6.009333333333345	2.676793848858005e-07
     6.009666666666678	2.676793848858005e-07
     6.010000000000012	2.676793848858005e-07
     6.010333333333346	2.676793848858005e-07
      6.01066666666668	2.676793848858005e-07
     6.011000000000013	2.676793848858005e-07
     6.011333333333347	2.676793848858005e-07
     6.011666666666681	2.676793848858005e-07
     6.012000000000015	2.676793848858005e-07
     6.012333333333348	2.676793848858005e-07
     6.012666666666682	2.676793848858005e-07
     6.013000000000016	2.676793848858005e-07
      6.01333333333335	2.676793848858005e-07
     6.013666666666683	2.676793848858005e-07
     6.014000000000017	2.676793848858005e-07
     6.014333333333351	2.676793848858005e-07
     6.014666666666685	2.676793848858005e-07
     6.015000000000018	2.676793848858005e-07
     6.015333333333352	2.676793848858005e-07
     6.015666666666686	2.676793848858005e-07
      6.01600000000002	2.676793848858005e-07
     6.016333333333353	2.676793848858005e-07
     6.016666666666687	2.676793848858005e-07
     6.017000000000021	2.676793848858005e-07
     6.017333333333355	2.676793848858005e-07
     6.017666666666688	2.676793848858005e-07
     6.018000000000022	2.676793848858005e-07
     6.018333333333356	2.676793848858005e-07
     6.018666666666689	2.676793848858005e-07
     6.019000000000023	2.676793848858005e-07
     6.019333333333357	2.676793848858005e-07
     6.019666666666691	2.676793848858005e-07
     6.020000000000024	2.676793848858005e-07
     6.020333333333358	2.676793848858005e-07
     6.020666666666692	2.676793848858005e-07
     6.021000000000026	2.676793848858005e-07
     6.021333333333359	2.676793848858005e-07
     6.021666666666693	2.676793848858005e-07
     6.022000000000027	2.676793848858005e-07
     6.022333333333361	2.676793848858005e-07
     6.022666666666694	2.676793848858005e-07
     6.023000000000028	2.676793848858005e-07
     6.023333333333362	2.676793848858005e-07
     6.023666666666696	2.676793848858005e-07
     6.024000000000029	2.676793848858005e-07
     6.024333333333363	2.676793848858005e-07
     6.024666666666697	2.676793848858005e-07
     6.025000000000031	2.676793848858005e-07
     6.025333333333364	2.676793848858005e-07
     6.025666666666698	2.676793848858005e-07
     6.026000000000032	2.676793848858005e-07
     6.026333333333366	2.676793848858005e-07
     6.026666666666699	2.676793848858005e-07
     6.027000000000033	2.676793848858005e-07
     6.027333333333367	2.676793848858005e-07
       6.0276666666667	2.676793848858005e-07
     6.028000000000034	2.676793848858005e-07
     6.028333333333368	2.676793848858005e-07
     6.028666666666702	2.676793848858005e-07
     6.029000000000035	2.676793848858005e-07
     6.029333333333369	2.676793848858005e-07
     6.029666666666703	2.676793848858005e-07
     6.030000000000037	2.676793848858005e-07
      6.03033333333337	2.676793848858005e-07
     6.030666666666704	2.676793848858005e-07
     6.031000000000038	2.676793848858005e-07
     6.031333333333372	2.676793848858005e-07
     6.031666666666705	2.676793848858005e-07
     6.032000000000039	2.676793848858005e-07
     6.032333333333373	2.676793848858005e-07
     6.032666666666707	2.676793848858005e-07
      6.03300000000004	2.676793848858005e-07
     6.033333333333374	2.676793848858005e-07
     6.033666666666708	2.676793848858005e-07
     6.034000000000042	2.676793848858005e-07
     6.034333333333375	2.676793848858005e-07
     6.034666666666709	2.676793848858005e-07
     6.035000000000043	2.676793848858005e-07
     6.035333333333377	2.676793848858005e-07
      6.03566666666671	2.676793848858005e-07
     6.036000000000044	2.676793848858005e-07
     6.036333333333378	2.676793848858005e-07
     6.036666666666711	2.676793848858005e-07
     6.037000000000045	2.676793848858005e-07
     6.037333333333379	2.676793848858005e-07
     6.037666666666713	2.676793848858005e-07
     6.038000000000046	2.676793848858005e-07
      6.03833333333338	2.676793848858005e-07
     6.038666666666714	2.676793848858005e-07
     6.039000000000048	2.676793848858005e-07
     6.039333333333381	2.676793848858005e-07
     6.039666666666715	2.676793848858005e-07
     6.040000000000049	2.676793848858005e-07
     6.040333333333383	2.676793848858005e-07
     6.040666666666716	2.676793848858005e-07
      6.04100000000005	2.676793848858005e-07
     6.041333333333384	2.676793848858005e-07
     6.041666666666718	2.676793848858005e-07
     6.042000000000051	2.676793848858005e-07
     6.042333333333385	2.676793848858005e-07
     6.042666666666719	2.676793848858005e-07
     6.043000000000053	2.676793848858005e-07
     6.043333333333386	2.676793848858005e-07
      6.04366666666672	2.676793848858005e-07
     6.044000000000054	2.676793848858005e-07
     6.044333333333388	2.676793848858005e-07
     6.044666666666721	2.676793848858005e-07
     6.045000000000055	2.676793848858005e-07
     6.045333333333389	2.676793848858005e-07
     6.045666666666722	2.676793848858005e-07
     6.046000000000056	2.676793848858005e-07
      6.04633333333339	2.676793848858005e-07
     6.046666666666724	2.676793848858005e-07
     6.047000000000057	2.676793848858005e-07
     6.047333333333391	2.676793848858005e-07
     6.047666666666725	2.676793848858005e-07
     6.048000000000059	2.676793848858005e-07
     6.048333333333392	2.676793848858005e-07
     6.048666666666726	2.676793848858005e-07
      6.04900000000006	2.676793848858005e-07
     6.049333333333394	2.676793848858005e-07
     6.049666666666727	2.676793848858005e-07
     6.050000000000061	2.676793848858005e-07
     6.050333333333395	2.676793848858005e-07
     6.050666666666729	2.676793848858005e-07
     6.051000000000062	2.676793848858005e-07
     6.051333333333396	2.676793848858005e-07
      6.05166666666673	2.676793848858005e-07
     6.052000000000064	2.676793848858005e-07
     6.052333333333397	2.676793848858005e-07
     6.052666666666731	2.676793848858005e-07
     6.053000000000065	2.676793848858005e-07
     6.053333333333399	2.676793848858005e-07
     6.053666666666732	2.676793848858005e-07
     6.054000000000066	2.676793848858005e-07
       6.0543333333334	2.676793848858005e-07
     6.054666666666733	2.676793848858005e-07
     6.055000000000067	2.676793848858005e-07
     6.055333333333401	2.676793848858005e-07
     6.055666666666735	2.676793848858005e-07
     6.056000000000068	2.676793848858005e-07
     6.056333333333402	2.676793848858005e-07
     6.056666666666736	2.676793848858005e-07
      6.05700000000007	2.676793848858005e-07
     6.057333333333403	2.676793848858005e-07
     6.057666666666737	2.676793848858005e-07
     6.058000000000071	2.676793848858005e-07
     6.058333333333405	2.676793848858005e-07
     6.058666666666738	2.676793848858005e-07
     6.059000000000072	2.676793848858005e-07
     6.059333333333406	2.676793848858005e-07
      6.05966666666674	2.676793848858005e-07
     6.060000000000073	2.676793848858005e-07
     6.060333333333407	2.676793848858005e-07
     6.060666666666741	2.676793848858005e-07
     6.061000000000075	2.676793848858005e-07
     6.061333333333408	2.676793848858005e-07
     6.061666666666742	2.676793848858005e-07
     6.062000000000076	2.676793848858005e-07
      6.06233333333341	2.676793848858005e-07
     6.062666666666743	2.676793848858005e-07
     6.063000000000077	2.676793848858005e-07
     6.063333333333411	2.676793848858005e-07
     6.063666666666744	2.676793848858005e-07
     6.064000000000078	2.676793848858005e-07
     6.064333333333412	2.676793848858005e-07
     6.064666666666746	2.676793848858005e-07
     6.065000000000079	2.676793848858005e-07
     6.065333333333413	2.676793848858005e-07
     6.065666666666747	2.676793848858005e-07
     6.066000000000081	2.676793848858005e-07
     6.066333333333414	2.676793848858005e-07
     6.066666666666748	2.676793848858005e-07
     6.067000000000082	2.676793848858005e-07
     6.067333333333416	2.676793848858005e-07
     6.067666666666749	2.676793848858005e-07
     6.068000000000083	2.676793848858005e-07
     6.068333333333417	2.676793848858005e-07
     6.068666666666751	2.676793848858005e-07
     6.069000000000084	2.676793848858005e-07
     6.069333333333418	2.676793848858005e-07
     6.069666666666752	2.676793848858005e-07
     6.070000000000086	2.676793848858005e-07
     6.070333333333419	2.676793848858005e-07
     6.070666666666753	2.676793848858005e-07
     6.071000000000087	2.676793848858005e-07
     6.071333333333421	2.676793848858005e-07
     6.071666666666754	2.676793848858005e-07
     6.072000000000088	2.676793848858005e-07
     6.072333333333422	2.676793848858005e-07
     6.072666666666755	2.676793848858005e-07
     6.073000000000089	2.676793848858005e-07
     6.073333333333423	2.676793848858005e-07
     6.073666666666757	2.676793848858005e-07
      6.07400000000009	2.676793848858005e-07
     6.074333333333424	2.676793848858005e-07
     6.074666666666758	2.676793848858005e-07
     6.075000000000092	2.676793848858005e-07
     6.075333333333425	2.676793848858005e-07
     6.075666666666759	2.676793848858005e-07
     6.076000000000093	2.676793848858005e-07
     6.076333333333427	2.676793848858005e-07
      6.07666666666676	2.676793848858005e-07
     6.077000000000094	2.676793848858005e-07
     6.077333333333428	2.676793848858005e-07
     6.077666666666762	2.676793848858005e-07
     6.078000000000095	2.676793848858005e-07
     6.078333333333429	2.676793848858005e-07
     6.078666666666763	2.676793848858005e-07
     6.079000000000097	2.676793848858005e-07
      6.07933333333343	2.676793848858005e-07
     6.079666666666764	2.676793848858005e-07
     6.080000000000098	2.676793848858005e-07
     6.080333333333432	2.676793848858005e-07
     6.080666666666765	2.676793848858005e-07
     6.081000000000099	2.676793848858005e-07
     6.081333333333433	2.676793848858005e-07
     6.081666666666766	2.676793848858005e-07
       6.0820000000001	2.676793848858005e-07
     6.082333333333434	2.676793848858005e-07
     6.082666666666768	2.676793848858005e-07
     6.083000000000101	2.676793848858005e-07
     6.083333333333435	2.676793848858005e-07
     6.083666666666769	2.676793848858005e-07
     6.084000000000103	2.676793848858005e-07
     6.084333333333436	2.676793848858005e-07
      6.08466666666677	2.676793848858005e-07
     6.085000000000104	2.676793848858005e-07
     6.085333333333438	2.676793848858005e-07
     6.085666666666771	2.676793848858005e-07
     6.086000000000105	2.676793848858005e-07
     6.086333333333439	2.676793848858005e-07
     6.086666666666773	2.676793848858005e-07
     6.087000000000106	2.676793848858005e-07
      6.08733333333344	2.676793848858005e-07
     6.087666666666774	2.676793848858005e-07
     6.088000000000108	2.676793848858005e-07
     6.088333333333441	2.676793848858005e-07
     6.088666666666775	2.676793848858005e-07
     6.089000000000109	2.676793848858005e-07
     6.089333333333443	2.676793848858005e-07
     6.089666666666776	2.676793848858005e-07
      6.09000000000011	2.676793848858005e-07
     6.090333333333444	2.676793848858005e-07
     6.090666666666777	2.676793848858005e-07
     6.091000000000111	2.676793848858005e-07
     6.091333333333445	2.676793848858005e-07
     6.091666666666779	2.676793848858005e-07
     6.092000000000112	2.676793848858005e-07
     6.092333333333446	2.676793848858005e-07
      6.09266666666678	2.676793848858005e-07
     6.093000000000114	2.676793848858005e-07
     6.093333333333447	2.676793848858005e-07
     6.093666666666781	2.676793848858005e-07
     6.094000000000115	2.676793848858005e-07
     6.094333333333449	2.676793848858005e-07
     6.094666666666782	2.676793848858005e-07
     6.095000000000116	2.676793848858005e-07
      6.09533333333345	2.676793848858005e-07
     6.095666666666784	2.676793848858005e-07
     6.096000000000117	2.676793848858005e-07
     6.096333333333451	2.676793848858005e-07
     6.096666666666785	2.676793848858005e-07
     6.097000000000119	2.676793848858005e-07
     6.097333333333452	2.676793848858005e-07
     6.097666666666786	2.676793848858005e-07
      6.09800000000012	2.676793848858005e-07
     6.098333333333454	2.676793848858005e-07
     6.098666666666787	2.676793848858005e-07
     6.099000000000121	2.676793848858005e-07
     6.099333333333455	2.676793848858005e-07
     6.099666666666788	2.676793848858005e-07
     6.100000000000122	2.676793848858005e-07
     6.100333333333456	2.676793848858005e-07
      6.10066666666679	2.676793848858005e-07
     6.101000000000123	2.676793848858005e-07
     6.101333333333457	2.676793848858005e-07
     6.101666666666791	2.676793848858005e-07
     6.102000000000125	2.676793848858005e-07
     6.102333333333458	2.676793848858005e-07
     6.102666666666792	2.676793848858005e-07
     6.103000000000126	2.676793848858005e-07
      6.10333333333346	2.676793848858005e-07
     6.103666666666793	2.676793848858005e-07
     6.104000000000127	2.676793848858005e-07
     6.104333333333461	2.676793848858005e-07
     6.104666666666795	2.676793848858005e-07
     6.105000000000128	2.676793848858005e-07
     6.105333333333462	2.676793848858005e-07
     6.105666666666796	2.676793848858005e-07
      6.10600000000013	2.676793848858005e-07
     6.106333333333463	2.676793848858005e-07
     6.106666666666797	2.676793848858005e-07
     6.107000000000131	2.676793848858005e-07
     6.107333333333465	2.676793848858005e-07
     6.107666666666798	2.676793848858005e-07
     6.108000000000132	2.676793848858005e-07
     6.108333333333466	2.676793848858005e-07
     6.108666666666799	2.676793848858005e-07
     6.109000000000133	2.676793848858005e-07
     6.109333333333467	2.676793848858005e-07
     6.109666666666801	2.676793848858005e-07
     6.110000000000134	2.676793848858005e-07
     6.110333333333468	2.676793848858005e-07
     6.110666666666802	2.676793848858005e-07
     6.111000000000136	2.676793848858005e-07
     6.111333333333469	2.676793848858005e-07
     6.111666666666803	2.676793848858005e-07
     6.112000000000137	2.676793848858005e-07
     6.112333333333471	2.676793848858005e-07
     6.112666666666804	2.676793848858005e-07
     6.113000000000138	2.676793848858005e-07
     6.113333333333472	2.676793848858005e-07
     6.113666666666806	2.676793848858005e-07
     6.114000000000139	2.676793848858005e-07
     6.114333333333473	2.676793848858005e-07
     6.114666666666807	2.676793848858005e-07
     6.115000000000141	2.676793848858005e-07
     6.115333333333474	2.676793848858005e-07
     6.115666666666808	2.676793848858005e-07
     6.116000000000142	2.676793848858005e-07
     6.116333333333476	2.676793848858005e-07
     6.116666666666809	2.676793848858005e-07
     6.117000000000143	2.676793848858005e-07
     6.117333333333477	2.676793848858005e-07
      6.11766666666681	2.676793848858005e-07
     6.118000000000144	2.676793848858005e-07
     6.118333333333478	2.676793848858005e-07
     6.118666666666812	2.676793848858005e-07
     6.119000000000145	2.676793848858005e-07
     6.119333333333479	2.676793848858005e-07
     6.119666666666813	2.676793848858005e-07
     6.120000000000147	2.676793848858005e-07
      6.12033333333348	2.676793848858005e-07
     6.120666666666814	2.676793848858005e-07
     6.121000000000148	2.676793848858005e-07
     6.121333333333482	2.676793848858005e-07
     6.121666666666815	2.676793848858005e-07
     6.122000000000149	2.676793848858005e-07
     6.122333333333483	2.676793848858005e-07
     6.122666666666817	2.676793848858005e-07
      6.12300000000015	2.676793848858005e-07
     6.123333333333484	2.676793848858005e-07
     6.123666666666818	2.676793848858005e-07
     6.124000000000152	2.676793848858005e-07
     6.124333333333485	2.676793848858005e-07
     6.124666666666819	2.676793848858005e-07
     6.125000000000153	2.676793848858005e-07
     6.125333333333487	2.676793848858005e-07
      6.12566666666682	2.676793848858005e-07
     6.126000000000154	2.676793848858005e-07
     6.126333333333488	2.676793848858005e-07
     6.126666666666821	2.676793848858005e-07
     6.127000000000155	2.676793848858005e-07
     6.127333333333489	2.676793848858005e-07
     6.127666666666823	2.676793848858005e-07
     6.128000000000156	2.676793848858005e-07
      6.12833333333349	2.676793848858005e-07
     6.128666666666824	2.676793848858005e-07
     6.129000000000158	2.676793848858005e-07
     6.129333333333491	2.676793848858005e-07
     6.129666666666825	2.676793848858005e-07
     6.130000000000159	2.676793848858005e-07
     6.130333333333493	2.676793848858005e-07
     6.130666666666826	2.676793848858005e-07
      6.13100000000016	2.676793848858005e-07
     6.131333333333494	2.676793848858005e-07
     6.131666666666828	2.676793848858005e-07
     6.132000000000161	2.676793848858005e-07
     6.132333333333495	2.676793848858005e-07
     6.132666666666829	2.676793848858005e-07
     6.133000000000163	2.676793848858005e-07
     6.133333333333496	2.676793848858005e-07
      6.13366666666683	2.676793848858005e-07
     6.134000000000164	2.676793848858005e-07
     6.134333333333498	2.676793848858005e-07
     6.134666666666831	2.676793848858005e-07
     6.135000000000165	2.676793848858005e-07
     6.135333333333499	2.676793848858005e-07
     6.135666666666832	2.676793848858005e-07
     6.136000000000166	2.676793848858005e-07
       6.1363333333335	2.676793848858005e-07
     6.136666666666834	2.676793848858005e-07
     6.137000000000167	2.676793848858005e-07
     6.137333333333501	2.676793848858005e-07
     6.137666666666835	2.676793848858005e-07
     6.138000000000169	2.676793848858005e-07
     6.138333333333502	2.676793848858005e-07
     6.138666666666836	2.676793848858005e-07
      6.13900000000017	2.676793848858005e-07
     6.139333333333504	2.676793848858005e-07
     6.139666666666837	2.676793848858005e-07
     6.140000000000171	2.676793848858005e-07
     6.140333333333505	2.676793848858005e-07
     6.140666666666839	2.676793848858005e-07
     6.141000000000172	2.676793848858005e-07
     6.141333333333506	2.676793848858005e-07
      6.14166666666684	2.676793848858005e-07
     6.142000000000174	2.676793848858005e-07
     6.142333333333507	2.676793848858005e-07
     6.142666666666841	2.676793848858005e-07
     6.143000000000175	2.676793848858005e-07
     6.143333333333509	2.676793848858005e-07
     6.143666666666842	2.676793848858005e-07
     6.144000000000176	2.676793848858005e-07
      6.14433333333351	2.676793848858005e-07
     6.144666666666843	2.676793848858005e-07
     6.145000000000177	2.676793848858005e-07
     6.145333333333511	2.676793848858005e-07
     6.145666666666845	2.676793848858005e-07
     6.146000000000178	2.676793848858005e-07
     6.146333333333512	2.676793848858005e-07
     6.146666666666846	2.676793848858005e-07
      6.14700000000018	2.676793848858005e-07
     6.147333333333513	2.676793848858005e-07
     6.147666666666847	2.676793848858005e-07
     6.148000000000181	2.676793848858005e-07
     6.148333333333515	2.676793848858005e-07
     6.148666666666848	2.676793848858005e-07
     6.149000000000182	2.676793848858005e-07
     6.149333333333516	2.676793848858005e-07
      6.14966666666685	2.676793848858005e-07
     6.150000000000183	2.676793848858005e-07
     6.150333333333517	2.676793848858005e-07
     6.150666666666851	2.676793848858005e-07
     6.151000000000185	2.676793848858005e-07
     6.151333333333518	2.676793848858005e-07
     6.151666666666852	2.676793848858005e-07
     6.152000000000186	2.676793848858005e-07
      6.15233333333352	2.676793848858005e-07
     6.152666666666853	2.676793848858005e-07
     6.153000000000187	2.676793848858005e-07
     6.153333333333521	2.676793848858005e-07
     6.153666666666854	2.676793848858005e-07
     6.154000000000188	2.676793848858005e-07
     6.154333333333522	2.676793848858005e-07
     6.154666666666856	2.676793848858005e-07
     6.155000000000189	2.676793848858005e-07
     6.155333333333523	2.676793848858005e-07
     6.155666666666857	2.676793848858005e-07
     6.156000000000191	2.676793848858005e-07
     6.156333333333524	2.676793848858005e-07
     6.156666666666858	2.676793848858005e-07
     6.157000000000192	2.676793848858005e-07
     6.157333333333526	2.676793848858005e-07
     6.157666666666859	2.676793848858005e-07
     6.158000000000193	2.676793848858005e-07
     6.158333333333527	2.676793848858005e-07
     6.158666666666861	2.676793848858005e-07
     6.159000000000194	2.676793848858005e-07
     6.159333333333528	2.676793848858005e-07
     6.159666666666862	2.676793848858005e-07
     6.160000000000196	2.676793848858005e-07
     6.160333333333529	2.676793848858005e-07
     6.160666666666863	2.676793848858005e-07
     6.161000000000197	2.676793848858005e-07
     6.161333333333531	2.676793848858005e-07
     6.161666666666864	2.676793848858005e-07
     6.162000000000198	2.676793848858005e-07
     6.162333333333532	2.676793848858005e-07
     6.162666666666865	2.676793848858005e-07
     6.163000000000199	2.676793848858005e-07
     6.163333333333533	2.676793848858005e-07
     6.163666666666867	2.676793848858005e-07
       6.1640000000002	2.676793848858005e-07
     6.164333333333534	2.676793848858005e-07
     6.164666666666868	2.676793848858005e-07
     6.165000000000202	2.676793848858005e-07
     6.165333333333535	2.676793848858005e-07
     6.165666666666869	2.676793848858005e-07
     6.166000000000203	2.676793848858005e-07
     6.166333333333537	2.676793848858005e-07
      6.16666666666687	2.676793848858005e-07
     6.167000000000204	2.676793848858005e-07
     6.167333333333538	2.676793848858005e-07
     6.167666666666872	2.676793848858005e-07
     6.168000000000205	2.676793848858005e-07
     6.168333333333539	2.676793848858005e-07
     6.168666666666873	2.676793848858005e-07
     6.169000000000207	2.676793848858005e-07
      6.16933333333354	2.676793848858005e-07
     6.169666666666874	2.676793848858005e-07
     6.170000000000208	2.676793848858005e-07
     6.170333333333542	2.676793848858005e-07
     6.170666666666875	2.676793848858005e-07
     6.171000000000209	2.676793848858005e-07
     6.171333333333543	2.676793848858005e-07
     6.171666666666876	2.676793848858005e-07
      6.17200000000021	2.676793848858005e-07
     6.172333333333544	2.676793848858005e-07
     6.172666666666878	2.676793848858005e-07
     6.173000000000211	2.676793848858005e-07
     6.173333333333545	2.676793848858005e-07
     6.173666666666879	2.676793848858005e-07
     6.174000000000213	2.676793848858005e-07
     6.174333333333546	2.676793848858005e-07
      6.17466666666688	2.676793848858005e-07
     6.175000000000214	2.676793848858005e-07
     6.175333333333548	2.676793848858005e-07
     6.175666666666881	2.676793848858005e-07
     6.176000000000215	2.676793848858005e-07
     6.176333333333549	2.676793848858005e-07
     6.176666666666883	2.676793848858005e-07
     6.177000000000216	2.676793848858005e-07
      6.17733333333355	2.676793848858005e-07
     6.177666666666884	2.676793848858005e-07
     6.178000000000218	2.676793848858005e-07
     6.178333333333551	2.676793848858005e-07
     6.178666666666885	2.676793848858005e-07
     6.179000000000219	2.676793848858005e-07
     6.179333333333553	2.676793848858005e-07
     6.179666666666886	2.676793848858005e-07
      6.18000000000022	2.676793848858005e-07
     6.180333333333554	2.676793848858005e-07
     6.180666666666887	2.676793848858005e-07
     6.181000000000221	2.676793848858005e-07
     6.181333333333555	2.676793848858005e-07
     6.181666666666889	2.676793848858005e-07
     6.182000000000222	2.676793848858005e-07
     6.182333333333556	2.676793848858005e-07
      6.18266666666689	2.676793848858005e-07
     6.183000000000224	2.676793848858005e-07
     6.183333333333557	2.676793848858005e-07
     6.183666666666891	2.676793848858005e-07
     6.184000000000225	2.676793848858005e-07
     6.184333333333559	2.676793848858005e-07
     6.184666666666892	2.676793848858005e-07
     6.185000000000226	2.676793848858005e-07
      6.18533333333356	2.676793848858005e-07
     6.185666666666894	2.676793848858005e-07
     6.186000000000227	2.676793848858005e-07
     6.186333333333561	2.676793848858005e-07
     6.186666666666895	2.676793848858005e-07
     6.187000000000229	2.676793848858005e-07
     6.187333333333562	2.676793848858005e-07
     6.187666666666896	2.676793848858005e-07
      6.18800000000023	2.676793848858005e-07
     6.188333333333564	2.676793848858005e-07
     6.188666666666897	2.676793848858005e-07
     6.189000000000231	2.676793848858005e-07
     6.189333333333565	2.676793848858005e-07
     6.189666666666898	2.676793848858005e-07
     6.190000000000232	2.676793848858005e-07
     6.190333333333566	2.676793848858005e-07
       6.1906666666669	2.676793848858005e-07
     6.191000000000233	2.676793848858005e-07
     6.191333333333567	2.676793848858005e-07
     6.191666666666901	2.676793848858005e-07
     6.192000000000235	2.676793848858005e-07
     6.192333333333568	2.676793848858005e-07
     6.192666666666902	2.676793848858005e-07
     6.193000000000236	2.676793848858005e-07
      6.19333333333357	2.676793848858005e-07
     6.193666666666903	2.676793848858005e-07
     6.194000000000237	2.676793848858005e-07
     6.194333333333571	2.676793848858005e-07
     6.194666666666905	2.676793848858005e-07
     6.195000000000238	2.676793848858005e-07
     6.195333333333572	2.676793848858005e-07
     6.195666666666906	2.676793848858005e-07
      6.19600000000024	2.676793848858005e-07
     6.196333333333573	2.676793848858005e-07
     6.196666666666907	2.676793848858005e-07
     6.197000000000241	2.676793848858005e-07
     6.197333333333575	2.676793848858005e-07
     6.197666666666908	2.676793848858005e-07
     6.198000000000242	2.676793848858005e-07
     6.198333333333576	2.676793848858005e-07
     6.198666666666909	2.676793848858005e-07
     6.199000000000243	2.676793848858005e-07
     6.199333333333577	2.676793848858005e-07
     6.199666666666911	2.676793848858005e-07
     6.200000000000244	2.676793848858005e-07
     6.200333333333578	2.676793848858005e-07
     6.200666666666912	2.676793848858005e-07
     6.201000000000246	2.676793848858005e-07
     6.201333333333579	2.676793848858005e-07
     6.201666666666913	2.676793848858005e-07
     6.202000000000247	2.676793848858005e-07
     6.202333333333581	2.676793848858005e-07
     6.202666666666914	2.676793848858005e-07
     6.203000000000248	2.676793848858005e-07
     6.203333333333582	2.676793848858005e-07
     6.203666666666916	2.676793848858005e-07
     6.204000000000249	2.676793848858005e-07
     6.204333333333583	2.676793848858005e-07
     6.204666666666917	2.676793848858005e-07
     6.205000000000251	2.676793848858005e-07
     6.205333333333584	2.676793848858005e-07
     6.205666666666918	2.676793848858005e-07
     6.206000000000252	2.676793848858005e-07
     6.206333333333586	2.676793848858005e-07
     6.206666666666919	2.676793848858005e-07
     6.207000000000253	2.676793848858005e-07
     6.207333333333587	2.676793848858005e-07
      6.20766666666692	2.676793848858005e-07
     6.208000000000254	2.676793848858005e-07
     6.208333333333588	2.676793848858005e-07
     6.208666666666922	2.676793848858005e-07
     6.209000000000255	2.676793848858005e-07
     6.209333333333589	2.676793848858005e-07
     6.209666666666923	2.676793848858005e-07
     6.210000000000257	2.676793848858005e-07
      6.21033333333359	2.676793848858005e-07
     6.210666666666924	2.676793848858005e-07
     6.211000000000258	2.676793848858005e-07
     6.211333333333592	2.676793848858005e-07
     6.211666666666925	2.676793848858005e-07
     6.212000000000259	2.676793848858005e-07
     6.212333333333593	2.676793848858005e-07
     6.212666666666927	2.676793848858005e-07
      6.21300000000026	2.676793848858005e-07
     6.213333333333594	2.676793848858005e-07
     6.213666666666928	2.676793848858005e-07
     6.214000000000262	2.676793848858005e-07
     6.214333333333595	2.676793848858005e-07
     6.214666666666929	2.676793848858005e-07
     6.215000000000263	2.676793848858005e-07
     6.215333333333596	2.676793848858005e-07
      6.21566666666693	2.676793848858005e-07
     6.216000000000264	2.676793848858005e-07
     6.216333333333598	2.676793848858005e-07
     6.216666666666931	2.676793848858005e-07
     6.217000000000265	2.676793848858005e-07
     6.217333333333599	2.676793848858005e-07
     6.217666666666933	2.676793848858005e-07
     6.218000000000266	2.676793848858005e-07
       6.2183333333336	2.676793848858005e-07
     6.218666666666934	2.676793848858005e-07
     6.219000000000268	2.676793848858005e-07
     6.219333333333601	2.676793848858005e-07
     6.219666666666935	2.676793848858005e-07
     6.220000000000269	2.676793848858005e-07
     6.220333333333603	2.676793848858005e-07
     6.220666666666936	2.676793848858005e-07
      6.22100000000027	2.676793848858005e-07
     6.221333333333604	2.676793848858005e-07
     6.221666666666938	2.676793848858005e-07
     6.222000000000271	2.676793848858005e-07
     6.222333333333605	2.676793848858005e-07
     6.222666666666939	2.676793848858005e-07
     6.223000000000273	2.676793848858005e-07
     6.223333333333606	2.676793848858005e-07
      6.22366666666694	2.676793848858005e-07
     6.224000000000274	2.676793848858005e-07
     6.224333333333607	2.676793848858005e-07
     6.224666666666941	2.676793848858005e-07
     6.225000000000275	2.676793848858005e-07
     6.225333333333609	2.676793848858005e-07
     6.225666666666942	2.676793848858005e-07
     6.226000000000276	2.676793848858005e-07
      6.22633333333361	2.676793848858005e-07
     6.226666666666944	2.676793848858005e-07
     6.227000000000277	2.676793848858005e-07
     6.227333333333611	2.676793848858005e-07
     6.227666666666945	2.676793848858005e-07
     6.228000000000279	2.676793848858005e-07
     6.228333333333612	2.676793848858005e-07
     6.228666666666946	2.676793848858005e-07
      6.22900000000028	2.676793848858005e-07
     6.229333333333614	2.676793848858005e-07
     6.229666666666947	2.676793848858005e-07
     6.230000000000281	2.676793848858005e-07
     6.230333333333615	2.676793848858005e-07
     6.230666666666949	2.676793848858005e-07
     6.231000000000282	2.676793848858005e-07
     6.231333333333616	2.676793848858005e-07
      6.23166666666695	2.676793848858005e-07
     6.232000000000284	2.676793848858005e-07
     6.232333333333617	2.676793848858005e-07
     6.232666666666951	2.676793848858005e-07
     6.233000000000285	2.676793848858005e-07
     6.233333333333618	2.676793848858005e-07
     6.233666666666952	2.676793848858005e-07
     6.234000000000286	2.676793848858005e-07
      6.23433333333362	2.676793848858005e-07
     6.234666666666953	2.676793848858005e-07
     6.235000000000287	2.676793848858005e-07
     6.235333333333621	2.676793848858005e-07
     6.235666666666955	2.676793848858005e-07
     6.236000000000288	2.676793848858005e-07
     6.236333333333622	2.676793848858005e-07
     6.236666666666956	2.676793848858005e-07
      6.23700000000029	2.676793848858005e-07
     6.237333333333623	2.676793848858005e-07
     6.237666666666957	2.676793848858005e-07
     6.238000000000291	2.676793848858005e-07
     6.238333333333625	2.676793848858005e-07
     6.238666666666958	2.676793848858005e-07
     6.239000000000292	2.676793848858005e-07
     6.239333333333626	2.676793848858005e-07
      6.23966666666696	2.676793848858005e-07
     6.240000000000293	2.676793848858005e-07
     6.240333333333627	2.676793848858005e-07
     6.240666666666961	2.676793848858005e-07
     6.241000000000295	2.676793848858005e-07
     6.241333333333628	2.676793848858005e-07
     6.241666666666962	2.676793848858005e-07
     6.242000000000296	2.676793848858005e-07
     6.242333333333629	2.676793848858005e-07
     6.242666666666963	2.676793848858005e-07
     6.243000000000297	2.676793848858005e-07
     6.243333333333631	2.676793848858005e-07
     6.243666666666964	2.676793848858005e-07
     6.244000000000298	2.676793848858005e-07
     6.244333333333632	2.676793848858005e-07
     6.244666666666966	2.676793848858005e-07
     6.245000000000299	2.676793848858005e-07
     6.245333333333633	2.676793848858005e-07
     6.245666666666967	2.676793848858005e-07
     6.246000000000301	2.676793848858005e-07
     6.246333333333634	2.676793848858005e-07
     6.246666666666968	2.676793848858005e-07
     6.247000000000302	2.676793848858005e-07
     6.247333333333636	2.676793848858005e-07
     6.247666666666969	2.676793848858005e-07
     6.248000000000303	2.676793848858005e-07
     6.248333333333637	2.676793848858005e-07
     6.248666666666971	2.676793848858005e-07
     6.249000000000304	2.676793848858005e-07
     6.249333333333638	2.676793848858005e-07
     6.249666666666972	2.676793848858005e-07
     6.250000000000306	2.676793848858005e-07
     6.250333333333639	2.676793848858005e-07
     6.250666666666973	2.676793848858005e-07
     6.251000000000307	2.676793848858005e-07
      6.25133333333364	2.676793848858005e-07
     6.251666666666974	2.676793848858005e-07
     6.252000000000308	2.676793848858005e-07
     6.252333333333642	2.676793848858005e-07
     6.252666666666975	2.676793848858005e-07
     6.253000000000309	2.676793848858005e-07
     6.253333333333643	2.676793848858005e-07
     6.253666666666977	2.676793848858005e-07
      6.25400000000031	2.676793848858005e-07
     6.254333333333644	2.676793848858005e-07
     6.254666666666978	2.676793848858005e-07
     6.255000000000312	2.676793848858005e-07
     6.255333333333645	2.676793848858005e-07
     6.255666666666979	2.676793848858005e-07
     6.256000000000313	2.676793848858005e-07
     6.256333333333647	2.676793848858005e-07
      6.25666666666698	2.676793848858005e-07
     6.257000000000314	2.676793848858005e-07
     6.257333333333648	2.676793848858005e-07
     6.257666666666982	2.676793848858005e-07
     6.258000000000315	2.676793848858005e-07
     6.258333333333649	2.676793848858005e-07
     6.258666666666983	2.676793848858005e-07
     6.259000000000317	2.676793848858005e-07
      6.25933333333365	2.676793848858005e-07
     6.259666666666984	2.676793848858005e-07
     6.260000000000318	2.676793848858005e-07
     6.260333333333651	2.676793848858005e-07
     6.260666666666985	2.676793848858005e-07
     6.261000000000319	2.676793848858005e-07
     6.261333333333653	2.676793848858005e-07
     6.261666666666986	2.676793848858005e-07
      6.26200000000032	2.676793848858005e-07
     6.262333333333654	2.676793848858005e-07
     6.262666666666988	2.676793848858005e-07
     6.263000000000321	2.676793848858005e-07
     6.263333333333655	2.676793848858005e-07
     6.263666666666989	2.676793848858005e-07
     6.264000000000323	2.676793848858005e-07
     6.264333333333656	2.676793848858005e-07
      6.26466666666699	2.676793848858005e-07
     6.265000000000324	2.676793848858005e-07
     6.265333333333658	2.676793848858005e-07
     6.265666666666991	2.676793848858005e-07
     6.266000000000325	2.676793848858005e-07
     6.266333333333659	2.676793848858005e-07
     6.266666666666993	2.676793848858005e-07
     6.267000000000326	2.676793848858005e-07
      6.26733333333366	2.676793848858005e-07
     6.267666666666994	2.676793848858005e-07
     6.268000000000328	2.676793848858005e-07
     6.268333333333661	2.676793848858005e-07
     6.268666666666995	2.676793848858005e-07
     6.269000000000329	2.676793848858005e-07
     6.269333333333662	2.676793848858005e-07
     6.269666666666996	2.676793848858005e-07
      6.27000000000033	2.676793848858005e-07
     6.270333333333664	2.676793848858005e-07
     6.270666666666997	2.676793848858005e-07
     6.271000000000331	2.676793848858005e-07
     6.271333333333665	2.676793848858005e-07
     6.271666666666999	2.676793848858005e-07
     6.272000000000332	2.676793848858005e-07
     6.272333333333666	2.676793848858005e-07
        6.272666666667	2.676793848858005e-07
     6.273000000000334	2.676793848858005e-07
     6.273333333333667	2.676793848858005e-07
     6.273666666667001	2.676793848858005e-07
     6.274000000000335	2.676793848858005e-07
     6.274333333333669	2.676793848858005e-07
     6.274666666667002	2.676793848858005e-07
     6.275000000000336	2.676793848858005e-07
      6.27533333333367	2.676793848858005e-07
     6.275666666667004	2.676793848858005e-07
     6.276000000000337	2.676793848858005e-07
     6.276333333333671	2.676793848858005e-07
     6.276666666667005	2.676793848858005e-07
     6.277000000000339	2.676793848858005e-07
     6.277333333333672	2.676793848858005e-07
     6.277666666667006	2.676793848858005e-07
      6.27800000000034	2.676793848858005e-07
     6.278333333333673	2.676793848858005e-07
     6.278666666667007	2.676793848858005e-07
     6.279000000000341	2.676793848858005e-07

     7.000333333333334	4.390502621835402e-07
     7.000666666666667	4.390502621835402e-07
     7.001000000000001	4.390502621835402e-07
     7.001333333333335	4.390502621835402e-07
     7.001666666666669	4.390502621835402e-07
     7.002000000000002	4.390502621835402e-07
     7.002333333333336	4.390502621835402e-07
      7.00266666666667	4.390502621835402e-07
     7.003000000000004	4.390502621835402e-07
     7.003333333333337	4.390502621835402e-07
     7.003666666666671	4.390502621835402e-07
     7.004000000000005	4.390502621835402e-07
     7.004333333333339	4.390502621835402e-07
     7.004666666666672	4.390502621835402e-07
     7.005000000000006	4.390502621835402e-07
      7.00533333333334	4.390502621835402e-07
     7.005666666666674	4.390502621835402e-07
     7.006000000000007	4.390502621835402e-07
     7.006333333333341	4.390502621835402e-07
     7.006666666666675	4.390502621835402e-07
     7.007000000000009	4.390502621835402e-07
     7.007333333333342	4.390502621835402e-07
     7.007666666666676	4.390502621835402e-07
      7.00800000000001	4.390502621835402e-07
     7.008333333333344	4.390502621835402e-07
     7.008666666666677	4.390502621835402e-07
     7.009000000000011	4.390502621835402e-07
     7.009333333333345	4.390502621835402e-07
     7.009666666666678	4.390502621835402e-07
     7.010000000000012	4.390502621835402e-07
     7.010333333333346	4.390502621835402e-07
      7.01066666666668	4.390502621835402e-07
     7.011000000000013	4.390502621835402e-07
     7.011333333333347	4.390502621835402e-07
     7.011666666666681	4.390502621835402e-07
     7.012000000000015	4.390502621835402e-07
     7.012333333333348	4.390502621835402e-07
     7.012666666666682	4.390502621835402e-07
     7.013000000000016	4.390502621835402e-07
      7.01333333333335	4.390502621835402e-07
     7.013666666666683	4.390502621835402e-07
     7.014000000000017	4.390502621835402e-07
     7.014333333333351	4.390502621835402e-07
     7.014666666666685	4.390502621835402e-07
     7.015000000000018	4.390502621835402e-07
     7.015333333333352	4.390502621835402e-07
     7.015666666666686	4.390502621835402e-07
      7.01600000000002	4.390502621835402e-07
     7.016333333333353	4.390502621835402e-07
     7.016666666666687	4.390502621835402e-07
     7.017000000000021	4.390502621835402e-07
     7.017333333333355	4.390502621835402e-07
     7.017666666666688	4.390502621835402e-07
     7.018000000000022	4.390502621835402e-07
     7.018333333333356	4.390502621835402e-07
     7.018666666666689	4.390502621835402e-07
     7.019000000000023	4.390502621835402e-07
     7.019333333333357	4.390502621835402e-07
     7.019666666666691	4.390502621835402e-07
     7.020000000000024	4.390502621835402e-07
     7.020333333333358	4.390502621835402e-07
     7.020666666666692	4.390502621835402e-07
     7.021000000000026	4.390502621835402e-07
     7.021333333333359	4.390502621835402e-07
     7.021666666666693	4.390502621835402e-07
     7.022000000000027	4.390502621835402e-07
     7.022333333333361	4.390502621835402e-07
     7.022666666666694	4.390502621835402e-07
     7.023000000000028	4.390502621835402e-07
     7.023333333333362	4.390502621835402e-07
     7.023666666666696	4.390502621835402e-07
     7.024000000000029	4.390502621835402e-07
     7.024333333333363	4.390502621835402e-07
     7.024666666666697	4.390502621835402e-07
     7.025000000000031	4.390502621835402e-07
     7.025333333333364	4.390502621835402e-07
     7.025666666666698	4.390502621835402e-07
     7.026000000000032	4.390502621835402e-07
     7.026333333333366	4.390502621835402e-07
     7.026666666666699	4.390502621835402e-07
     7.027000000000033	4.390502621835402e-07
     7.027333333333367	4.390502621835402e-07
       7.0276666666667	4.390502621835402e-07
     7.028000000000034	4.390502621835402e-07
     7.028333333333368	4.390502621835402e-07
     7.028666666666702	4.390502621835402e-07
     7.029000000000035	4.390502621835402e-07
     7.029333333333369	4.390502621835402e-07
     7.029666666666703	4.390502621835402e-07
     7.030000000000037	4.390502621835402e-07
      7.03033333333337	4.390502621835402e-07
     7.030666666666704	4.390502621835402e-07
     7.031000000000038	4.390502621835402e-07
     7.031333333333372	4.390502621835402e-07
     7.031666666666705	4.390502621835402e-07
     7.032000000000039	4.390502621835402e-07
     7.032333333333373	4.390502621835402e-07
     7.032666666666707	4.390502621835402e-07
      7.03300000000004	4.390502621835402e-07
     7.033333333333374	4.390502621835402e-07
     7.033666666666708	4.390502621835402e-07
     7.034000000000042	4.390502621835402e-07
     7.034333333333375	4.390502621835402e-07
     7.034666666666709	4.390502621835402e-07
     7.035000000000043	4.390502621835402e-07
     7.035333333333377	4.390502621835402e-07
      7.03566666666671	4.390502621835402e-07
     7.036000000000044	4.390502621835402e-07
     7.036333333333378	4.390502621835402e-07
     7.036666666666711	4.390502621835402e-07
     7.037000000000045	4.390502621835402e-07
     7.037333333333379	4.390502621835402e-07
     7.037666666666713	4.390502621835402e-07
     7.038000000000046	4.390502621835402e-07
      7.03833333333338	4.390502621835402e-07
     7.038666666666714	4.390502621835402e-07
     7.039000000000048	4.390502621835402e-07
     7.039333333333381	4.390502621835402e-07
     7.039666666666715	4.390502621835402e-07
     7.040000000000049	4.390502621835402e-07
     7.040333333333383	4.390502621835402e-07
     7.040666666666716	4.390502621835402e-07
      7.04100000000005	4.390502621835402e-07
     7.041333333333384	4.390502621835402e-07
     7.041666666666718	4.390502621835402e-07
     7.042000000000051	4.390502621835402e-07
     7.042333333333385	4.390502621835402e-07
     7.042666666666719	4.390502621835402e-07
     7.043000000000053	4.390502621835402e-07
     7.043333333333386	4.390502621835402e-07
      7.04366666666672	4.390502621835402e-07
     7.044000000000054	4.390502621835402e-07
     7.044333333333388	4.390502621835402e-07
     7.044666666666721	4.390502621835402e-07
     7.045000000000055	4.390502621835402e-07
     7.045333333333389	4.390502621835402e-07
     7.045666666666722	4.390502621835402e-07
     7.046000000000056	4.390502621835402e-07
      7.04633333333339	4.390502621835402e-07
     7.046666666666724	4.390502621835402e-07
     7.047000000000057	4.390502621835402e-07
     7.047333333333391	4.390502621835402e-07
     7.047666666666725	4.390502621835402e-07
     7.048000000000059	4.390502621835402e-07
     7.048333333333392	4.390502621835402e-07
     7.048666666666726	4.390502621835402e-07
      7.04900000000006	4.390502621835402e-07
     7.049333333333394	4.390502621835402e-07
     7.049666666666727	4.390502621835402e-07
     7.050000000000061	4.390502621835402e-07
     7.050333333333395	4.390502621835402e-07
     7.050666666666729	4.390502621835402e-07
     7.051000000000062	4.390502621835402e-07
     7.051333333333396	4.390502621835402e-07
      7.05166666666673	4.390502621835402e-07
     7.052000000000064	4.390502621835402e-07
     7.052333333333397	4.390502621835402e-07
     7.052666666666731	4.390502621835402e-07
     7.053000000000065	4.390502621835402e-07
     7.053333333333399	4.390502621835402e-07
     7.053666666666732	4.390502621835402e-07
     7.054000000000066	4.390502621835402e-07
       7.0543333333334	4.390502621835402e-07
     7.054666666666733	4.390502621835402e-07
     7.055000000000067	4.390502621835402e-07
     7.055333333333401	4.390502621835402e-07
     7.055666666666735	4.390502621835402e-07
     7.056000000000068	4.390502621835402e-07
     7.056333333333402	4.390502621835402e-07
     7.056666666666736	4.390502621835402e-07
      7.05700000000007	4.390502621835402e-07
     7.057333333333403	4.390502621835402e-07
     7.057666666666737	4.390502621835402e-07
     7.058000000000071	4.390502621835402e-07
     7.058333333333405	4.390502621835402e-07
     7.058666666666738	4.390502621835402e-07
     7.059000000000072	4.390502621835402e-07
     7.059333333333406	4.390502621835402e-07
      7.05966666666674	4.390502621835402e-07
     7.060000000000073	4.390502621835402e-07
     7.060333333333407	4.390502621835402e-07
     7.060666666666741	4.390502621835402e-07
     7.061000000000075	4.390502621835402e-07
     7.061333333333408	4.390502621835402e-07
     7.061666666666742	4.390502621835402e-07
     7.062000000000076	4.390502621835402e-07
      7.06233333333341	4.390502621835402e-07
     7.062666666666743	4.390502621835402e-07
     7.063000000000077	4.390502621835402e-07
     7.063333333333411	4.390502621835402e-07
     7.063666666666744	4.390502621835402e-07
     7.064000000000078	4.390502621835402e-07
     7.064333333333412	4.390502621835402e-07
     7.064666666666746	4.390502621835402e-07
     7.065000000000079	4.390502621835402e-07
     7.065333333333413	4.390502621835402e-07
     7.065666666666747	4.390502621835402e-07
     7.066000000000081	4.390502621835402e-07
     7.066333333333414	4.390502621835402e-07
     7.066666666666748	4.390502621835402e-07
     7.067000000000082	4.390502621835402e-07
     7.067333333333416	4.390502621835402e-07
     7.067666666666749	4.390502621835402e-07
     7.068000000000083	4.390502621835402e-07
     7.068333333333417	4.390502621835402e-07
     7.068666666666751	4.390502621835402e-07
     7.069000000000084	4.390502621835402e-07
     7.069333333333418	4.390502621835402e-07
     7.069666666666752	4.390502621835402e-07
     7.070000000000086	4.390502621835402e-07
     7.070333333333419	4.390502621835402e-07
     7.070666666666753	4.390502621835402e-07
     7.071000000000087	4.390502621835402e-07
     7.071333333333421	4.390502621835402e-07
     7.071666666666754	4.390502621835402e-07
     7.072000000000088	4.390502621835402e-07
     7.072333333333422	4.390502621835402e-07
     7.072666666666755	4.390502621835402e-07
     7.073000000000089	4.390502621835402e-07
     7.073333333333423	4.390502621835402e-07
     7.073666666666757	4.390502621835402e-07
      7.07400000000009	4.390502621835402e-07
     7.074333333333424	4.390502621835402e-07
     7.074666666666758	4.390502621835402e-07
     7.075000000000092	4.390502621835402e-07
     7.075333333333425	4.390502621835402e-07
     7.075666666666759	4.390502621835402e-07
     7.076000000000093	4.390502621835402e-07
     7.076333333333427	4.390502621835402e-07
      7.07666666666676	4.390502621835402e-07
     7.077000000000094	4.390502621835402e-07
     7.077333333333428	4.390502621835402e-07
     7.077666666666762	4.390502621835402e-07
     7.078000000000095	4.390502621835402e-07
     7.078333333333429	4.390502621835402e-07
     7.078666666666763	4.390502621835402e-07
     7.079000000000097	4.390502621835402e-07
      7.07933333333343	4.390502621835402e-07
     7.079666666666764	4.390502621835402e-07
     7.080000000000098	4.390502621835402e-07
     7.080333333333432	4.390502621835402e-07
     7.080666666666765	4.390502621835402e-07
     7.081000000000099	4.390502621835402e-07
     7.081333333333433	4.390502621835402e-07
     7.081666666666766	4.390502621835402e-07
       7.0820000000001	4.390502621835402e-07
     7.082333333333434	4.390502621835402e-07
     7.082666666666768	4.390502621835402e-07
     7.083000000000101	4.390502621835402e-07
     7.083333333333435	4.390502621835402e-07
     7.083666666666769	4.390502621835402e-07
     7.084000000000103	4.390502621835402e-07
     7.084333333333436	4.390502621835402e-07
      7.08466666666677	4.390502621835402e-07
     7.085000000000104	4.390502621835402e-07
     7.085333333333438	4.390502621835402e-07
     7.085666666666771	4.390502621835402e-07
     7.086000000000105	4.390502621835402e-07
     7.086333333333439	4.390502621835402e-07
     7.086666666666773	4.390502621835402e-07
     7.087000000000106	4.390502621835402e-07
      7.08733333333344	4.390502621835402e-07
     7.087666666666774	4.390502621835402e-07
     7.088000000000108	4.390502621835402e-07
     7.088333333333441	4.390502621835402e-07
     7.088666666666775	4.390502621835402e-07
     7.089000000000109	4.390502621835402e-07
     7.089333333333443	4.390502621835402e-07
     7.089666666666776	4.390502621835402e-07
      7.09000000000011	4.390502621835402e-07
     7.090333333333444	4.390502621835402e-07
     7.090666666666777	4.390502621835402e-07
     7.091000000000111	4.390502621835402e-07
     7.091333333333445	4.390502621835402e-07
     7.091666666666779	4.390502621835402e-07
     7.092000000000112	4.390502621835402e-07
     7.092333333333446	4.390502621835402e-07
      7.09266666666678	4.390502621835402e-07
     7.093000000000114	4.390502621835402e-07
     7.093333333333447	4.390502621835402e-07
     7.093666666666781	4.390502621835402e-07
     7.094000000000115	4.390502621835402e-07
     7.094333333333449	4.390502621835402e-07
     7.094666666666782	4.390502621835402e-07
     7.095000000000116	4.390502621835402e-07
      7.09533333333345	4.390502621835402e-07
     7.095666666666784	4.390502621835402e-07
     7.096000000000117	4.390502621835402e-07
     7.096333333333451	4.390502621835402e-07
     7.096666666666785	4.390502621835402e-07
     7.097000000000119	4.390502621835402e-07
     7.097333333333452	4.390502621835402e-07
     7.097666666666786	4.390502621835402e-07
      7.09800000000012	4.390502621835402e-07
     7.098333333333454	4.390502621835402e-07
     7.098666666666787	4.390502621835402e-07
     7.099000000000121	4.390502621835402e-07
     7.099333333333455	4.390502621835402e-07
     7.099666666666788	4.390502621835402e-07
     7.100000000000122	4.390502621835402e-07
     7.100333333333456	4.390502621835402e-07
      7.10066666666679	4.390502621835402e-07
     7.101000000000123	4.390502621835402e-07
     7.101333333333457	4.390502621835402e-07
     7.101666666666791	4.390502621835402e-07
     7.102000000000125	4.390502621835402e-07
     7.102333333333458	4.390502621835402e-07
     7.102666666666792	4.390502621835402e-07
     7.103000000000126	4.390502621835402e-07
      7.10333333333346	4.390502621835402e-07
     7.103666666666793	4.390502621835402e-07
     7.104000000000127	4.390502621835402e-07
     7.104333333333461	4.390502621835402e-07
     7.104666666666795	4.390502621835402e-07
     7.105000000000128	4.390502621835402e-07
     7.105333333333462	4.390502621835402e-07
     7.105666666666796	4.390502621835402e-07
      7.10600000000013	4.390502621835402e-07
     7.106333333333463	4.390502621835402e-07
     7.106666666666797	4.390502621835402e-07
     7.107000000000131	4.390502621835402e-07
     7.107333333333465	4.390502621835402e-07
     7.107666666666798	4.390502621835402e-07
     7.108000000000132	4.390502621835402e-07
     7.108333333333466	4.390502621835402e-07
     7.108666666666799	4.390502621835402e-07
     7.109000000000133	4.390502621835402e-07
     7.109333333333467	4.390502621835402e-07
     7.109666666666801	4.390502621835402e-07
     7.110000000000134	4.390502621835402e-07
     7.110333333333468	4.390502621835402e-07
     7.110666666666802	4.390502621835402e-07
     7.111000000000136	4.390502621835402e-07
     7.111333333333469	4.390502621835402e-07
     7.111666666666803	4.390502621835402e-07
     7.112000000000137	4.390502621835402e-07
     7.112333333333471	4.390502621835402e-07
     7.112666666666804	4.390502621835402e-07
     7.113000000000138	4.390502621835402e-07
     7.113333333333472	4.390502621835402e-07
     7.113666666666806	4.390502621835402e-07
     7.114000000000139	4.390502621835402e-07
     7.114333333333473	4.390502621835402e-07
     7.114666666666807	4.390502621835402e-07
     7.115000000000141	4.390502621835402e-07
     7.115333333333474	4.390502621835402e-07
     7.115666666666808	4.390502621835402e-07
     7.116000000000142	4.390502621835402e-07
     7.116333333333476	4.390502621835402e-07
     7.116666666666809	4.390502621835402e-07
     7.117000000000143	4.390502621835402e-07
     7.117333333333477	4.390502621835402e-07
      7.11766666666681	4.390502621835402e-07
     7.118000000000144	4.390502621835402e-07
     7.118333333333478	4.390502621835402e-07
     7.118666666666812	4.390502621835402e-07
     7.119000000000145	4.390502621835402e-07
     7.119333333333479	4.390502621835402e-07
     7.119666666666813	4.390502621835402e-07
     7.120000000000147	4.390502621835402e-07
      7.12033333333348	4.390502621835402e-07
     7.120666666666814	4.390502621835402e-07
     7.121000000000148	4.390502621835402e-07
     7.121333333333482	4.390502621835402e-07
     7.121666666666815	4.390502621835402e-07
     7.122000000000149	4.390502621835402e-07
     7.122333333333483	4.390502621835402e-07
     7.122666666666817	4.390502621835402e-07
      7.12300000000015	4.390502621835402e-07
     7.123333333333484	4.390502621835402e-07
     7.123666666666818	4.390502621835402e-07
     7.124000000000152	4.390502621835402e-07
     7.124333333333485	4.390502621835402e-07
     7.124666666666819	4.390502621835402e-07
     7.125000000000153	4.390502621835402e-07
     7.125333333333487	4.390502621835402e-07
      7.12566666666682	4.390502621835402e-07
     7.126000000000154	4.390502621835402e-07
     7.126333333333488	4.390502621835402e-07
     7.126666666666821	4.390502621835402e-07
     7.127000000000155	4.390502621835402e-07
     7.127333333333489	4.390502621835402e-07
     7.127666666666823	4.390502621835402e-07
     7.128000000000156	4.390502621835402e-07
      7.12833333333349	4.390502621835402e-07
     7.128666666666824	4.390502621835402e-07
     7.129000000000158	4.390502621835402e-07
     7.129333333333491	4.390502621835402e-07
     7.129666666666825	4.390502621835402e-07
     7.130000000000159	4.390502621835402e-07
     7.130333333333493	4.390502621835402e-07
     7.130666666666826	4.390502621835402e-07
      7.13100000000016	4.390502621835402e-07
     7.131333333333494	4.390502621835402e-07
     7.131666666666828	4.390502621835402e-07
     7.132000000000161	4.390502621835402e-07
     7.132333333333495	4.390502621835402e-07
     7.132666666666829	4.390502621835402e-07
     7.133000000000163	4.390502621835402e-07
     7.133333333333496	4.390502621835402e-07
      7.13366666666683	4.390502621835402e-07
     7.134000000000164	4.390502621835402e-07
     7.134333333333498	4.390502621835402e-07
     7.134666666666831	4.390502621835402e-07
     7.135000000000165	4.390502621835402e-07
     7.135333333333499	4.390502621835402e-07
     7.135666666666832	4.390502621835402e-07
     7.136000000000166	4.390502621835402e-07
       7.1363333333335	4.390502621835402e-07
     7.136666666666834	4.390502621835402e-07
     7.137000000000167	4.390502621835402e-07
     7.137333333333501	4.390502621835402e-07
     7.137666666666835	4.390502621835402e-07
     7.138000000000169	4.390502621835402e-07
     7.138333333333502	4.390502621835402e-07
     7.138666666666836	4.390502621835402e-07
      7.13900000000017	4.390502621835402e-07
     7.139333333333504	4.390502621835402e-07
     7.139666666666837	4.390502621835402e-07
     7.140000000000171	4.390502621835402e-07
     7.140333333333505	4.390502621835402e-07
     7.140666666666839	4.390502621835402e-07
     7.141000000000172	4.390502621835402e-07
     7.141333333333506	4.390502621835402e-07
      7.14166666666684	4.390502621835402e-07
     7.142000000000174	4.390502621835402e-07
     7.142333333333507	4.390502621835402e-07
     7.142666666666841	4.390502621835402e-07
     7.143000000000175	4.390502621835402e-07
     7.143333333333509	4.390502621835402e-07
     7.143666666666842	4.390502621835402e-07
     7.144000000000176	4.390502621835402e-07
      7.14433333333351	4.390502621835402e-07
     7.144666666666843	4.390502621835402e-07
     7.145000000000177	4.390502621835402e-07
     7.145333333333511	4.390502621835402e-07
     7.145666666666845	4.390502621835402e-07
     7.146000000000178	4.390502621835402e-07
     7.146333333333512	4.390502621835402e-07
     7.146666666666846	4.390502621835402e-07
      7.14700000000018	4.390502621835402e-07
     7.147333333333513	4.390502621835402e-07
     7.147666666666847	4.390502621835402e-07
     7.148000000000181	4.390502621835402e-07
     7.148333333333515	4.390502621835402e-07
     7.148666666666848	4.390502621835402e-07
     7.149000000000182	4.390502621835402e-07
     7.149333333333516	4.390502621835402e-07
      7.14966666666685	4.390502621835402e-07
     7.150000000000183	4.390502621835402e-07
     7.150333333333517	4.390502621835402e-07
     7.150666666666851	4.390502621835402e-07
     7.151000000000185	4.390502621835402e-07
     7.151333333333518	4.390502621835402e-07
     7.151666666666852	4.390502621835402e-07
     7.152000000000186	4.390502621835402e-07
      7.15233333333352	4.390502621835402e-07
     7.152666666666853	4.390502621835402e-07
     7.153000000000187	4.390502621835402e-07
     7.153333333333521	4.390502621835402e-07
     7.153666666666854	4.390502621835402e-07
     7.154000000000188	4.390502621835402e-07
     7.154333333333522	4.390502621835402e-07
     7.154666666666856	4.390502621835402e-07
     7.155000000000189	4.390502621835402e-07
     7.155333333333523	4.390502621835402e-07
     7.155666666666857	4.390502621835402e-07
     7.156000000000191	4.390502621835402e-07
     7.156333333333524	4.390502621835402e-07
     7.156666666666858	4.390502621835402e-07
     7.157000000000192	4.390502621835402e-07
     7.157333333333526	4.390502621835402e-07
     7.157666666666859	4.390502621835402e-07
     7.158000000000193	4.390502621835402e-07
     7.158333333333527	4.390502621835402e-07
     7.158666666666861	4.390502621835402e-07
     7.159000000000194	4.390502621835402e-07
     7.159333333333528	4.390502621835402e-07
     7.159666666666862	4.390502621835402e-07
     7.160000000000196	4.390502621835402e-07
     7.160333333333529	4.390502621835402e-07
     7.160666666666863	4.390502621835402e-07
     7.161000000000197	4.390502621835402e-07
     7.161333333333531	4.390502621835402e-07
     7.161666666666864	4.390502621835402e-07
     7.162000000000198	4.390502621835402e-07
     7.162333333333532	4.390502621835402e-07
     7.162666666666865	4.390502621835402e-07
     7.163000000000199	4.390502621835402e-07
     7.163333333333533	4.390502621835402e-07
     7.163666666666867	4.390502621835402e-07
       7.1640000000002	4.390502621835402e-07
     7.164333333333534	4.390502621835402e-07
     7.164666666666868	4.390502621835402e-07
     7.165000000000202	4.390502621835402e-07
     7.165333333333535	4.390502621835402e-07
     7.165666666666869	4.390502621835402e-07
     7.166000000000203	4.390502621835402e-07
     7.166333333333537	4.390502621835402e-07
      7.16666666666687	4.390502621835402e-07
     7.167000000000204	4.390502621835402e-07
     7.167333333333538	4.390502621835402e-07
     7.167666666666872	4.390502621835402e-07
     7.168000000000205	4.390502621835402e-07
     7.168333333333539	4.390502621835402e-07
     7.168666666666873	4.390502621835402e-07
     7.169000000000207	4.390502621835402e-07
      7.16933333333354	4.390502621835402e-07
     7.169666666666874	4.390502621835402e-07
     7.170000000000208	4.390502621835402e-07
     7.170333333333542	4.390502621835402e-07
     7.170666666666875	4.390502621835402e-07
     7.171000000000209	4.390502621835402e-07
     7.171333333333543	4.390502621835402e-07
     7.171666666666876	4.390502621835402e-07
      7.17200000000021	4.390502621835402e-07
     7.172333333333544	4.390502621835402e-07
     7.172666666666878	4.390502621835402e-07
     7.173000000000211	4.390502621835402e-07
     7.173333333333545	4.390502621835402e-07
     7.173666666666879	4.390502621835402e-07
     7.174000000000213	4.390502621835402e-07
     7.174333333333546	4.390502621835402e-07
      7.17466666666688	4.390502621835402e-07
     7.175000000000214	4.390502621835402e-07
     7.175333333333548	4.390502621835402e-07
     7.175666666666881	4.390502621835402e-07
     7.176000000000215	4.390502621835402e-07
     7.176333333333549	4.390502621835402e-07
     7.176666666666883	4.390502621835402e-07
     7.177000000000216	4.390502621835402e-07
      7.17733333333355	4.390502621835402e-07
     7.177666666666884	4.390502621835402e-07
     7.178000000000218	4.390502621835402e-07
     7.178333333333551	4.390502621835402e-07
     7.178666666666885	4.390502621835402e-07
     7.179000000000219	4.390502621835402e-07
     7.179333333333553	4.390502621835402e-07
     7.179666666666886	4.390502621835402e-07
      7.18000000000022	4.390502621835402e-07
     7.180333333333554	4.390502621835402e-07
     7.180666666666887	4.390502621835402e-07
     7.181000000000221	4.390502621835402e-07
     7.181333333333555	4.390502621835402e-07
     7.181666666666889	4.390502621835402e-07
     7.182000000000222	4.390502621835402e-07
     7.182333333333556	4.390502621835402e-07
      7.18266666666689	4.390502621835402e-07
     7.183000000000224	4.390502621835402e-07
     7.183333333333557	4.390502621835402e-07
     7.183666666666891	4.390502621835402e-07
     7.184000000000225	4.390502621835402e-07
     7.184333333333559	4.390502621835402e-07
     7.184666666666892	4.390502621835402e-07
     7.185000000000226	4.390502621835402e-07
      7.18533333333356	4.390502621835402e-07
     7.185666666666894	4.390502621835402e-07
     7.186000000000227	4.390502621835402e-07
     7.186333333333561	4.390502621835402e-07
     7.186666666666895	4.390502621835402e-07
     7.187000000000229	4.390502621835402e-07
     7.187333333333562	4.390502621835402e-07
     7.187666666666896	4.390502621835402e-07
      7.18800000000023	4.390502621835402e-07
     7.188333333333564	4.390502621835402e-07
     7.188666666666897	4.390502621835402e-07
     7.189000000000231	4.390502621835402e-07
     7.189333333333565	4.390502621835402e-07
     7.189666666666898	4.390502621835402e-07
     7.190000000000232	4.390502621835402e-07
     7.190333333333566	4.390502621835402e-07
       7.1906666666669	4.390502621835402e-07
     7.191000000000233	4.390502621835402e-07
     7.191333333333567	4.390502621835402e-07
     7.191666666666901	4.390502621835402e-07
     7.192000000000235	4.390502621835402e-07
     7.192333333333568	4.390502621835402e-07
     7.192666666666902	4.390502621835402e-07
     7.193000000000236	4.390502621835402e-07
      7.19333333333357	4.390502621835402e-07
     7.193666666666903	4.390502621835402e-07
     7.194000000000237	4.390502621835402e-07
     7.194333333333571	4.390502621835402e-07
     7.194666666666905	4.390502621835402e-07
     7.195000000000238	4.390502621835402e-07
     7.195333333333572	4.390502621835402e-07
     7.195666666666906	4.390502621835402e-07
      7.19600000000024	4.390502621835402e-07
     7.196333333333573	4.390502621835402e-07
     7.196666666666907	4.390502621835402e-07
     7.197000000000241	4.390502621835402e-07
     7.197333333333575	4.390502621835402e-07
     7.197666666666908	4.390502621835402e-07
     7.198000000000242	4.390502621835402e-07
     7.198333333333576	4.390502621835402e-07
     7.198666666666909	4.390502621835402e-07
     7.199000000000243	4.390502621835402e-07
     7.199333333333577	4.390502621835402e-07
     7.199666666666911	4.390502621835402e-07
     7.200000000000244	4.390502621835402e-07
     7.200333333333578	4.390502621835402e-07
     7.200666666666912	4.390502621835402e-07
     7.201000000000246	4.390502621835402e-07
     7.201333333333579	4.390502621835402e-07
     7.201666666666913	4.390502621835402e-07
     7.202000000000247	4.390502621835402e-07
     7.202333333333581	4.390502621835402e-07
     7.202666666666914	4.390502621835402e-07
     7.203000000000248	4.390502621835402e-07
     7.203333333333582	4.390502621835402e-07
     7.203666666666916	4.390502621835402e-07
     7.204000000000249	4.390502621835402e-07
     7.204333333333583	4.390502621835402e-07
     7.204666666666917	4.390502621835402e-07
     7.205000000000251	4.390502621835402e-07
     7.205333333333584	4.390502621835402e-07
     7.205666666666918	4.390502621835402e-07
     7.206000000000252	4.390502621835402e-07
     7.206333333333586	4.390502621835402e-07
     7.206666666666919	4.390502621835402e-07
     7.207000000000253	4.390502621835402e-07
     7.207333333333587	4.390502621835402e-07
      7.20766666666692	4.390502621835402e-07
     7.208000000000254	4.390502621835402e-07
     7.208333333333588	4.390502621835402e-07
     7.208666666666922	4.390502621835402e-07
     7.209000000000255	4.390502621835402e-07
     7.209333333333589	4.390502621835402e-07
     7.209666666666923	4.390502621835402e-07
     7.210000000000257	4.390502621835402e-07
      7.21033333333359	4.390502621835402e-07
     7.210666666666924	4.390502621835402e-07
     7.211000000000258	4.390502621835402e-07
     7.211333333333592	4.390502621835402e-07
     7.211666666666925	4.390502621835402e-07
     7.212000000000259	4.390502621835402e-07
     7.212333333333593	4.390502621835402e-07
     7.212666666666927	4.390502621835402e-07
      7.21300000000026	4.390502621835402e-07
     7.213333333333594	4.390502621835402e-07
     7.213666666666928	4.390502621835402e-07
     7.214000000000262	4.390502621835402e-07
     7.214333333333595	4.390502621835402e-07
     7.214666666666929	4.390502621835402e-07
     7.215000000000263	4.390502621835402e-07
     7.215333333333596	4.390502621835402e-07
      7.21566666666693	4.390502621835402e-07
     7.216000000000264	4.390502621835402e-07
     7.216333333333598	4.390502621835402e-07
     7.216666666666931	4.390502621835402e-07
     7.217000000000265	4.390502621835402e-07
     7.217333333333599	4.390502621835402e-07
     7.217666666666933	4.390502621835402e-07
     7.218000000000266	4.390502621835402e-07
       7.2183333333336	4.390502621835402e-07
     7.218666666666934	4.390502621835402e-07
     7.219000000000268	4.390502621835402e-07
     7.219333333333601	4.390502621835402e-07
     7.219666666666935	4.390502621835402e-07
     7.220000000000269	4.390502621835402e-07
     7.220333333333603	4.390502621835402e-07
     7.220666666666936	4.390502621835402e-07
      7.22100000000027	4.390502621835402e-07
     7.221333333333604	4.390502621835402e-07
     7.221666666666938	4.390502621835402e-07
     7.222000000000271	4.390502621835402e-07
     7.222333333333605	4.390502621835402e-07
     7.222666666666939	4.390502621835402e-07
     7.223000000000273	4.390502621835402e-07
     7.223333333333606	4.390502621835402e-07
      7.22366666666694	4.390502621835402e-07
     7.224000000000274	4.390502621835402e-07
     7.224333333333607	4.390502621835402e-07
     7.224666666666941	4.390502621835402e-07
     7.225000000000275	4.390502621835402e-07
     7.225333333333609	4.390502621835402e-07
     7.225666666666942	4.390502621835402e-07
     7.226000000000276	4.390502621835402e-07
      7.22633333333361	4.390502621835402e-07
     7.226666666666944	4.390502621835402e-07
     7.227000000000277	4.390502621835402e-07
     7.227333333333611	4.390502621835402e-07
     7.227666666666945	4.390502621835402e-07
     7.228000000000279	4.390502621835402e-07
     7.228333333333612	4.390502621835402e-07
     7.228666666666946	4.390502621835402e-07
      7.22900000000028	4.390502621835402e-07
     7.229333333333614	4.390502621835402e-07
     7.229666666666947	4.390502621835402e-07
     7.230000000000281	4.390502621835402e-07
     7.230333333333615	4.390502621835402e-07
     7.230666666666949	4.390502621835402e-07
     7.231000000000282	4.390502621835402e-07
     7.231333333333616	4.390502621835402e-07
      7.23166666666695	4.390502621835402e-07
     7.232000000000284	4.390502621835402e-07
     7.232333333333617	4.390502621835402e-07
     7.232666666666951	4.390502621835402e-07
     7.233000000000285	4.390502621835402e-07
     7.233333333333618	4.390502621835402e-07
     7.233666666666952	4.390502621835402e-07
     7.234000000000286	4.390502621835402e-07
      7.23433333333362	4.390502621835402e-07
     7.234666666666953	4.390502621835402e-07
     7.235000000000287	4.390502621835402e-07
     7.235333333333621	4.390502621835402e-07
     7.235666666666955	4.390502621835402e-07
     7.236000000000288	4.390502621835402e-07
     7.236333333333622	4.390502621835402e-07
     7.236666666666956	4.390502621835402e-07
      7.23700000000029	4.390502621835402e-07
     7.237333333333623	4.390502621835402e-07
     7.237666666666957	4.390502621835402e-07
     7.238000000000291	4.390502621835402e-07
     7.238333333333625	4.390502621835402e-07
     7.238666666666958	4.390502621835402e-07
     7.239000000000292	4.390502621835402e-07
     7.239333333333626	4.390502621835402e-07
      7.23966666666696	4.390502621835402e-07
     7.240000000000293	4.390502621835402e-07
     7.240333333333627	4.390502621835402e-07
     7.240666666666961	4.390502621835402e-07
     7.241000000000295	4.390502621835402e-07
     7.241333333333628	4.390502621835402e-07
     7.241666666666962	4.390502621835402e-07
     7.242000000000296	4.390502621835402e-07
     7.242333333333629	4.390502621835402e-07
     7.242666666666963	4.390502621835402e-07
     7.243000000000297	4.390502621835402e-07
     7.243333333333631	4.390502621835402e-07
     7.243666666666964	4.390502621835402e-07
     7.244000000000298	4.390502621835402e-07
     7.244333333333632	4.390502621835402e-07
     7.244666666666966	4.390502621835402e-07
     7.245000000000299	4.390502621835402e-07
     7.245333333333633	4.390502621835402e-07
     7.245666666666967	4.390502621835402e-07
     7.246000000000301	4.390502621835402e-07
     7.246333333333634	4.390502621835402e-07
     7.246666666666968	4.390502621835402e-07
     7.247000000000302	4.390502621835402e-07
     7.247333333333636	4.390502621835402e-07
     7.247666666666969	4.390502621835402e-07
     7.248000000000303	4.390502621835402e-07
     7.248333333333637	4.390502621835402e-07
     7.248666666666971	4.390502621835402e-07
     7.249000000000304	4.390502621835402e-07
     7.249333333333638	4.390502621835402e-07
     7.249666666666972	4.390502621835402e-07
     7.250000000000306	4.390502621835402e-07
     7.250333333333639	4.390502621835402e-07
     7.250666666666973	4.390502621835402e-07
     7.251000000000307	4.390502621835402e-07
      7.25133333333364	4.390502621835402e-07
     7.251666666666974	4.390502621835402e-07
     7.252000000000308	4.390502621835402e-07
     7.252333333333642	4.390502621835402e-07
     7.252666666666975	4.390502621835402e-07
     7.253000000000309	4.390502621835402e-07
     7.253333333333643	4.390502621835402e-07
     7.253666666666977	4.390502621835402e-07
      7.25400000000031	4.390502621835402e-07
     7.254333333333644	4.390502621835402e-07
     7.254666666666978	4.390502621835402e-07
     7.255000000000312	4.390502621835402e-07
     7.255333333333645	4.390502621835402e-07
     7.255666666666979	4.390502621835402e-07
     7.256000000000313	4.390502621835402e-07
     7.256333333333647	4.390502621835402e-07
      7.25666666666698	4.390502621835402e-07
     7.257000000000314	4.390502621835402e-07
     7.257333333333648	4.390502621835402e-07
     7.257666666666982	4.390502621835402e-07
     7.258000000000315	4.390502621835402e-07
     7.258333333333649	4.390502621835402e-07
     7.258666666666983	4.390502621835402e-07
     7.259000000000317	4.390502621835402e-07
      7.25933333333365	4.390502621835402e-07
     7.259666666666984	4.390502621835402e-07
     7.260000000000318	4.390502621835402e-07
     7.260333333333651	4.390502621835402e-07
     7.260666666666985	4.390502621835402e-07
     7.261000000000319	4.390502621835402e-07
     7.261333333333653	4.390502621835402e-07
     7.261666666666986	4.390502621835402e-07
      7.26200000000032	4.390502621835402e-07
     7.262333333333654	4.390502621835402e-07
     7.262666666666988	4.390502621835402e-07
     7.263000000000321	4.390502621835402e-07
     7.263333333333655	4.390502621835402e-07
     7.263666666666989	4.390502621835402e-07
     7.264000000000323	4.390502621835402e-07
     7.264333333333656	4.390502621835402e-07
      7.26466666666699	4.390502621835402e-07
     7.265000000000324	4.390502621835402e-07
     7.265333333333658	4.390502621835402e-07
     7.265666666666991	4.390502621835402e-07
     7.266000000000325	4.390502621835402e-07
     7.266333333333659	4.390502621835402e-07
     7.266666666666993	4.390502621835402e-07
     7.267000000000326	4.390502621835402e-07
      7.26733333333366	4.390502621835402e-07
     7.267666666666994	4.390502621835402e-07
     7.268000000000328	4.390502621835402e-07
     7.268333333333661	4.390502621835402e-07
     7.268666666666995	4.390502621835402e-07
     7.269000000000329	4.390502621835402e-07
     7.269333333333662	4.390502621835402e-07
     7.269666666666996	4.390502621835402e-07
      7.27000000000033	4.390502621835402e-07
     7.270333333333664	4.390502621835402e-07
     7.270666666666997	4.390502621835402e-07
     7.271000000000331	4.390502621835402e-07
     7.271333333333665	4.390502621835402e-07
     7.271666666666999	4.390502621835402e-07
     7.272000000000332	4.390502621835402e-07
     7.272333333333666	4.390502621835402e-07
        7.272666666667	4.390502621835402e-07
     7.273000000000334	4.390502621835402e-07
     7.273333333333667	4.390502621835402e-07
     7.273666666667001	4.390502621835402e-07
     7.274000000000335	4.390502621835402e-07
     7.274333333333669	4.390502621835402e-07
     7.274666666667002	4.390502621835402e-07
     7.275000000000336	4.390502621835402e-07
      7.27533333333367	4.390502621835402e-07
     7.275666666667004	4.390502621835402e-07
     7.276000000000337	4.390502621835402e-07
     7.276333333333671	4.390502621835402e-07
     7.276666666667005	4.390502621835402e-07

     8.000333333333334	5.653581276720476e-07
     8.000666666666667	5.653581276720476e-07
     8.001000000000001	5.653581276720476e-07
     8.001333333333335	5.653581276720476e-07
     8.001666666666669	5.653581276720476e-07
     8.002000000000002	5.653581276720476e-07
     8.002333333333336	5.653581276720476e-07
      8.00266666666667	5.653581276720476e-07
     8.003000000000004	5.653581276720476e-07
     8.003333333333337	5.653581276720476e-07
     8.003666666666671	5.653581276720476e-07
     8.004000000000005	5.653581276720476e-07
     8.004333333333339	5.653581276720476e-07
     8.004666666666672	5.653581276720476e-07
     8.005000000000006	5.653581276720476e-07
      8.00533333333334	5.653581276720476e-07
     8.005666666666674	5.653581276720476e-07
     8.006000000000007	5.653581276720476e-07
     8.006333333333341	5.653581276720476e-07
     8.006666666666675	5.653581276720476e-07
     8.007000000000009	5.653581276720476e-07
     8.007333333333342	5.653581276720476e-07
     8.007666666666676	5.653581276720476e-07
      8.00800000000001	5.653581276720476e-07
     8.008333333333344	5.653581276720476e-07
     8.008666666666677	5.653581276720476e-07
     8.009000000000011	5.653581276720476e-07
     8.009333333333345	5.653581276720476e-07
     8.009666666666678	5.653581276720476e-07
     8.010000000000012	5.653581276720476e-07
     8.010333333333346	5.653581276720476e-07
      8.01066666666668	5.653581276720476e-07
     8.011000000000013	5.653581276720476e-07
     8.011333333333347	5.653581276720476e-07
     8.011666666666681	5.653581276720476e-07
     8.012000000000015	5.653581276720476e-07
     8.012333333333348	5.653581276720476e-07
     8.012666666666682	5.653581276720476e-07
     8.013000000000016	5.653581276720476e-07
      8.01333333333335	5.653581276720476e-07
     8.013666666666683	5.653581276720476e-07
     8.014000000000017	5.653581276720476e-07
     8.014333333333351	5.653581276720476e-07
     8.014666666666685	5.653581276720476e-07
     8.015000000000018	5.653581276720476e-07
     8.015333333333352	5.653581276720476e-07
     8.015666666666686	5.653581276720476e-07
      8.01600000000002	5.653581276720476e-07
     8.016333333333353	5.653581276720476e-07
     8.016666666666687	5.653581276720476e-07
     8.017000000000021	5.653581276720476e-07
     8.017333333333355	5.653581276720476e-07
     8.017666666666688	5.653581276720476e-07
     8.018000000000022	5.653581276720476e-07
     8.018333333333356	5.653581276720476e-07
     8.018666666666689	5.653581276720476e-07
     8.019000000000023	5.653581276720476e-07
     8.019333333333357	5.653581276720476e-07
     8.019666666666691	5.653581276720476e-07
     8.020000000000024	5.653581276720476e-07
     8.020333333333358	5.653581276720476e-07
     8.020666666666692	5.653581276720476e-07
     8.021000000000026	5.653581276720476e-07
     8.021333333333359	5.653581276720476e-07
     8.021666666666693	5.653581276720476e-07
     8.022000000000027	5.653581276720476e-07
     8.022333333333361	5.653581276720476e-07
     8.022666666666694	5.653581276720476e-07
     8.023000000000028	5.653581276720476e-07
     8.023333333333362	5.653581276720476e-07
     8.023666666666696	5.653581276720476e-07
     8.024000000000029	5.653581276720476e-07
     8.024333333333363	5.653581276720476e-07
     8.024666666666697	5.653581276720476e-07
     8.025000000000031	5.653581276720476e-07
     8.025333333333364	5.653581276720476e-07
     8.025666666666698	5.653581276720476e-07
     8.026000000000032	5.653581276720476e-07
     8.026333333333366	5.653581276720476e-07
     8.026666666666699	5.653581276720476e-07
     8.027000000000033	5.653581276720476e-07
     8.027333333333367	5.653581276720476e-07
       8.0276666666667	5.653581276720476e-07
     8.028000000000034	5.653581276720476e-07
     8.028333333333368	5.653581276720476e-07
     8.028666666666702	5.653581276720476e-07
     8.029000000000035	5.653581276720476e-07
     8.029333333333369	5.653581276720476e-07
     8.029666666666703	5.653581276720476e-07
     8.030000000000037	5.653581276720476e-07
      8.03033333333337	5.653581276720476e-07
     8.030666666666704	5.653581276720476e-07
     8.031000000000038	5.653581276720476e-07
     8.031333333333372	5.653581276720476e-07
     8.031666666666705	5.653581276720476e-07
     8.032000000000039	5.653581276720476e-07
     8.032333333333373	5.653581276720476e-07
     8.032666666666707	5.653581276720476e-07
      8.03300000000004	5.653581276720476e-07
     8.033333333333374	5.653581276720476e-07
     8.033666666666708	5.653581276720476e-07
     8.034000000000042	5.653581276720476e-07
     8.034333333333375	5.653581276720476e-07
     8.034666666666709	5.653581276720476e-07
     8.035000000000043	5.653581276720476e-07
     8.035333333333377	5.653581276720476e-07
      8.03566666666671	5.653581276720476e-07
     8.036000000000044	5.653581276720476e-07
     8.036333333333378	5.653581276720476e-07
     8.036666666666711	5.653581276720476e-07
     8.037000000000045	5.653581276720476e-07
     8.037333333333379	5.653581276720476e-07
     8.037666666666713	5.653581276720476e-07
     8.038000000000046	5.653581276720476e-07
      8.03833333333338	5.653581276720476e-07
     8.038666666666714	5.653581276720476e-07
     8.039000000000048	5.653581276720476e-07
     8.039333333333381	5.653581276720476e-07
     8.039666666666715	5.653581276720476e-07
     8.040000000000049	5.653581276720476e-07
     8.040333333333383	5.653581276720476e-07
     8.040666666666716	5.653581276720476e-07
      8.04100000000005	5.653581276720476e-07
     8.041333333333384	5.653581276720476e-07
     8.041666666666718	5.653581276720476e-07
     8.042000000000051	5.653581276720476e-07
     8.042333333333385	5.653581276720476e-07
     8.042666666666719	5.653581276720476e-07
     8.043000000000053	5.653581276720476e-07
     8.043333333333386	5.653581276720476e-07
      8.04366666666672	5.653581276720476e-07
     8.044000000000054	5.653581276720476e-07
     8.044333333333388	5.653581276720476e-07
     8.044666666666721	5.653581276720476e-07
     8.045000000000055	5.653581276720476e-07
     8.045333333333389	5.653581276720476e-07
     8.045666666666722	5.653581276720476e-07
     8.046000000000056	5.653581276720476e-07
      8.04633333333339	5.653581276720476e-07
     8.046666666666724	5.653581276720476e-07
     8.047000000000057	5.653581276720476e-07
     8.047333333333391	5.653581276720476e-07
     8.047666666666725	5.653581276720476e-07
     8.048000000000059	5.653581276720476e-07
     8.048333333333392	5.653581276720476e-07
     8.048666666666726	5.653581276720476e-07
      8.04900000000006	5.653581276720476e-07
     8.049333333333394	5.653581276720476e-07
     8.049666666666727	5.653581276720476e-07
     8.050000000000061	5.653581276720476e-07
     8.050333333333395	5.653581276720476e-07
     8.050666666666729	5.653581276720476e-07
     8.051000000000062	5.653581276720476e-07
     8.051333333333396	5.653581276720476e-07
      8.05166666666673	5.653581276720476e-07
     8.052000000000064	5.653581276720476e-07
     8.052333333333397	5.653581276720476e-07
     8.052666666666731	5.653581276720476e-07
     8.053000000000065	5.653581276720476e-07
     8.053333333333399	5.653581276720476e-07
     8.053666666666732	5.653581276720476e-07
     8.054000000000066	5.653581276720476e-07
       8.0543333333334	5.653581276720476e-07
     8.054666666666733	5.653581276720476e-07
     8.055000000000067	5.653581276720476e-07
     8.055333333333401	5.653581276720476e-07
     8.055666666666735	5.653581276720476e-07
     8.056000000000068	5.653581276720476e-07
     8.056333333333402	5.653581276720476e-07
     8.056666666666736	5.653581276720476e-07
      8.05700000000007	5.653581276720476e-07
     8.057333333333403	5.653581276720476e-07
     8.057666666666737	5.653581276720476e-07
     8.058000000000071	5.653581276720476e-07
     8.058333333333405	5.653581276720476e-07
     8.058666666666738	5.653581276720476e-07
     8.059000000000072	5.653581276720476e-07
     8.059333333333406	5.653581276720476e-07
      8.05966666666674	5.653581276720476e-07
     8.060000000000073	5.653581276720476e-07
     8.060333333333407	5.653581276720476e-07
     8.060666666666741	5.653581276720476e-07
     8.061000000000075	5.653581276720476e-07
     8.061333333333408	5.653581276720476e-07
     8.061666666666742	5.653581276720476e-07
     8.062000000000076	5.653581276720476e-07
      8.06233333333341	5.653581276720476e-07
     8.062666666666743	5.653581276720476e-07
     8.063000000000077	5.653581276720476e-07
     8.063333333333411	5.653581276720476e-07
     8.063666666666744	5.653581276720476e-07
     8.064000000000078	5.653581276720476e-07
     8.064333333333412	5.653581276720476e-07
     8.064666666666746	5.653581276720476e-07
     8.065000000000079	5.653581276720476e-07
     8.065333333333413	5.653581276720476e-07
     8.065666666666747	5.653581276720476e-07
     8.066000000000081	5.653581276720476e-07
     8.066333333333414	5.653581276720476e-07
     8.066666666666748	5.653581276720476e-07
     8.067000000000082	5.653581276720476e-07
     8.067333333333416	5.653581276720476e-07
     8.067666666666749	5.653581276720476e-07
     8.068000000000083	5.653581276720476e-07
     8.068333333333417	5.653581276720476e-07
     8.068666666666751	5.653581276720476e-07
     8.069000000000084	5.653581276720476e-07
     8.069333333333418	5.653581276720476e-07
     8.069666666666752	5.653581276720476e-07
     8.070000000000086	5.653581276720476e-07
     8.070333333333419	5.653581276720476e-07
     8.070666666666753	5.653581276720476e-07
     8.071000000000087	5.653581276720476e-07
     8.071333333333421	5.653581276720476e-07
     8.071666666666754	5.653581276720476e-07
     8.072000000000088	5.653581276720476e-07
     8.072333333333422	5.653581276720476e-07
     8.072666666666755	5.653581276720476e-07
     8.073000000000089	5.653581276720476e-07
     8.073333333333423	5.653581276720476e-07
     8.073666666666757	5.653581276720476e-07
      8.07400000000009	5.653581276720476e-07
     8.074333333333424	5.653581276720476e-07
     8.074666666666758	5.653581276720476e-07
     8.075000000000092	5.653581276720476e-07
     8.075333333333425	5.653581276720476e-07
     8.075666666666759	5.653581276720476e-07
     8.076000000000093	5.653581276720476e-07
     8.076333333333427	5.653581276720476e-07
      8.07666666666676	5.653581276720476e-07
     8.077000000000094	5.653581276720476e-07
     8.077333333333428	5.653581276720476e-07
     8.077666666666762	5.653581276720476e-07
     8.078000000000095	5.653581276720476e-07
     8.078333333333429	5.653581276720476e-07
     8.078666666666763	5.653581276720476e-07
     8.079000000000097	5.653581276720476e-07
      8.07933333333343	5.653581276720476e-07
     8.079666666666764	5.653581276720476e-07
     8.080000000000098	5.653581276720476e-07
     8.080333333333432	5.653581276720476e-07
     8.080666666666765	5.653581276720476e-07
     8.081000000000099	5.653581276720476e-07
     8.081333333333433	5.653581276720476e-07
     8.081666666666766	5.653581276720476e-07
       8.0820000000001	5.653581276720476e-07
     8.082333333333434	5.653581276720476e-07
     8.082666666666768	5.653581276720476e-07
     8.083000000000101	5.653581276720476e-07
     8.083333333333435	5.653581276720476e-07
     8.083666666666769	5.653581276720476e-07
     8.084000000000103	5.653581276720476e-07
     8.084333333333436	5.653581276720476e-07
      8.08466666666677	5.653581276720476e-07
     8.085000000000104	5.653581276720476e-07
     8.085333333333438	5.653581276720476e-07
     8.085666666666771	5.653581276720476e-07
     8.086000000000105	5.653581276720476e-07
     8.086333333333439	5.653581276720476e-07
     8.086666666666773	5.653581276720476e-07
     8.087000000000106	5.653581276720476e-07
      8.08733333333344	5.653581276720476e-07
     8.087666666666774	5.653581276720476e-07
     8.088000000000108	5.653581276720476e-07
     8.088333333333441	5.653581276720476e-07
     8.088666666666775	5.653581276720476e-07
     8.089000000000109	5.653581276720476e-07
     8.089333333333443	5.653581276720476e-07
     8.089666666666776	5.653581276720476e-07
      8.09000000000011	5.653581276720476e-07
     8.090333333333444	5.653581276720476e-07
     8.090666666666777	5.653581276720476e-07
     8.091000000000111	5.653581276720476e-07
     8.091333333333445	5.653581276720476e-07
     8.091666666666779	5.653581276720476e-07
     8.092000000000112	5.653581276720476e-07
     8.092333333333446	5.653581276720476e-07
      8.09266666666678	5.653581276720476e-07
     8.093000000000114	5.653581276720476e-07
     8.093333333333447	5.653581276720476e-07
     8.093666666666781	5.653581276720476e-07
     8.094000000000115	5.653581276720476e-07
     8.094333333333449	5.653581276720476e-07
     8.094666666666782	5.653581276720476e-07
     8.095000000000116	5.653581276720476e-07
      8.09533333333345	5.653581276720476e-07
     8.095666666666784	5.653581276720476e-07
     8.096000000000117	5.653581276720476e-07
     8.096333333333451	5.653581276720476e-07
     8.096666666666785	5.653581276720476e-07
     8.097000000000119	5.653581276720476e-07
     8.097333333333452	5.653581276720476e-07
     8.097666666666786	5.653581276720476e-07
      8.09800000000012	5.653581276720476e-07
     8.098333333333454	5.653581276720476e-07
     8.098666666666787	5.653581276720476e-07
     8.099000000000121	5.653581276720476e-07
     8.099333333333455	5.653581276720476e-07
     8.099666666666788	5.653581276720476e-07
     8.100000000000122	5.653581276720476e-07
     8.100333333333456	5.653581276720476e-07
      8.10066666666679	5.653581276720476e-07
     8.101000000000123	5.653581276720476e-07
     8.101333333333457	5.653581276720476e-07
     8.101666666666791	5.653581276720476e-07
     8.102000000000125	5.653581276720476e-07
     8.102333333333458	5.653581276720476e-07
     8.102666666666792	5.653581276720476e-07
     8.103000000000126	5.653581276720476e-07
      8.10333333333346	5.653581276720476e-07
     8.103666666666793	5.653581276720476e-07
     8.104000000000127	5.653581276720476e-07
     8.104333333333461	5.653581276720476e-07
     8.104666666666795	5.653581276720476e-07
     8.105000000000128	5.653581276720476e-07
     8.105333333333462	5.653581276720476e-07
     8.105666666666796	5.653581276720476e-07
      8.10600000000013	5.653581276720476e-07
     8.106333333333463	5.653581276720476e-07
     8.106666666666797	5.653581276720476e-07
     8.107000000000131	5.653581276720476e-07
     8.107333333333465	5.653581276720476e-07
     8.107666666666798	5.653581276720476e-07
     8.108000000000132	5.653581276720476e-07
     8.108333333333466	5.653581276720476e-07
     8.108666666666799	5.653581276720476e-07
     8.109000000000133	5.653581276720476e-07
     8.109333333333467	5.653581276720476e-07
     8.109666666666801	5.653581276720476e-07
     8.110000000000134	5.653581276720476e-07
     8.110333333333468	5.653581276720476e-07
     8.110666666666802	5.653581276720476e-07
     8.111000000000136	5.653581276720476e-07
     8.111333333333469	5.653581276720476e-07
     8.111666666666803	5.653581276720476e-07
     8.112000000000137	5.653581276720476e-07
     8.112333333333471	5.653581276720476e-07
     8.112666666666804	5.653581276720476e-07
     8.113000000000138	5.653581276720476e-07
     8.113333333333472	5.653581276720476e-07
     8.113666666666806	5.653581276720476e-07
     8.114000000000139	5.653581276720476e-07
     8.114333333333473	5.653581276720476e-07
     8.114666666666807	5.653581276720476e-07
     8.115000000000141	5.653581276720476e-07
     8.115333333333474	5.653581276720476e-07
     8.115666666666808	5.653581276720476e-07
     8.116000000000142	5.653581276720476e-07
     8.116333333333476	5.653581276720476e-07
     8.116666666666809	5.653581276720476e-07
     8.117000000000143	5.653581276720476e-07
     8.117333333333477	5.653581276720476e-07
      8.11766666666681	5.653581276720476e-07
     8.118000000000144	5.653581276720476e-07
     8.118333333333478	5.653581276720476e-07
     8.118666666666812	5.653581276720476e-07
     8.119000000000145	5.653581276720476e-07
     8.119333333333479	5.653581276720476e-07
     8.119666666666813	5.653581276720476e-07
     8.120000000000147	5.653581276720476e-07
      8.12033333333348	5.653581276720476e-07
     8.120666666666814	5.653581276720476e-07
     8.121000000000148	5.653581276720476e-07
     8.121333333333482	5.653581276720476e-07
     8.121666666666815	5.653581276720476e-07
     8.122000000000149	5.653581276720476e-07
     8.122333333333483	5.653581276720476e-07
     8.122666666666817	5.653581276720476e-07
      8.12300000000015	5.653581276720476e-07
     8.123333333333484	5.653581276720476e-07
     8.123666666666818	5.653581276720476e-07
     8.124000000000152	5.653581276720476e-07
     8.124333333333485	5.653581276720476e-07
     8.124666666666819	5.653581276720476e-07
     8.125000000000153	5.653581276720476e-07
     8.125333333333487	5.653581276720476e-07
      8.12566666666682	5.653581276720476e-07
     8.126000000000154	5.653581276720476e-07
     8.126333333333488	5.653581276720476e-07
     8.126666666666821	5.653581276720476e-07
     8.127000000000155	5.653581276720476e-07
     8.127333333333489	5.653581276720476e-07
     8.127666666666823	5.653581276720476e-07
     8.128000000000156	5.653581276720476e-07
      8.12833333333349	5.653581276720476e-07
     8.128666666666824	5.653581276720476e-07
     8.129000000000158	5.653581276720476e-07
     8.129333333333491	5.653581276720476e-07
     8.129666666666825	5.653581276720476e-07
     8.130000000000159	5.653581276720476e-07
     8.130333333333493	5.653581276720476e-07
     8.130666666666826	5.653581276720476e-07
      8.13100000000016	5.653581276720476e-07
     8.131333333333494	5.653581276720476e-07
     8.131666666666828	5.653581276720476e-07
     8.132000000000161	5.653581276720476e-07
     8.132333333333495	5.653581276720476e-07
     8.132666666666829	5.653581276720476e-07
     8.133000000000163	5.653581276720476e-07
     8.133333333333496	5.653581276720476e-07
      8.13366666666683	5.653581276720476e-07
     8.134000000000164	5.653581276720476e-07
     8.134333333333498	5.653581276720476e-07
     8.134666666666831	5.653581276720476e-07
     8.135000000000165	5.653581276720476e-07
     8.135333333333499	5.653581276720476e-07
     8.135666666666832	5.653581276720476e-07
     8.136000000000166	5.653581276720476e-07
       8.1363333333335	5.653581276720476e-07
     8.136666666666834	5.653581276720476e-07
     8.137000000000167	5.653581276720476e-07
     8.137333333333501	5.653581276720476e-07
     8.137666666666835	5.653581276720476e-07
     8.138000000000169	5.653581276720476e-07
     8.138333333333502	5.653581276720476e-07
     8.138666666666836	5.653581276720476e-07
      8.13900000000017	5.653581276720476e-07
     8.139333333333504	5.653581276720476e-07
     8.139666666666837	5.653581276720476e-07
     8.140000000000171	5.653581276720476e-07
     8.140333333333505	5.653581276720476e-07
     8.140666666666839	5.653581276720476e-07
     8.141000000000172	5.653581276720476e-07
     8.141333333333506	5.653581276720476e-07
      8.14166666666684	5.653581276720476e-07
     8.142000000000174	5.653581276720476e-07
     8.142333333333507	5.653581276720476e-07
     8.142666666666841	5.653581276720476e-07
     8.143000000000175	5.653581276720476e-07
     8.143333333333509	5.653581276720476e-07
     8.143666666666842	5.653581276720476e-07
     8.144000000000176	5.653581276720476e-07
      8.14433333333351	5.653581276720476e-07
     8.144666666666843	5.653581276720476e-07
     8.145000000000177	5.653581276720476e-07
     8.145333333333511	5.653581276720476e-07
     8.145666666666845	5.653581276720476e-07
     8.146000000000178	5.653581276720476e-07
     8.146333333333512	5.653581276720476e-07
     8.146666666666846	5.653581276720476e-07
      8.14700000000018	5.653581276720476e-07
     8.147333333333513	5.653581276720476e-07
     8.147666666666847	5.653581276720476e-07
     8.148000000000181	5.653581276720476e-07
     8.148333333333515	5.653581276720476e-07
     8.148666666666848	5.653581276720476e-07
     8.149000000000182	5.653581276720476e-07
     8.149333333333516	5.653581276720476e-07
      8.14966666666685	5.653581276720476e-07
     8.150000000000183	5.653581276720476e-07
     8.150333333333517	5.653581276720476e-07
     8.150666666666851	5.653581276720476e-07
     8.151000000000185	5.653581276720476e-07
     8.151333333333518	5.653581276720476e-07
     8.151666666666852	5.653581276720476e-07
     8.152000000000186	5.653581276720476e-07
      8.15233333333352	5.653581276720476e-07
     8.152666666666853	5.653581276720476e-07
     8.153000000000187	5.653581276720476e-07
     8.153333333333521	5.653581276720476e-07
     8.153666666666854	5.653581276720476e-07
     8.154000000000188	5.653581276720476e-07
     8.154333333333522	5.653581276720476e-07
     8.154666666666856	5.653581276720476e-07
     8.155000000000189	5.653581276720476e-07
     8.155333333333523	5.653581276720476e-07
     8.155666666666857	5.653581276720476e-07
     8.156000000000191	5.653581276720476e-07
     8.156333333333524	5.653581276720476e-07
     8.156666666666858	5.653581276720476e-07
     8.157000000000192	5.653581276720476e-07
     8.157333333333526	5.653581276720476e-07
     8.157666666666859	5.653581276720476e-07
     8.158000000000193	5.653581276720476e-07
     8.158333333333527	5.653581276720476e-07
     8.158666666666861	5.653581276720476e-07
     8.159000000000194	5.653581276720476e-07
     8.159333333333528	5.653581276720476e-07
     8.159666666666862	5.653581276720476e-07
     8.160000000000196	5.653581276720476e-07
     8.160333333333529	5.653581276720476e-07
     8.160666666666863	5.653581276720476e-07
     8.161000000000197	5.653581276720476e-07
     8.161333333333531	5.653581276720476e-07
     8.161666666666864	5.653581276720476e-07
     8.162000000000198	5.653581276720476e-07
     8.162333333333532	5.653581276720476e-07
     8.162666666666865	5.653581276720476e-07
     8.163000000000199	5.653581276720476e-07
     8.163333333333533	5.653581276720476e-07
     8.163666666666867	5.653581276720476e-07
       8.1640000000002	5.653581276720476e-07
     8.164333333333534	5.653581276720476e-07
     8.164666666666868	5.653581276720476e-07
     8.165000000000202	5.653581276720476e-07
     8.165333333333535	5.653581276720476e-07
     8.165666666666869	5.653581276720476e-07
     8.166000000000203	5.653581276720476e-07
     8.166333333333537	5.653581276720476e-07
      8.16666666666687	5.653581276720476e-07
     8.167000000000204	5.653581276720476e-07
     8.167333333333538	5.653581276720476e-07
     8.167666666666872	5.653581276720476e-07
     8.168000000000205	5.653581276720476e-07
     8.168333333333539	5.653581276720476e-07
     8.168666666666873	5.653581276720476e-07
     8.169000000000207	5.653581276720476e-07
      8.16933333333354	5.653581276720476e-07
     8.169666666666874	5.653581276720476e-07
     8.170000000000208	5.653581276720476e-07
     8.170333333333542	5.653581276720476e-07
     8.170666666666875	5.653581276720476e-07
     8.171000000000209	5.653581276720476e-07
     8.171333333333543	5.653581276720476e-07
     8.171666666666876	5.653581276720476e-07
      8.17200000000021	5.653581276720476e-07
     8.172333333333544	5.653581276720476e-07
     8.172666666666878	5.653581276720476e-07
     8.173000000000211	5.653581276720476e-07
     8.173333333333545	5.653581276720476e-07
     8.173666666666879	5.653581276720476e-07
     8.174000000000213	5.653581276720476e-07
     8.174333333333546	5.653581276720476e-07
      8.17466666666688	5.653581276720476e-07
     8.175000000000214	5.653581276720476e-07
     8.175333333333548	5.653581276720476e-07
     8.175666666666881	5.653581276720476e-07
     8.176000000000215	5.653581276720476e-07
     8.176333333333549	5.653581276720476e-07
     8.176666666666883	5.653581276720476e-07
     8.177000000000216	5.653581276720476e-07
      8.17733333333355	5.653581276720476e-07
     8.177666666666884	5.653581276720476e-07
     8.178000000000218	5.653581276720476e-07
     8.178333333333551	5.653581276720476e-07
     8.178666666666885	5.653581276720476e-07
     8.179000000000219	5.653581276720476e-07
     8.179333333333553	5.653581276720476e-07
     8.179666666666886	5.653581276720476e-07
      8.18000000000022	5.653581276720476e-07
     8.180333333333554	5.653581276720476e-07
     8.180666666666887	5.653581276720476e-07
     8.181000000000221	5.653581276720476e-07
     8.181333333333555	5.653581276720476e-07
     8.181666666666889	5.653581276720476e-07
     8.182000000000222	5.653581276720476e-07
     8.182333333333556	5.653581276720476e-07
      8.18266666666689	5.653581276720476e-07
     8.183000000000224	5.653581276720476e-07
     8.183333333333557	5.653581276720476e-07
     8.183666666666891	5.653581276720476e-07
     8.184000000000225	5.653581276720476e-07
     8.184333333333559	5.653581276720476e-07
     8.184666666666892	5.653581276720476e-07
     8.185000000000226	5.653581276720476e-07
      8.18533333333356	5.653581276720476e-07
     8.185666666666894	5.653581276720476e-07
     8.186000000000227	5.653581276720476e-07
     8.186333333333561	5.653581276720476e-07
     8.186666666666895	5.653581276720476e-07
     8.187000000000229	5.653581276720476e-07
     8.187333333333562	5.653581276720476e-07
     8.187666666666896	5.653581276720476e-07
      8.18800000000023	5.653581276720476e-07
     8.188333333333564	5.653581276720476e-07
     8.188666666666897	5.653581276720476e-07
     8.189000000000231	5.653581276720476e-07
     8.189333333333565	5.653581276720476e-07
     8.189666666666898	5.653581276720476e-07
     8.190000000000232	5.653581276720476e-07
     8.190333333333566	5.653581276720476e-07
       8.1906666666669	5.653581276720476e-07
     8.191000000000233	5.653581276720476e-07
     8.191333333333567	5.653581276720476e-07
     8.191666666666901	5.653581276720476e-07
     8.192000000000235	5.653581276720476e-07
     8.192333333333568	5.653581276720476e-07
     8.192666666666902	5.653581276720476e-07
     8.193000000000236	5.653581276720476e-07
      8.19333333333357	5.653581276720476e-07
     8.193666666666903	5.653581276720476e-07
     8.194000000000237	5.653581276720476e-07
     8.194333333333571	5.653581276720476e-07
     8.194666666666905	5.653581276720476e-07
     8.195000000000238	5.653581276720476e-07
     8.195333333333572	5.653581276720476e-07
     8.195666666666906	5.653581276720476e-07
      8.19600000000024	5.653581276720476e-07
     8.196333333333573	5.653581276720476e-07
     8.196666666666907	5.653581276720476e-07
     8.197000000000241	5.653581276720476e-07
     8.197333333333575	5.653581276720476e-07
     8.197666666666908	5.653581276720476e-07
     8.198000000000242	5.653581276720476e-07
     8.198333333333576	5.653581276720476e-07
     8.198666666666909	5.653581276720476e-07
     8.199000000000243	5.653581276720476e-07
     8.199333333333577	5.653581276720476e-07
     8.199666666666911	5.653581276720476e-07
     8.200000000000244	5.653581276720476e-07
     8.200333333333578	5.653581276720476e-07
     8.200666666666912	5.653581276720476e-07
     8.201000000000246	5.653581276720476e-07
     8.201333333333579	5.653581276720476e-07
     8.201666666666913	5.653581276720476e-07
     8.202000000000247	5.653581276720476e-07
     8.202333333333581	5.653581276720476e-07
     8.202666666666914	5.653581276720476e-07
     8.203000000000248	5.653581276720476e-07
     8.203333333333582	5.653581276720476e-07
     8.203666666666916	5.653581276720476e-07
     8.204000000000249	5.653581276720476e-07
     8.204333333333583	5.653581276720476e-07
     8.204666666666917	5.653581276720476e-07
     8.205000000000251	5.653581276720476e-07
     8.205333333333584	5.653581276720476e-07
     8.205666666666918	5.653581276720476e-07
     8.206000000000252	5.653581276720476e-07
     8.206333333333586	5.653581276720476e-07
     8.206666666666919	5.653581276720476e-07
     8.207000000000253	5.653581276720476e-07
     8.207333333333587	5.653581276720476e-07
      8.20766666666692	5.653581276720476e-07
     8.208000000000254	5.653581276720476e-07
     8.208333333333588	5.653581276720476e-07
     8.208666666666922	5.653581276720476e-07
     8.209000000000255	5.653581276720476e-07
     8.209333333333589	5.653581276720476e-07
     8.209666666666923	5.653581276720476e-07
     8.210000000000257	5.653581276720476e-07
      8.21033333333359	5.653581276720476e-07
     8.210666666666924	5.653581276720476e-07
     8.211000000000258	5.653581276720476e-07
     8.211333333333592	5.653581276720476e-07
     8.211666666666925	5.653581276720476e-07
     8.212000000000259	5.653581276720476e-07
     8.212333333333593	5.653581276720476e-07
     8.212666666666927	5.653581276720476e-07
      8.21300000000026	5.653581276720476e-07
     8.213333333333594	5.653581276720476e-07
     8.213666666666928	5.653581276720476e-07
     8.214000000000262	5.653581276720476e-07
     8.214333333333595	5.653581276720476e-07
     8.214666666666929	5.653581276720476e-07
     8.215000000000263	5.653581276720476e-07
     8.215333333333596	5.653581276720476e-07
      8.21566666666693	5.653581276720476e-07
     8.216000000000264	5.653581276720476e-07
     8.216333333333598	5.653581276720476e-07
     8.216666666666931	5.653581276720476e-07
     8.217000000000265	5.653581276720476e-07
     8.217333333333599	5.653581276720476e-07
     8.217666666666933	5.653581276720476e-07
     8.218000000000266	5.653581276720476e-07
       8.2183333333336	5.653581276720476e-07
     8.218666666666934	5.653581276720476e-07
     8.219000000000268	5.653581276720476e-07
     8.219333333333601	5.653581276720476e-07
     8.219666666666935	5.653581276720476e-07
     8.220000000000269	5.653581276720476e-07
     8.220333333333603	5.653581276720476e-07
     8.220666666666936	5.653581276720476e-07
      8.22100000000027	5.653581276720476e-07
     8.221333333333604	5.653581276720476e-07
     8.221666666666938	5.653581276720476e-07
     8.222000000000271	5.653581276720476e-07
     8.222333333333605	5.653581276720476e-07
     8.222666666666939	5.653581276720476e-07
     8.223000000000273	5.653581276720476e-07
     8.223333333333606	5.653581276720476e-07
      8.22366666666694	5.653581276720476e-07
     8.224000000000274	5.653581276720476e-07
     8.224333333333607	5.653581276720476e-07
     8.224666666666941	5.653581276720476e-07
     8.225000000000275	5.653581276720476e-07
     8.225333333333609	5.653581276720476e-07
     8.225666666666942	5.653581276720476e-07
     8.226000000000276	5.653581276720476e-07
      8.22633333333361	5.653581276720476e-07
     8.226666666666944	5.653581276720476e-07
     8.227000000000277	5.653581276720476e-07
     8.227333333333611	5.653581276720476e-07
     8.227666666666945	5.653581276720476e-07
     8.228000000000279	5.653581276720476e-07
     8.228333333333612	5.653581276720476e-07
     8.228666666666946	5.653581276720476e-07
      8.22900000000028	5.653581276720476e-07
     8.229333333333614	5.653581276720476e-07
     8.229666666666947	5.653581276720476e-07
     8.230000000000281	5.653581276720476e-07
     8.230333333333615	5.653581276720476e-07
     8.230666666666949	5.653581276720476e-07
     8.231000000000282	5.653581276720476e-07
     8.231333333333616	5.653581276720476e-07
      8.23166666666695	5.653581276720476e-07
     8.232000000000284	5.653581276720476e-07
     8.232333333333617	5.653581276720476e-07
     8.232666666666951	5.653581276720476e-07
     8.233000000000285	5.653581276720476e-07
     8.233333333333618	5.653581276720476e-07
     8.233666666666952	5.653581276720476e-07
     8.234000000000286	5.653581276720476e-07
      8.23433333333362	5.653581276720476e-07
     8.234666666666953	5.653581276720476e-07
     8.235000000000287	5.653581276720476e-07
     8.235333333333621	5.653581276720476e-07
     8.235666666666955	5.653581276720476e-07
     8.236000000000288	5.653581276720476e-07
     8.236333333333622	5.653581276720476e-07
     8.236666666666956	5.653581276720476e-07
      8.23700000000029	5.653581276720476e-07
     8.237333333333623	5.653581276720476e-07
     8.237666666666957	5.653581276720476e-07
     8.238000000000291	5.653581276720476e-07
     8.238333333333625	5.653581276720476e-07
     8.238666666666958	5.653581276720476e-07
     8.239000000000292	5.653581276720476e-07
     8.239333333333626	5.653581276720476e-07
      8.23966666666696	5.653581276720476e-07
     8.240000000000293	5.653581276720476e-07
     8.240333333333627	5.653581276720476e-07
     8.240666666666961	5.653581276720476e-07
     8.241000000000295	5.653581276720476e-07
     8.241333333333628	5.653581276720476e-07
     8.241666666666962	5.653581276720476e-07
     8.242000000000296	5.653581276720476e-07
     8.242333333333629	5.653581276720476e-07
     8.242666666666963	5.653581276720476e-07
     8.243000000000297	5.653581276720476e-07
     8.243333333333631	5.653581276720476e-07
     8.243666666666964	5.653581276720476e-07
     8.244000000000298	5.653581276720476e-07
     8.244333333333632	5.653581276720476e-07
     8.244666666666966	5.653581276720476e-07
     8.245000000000299	5.653581276720476e-07
     8.245333333333633	5.653581276720476e-07
     8.245666666666967	5.653581276720476e-07
     8.246000000000301	5.653581276720476e-07
     8.246333333333634	5.653581276720476e-07
     8.246666666666968	5.653581276720476e-07
     8.247000000000302	5.653581276720476e-07
     8.247333333333636	5.653581276720476e-07
     8.247666666666969	5.653581276720476e-07
     8.248000000000303	5.653581276720476e-07
     8.248333333333637	5.653581276720476e-07
     8.248666666666971	5.653581276720476e-07
     8.249000000000304	5.653581276720476e-07
     8.249333333333638	5.653581276720476e-07
     8.249666666666972	5.653581276720476e-07
     8.250000000000306	5.653581276720476e-07
     8.250333333333639	5.653581276720476e-07
     8.250666666666973	5.653581276720476e-07
     8.251000000000307	5.653581276720476e-07
      8.25133333333364	5.653581276720476e-07
     8.251666666666974	5.653581276720476e-07
     8.252000000000308	5.653581276720476e-07
     8.252333333333642	5.653581276720476e-07
     8.252666666666975	5.653581276720476e-07
     8.253000000000309	5.653581276720476e-07
     8.253333333333643	5.653581276720476e-07
     8.253666666666977	5.653581276720476e-07
      8.25400000000031	5.653581276720476e-07
     8.254333333333644	5.653581276720476e-07
     8.254666666666978	5.653581276720476e-07
     8.255000000000312	5.653581276720476e-07
     8.255333333333645	5.653581276720476e-07
     8.255666666666979	5.653581276720476e-07
     8.256000000000313	5.653581276720476e-07
     8.256333333333647	5.653581276720476e-07
      8.25666666666698	5.653581276720476e-07
     8.257000000000314	5.653581276720476e-07
     8.257333333333648	5.653581276720476e-07
     8.257666666666982	5.653581276720476e-07
     8.258000000000315	5.653581276720476e-07
     8.258333333333649	5.653581276720476e-07
     8.258666666666983	5.653581276720476e-07
     8.259000000000317	5.653581276720476e-07
      8.25933333333365	5.653581276720476e-07
     8.259666666666984	5.653581276720476e-07
     8.260000000000318	5.653581276720476e-07
     8.260333333333651	5.653581276720476e-07
     8.260666666666985	5.653581276720476e-07
     8.261000000000319	5.653581276720476e-07
     8.261333333333653	5.653581276720476e-07
     8.261666666666986	5.653581276720476e-07
      8.26200000000032	5.653581276720476e-07
     8.262333333333654	5.653581276720476e-07
     8.262666666666988	5.653581276720476e-07
     8.263000000000321	5.653581276720476e-07
     8.263333333333655	5.653581276720476e-07
     8.263666666666989	5.653581276720476e-07
     8.264000000000323	5.653581276720476e-07
     8.264333333333656	5.653581276720476e-07
      8.26466666666699	5.653581276720476e-07
     8.265000000000324	5.653581276720476e-07
     8.265333333333658	5.653581276720476e-07
     8.265666666666991	5.653581276720476e-07
     8.266000000000325	5.653581276720476e-07
     8.266333333333659	5.653581276720476e-07
     8.266666666666993	5.653581276720476e-07
     8.267000000000326	5.653581276720476e-07
      8.26733333333366	5.653581276720476e-07
     8.267666666666994	5.653581276720476e-07
     8.268000000000328	5.653581276720476e-07
     8.268333333333661	5.653581276720476e-07
     8.268666666666995	5.653581276720476e-07
     8.269000000000329	5.653581276720476e-07
     8.269333333333662	5.653581276720476e-07
     8.269666666666996	5.653581276720476e-07
      8.27000000000033	5.653581276720476e-07
     8.270333333333664	5.653581276720476e-07
     8.270666666666997	5.653581276720476e-07
     8.271000000000331	5.653581276720476e-07
     8.271333333333665	5.653581276720476e-07
     8.271666666666999	5.653581276720476e-07
     8.272000000000332	5.653581276720476e-07
     8.272333333333666	5.653581276720476e-07
        8.272666666667	5.653581276720476e-07
     8.273000000000334	5.653581276720476e-07
     8.273333333333667	5.653581276720476e-07
     8.273666666667001	5.653581276720476e-07
     8.274000000000335	5.653581276720476e-07
     8.274333333333669	5.653581276720476e-07
     8.274666666667002	5.653581276720476e-07
     8.275000000000336	5.653581276720476e-07
      8.27533333333367	5.653581276720476e-07
     8.275666666667004	5.653581276720476e-07
     8.276000000000337	5.653581276720476e-07
     8.276333333333671	5.653581276720476e-07

     9.000333333333334	6.656546964898223e-07
     9.000666666666667	6.656546964898223e-07
     9.001000000000001	6.656546964898223e-07
     9.001333333333335	6.656546964898223e-07
     9.001666666666669	6.656546964898223e-07
     9.002000000000002	6.656546964898223e-07
     9.002333333333336	6.656546964898223e-07
      9.00266666666667	6.656546964898223e-07
     9.003000000000004	6.656546964898223e-07
     9.003333333333337	6.656546964898223e-07
     9.003666666666671	6.656546964898223e-07
     9.004000000000005	6.656546964898223e-07
     9.004333333333339	6.656546964898223e-07
     9.004666666666672	6.656546964898223e-07
     9.005000000000006	6.656546964898223e-07
      9.00533333333334	6.656546964898223e-07
     9.005666666666674	6.656546964898223e-07
     9.006000000000007	6.656546964898223e-07
     9.006333333333341	6.656546964898223e-07
     9.006666666666675	6.656546964898223e-07
     9.007000000000009	6.656546964898223e-07
     9.007333333333342	6.656546964898223e-07
     9.007666666666676	6.656546964898223e-07
      9.00800000000001	6.656546964898223e-07
     9.008333333333344	6.656546964898223e-07
     9.008666666666677	6.656546964898223e-07
     9.009000000000011	6.656546964898223e-07
     9.009333333333345	6.656546964898223e-07
     9.009666666666678	6.656546964898223e-07
     9.010000000000012	6.656546964898223e-07
     9.010333333333346	6.656546964898223e-07
      9.01066666666668	6.656546964898223e-07
     9.011000000000013	6.656546964898223e-07
     9.011333333333347	6.656546964898223e-07
     9.011666666666681	6.656546964898223e-07
     9.012000000000015	6.656546964898223e-07
     9.012333333333348	6.656546964898223e-07
     9.012666666666682	6.656546964898223e-07
     9.013000000000016	6.656546964898223e-07
      9.01333333333335	6.656546964898223e-07
     9.013666666666683	6.656546964898223e-07
     9.014000000000017	6.656546964898223e-07
     9.014333333333351	6.656546964898223e-07
     9.014666666666685	6.656546964898223e-07
     9.015000000000018	6.656546964898223e-07
     9.015333333333352	6.656546964898223e-07
     9.015666666666686	6.656546964898223e-07
      9.01600000000002	6.656546964898223e-07
     9.016333333333353	6.656546964898223e-07
     9.016666666666687	6.656546964898223e-07
     9.017000000000021	6.656546964898223e-07
     9.017333333333355	6.656546964898223e-07
     9.017666666666688	6.656546964898223e-07
     9.018000000000022	6.656546964898223e-07
     9.018333333333356	6.656546964898223e-07
     9.018666666666689	6.656546964898223e-07
     9.019000000000023	6.656546964898223e-07
     9.019333333333357	6.656546964898223e-07
     9.019666666666691	6.656546964898223e-07
     9.020000000000024	6.656546964898223e-07
     9.020333333333358	6.656546964898223e-07
     9.020666666666692	6.656546964898223e-07
     9.021000000000026	6.656546964898223e-07
     9.021333333333359	6.656546964898223e-07
     9.021666666666693	6.656546964898223e-07
     9.022000000000027	6.656546964898223e-07
     9.022333333333361	6.656546964898223e-07
     9.022666666666694	6.656546964898223e-07
     9.023000000000028	6.656546964898223e-07
     9.023333333333362	6.656546964898223e-07
     9.023666666666696	6.656546964898223e-07
     9.024000000000029	6.656546964898223e-07
     9.024333333333363	6.656546964898223e-07
     9.024666666666697	6.656546964898223e-07
     9.025000000000031	6.656546964898223e-07
     9.025333333333364	6.656546964898223e-07
     9.025666666666698	6.656546964898223e-07
     9.026000000000032	6.656546964898223e-07
     9.026333333333366	6.656546964898223e-07
     9.026666666666699	6.656546964898223e-07
     9.027000000000033	6.656546964898223e-07
     9.027333333333367	6.656546964898223e-07
       9.0276666666667	6.656546964898223e-07
     9.028000000000034	6.656546964898223e-07
     9.028333333333368	6.656546964898223e-07
     9.028666666666702	6.656546964898223e-07
     9.029000000000035	6.656546964898223e-07
     9.029333333333369	6.656546964898223e-07
     9.029666666666703	6.656546964898223e-07
     9.030000000000037	6.656546964898223e-07
      9.03033333333337	6.656546964898223e-07
     9.030666666666704	6.656546964898223e-07
     9.031000000000038	6.656546964898223e-07
     9.031333333333372	6.656546964898223e-07
     9.031666666666705	6.656546964898223e-07
     9.032000000000039	6.656546964898223e-07
     9.032333333333373	6.656546964898223e-07
     9.032666666666707	6.656546964898223e-07
      9.03300000000004	6.656546964898223e-07
     9.033333333333374	6.656546964898223e-07
     9.033666666666708	6.656546964898223e-07
     9.034000000000042	6.656546964898223e-07
     9.034333333333375	6.656546964898223e-07
     9.034666666666709	6.656546964898223e-07
     9.035000000000043	6.656546964898223e-07
     9.035333333333377	6.656546964898223e-07
      9.03566666666671	6.656546964898223e-07
     9.036000000000044	6.656546964898223e-07
     9.036333333333378	6.656546964898223e-07
     9.036666666666711	6.656546964898223e-07
     9.037000000000045	6.656546964898223e-07
     9.037333333333379	6.656546964898223e-07
     9.037666666666713	6.656546964898223e-07
     9.038000000000046	6.656546964898223e-07
      9.03833333333338	6.656546964898223e-07
     9.038666666666714	6.656546964898223e-07
     9.039000000000048	6.656546964898223e-07
     9.039333333333381	6.656546964898223e-07
     9.039666666666715	6.656546964898223e-07
     9.040000000000049	6.656546964898223e-07
     9.040333333333383	6.656546964898223e-07
     9.040666666666716	6.656546964898223e-07
      9.04100000000005	6.656546964898223e-07
     9.041333333333384	6.656546964898223e-07
     9.041666666666718	6.656546964898223e-07
     9.042000000000051	6.656546964898223e-07
     9.042333333333385	6.656546964898223e-07
     9.042666666666719	6.656546964898223e-07
     9.043000000000053	6.656546964898223e-07
     9.043333333333386	6.656546964898223e-07
      9.04366666666672	6.656546964898223e-07
     9.044000000000054	6.656546964898223e-07
     9.044333333333388	6.656546964898223e-07
     9.044666666666721	6.656546964898223e-07
     9.045000000000055	6.656546964898223e-07
     9.045333333333389	6.656546964898223e-07
     9.045666666666722	6.656546964898223e-07
     9.046000000000056	6.656546964898223e-07
      9.04633333333339	6.656546964898223e-07
     9.046666666666724	6.656546964898223e-07
     9.047000000000057	6.656546964898223e-07
     9.047333333333391	6.656546964898223e-07
     9.047666666666725	6.656546964898223e-07
     9.048000000000059	6.656546964898223e-07
     9.048333333333392	6.656546964898223e-07
     9.048666666666726	6.656546964898223e-07
      9.04900000000006	6.656546964898223e-07
     9.049333333333394	6.656546964898223e-07
     9.049666666666727	6.656546964898223e-07
     9.050000000000061	6.656546964898223e-07
     9.050333333333395	6.656546964898223e-07
     9.050666666666729	6.656546964898223e-07
     9.051000000000062	6.656546964898223e-07
     9.051333333333396	6.656546964898223e-07
      9.05166666666673	6.656546964898223e-07
     9.052000000000064	6.656546964898223e-07
     9.052333333333397	6.656546964898223e-07
     9.052666666666731	6.656546964898223e-07
     9.053000000000065	6.656546964898223e-07
     9.053333333333399	6.656546964898223e-07
     9.053666666666732	6.656546964898223e-07
     9.054000000000066	6.656546964898223e-07
       9.0543333333334	6.656546964898223e-07
     9.054666666666733	6.656546964898223e-07
     9.055000000000067	6.656546964898223e-07
     9.055333333333401	6.656546964898223e-07
     9.055666666666735	6.656546964898223e-07
     9.056000000000068	6.656546964898223e-07
     9.056333333333402	6.656546964898223e-07
     9.056666666666736	6.656546964898223e-07
      9.05700000000007	6.656546964898223e-07
     9.057333333333403	6.656546964898223e-07
     9.057666666666737	6.656546964898223e-07
     9.058000000000071	6.656546964898223e-07
     9.058333333333405	6.656546964898223e-07
     9.058666666666738	6.656546964898223e-07
     9.059000000000072	6.656546964898223e-07
     9.059333333333406	6.656546964898223e-07
      9.05966666666674	6.656546964898223e-07
     9.060000000000073	6.656546964898223e-07
     9.060333333333407	6.656546964898223e-07
     9.060666666666741	6.656546964898223e-07
     9.061000000000075	6.656546964898223e-07
     9.061333333333408	6.656546964898223e-07
     9.061666666666742	6.656546964898223e-07
     9.062000000000076	6.656546964898223e-07
      9.06233333333341	6.656546964898223e-07
     9.062666666666743	6.656546964898223e-07
     9.063000000000077	6.656546964898223e-07
     9.063333333333411	6.656546964898223e-07
     9.063666666666744	6.656546964898223e-07
     9.064000000000078	6.656546964898223e-07
     9.064333333333412	6.656546964898223e-07
     9.064666666666746	6.656546964898223e-07
     9.065000000000079	6.656546964898223e-07
     9.065333333333413	6.656546964898223e-07
     9.065666666666747	6.656546964898223e-07
     9.066000000000081	6.656546964898223e-07
     9.066333333333414	6.656546964898223e-07
     9.066666666666748	6.656546964898223e-07
     9.067000000000082	6.656546964898223e-07
     9.067333333333416	6.656546964898223e-07
     9.067666666666749	6.656546964898223e-07
     9.068000000000083	6.656546964898223e-07
     9.068333333333417	6.656546964898223e-07
     9.068666666666751	6.656546964898223e-07
     9.069000000000084	6.656546964898223e-07
     9.069333333333418	6.656546964898223e-07
     9.069666666666752	6.656546964898223e-07
     9.070000000000086	6.656546964898223e-07
     9.070333333333419	6.656546964898223e-07
     9.070666666666753	6.656546964898223e-07
     9.071000000000087	6.656546964898223e-07
     9.071333333333421	6.656546964898223e-07
     9.071666666666754	6.656546964898223e-07
     9.072000000000088	6.656546964898223e-07
     9.072333333333422	6.656546964898223e-07
     9.072666666666755	6.656546964898223e-07
     9.073000000000089	6.656546964898223e-07
     9.073333333333423	6.656546964898223e-07
     9.073666666666757	6.656546964898223e-07
      9.07400000000009	6.656546964898223e-07
     9.074333333333424	6.656546964898223e-07
     9.074666666666758	6.656546964898223e-07
     9.075000000000092	6.656546964898223e-07
     9.075333333333425	6.656546964898223e-07
     9.075666666666759	6.656546964898223e-07
     9.076000000000093	6.656546964898223e-07
     9.076333333333427	6.656546964898223e-07
      9.07666666666676	6.656546964898223e-07
     9.077000000000094	6.656546964898223e-07
     9.077333333333428	6.656546964898223e-07
     9.077666666666762	6.656546964898223e-07
     9.078000000000095	6.656546964898223e-07
     9.078333333333429	6.656546964898223e-07
     9.078666666666763	6.656546964898223e-07
     9.079000000000097	6.656546964898223e-07
      9.07933333333343	6.656546964898223e-07
     9.079666666666764	6.656546964898223e-07
     9.080000000000098	6.656546964898223e-07
     9.080333333333432	6.656546964898223e-07
     9.080666666666765	6.656546964898223e-07
     9.081000000000099	6.656546964898223e-07
     9.081333333333433	6.656546964898223e-07
     9.081666666666766	6.656546964898223e-07
       9.0820000000001	6.656546964898223e-07
     9.082333333333434	6.656546964898223e-07
     9.082666666666768	6.656546964898223e-07
     9.083000000000101	6.656546964898223e-07
     9.083333333333435	6.656546964898223e-07
     9.083666666666769	6.656546964898223e-07
     9.084000000000103	6.656546964898223e-07
     9.084333333333436	6.656546964898223e-07
      9.08466666666677	6.656546964898223e-07
     9.085000000000104	6.656546964898223e-07
     9.085333333333438	6.656546964898223e-07
     9.085666666666771	6.656546964898223e-07
     9.086000000000105	6.656546964898223e-07
     9.086333333333439	6.656546964898223e-07
     9.086666666666773	6.656546964898223e-07
     9.087000000000106	6.656546964898223e-07
      9.08733333333344	6.656546964898223e-07
     9.087666666666774	6.656546964898223e-07
     9.088000000000108	6.656546964898223e-07
     9.088333333333441	6.656546964898223e-07
     9.088666666666775	6.656546964898223e-07
     9.089000000000109	6.656546964898223e-07
     9.089333333333443	6.656546964898223e-07
     9.089666666666776	6.656546964898223e-07
      9.09000000000011	6.656546964898223e-07
     9.090333333333444	6.656546964898223e-07
     9.090666666666777	6.656546964898223e-07
     9.091000000000111	6.656546964898223e-07
     9.091333333333445	6.656546964898223e-07
     9.091666666666779	6.656546964898223e-07
     9.092000000000112	6.656546964898223e-07
     9.092333333333446	6.656546964898223e-07
      9.09266666666678	6.656546964898223e-07
     9.093000000000114	6.656546964898223e-07
     9.093333333333447	6.656546964898223e-07
     9.093666666666781	6.656546964898223e-07
     9.094000000000115	6.656546964898223e-07
     9.094333333333449	6.656546964898223e-07
     9.094666666666782	6.656546964898223e-07
     9.095000000000116	6.656546964898223e-07
      9.09533333333345	6.656546964898223e-07
     9.095666666666784	6.656546964898223e-07
     9.096000000000117	6.656546964898223e-07
     9.096333333333451	6.656546964898223e-07
     9.096666666666785	6.656546964898223e-07
     9.097000000000119	6.656546964898223e-07
     9.097333333333452	6.656546964898223e-07
     9.097666666666786	6.656546964898223e-07
      9.09800000000012	6.656546964898223e-07
     9.098333333333454	6.656546964898223e-07
     9.098666666666787	6.656546964898223e-07
     9.099000000000121	6.656546964898223e-07
     9.099333333333455	6.656546964898223e-07
     9.099666666666788	6.656546964898223e-07
     9.100000000000122	6.656546964898223e-07
     9.100333333333456	6.656546964898223e-07
      9.10066666666679	6.656546964898223e-07
     9.101000000000123	6.656546964898223e-07
     9.101333333333457	6.656546964898223e-07
     9.101666666666791	6.656546964898223e-07
     9.102000000000125	6.656546964898223e-07
     9.102333333333458	6.656546964898223e-07
     9.102666666666792	6.656546964898223e-07
     9.103000000000126	6.656546964898223e-07
      9.10333333333346	6.656546964898223e-07
     9.103666666666793	6.656546964898223e-07
     9.104000000000127	6.656546964898223e-07
     9.104333333333461	6.656546964898223e-07
     9.104666666666795	6.656546964898223e-07
     9.105000000000128	6.656546964898223e-07
     9.105333333333462	6.656546964898223e-07
     9.105666666666796	6.656546964898223e-07
      9.10600000000013	6.656546964898223e-07
     9.106333333333463	6.656546964898223e-07
     9.106666666666797	6.656546964898223e-07
     9.107000000000131	6.656546964898223e-07
     9.107333333333465	6.656546964898223e-07
     9.107666666666798	6.656546964898223e-07
     9.108000000000132	6.656546964898223e-07
     9.108333333333466	6.656546964898223e-07
     9.108666666666799	6.656546964898223e-07
     9.109000000000133	6.656546964898223e-07
     9.109333333333467	6.656546964898223e-07
     9.109666666666801	6.656546964898223e-07
     9.110000000000134	6.656546964898223e-07
     9.110333333333468	6.656546964898223e-07
     9.110666666666802	6.656546964898223e-07
     9.111000000000136	6.656546964898223e-07
     9.111333333333469	6.656546964898223e-07
     9.111666666666803	6.656546964898223e-07
     9.112000000000137	6.656546964898223e-07
     9.112333333333471	6.656546964898223e-07
     9.112666666666804	6.656546964898223e-07
     9.113000000000138	6.656546964898223e-07
     9.113333333333472	6.656546964898223e-07
     9.113666666666806	6.656546964898223e-07
     9.114000000000139	6.656546964898223e-07
     9.114333333333473	6.656546964898223e-07
     9.114666666666807	6.656546964898223e-07
     9.115000000000141	6.656546964898223e-07
     9.115333333333474	6.656546964898223e-07
     9.115666666666808	6.656546964898223e-07
     9.116000000000142	6.656546964898223e-07
     9.116333333333476	6.656546964898223e-07
     9.116666666666809	6.656546964898223e-07
     9.117000000000143	6.656546964898223e-07
     9.117333333333477	6.656546964898223e-07
      9.11766666666681	6.656546964898223e-07
     9.118000000000144	6.656546964898223e-07
     9.118333333333478	6.656546964898223e-07
     9.118666666666812	6.656546964898223e-07
     9.119000000000145	6.656546964898223e-07
     9.119333333333479	6.656546964898223e-07
     9.119666666666813	6.656546964898223e-07
     9.120000000000147	6.656546964898223e-07
      9.12033333333348	6.656546964898223e-07
     9.120666666666814	6.656546964898223e-07
     9.121000000000148	6.656546964898223e-07
     9.121333333333482	6.656546964898223e-07
     9.121666666666815	6.656546964898223e-07
     9.122000000000149	6.656546964898223e-07
     9.122333333333483	6.656546964898223e-07
     9.122666666666817	6.656546964898223e-07
      9.12300000000015	6.656546964898223e-07
     9.123333333333484	6.656546964898223e-07
     9.123666666666818	6.656546964898223e-07
     9.124000000000152	6.656546964898223e-07
     9.124333333333485	6.656546964898223e-07
     9.124666666666819	6.656546964898223e-07
     9.125000000000153	6.656546964898223e-07
     9.125333333333487	6.656546964898223e-07
      9.12566666666682	6.656546964898223e-07
     9.126000000000154	6.656546964898223e-07
     9.126333333333488	6.656546964898223e-07
     9.126666666666821	6.656546964898223e-07
     9.127000000000155	6.656546964898223e-07
     9.127333333333489	6.656546964898223e-07
     9.127666666666823	6.656546964898223e-07
     9.128000000000156	6.656546964898223e-07
      9.12833333333349	6.656546964898223e-07
     9.128666666666824	6.656546964898223e-07
     9.129000000000158	6.656546964898223e-07
     9.129333333333491	6.656546964898223e-07
     9.129666666666825	6.656546964898223e-07
     9.130000000000159	6.656546964898223e-07
     9.130333333333493	6.656546964898223e-07
     9.130666666666826	6.656546964898223e-07
      9.13100000000016	6.656546964898223e-07
     9.131333333333494	6.656546964898223e-07
     9.131666666666828	6.656546964898223e-07
     9.132000000000161	6.656546964898223e-07
     9.132333333333495	6.656546964898223e-07
     9.132666666666829	6.656546964898223e-07
     9.133000000000163	6.656546964898223e-07
     9.133333333333496	6.656546964898223e-07
      9.13366666666683	6.656546964898223e-07
     9.134000000000164	6.656546964898223e-07
     9.134333333333498	6.656546964898223e-07
     9.134666666666831	6.656546964898223e-07
     9.135000000000165	6.656546964898223e-07
     9.135333333333499	6.656546964898223e-07
     9.135666666666832	6.656546964898223e-07
     9.136000000000166	6.656546964898223e-07
       9.1363333333335	6.656546964898223e-07
     9.136666666666834	6.656546964898223e-07
     9.137000000000167	6.656546964898223e-07
     9.137333333333501	6.656546964898223e-07
     9.137666666666835	6.656546964898223e-07
     9.138000000000169	6.656546964898223e-07
     9.138333333333502	6.656546964898223e-07
     9.138666666666836	6.656546964898223e-07
      9.13900000000017	6.656546964898223e-07
     9.139333333333504	6.656546964898223e-07
     9.139666666666837	6.656546964898223e-07
     9.140000000000171	6.656546964898223e-07
     9.140333333333505	6.656546964898223e-07
     9.140666666666839	6.656546964898223e-07
     9.141000000000172	6.656546964898223e-07
     9.141333333333506	6.656546964898223e-07
      9.14166666666684	6.656546964898223e-07
     9.142000000000174	6.656546964898223e-07
     9.142333333333507	6.656546964898223e-07
     9.142666666666841	6.656546964898223e-07
     9.143000000000175	6.656546964898223e-07
     9.143333333333509	6.656546964898223e-07
     9.143666666666842	6.656546964898223e-07
     9.144000000000176	6.656546964898223e-07
      9.14433333333351	6.656546964898223e-07
     9.144666666666843	6.656546964898223e-07
     9.145000000000177	6.656546964898223e-07
     9.145333333333511	6.656546964898223e-07
     9.145666666666845	6.656546964898223e-07
     9.146000000000178	6.656546964898223e-07
     9.146333333333512	6.656546964898223e-07
     9.146666666666846	6.656546964898223e-07
      9.14700000000018	6.656546964898223e-07
     9.147333333333513	6.656546964898223e-07
     9.147666666666847	6.656546964898223e-07
     9.148000000000181	6.656546964898223e-07
     9.148333333333515	6.656546964898223e-07
     9.148666666666848	6.656546964898223e-07
     9.149000000000182	6.656546964898223e-07
     9.149333333333516	6.656546964898223e-07
      9.14966666666685	6.656546964898223e-07
     9.150000000000183	6.656546964898223e-07
     9.150333333333517	6.656546964898223e-07
     9.150666666666851	6.656546964898223e-07
     9.151000000000185	6.656546964898223e-07
     9.151333333333518	6.656546964898223e-07
     9.151666666666852	6.656546964898223e-07
     9.152000000000186	6.656546964898223e-07
      9.15233333333352	6.656546964898223e-07
     9.152666666666853	6.656546964898223e-07
     9.153000000000187	6.656546964898223e-07
     9.153333333333521	6.656546964898223e-07
     9.153666666666854	6.656546964898223e-07
     9.154000000000188	6.656546964898223e-07
     9.154333333333522	6.656546964898223e-07
     9.154666666666856	6.656546964898223e-07
     9.155000000000189	6.656546964898223e-07
     9.155333333333523	6.656546964898223e-07
     9.155666666666857	6.656546964898223e-07
     9.156000000000191	6.656546964898223e-07
     9.156333333333524	6.656546964898223e-07
     9.156666666666858	6.656546964898223e-07
     9.157000000000192	6.656546964898223e-07
     9.157333333333526	6.656546964898223e-07
     9.157666666666859	6.656546964898223e-07
     9.158000000000193	6.656546964898223e-07
     9.158333333333527	6.656546964898223e-07
     9.158666666666861	6.656546964898223e-07
     9.159000000000194	6.656546964898223e-07
     9.159333333333528	6.656546964898223e-07
     9.159666666666862	6.656546964898223e-07
     9.160000000000196	6.656546964898223e-07
     9.160333333333529	6.656546964898223e-07
     9.160666666666863	6.656546964898223e-07
     9.161000000000197	6.656546964898223e-07
     9.161333333333531	6.656546964898223e-07
     9.161666666666864	6.656546964898223e-07
     9.162000000000198	6.656546964898223e-07
     9.162333333333532	6.656546964898223e-07
     9.162666666666865	6.656546964898223e-07
     9.163000000000199	6.656546964898223e-07
     9.163333333333533	6.656546964898223e-07
     9.163666666666867	6.656546964898223e-07
       9.1640000000002	6.656546964898223e-07
     9.164333333333534	6.656546964898223e-07
     9.164666666666868	6.656546964898223e-07
     9.165000000000202	6.656546964898223e-07
     9.165333333333535	6.656546964898223e-07
     9.165666666666869	6.656546964898223e-07
     9.166000000000203	6.656546964898223e-07
     9.166333333333537	6.656546964898223e-07
      9.16666666666687	6.656546964898223e-07
     9.167000000000204	6.656546964898223e-07
     9.167333333333538	6.656546964898223e-07
     9.167666666666872	6.656546964898223e-07
     9.168000000000205	6.656546964898223e-07
     9.168333333333539	6.656546964898223e-07
     9.168666666666873	6.656546964898223e-07
     9.169000000000207	6.656546964898223e-07
      9.16933333333354	6.656546964898223e-07
     9.169666666666874	6.656546964898223e-07
     9.170000000000208	6.656546964898223e-07
     9.170333333333542	6.656546964898223e-07
     9.170666666666875	6.656546964898223e-07
     9.171000000000209	6.656546964898223e-07
     9.171333333333543	6.656546964898223e-07
     9.171666666666876	6.656546964898223e-07
      9.17200000000021	6.656546964898223e-07
     9.172333333333544	6.656546964898223e-07
     9.172666666666878	6.656546964898223e-07
     9.173000000000211	6.656546964898223e-07
     9.173333333333545	6.656546964898223e-07
     9.173666666666879	6.656546964898223e-07
     9.174000000000213	6.656546964898223e-07
     9.174333333333546	6.656546964898223e-07
      9.17466666666688	6.656546964898223e-07
     9.175000000000214	6.656546964898223e-07
     9.175333333333548	6.656546964898223e-07
     9.175666666666881	6.656546964898223e-07
     9.176000000000215	6.656546964898223e-07
     9.176333333333549	6.656546964898223e-07
     9.176666666666883	6.656546964898223e-07
     9.177000000000216	6.656546964898223e-07
      9.17733333333355	6.656546964898223e-07
     9.177666666666884	6.656546964898223e-07
     9.178000000000218	6.656546964898223e-07
     9.178333333333551	6.656546964898223e-07
     9.178666666666885	6.656546964898223e-07
     9.179000000000219	6.656546964898223e-07
     9.179333333333553	6.656546964898223e-07
     9.179666666666886	6.656546964898223e-07
      9.18000000000022	6.656546964898223e-07
     9.180333333333554	6.656546964898223e-07
     9.180666666666887	6.656546964898223e-07
     9.181000000000221	6.656546964898223e-07
     9.181333333333555	6.656546964898223e-07
     9.181666666666889	6.656546964898223e-07
     9.182000000000222	6.656546964898223e-07
     9.182333333333556	6.656546964898223e-07
      9.18266666666689	6.656546964898223e-07
     9.183000000000224	6.656546964898223e-07
     9.183333333333557	6.656546964898223e-07
     9.183666666666891	6.656546964898223e-07
     9.184000000000225	6.656546964898223e-07
     9.184333333333559	6.656546964898223e-07
     9.184666666666892	6.656546964898223e-07
     9.185000000000226	6.656546964898223e-07
      9.18533333333356	6.656546964898223e-07
     9.185666666666894	6.656546964898223e-07
     9.186000000000227	6.656546964898223e-07
     9.186333333333561	6.656546964898223e-07
     9.186666666666895	6.656546964898223e-07
     9.187000000000229	6.656546964898223e-07
     9.187333333333562	6.656546964898223e-07
     9.187666666666896	6.656546964898223e-07
      9.18800000000023	6.656546964898223e-07
     9.188333333333564	6.656546964898223e-07
     9.188666666666897	6.656546964898223e-07
     9.189000000000231	6.656546964898223e-07
     9.189333333333565	6.656546964898223e-07
     9.189666666666898	6.656546964898223e-07
     9.190000000000232	6.656546964898223e-07
     9.190333333333566	6.656546964898223e-07
       9.1906666666669	6.656546964898223e-07
     9.191000000000233	6.656546964898223e-07
     9.191333333333567	6.656546964898223e-07
     9.191666666666901	6.656546964898223e-07
     9.192000000000235	6.656546964898223e-07
     9.192333333333568	6.656546964898223e-07
     9.192666666666902	6.656546964898223e-07
     9.193000000000236	6.656546964898223e-07
      9.19333333333357	6.656546964898223e-07
     9.193666666666903	6.656546964898223e-07
     9.194000000000237	6.656546964898223e-07
     9.194333333333571	6.656546964898223e-07
     9.194666666666905	6.656546964898223e-07
     9.195000000000238	6.656546964898223e-07
     9.195333333333572	6.656546964898223e-07
     9.195666666666906	6.656546964898223e-07
      9.19600000000024	6.656546964898223e-07
     9.196333333333573	6.656546964898223e-07
     9.196666666666907	6.656546964898223e-07
     9.197000000000241	6.656546964898223e-07
     9.197333333333575	6.656546964898223e-07
     9.197666666666908	6.656546964898223e-07
     9.198000000000242	6.656546964898223e-07
     9.198333333333576	6.656546964898223e-07
     9.198666666666909	6.656546964898223e-07
     9.199000000000243	6.656546964898223e-07
     9.199333333333577	6.656546964898223e-07
     9.199666666666911	6.656546964898223e-07
     9.200000000000244	6.656546964898223e-07
     9.200333333333578	6.656546964898223e-07
     9.200666666666912	6.656546964898223e-07
     9.201000000000246	6.656546964898223e-07
     9.201333333333579	6.656546964898223e-07
     9.201666666666913	6.656546964898223e-07
     9.202000000000247	6.656546964898223e-07
     9.202333333333581	6.656546964898223e-07
     9.202666666666914	6.656546964898223e-07
     9.203000000000248	6.656546964898223e-07
     9.203333333333582	6.656546964898223e-07
     9.203666666666916	6.656546964898223e-07
     9.204000000000249	6.656546964898223e-07
     9.204333333333583	6.656546964898223e-07
     9.204666666666917	6.656546964898223e-07
     9.205000000000251	6.656546964898223e-07
     9.205333333333584	6.656546964898223e-07
     9.205666666666918	6.656546964898223e-07
     9.206000000000252	6.656546964898223e-07
     9.206333333333586	6.656546964898223e-07
     9.206666666666919	6.656546964898223e-07
     9.207000000000253	6.656546964898223e-07
     9.207333333333587	6.656546964898223e-07
      9.20766666666692	6.656546964898223e-07
     9.208000000000254	6.656546964898223e-07
     9.208333333333588	6.656546964898223e-07
     9.208666666666922	6.656546964898223e-07
     9.209000000000255	6.656546964898223e-07
     9.209333333333589	6.656546964898223e-07
     9.209666666666923	6.656546964898223e-07
     9.210000000000257	6.656546964898223e-07
      9.21033333333359	6.656546964898223e-07
     9.210666666666924	6.656546964898223e-07
     9.211000000000258	6.656546964898223e-07
     9.211333333333592	6.656546964898223e-07
     9.211666666666925	6.656546964898223e-07
     9.212000000000259	6.656546964898223e-07
     9.212333333333593	6.656546964898223e-07
     9.212666666666927	6.656546964898223e-07
      9.21300000000026	6.656546964898223e-07
     9.213333333333594	6.656546964898223e-07
     9.213666666666928	6.656546964898223e-07
     9.214000000000262	6.656546964898223e-07
     9.214333333333595	6.656546964898223e-07
     9.214666666666929	6.656546964898223e-07
     9.215000000000263	6.656546964898223e-07
     9.215333333333596	6.656546964898223e-07
      9.21566666666693	6.656546964898223e-07
     9.216000000000264	6.656546964898223e-07
     9.216333333333598	6.656546964898223e-07
     9.216666666666931	6.656546964898223e-07
     9.217000000000265	6.656546964898223e-07
     9.217333333333599	6.656546964898223e-07
     9.217666666666933	6.656546964898223e-07
     9.218000000000266	6.656546964898223e-07
       9.2183333333336	6.656546964898223e-07
     9.218666666666934	6.656546964898223e-07
     9.219000000000268	6.656546964898223e-07
     9.219333333333601	6.656546964898223e-07
     9.219666666666935	6.656546964898223e-07
     9.220000000000269	6.656546964898223e-07
     9.220333333333603	6.656546964898223e-07
     9.220666666666936	6.656546964898223e-07
      9.22100000000027	6.656546964898223e-07
     9.221333333333604	6.656546964898223e-07
     9.221666666666938	6.656546964898223e-07
     9.222000000000271	6.656546964898223e-07
     9.222333333333605	6.656546964898223e-07
     9.222666666666939	6.656546964898223e-07
     9.223000000000273	6.656546964898223e-07
     9.223333333333606	6.656546964898223e-07
      9.22366666666694	6.656546964898223e-07
     9.224000000000274	6.656546964898223e-07
     9.224333333333607	6.656546964898223e-07
     9.224666666666941	6.656546964898223e-07
     9.225000000000275	6.656546964898223e-07
     9.225333333333609	6.656546964898223e-07
     9.225666666666942	6.656546964898223e-07
     9.226000000000276	6.656546964898223e-07
      9.22633333333361	6.656546964898223e-07
     9.226666666666944	6.656546964898223e-07
     9.227000000000277	6.656546964898223e-07
     9.227333333333611	6.656546964898223e-07
     9.227666666666945	6.656546964898223e-07
     9.228000000000279	6.656546964898223e-07
     9.228333333333612	6.656546964898223e-07
     9.228666666666946	6.656546964898223e-07
      9.22900000000028	6.656546964898223e-07
     9.229333333333614	6.656546964898223e-07
     9.229666666666947	6.656546964898223e-07
     9.230000000000281	6.656546964898223e-07
     9.230333333333615	6.656546964898223e-07
     9.230666666666949	6.656546964898223e-07
     9.231000000000282	6.656546964898223e-07
     9.231333333333616	6.656546964898223e-07
      9.23166666666695	6.656546964898223e-07
     9.232000000000284	6.656546964898223e-07
     9.232333333333617	6.656546964898223e-07
     9.232666666666951	6.656546964898223e-07
     9.233000000000285	6.656546964898223e-07
     9.233333333333618	6.656546964898223e-07
     9.233666666666952	6.656546964898223e-07
     9.234000000000286	6.656546964898223e-07
      9.23433333333362	6.656546964898223e-07
     9.234666666666953	6.656546964898223e-07
     9.235000000000287	6.656546964898223e-07
     9.235333333333621	6.656546964898223e-07
     9.235666666666955	6.656546964898223e-07
     9.236000000000288	6.656546964898223e-07
     9.236333333333622	6.656546964898223e-07
     9.236666666666956	6.656546964898223e-07
      9.23700000000029	6.656546964898223e-07
     9.237333333333623	6.656546964898223e-07
     9.237666666666957	6.656546964898223e-07
     9.238000000000291	6.656546964898223e-07
     9.238333333333625	6.656546964898223e-07
     9.238666666666958	6.656546964898223e-07
     9.239000000000292	6.656546964898223e-07
     9.239333333333626	6.656546964898223e-07
      9.23966666666696	6.656546964898223e-07
     9.240000000000293	6.656546964898223e-07
     9.240333333333627	6.656546964898223e-07
     9.240666666666961	6.656546964898223e-07
     9.241000000000295	6.656546964898223e-07
     9.241333333333628	6.656546964898223e-07
     9.241666666666962	6.656546964898223e-07
     9.242000000000296	6.656546964898223e-07
     9.242333333333629	6.656546964898223e-07
     9.242666666666963	6.656546964898223e-07
     9.243000000000297	6.656546964898223e-07
     9.243333333333631	6.656546964898223e-07
     9.243666666666964	6.656546964898223e-07
     9.244000000000298	6.656546964898223e-07
     9.244333333333632	6.656546964898223e-07
     9.244666666666966	6.656546964898223e-07
     9.245000000000299	6.656546964898223e-07
     9.245333333333633	6.656546964898223e-07
     9.245666666666967	6.656546964898223e-07
     9.246000000000301	6.656546964898223e-07
     9.246333333333634	6.656546964898223e-07
     9.246666666666968	6.656546964898223e-07
     9.247000000000302	6.656546964898223e-07
     9.247333333333636	6.656546964898223e-07
     9.247666666666969	6.656546964898223e-07
     9.248000000000303	6.656546964898223e-07
     9.248333333333637	6.656546964898223e-07
     9.248666666666971	6.656546964898223e-07
     9.249000000000304	6.656546964898223e-07
     9.249333333333638	6.656546964898223e-07
     9.249666666666972	6.656546964898223e-07
     9.250000000000306	6.656546964898223e-07
     9.250333333333639	6.656546964898223e-07
     9.250666666666973	6.656546964898223e-07
     9.251000000000307	6.656546964898223e-07
      9.25133333333364	6.656546964898223e-07
     9.251666666666974	6.656546964898223e-07
     9.252000000000308	6.656546964898223e-07
     9.252333333333642	6.656546964898223e-07
     9.252666666666975	6.656546964898223e-07
     9.253000000000309	6.656546964898223e-07
     9.253333333333643	6.656546964898223e-07
     9.253666666666977	6.656546964898223e-07
      9.25400000000031	6.656546964898223e-07
     9.254333333333644	6.656546964898223e-07
     9.254666666666978	6.656546964898223e-07
     9.255000000000312	6.656546964898223e-07
     9.255333333333645	6.656546964898223e-07
     9.255666666666979	6.656546964898223e-07
     9.256000000000313	6.656546964898223e-07
     9.256333333333647	6.656546964898223e-07
      9.25666666666698	6.656546964898223e-07
     9.257000000000314	6.656546964898223e-07
     9.257333333333648	6.656546964898223e-07
     9.257666666666982	6.656546964898223e-07
     9.258000000000315	6.656546964898223e-07
     9.258333333333649	6.656546964898223e-07
     9.258666666666983	6.656546964898223e-07
     9.259000000000317	6.656546964898223e-07
      9.25933333333365	6.656546964898223e-07
     9.259666666666984	6.656546964898223e-07
     9.260000000000318	6.656546964898223e-07
     9.260333333333651	6.656546964898223e-07
     9.260666666666985	6.656546964898223e-07
     9.261000000000319	6.656546964898223e-07
     9.261333333333653	6.656546964898223e-07
     9.261666666666986	6.656546964898223e-07
      9.26200000000032	6.656546964898223e-07
     9.262333333333654	6.656546964898223e-07
     9.262666666666988	6.656546964898223e-07
     9.263000000000321	6.656546964898223e-07
     9.263333333333655	6.656546964898223e-07
     9.263666666666989	6.656546964898223e-07
     9.264000000000323	6.656546964898223e-07
     9.264333333333656	6.656546964898223e-07
      9.26466666666699	6.656546964898223e-07
     9.265000000000324	6.656546964898223e-07
     9.265333333333658	6.656546964898223e-07
     9.265666666666991	6.656546964898223e-07
     9.266000000000325	6.656546964898223e-07
     9.266333333333659	6.656546964898223e-07
     9.266666666666993	6.656546964898223e-07
     9.267000000000326	6.656546964898223e-07
      9.26733333333366	6.656546964898223e-07
     9.267666666666994	6.656546964898223e-07
     9.268000000000328	6.656546964898223e-07
     9.268333333333661	6.656546964898223e-07
     9.268666666666995	6.656546964898223e-07
     9.269000000000329	6.656546964898223e-07
     9.269333333333662	6.656546964898223e-07
     9.269666666666996	6.656546964898223e-07
      9.27000000000033	6.656546964898223e-07
     9.270333333333664	6.656546964898223e-07
     9.270666666666997	6.656546964898223e-07
     9.271000000000331	6.656546964898223e-07
     9.271333333333665	6.656546964898223e-07
     9.271666666666999	6.656546964898223e-07
     9.272000000000332	6.656546964898223e-07
     9.272333333333666	6.656546964898223e-07
        9.272666666667	6.656546964898223e-07
     9.273000000000334	6.656546964898223e-07
     9.273333333333667	6.656546964898223e-07
     9.273666666667001	6.656546964898223e-07
     9.274000000000335	6.656546964898223e-07
     9.274333333333669	6.656546964898223e-07
     9.274666666667002	6.656546964898223e-07
     9.275000000000336	6.656546964898223e-07
      9.27533333333367	6.656546964898223e-07
     9.275666666667004	6.656546964898223e-07
     9.276000000000337	6.656546964898223e-07
     9.276333333333671	6.656546964898223e-07
     9.276666666667005	6.656546964898223e-07
     9.277000000000339	6.656546964898223e-07
     9.277333333333672	6.656546964898223e-07
     9.277666666667006	6.656546964898223e-07
      9.27800000000034	6.656546964898223e-07
     9.278333333333673	6.656546964898223e-07
     9.278666666667007	6.656546964898223e-07

     10.00033333333333	7.527749176535938e-07
     10.00066666666667	7.527749176535938e-07
                10.001	7.527749176535938e-07
     10.00133333333333	7.527749176535938e-07
     10.00166666666667	7.527749176535938e-07
                10.002	7.527749176535938e-07
     10.00233333333334	7.527749176535938e-07
     10.00266666666667	7.527749176535938e-07
                10.003	7.527749176535938e-07
     10.00333333333334	7.527749176535938e-07
     10.00366666666667	7.527749176535938e-07
                10.004	7.527749176535938e-07
     10.00433333333334	7.527749176535938e-07
     10.00466666666667	7.527749176535938e-07
     10.00500000000001	7.527749176535938e-07
     10.00533333333334	7.527749176535938e-07
     10.00566666666667	7.527749176535938e-07
     10.00600000000001	7.527749176535938e-07
     10.00633333333334	7.527749176535938e-07
     10.00666666666667	7.527749176535938e-07
     10.00700000000001	7.527749176535938e-07
     10.00733333333334	7.527749176535938e-07
     10.00766666666668	7.527749176535938e-07
     10.00800000000001	7.527749176535938e-07
     10.00833333333334	7.527749176535938e-07
     10.00866666666668	7.527749176535938e-07
     10.00900000000001	7.527749176535938e-07
     10.00933333333334	7.527749176535938e-07
     10.00966666666668	7.527749176535938e-07
     10.01000000000001	7.527749176535938e-07
     10.01033333333335	7.527749176535938e-07
     10.01066666666668	7.527749176535938e-07
     10.01100000000001	7.527749176535938e-07
     10.01133333333335	7.527749176535938e-07
     10.01166666666668	7.527749176535938e-07
     10.01200000000001	7.527749176535938e-07
     10.01233333333335	7.527749176535938e-07
     10.01266666666668	7.527749176535938e-07
     10.01300000000002	7.527749176535938e-07
     10.01333333333335	7.527749176535938e-07
     10.01366666666668	7.527749176535938e-07
     10.01400000000002	7.527749176535938e-07
     10.01433333333335	7.527749176535938e-07
     10.01466666666668	7.527749176535938e-07
     10.01500000000002	7.527749176535938e-07
     10.01533333333335	7.527749176535938e-07
     10.01566666666669	7.527749176535938e-07
     10.01600000000002	7.527749176535938e-07
     10.01633333333335	7.527749176535938e-07
     10.01666666666669	7.527749176535938e-07
     10.01700000000002	7.527749176535938e-07
     10.01733333333335	7.527749176535938e-07
     10.01766666666669	7.527749176535938e-07
     10.01800000000002	7.527749176535938e-07
     10.01833333333336	7.527749176535938e-07
     10.01866666666669	7.527749176535938e-07
     10.01900000000002	7.527749176535938e-07
     10.01933333333336	7.527749176535938e-07
     10.01966666666669	7.527749176535938e-07
     10.02000000000002	7.527749176535938e-07
     10.02033333333336	7.527749176535938e-07
     10.02066666666669	7.527749176535938e-07
     10.02100000000003	7.527749176535938e-07
     10.02133333333336	7.527749176535938e-07
     10.02166666666669	7.527749176535938e-07
     10.02200000000003	7.527749176535938e-07
     10.02233333333336	7.527749176535938e-07
     10.02266666666669	7.527749176535938e-07
     10.02300000000003	7.527749176535938e-07
     10.02333333333336	7.527749176535938e-07
      10.0236666666667	7.527749176535938e-07
     10.02400000000003	7.527749176535938e-07
     10.02433333333336	7.527749176535938e-07
      10.0246666666667	7.527749176535938e-07
     10.02500000000003	7.527749176535938e-07
     10.02533333333336	7.527749176535938e-07
      10.0256666666667	7.527749176535938e-07
     10.02600000000003	7.527749176535938e-07
     10.02633333333337	7.527749176535938e-07
      10.0266666666667	7.527749176535938e-07
     10.02700000000003	7.527749176535938e-07
     10.02733333333337	7.527749176535938e-07
      10.0276666666667	7.527749176535938e-07
     10.02800000000003	7.527749176535938e-07
     10.02833333333337	7.527749176535938e-07
      10.0286666666667	7.527749176535938e-07
     10.02900000000004	7.527749176535938e-07
     10.02933333333337	7.527749176535938e-07
      10.0296666666667	7.527749176535938e-07
     10.03000000000004	7.527749176535938e-07
     10.03033333333337	7.527749176535938e-07
      10.0306666666667	7.527749176535938e-07
     10.03100000000004	7.527749176535938e-07
     10.03133333333337	7.527749176535938e-07
     10.03166666666671	7.527749176535938e-07
     10.03200000000004	7.527749176535938e-07
     10.03233333333337	7.527749176535938e-07
     10.03266666666671	7.527749176535938e-07
     10.03300000000004	7.527749176535938e-07
     10.03333333333337	7.527749176535938e-07
     10.03366666666671	7.527749176535938e-07
     10.03400000000004	7.527749176535938e-07
     10.03433333333338	7.527749176535938e-07
     10.03466666666671	7.527749176535938e-07
     10.03500000000004	7.527749176535938e-07
     10.03533333333338	7.527749176535938e-07
     10.03566666666671	7.527749176535938e-07
     10.03600000000004	7.527749176535938e-07
     10.03633333333338	7.527749176535938e-07
     10.03666666666671	7.527749176535938e-07
     10.03700000000005	7.527749176535938e-07
     10.03733333333338	7.527749176535938e-07
     10.03766666666671	7.527749176535938e-07
     10.03800000000005	7.527749176535938e-07
     10.03833333333338	7.527749176535938e-07
     10.03866666666671	7.527749176535938e-07
     10.03900000000005	7.527749176535938e-07
     10.03933333333338	7.527749176535938e-07
     10.03966666666672	7.527749176535938e-07
     10.04000000000005	7.527749176535938e-07
     10.04033333333338	7.527749176535938e-07
     10.04066666666672	7.527749176535938e-07
     10.04100000000005	7.527749176535938e-07
     10.04133333333338	7.527749176535938e-07
     10.04166666666672	7.527749176535938e-07
     10.04200000000005	7.527749176535938e-07
     10.04233333333339	7.527749176535938e-07
     10.04266666666672	7.527749176535938e-07
     10.04300000000005	7.527749176535938e-07
     10.04333333333339	7.527749176535938e-07
     10.04366666666672	7.527749176535938e-07
     10.04400000000005	7.527749176535938e-07
     10.04433333333339	7.527749176535938e-07
     10.04466666666672	7.527749176535938e-07
     10.04500000000005	7.527749176535938e-07
     10.04533333333339	7.527749176535938e-07
     10.04566666666672	7.527749176535938e-07
     10.04600000000006	7.527749176535938e-07
     10.04633333333339	7.527749176535938e-07
     10.04666666666672	7.527749176535938e-07
     10.04700000000006	7.527749176535938e-07
     10.04733333333339	7.527749176535938e-07
     10.04766666666672	7.527749176535938e-07
     10.04800000000006	7.527749176535938e-07
     10.04833333333339	7.527749176535938e-07
     10.04866666666673	7.527749176535938e-07
     10.04900000000006	7.527749176535938e-07
     10.04933333333339	7.527749176535938e-07
     10.04966666666673	7.527749176535938e-07
     10.05000000000006	7.527749176535938e-07
     10.05033333333339	7.527749176535938e-07
     10.05066666666673	7.527749176535938e-07
     10.05100000000006	7.527749176535938e-07
      10.0513333333334	7.527749176535938e-07
     10.05166666666673	7.527749176535938e-07
     10.05200000000006	7.527749176535938e-07
      10.0523333333334	7.527749176535938e-07
     10.05266666666673	7.527749176535938e-07
     10.05300000000006	7.527749176535938e-07
      10.0533333333334	7.527749176535938e-07
     10.05366666666673	7.527749176535938e-07
     10.05400000000007	7.527749176535938e-07
      10.0543333333334	7.527749176535938e-07
     10.05466666666673	7.527749176535938e-07
     10.05500000000007	7.527749176535938e-07
      10.0553333333334	7.527749176535938e-07
     10.05566666666673	7.527749176535938e-07
     10.05600000000007	7.527749176535938e-07
      10.0563333333334	7.527749176535938e-07
     10.05666666666674	7.527749176535938e-07
     10.05700000000007	7.527749176535938e-07
      10.0573333333334	7.527749176535938e-07
     10.05766666666674	7.527749176535938e-07
     10.05800000000007	7.527749176535938e-07
      10.0583333333334	7.527749176535938e-07
     10.05866666666674	7.527749176535938e-07
     10.05900000000007	7.527749176535938e-07
     10.05933333333341	7.527749176535938e-07
     10.05966666666674	7.527749176535938e-07
     10.06000000000007	7.527749176535938e-07
     10.06033333333341	7.527749176535938e-07
     10.06066666666674	7.527749176535938e-07
     10.06100000000007	7.527749176535938e-07
     10.06133333333341	7.527749176535938e-07
     10.06166666666674	7.527749176535938e-07
     10.06200000000008	7.527749176535938e-07
     10.06233333333341	7.527749176535938e-07
     10.06266666666674	7.527749176535938e-07
     10.06300000000008	7.527749176535938e-07
     10.06333333333341	7.527749176535938e-07
     10.06366666666674	7.527749176535938e-07
     10.06400000000008	7.527749176535938e-07
     10.06433333333341	7.527749176535938e-07
     10.06466666666675	7.527749176535938e-07
     10.06500000000008	7.527749176535938e-07
     10.06533333333341	7.527749176535938e-07
     10.06566666666675	7.527749176535938e-07
     10.06600000000008	7.527749176535938e-07
     10.06633333333341	7.527749176535938e-07
     10.06666666666675	7.527749176535938e-07
     10.06700000000008	7.527749176535938e-07
     10.06733333333342	7.527749176535938e-07
     10.06766666666675	7.527749176535938e-07
     10.06800000000008	7.527749176535938e-07
     10.06833333333342	7.527749176535938e-07
     10.06866666666675	7.527749176535938e-07
     10.06900000000008	7.527749176535938e-07
     10.06933333333342	7.527749176535938e-07
     10.06966666666675	7.527749176535938e-07
     10.07000000000009	7.527749176535938e-07
     10.07033333333342	7.527749176535938e-07
     10.07066666666675	7.527749176535938e-07
     10.07100000000009	7.527749176535938e-07
     10.07133333333342	7.527749176535938e-07
     10.07166666666675	7.527749176535938e-07
     10.07200000000009	7.527749176535938e-07
     10.07233333333342	7.527749176535938e-07
     10.07266666666676	7.527749176535938e-07
     10.07300000000009	7.527749176535938e-07
     10.07333333333342	7.527749176535938e-07
     10.07366666666676	7.527749176535938e-07
     10.07400000000009	7.527749176535938e-07
     10.07433333333342	7.527749176535938e-07
     10.07466666666676	7.527749176535938e-07
     10.07500000000009	7.527749176535938e-07
     10.07533333333343	7.527749176535938e-07
     10.07566666666676	7.527749176535938e-07
     10.07600000000009	7.527749176535938e-07
     10.07633333333343	7.527749176535938e-07
     10.07666666666676	7.527749176535938e-07
     10.07700000000009	7.527749176535938e-07
     10.07733333333343	7.527749176535938e-07
     10.07766666666676	7.527749176535938e-07
      10.0780000000001	7.527749176535938e-07
     10.07833333333343	7.527749176535938e-07
     10.07866666666676	7.527749176535938e-07
      10.0790000000001	7.527749176535938e-07
     10.07933333333343	7.527749176535938e-07
     10.07966666666676	7.527749176535938e-07
      10.0800000000001	7.527749176535938e-07
     10.08033333333343	7.527749176535938e-07
     10.08066666666677	7.527749176535938e-07
      10.0810000000001	7.527749176535938e-07
     10.08133333333343	7.527749176535938e-07
     10.08166666666677	7.527749176535938e-07
      10.0820000000001	7.527749176535938e-07
     10.08233333333343	7.527749176535938e-07
     10.08266666666677	7.527749176535938e-07
      10.0830000000001	7.527749176535938e-07
     10.08333333333344	7.527749176535938e-07
     10.08366666666677	7.527749176535938e-07
      10.0840000000001	7.527749176535938e-07
     10.08433333333344	7.527749176535938e-07
     10.08466666666677	7.527749176535938e-07
      10.0850000000001	7.527749176535938e-07
     10.08533333333344	7.527749176535938e-07
     10.08566666666677	7.527749176535938e-07
     10.08600000000011	7.527749176535938e-07
     10.08633333333344	7.527749176535938e-07
     10.08666666666677	7.527749176535938e-07
     10.08700000000011	7.527749176535938e-07
     10.08733333333344	7.527749176535938e-07
     10.08766666666677	7.527749176535938e-07
     10.08800000000011	7.527749176535938e-07
     10.08833333333344	7.527749176535938e-07
     10.08866666666678	7.527749176535938e-07
     10.08900000000011	7.527749176535938e-07
     10.08933333333344	7.527749176535938e-07
     10.08966666666678	7.527749176535938e-07
     10.09000000000011	7.527749176535938e-07
     10.09033333333344	7.527749176535938e-07
     10.09066666666678	7.527749176535938e-07
     10.09100000000011	7.527749176535938e-07
     10.09133333333344	7.527749176535938e-07
     10.09166666666678	7.527749176535938e-07
     10.09200000000011	7.527749176535938e-07
     10.09233333333345	7.527749176535938e-07
     10.09266666666678	7.527749176535938e-07
     10.09300000000011	7.527749176535938e-07
     10.09333333333345	7.527749176535938e-07
     10.09366666666678	7.527749176535938e-07
     10.09400000000011	7.527749176535938e-07
     10.09433333333345	7.527749176535938e-07
     10.09466666666678	7.527749176535938e-07
     10.09500000000012	7.527749176535938e-07
     10.09533333333345	7.527749176535938e-07
     10.09566666666678	7.527749176535938e-07
     10.09600000000012	7.527749176535938e-07
     10.09633333333345	7.527749176535938e-07
     10.09666666666678	7.527749176535938e-07
     10.09700000000012	7.527749176535938e-07
     10.09733333333345	7.527749176535938e-07
     10.09766666666679	7.527749176535938e-07
     10.09800000000012	7.527749176535938e-07
     10.09833333333345	7.527749176535938e-07
     10.09866666666679	7.527749176535938e-07
     10.09900000000012	7.527749176535938e-07
     10.09933333333345	7.527749176535938e-07
     10.09966666666679	7.527749176535938e-07
     10.10000000000012	7.527749176535938e-07
     10.10033333333346	7.527749176535938e-07
     10.10066666666679	7.527749176535938e-07
     10.10100000000012	7.527749176535938e-07
     10.10133333333346	7.527749176535938e-07
     10.10166666666679	7.527749176535938e-07
     10.10200000000012	7.527749176535938e-07
     10.10233333333346	7.527749176535938e-07
     10.10266666666679	7.527749176535938e-07
     10.10300000000013	7.527749176535938e-07
     10.10333333333346	7.527749176535938e-07
     10.10366666666679	7.527749176535938e-07
     10.10400000000013	7.527749176535938e-07
     10.10433333333346	7.527749176535938e-07
     10.10466666666679	7.527749176535938e-07
     10.10500000000013	7.527749176535938e-07
     10.10533333333346	7.527749176535938e-07
      10.1056666666668	7.527749176535938e-07
     10.10600000000013	7.527749176535938e-07
     10.10633333333346	7.527749176535938e-07
      10.1066666666668	7.527749176535938e-07
     10.10700000000013	7.527749176535938e-07
     10.10733333333346	7.527749176535938e-07
      10.1076666666668	7.527749176535938e-07
     10.10800000000013	7.527749176535938e-07
     10.10833333333347	7.527749176535938e-07
      10.1086666666668	7.527749176535938e-07
     10.10900000000013	7.527749176535938e-07
     10.10933333333347	7.527749176535938e-07
      10.1096666666668	7.527749176535938e-07
     10.11000000000013	7.527749176535938e-07
     10.11033333333347	7.527749176535938e-07
      10.1106666666668	7.527749176535938e-07
     10.11100000000014	7.527749176535938e-07
     10.11133333333347	7.527749176535938e-07
      10.1116666666668	7.527749176535938e-07
     10.11200000000014	7.527749176535938e-07
     10.11233333333347	7.527749176535938e-07
      10.1126666666668	7.527749176535938e-07
     10.11300000000014	7.527749176535938e-07
     10.11333333333347	7.527749176535938e-07
     10.11366666666681	7.527749176535938e-07
     10.11400000000014	7.527749176535938e-07
     10.11433333333347	7.527749176535938e-07
     10.11466666666681	7.527749176535938e-07
     10.11500000000014	7.527749176535938e-07
     10.11533333333347	7.527749176535938e-07
     10.11566666666681	7.527749176535938e-07
     10.11600000000014	7.527749176535938e-07
     10.11633333333348	7.527749176535938e-07
     10.11666666666681	7.527749176535938e-07
     10.11700000000014	7.527749176535938e-07
     10.11733333333348	7.527749176535938e-07
     10.11766666666681	7.527749176535938e-07
     10.11800000000014	7.527749176535938e-07
     10.11833333333348	7.527749176535938e-07
     10.11866666666681	7.527749176535938e-07
     10.11900000000015	7.527749176535938e-07
     10.11933333333348	7.527749176535938e-07
     10.11966666666681	7.527749176535938e-07
     10.12000000000015	7.527749176535938e-07
     10.12033333333348	7.527749176535938e-07
     10.12066666666681	7.527749176535938e-07
     10.12100000000015	7.527749176535938e-07
     10.12133333333348	7.527749176535938e-07
     10.12166666666682	7.527749176535938e-07
     10.12200000000015	7.527749176535938e-07
     10.12233333333348	7.527749176535938e-07
     10.12266666666682	7.527749176535938e-07
     10.12300000000015	7.527749176535938e-07
     10.12333333333348	7.527749176535938e-07
     10.12366666666682	7.527749176535938e-07
     10.12400000000015	7.527749176535938e-07
     10.12433333333349	7.527749176535938e-07
     10.12466666666682	7.527749176535938e-07
     10.12500000000015	7.527749176535938e-07
     10.12533333333349	7.527749176535938e-07
     10.12566666666682	7.527749176535938e-07
     10.12600000000015	7.527749176535938e-07
     10.12633333333349	7.527749176535938e-07
     10.12666666666682	7.527749176535938e-07
     10.12700000000016	7.527749176535938e-07
     10.12733333333349	7.527749176535938e-07
     10.12766666666682	7.527749176535938e-07
     10.12800000000016	7.527749176535938e-07
     10.12833333333349	7.527749176535938e-07
     10.12866666666682	7.527749176535938e-07
     10.12900000000016	7.527749176535938e-07
     10.12933333333349	7.527749176535938e-07
     10.12966666666683	7.527749176535938e-07
     10.13000000000016	7.527749176535938e-07
     10.13033333333349	7.527749176535938e-07
     10.13066666666683	7.527749176535938e-07
     10.13100000000016	7.527749176535938e-07
     10.13133333333349	7.527749176535938e-07
     10.13166666666683	7.527749176535938e-07
     10.13200000000016	7.527749176535938e-07
      10.1323333333335	7.527749176535938e-07
     10.13266666666683	7.527749176535938e-07
     10.13300000000016	7.527749176535938e-07
      10.1333333333335	7.527749176535938e-07
     10.13366666666683	7.527749176535938e-07
     10.13400000000016	7.527749176535938e-07
      10.1343333333335	7.527749176535938e-07
     10.13466666666683	7.527749176535938e-07
     10.13500000000016	7.527749176535938e-07
      10.1353333333335	7.527749176535938e-07
     10.13566666666683	7.527749176535938e-07
     10.13600000000017	7.527749176535938e-07
      10.1363333333335	7.527749176535938e-07
     10.13666666666683	7.527749176535938e-07
     10.13700000000017	7.527749176535938e-07
      10.1373333333335	7.527749176535938e-07
     10.13766666666683	7.527749176535938e-07
     10.13800000000017	7.527749176535938e-07
      10.1383333333335	7.527749176535938e-07
     10.13866666666684	7.527749176535938e-07
     10.13900000000017	7.527749176535938e-07
      10.1393333333335	7.527749176535938e-07
     10.13966666666684	7.527749176535938e-07
     10.14000000000017	7.527749176535938e-07
      10.1403333333335	7.527749176535938e-07
     10.14066666666684	7.527749176535938e-07
     10.14100000000017	7.527749176535938e-07
     10.14133333333351	7.527749176535938e-07
     10.14166666666684	7.527749176535938e-07
     10.14200000000017	7.527749176535938e-07
     10.14233333333351	7.527749176535938e-07
     10.14266666666684	7.527749176535938e-07
     10.14300000000017	7.527749176535938e-07
     10.14333333333351	7.527749176535938e-07
     10.14366666666684	7.527749176535938e-07
     10.14400000000018	7.527749176535938e-07
     10.14433333333351	7.527749176535938e-07
     10.14466666666684	7.527749176535938e-07
     10.14500000000018	7.527749176535938e-07
     10.14533333333351	7.527749176535938e-07
     10.14566666666684	7.527749176535938e-07
     10.14600000000018	7.527749176535938e-07
     10.14633333333351	7.527749176535938e-07
     10.14666666666685	7.527749176535938e-07
     10.14700000000018	7.527749176535938e-07
     10.14733333333351	7.527749176535938e-07
     10.14766666666685	7.527749176535938e-07
     10.14800000000018	7.527749176535938e-07
     10.14833333333351	7.527749176535938e-07
     10.14866666666685	7.527749176535938e-07
     10.14900000000018	7.527749176535938e-07
     10.14933333333352	7.527749176535938e-07
     10.14966666666685	7.527749176535938e-07
     10.15000000000018	7.527749176535938e-07
     10.15033333333352	7.527749176535938e-07
     10.15066666666685	7.527749176535938e-07
     10.15100000000018	7.527749176535938e-07
     10.15133333333352	7.527749176535938e-07
     10.15166666666685	7.527749176535938e-07
     10.15200000000019	7.527749176535938e-07
     10.15233333333352	7.527749176535938e-07
     10.15266666666685	7.527749176535938e-07
     10.15300000000019	7.527749176535938e-07
     10.15333333333352	7.527749176535938e-07
     10.15366666666685	7.527749176535938e-07
     10.15400000000019	7.527749176535938e-07
     10.15433333333352	7.527749176535938e-07
     10.15466666666686	7.527749176535938e-07
     10.15500000000019	7.527749176535938e-07
     10.15533333333352	7.527749176535938e-07
     10.15566666666686	7.527749176535938e-07
     10.15600000000019	7.527749176535938e-07
     10.15633333333352	7.527749176535938e-07
     10.15666666666686	7.527749176535938e-07
     10.15700000000019	7.527749176535938e-07
     10.15733333333353	7.527749176535938e-07
     10.15766666666686	7.527749176535938e-07
     10.15800000000019	7.527749176535938e-07
     10.15833333333353	7.527749176535938e-07
     10.15866666666686	7.527749176535938e-07
     10.15900000000019	7.527749176535938e-07
     10.15933333333353	7.527749176535938e-07
     10.15966666666686	7.527749176535938e-07
      10.1600000000002	7.527749176535938e-07
     10.16033333333353	7.527749176535938e-07
     10.16066666666686	7.527749176535938e-07
      10.1610000000002	7.527749176535938e-07
     10.16133333333353	7.527749176535938e-07
     10.16166666666686	7.527749176535938e-07
      10.1620000000002	7.527749176535938e-07
     10.16233333333353	7.527749176535938e-07
     10.16266666666687	7.527749176535938e-07
      10.1630000000002	7.527749176535938e-07
     10.16333333333353	7.527749176535938e-07
     10.16366666666687	7.527749176535938e-07
      10.1640000000002	7.527749176535938e-07
     10.16433333333353	7.527749176535938e-07
     10.16466666666687	7.527749176535938e-07
      10.1650000000002	7.527749176535938e-07
     10.16533333333354	7.527749176535938e-07
     10.16566666666687	7.527749176535938e-07
      10.1660000000002	7.527749176535938e-07
     10.16633333333354	7.527749176535938e-07
     10.16666666666687	7.527749176535938e-07
      10.1670000000002	7.527749176535938e-07
     10.16733333333354	7.527749176535938e-07
     10.16766666666687	7.527749176535938e-07
     10.16800000000021	7.527749176535938e-07
     10.16833333333354	7.527749176535938e-07
     10.16866666666687	7.527749176535938e-07
     10.16900000000021	7.527749176535938e-07
     10.16933333333354	7.527749176535938e-07
     10.16966666666687	7.527749176535938e-07
     10.17000000000021	7.527749176535938e-07
     10.17033333333354	7.527749176535938e-07
     10.17066666666688	7.527749176535938e-07
     10.17100000000021	7.527749176535938e-07
     10.17133333333354	7.527749176535938e-07
     10.17166666666688	7.527749176535938e-07
     10.17200000000021	7.527749176535938e-07
     10.17233333333354	7.527749176535938e-07
     10.17266666666688	7.527749176535938e-07
     10.17300000000021	7.527749176535938e-07
     10.17333333333355	7.527749176535938e-07
     10.17366666666688	7.527749176535938e-07
     10.17400000000021	7.527749176535938e-07
     10.17433333333355	7.527749176535938e-07
     10.17466666666688	7.527749176535938e-07
     10.17500000000021	7.527749176535938e-07
     10.17533333333355	7.527749176535938e-07
     10.17566666666688	7.527749176535938e-07
     10.17600000000022	7.527749176535938e-07
     10.17633333333355	7.527749176535938e-07
     10.17666666666688	7.527749176535938e-07
     10.17700000000022	7.527749176535938e-07
     10.17733333333355	7.527749176535938e-07
     10.17766666666688	7.527749176535938e-07
     10.17800000000022	7.527749176535938e-07
     10.17833333333355	7.527749176535938e-07
     10.17866666666689	7.527749176535938e-07
     10.17900000000022	7.527749176535938e-07
     10.17933333333355	7.527749176535938e-07
     10.17966666666689	7.527749176535938e-07
     10.18000000000022	7.527749176535938e-07
     10.18033333333355	7.527749176535938e-07
     10.18066666666689	7.527749176535938e-07
     10.18100000000022	7.527749176535938e-07
     10.18133333333355	7.527749176535938e-07
     10.18166666666689	7.527749176535938e-07
     10.18200000000022	7.527749176535938e-07
     10.18233333333356	7.527749176535938e-07
     10.18266666666689	7.527749176535938e-07
     10.18300000000022	7.527749176535938e-07
     10.18333333333356	7.527749176535938e-07
     10.18366666666689	7.527749176535938e-07
     10.18400000000022	7.527749176535938e-07
     10.18433333333356	7.527749176535938e-07
     10.18466666666689	7.527749176535938e-07
     10.18500000000023	7.527749176535938e-07
     10.18533333333356	7.527749176535938e-07
     10.18566666666689	7.527749176535938e-07
     10.18600000000023	7.527749176535938e-07
     10.18633333333356	7.527749176535938e-07
     10.18666666666689	7.527749176535938e-07
     10.18700000000023	7.527749176535938e-07
     10.18733333333356	7.527749176535938e-07
      10.1876666666669	7.527749176535938e-07
     10.18800000000023	7.527749176535938e-07
     10.18833333333356	7.527749176535938e-07
      10.1886666666669	7.527749176535938e-07
     10.18900000000023	7.527749176535938e-07
     10.18933333333356	7.527749176535938e-07
      10.1896666666669	7.527749176535938e-07
     10.19000000000023	7.527749176535938e-07
     10.19033333333357	7.527749176535938e-07
      10.1906666666669	7.527749176535938e-07
     10.19100000000023	7.527749176535938e-07
     10.19133333333357	7.527749176535938e-07
      10.1916666666669	7.527749176535938e-07
     10.19200000000023	7.527749176535938e-07
     10.19233333333357	7.527749176535938e-07
      10.1926666666669	7.527749176535938e-07
     10.19300000000024	7.527749176535938e-07
     10.19333333333357	7.527749176535938e-07
      10.1936666666669	7.527749176535938e-07
     10.19400000000024	7.527749176535938e-07
     10.19433333333357	7.527749176535938e-07
      10.1946666666669	7.527749176535938e-07
     10.19500000000024	7.527749176535938e-07
     10.19533333333357	7.527749176535938e-07
     10.19566666666691	7.527749176535938e-07
     10.19600000000024	7.527749176535938e-07
     10.19633333333357	7.527749176535938e-07
     10.19666666666691	7.527749176535938e-07
     10.19700000000024	7.527749176535938e-07
     10.19733333333357	7.527749176535938e-07
     10.19766666666691	7.527749176535938e-07
     10.19800000000024	7.527749176535938e-07
     10.19833333333358	7.527749176535938e-07
     10.19866666666691	7.527749176535938e-07
     10.19900000000024	7.527749176535938e-07
     10.19933333333358	7.527749176535938e-07
     10.19966666666691	7.527749176535938e-07
     10.20000000000024	7.527749176535938e-07
     10.20033333333358	7.527749176535938e-07
     10.20066666666691	7.527749176535938e-07
     10.20100000000025	7.527749176535938e-07
     10.20133333333358	7.527749176535938e-07
     10.20166666666691	7.527749176535938e-07
     10.20200000000025	7.527749176535938e-07
     10.20233333333358	7.527749176535938e-07
     10.20266666666691	7.527749176535938e-07
     10.20300000000025	7.527749176535938e-07
     10.20333333333358	7.527749176535938e-07
     10.20366666666692	7.527749176535938e-07
     10.20400000000025	7.527749176535938e-07
     10.20433333333358	7.527749176535938e-07
     10.20466666666692	7.527749176535938e-07
     10.20500000000025	7.527749176535938e-07
     10.20533333333358	7.527749176535938e-07
     10.20566666666692	7.527749176535938e-07
     10.20600000000025	7.527749176535938e-07
     10.20633333333359	7.527749176535938e-07
     10.20666666666692	7.527749176535938e-07
     10.20700000000025	7.527749176535938e-07
     10.20733333333359	7.527749176535938e-07
     10.20766666666692	7.527749176535938e-07
     10.20800000000025	7.527749176535938e-07
     10.20833333333359	7.527749176535938e-07
     10.20866666666692	7.527749176535938e-07
     10.20900000000026	7.527749176535938e-07
     10.20933333333359	7.527749176535938e-07
     10.20966666666692	7.527749176535938e-07
     10.21000000000026	7.527749176535938e-07
     10.21033333333359	7.527749176535938e-07
     10.21066666666692	7.527749176535938e-07
     10.21100000000026	7.527749176535938e-07
     10.21133333333359	7.527749176535938e-07
     10.21166666666693	7.527749176535938e-07
     10.21200000000026	7.527749176535938e-07
     10.21233333333359	7.527749176535938e-07
     10.21266666666693	7.527749176535938e-07
     10.21300000000026	7.527749176535938e-07
     10.21333333333359	7.527749176535938e-07
     10.21366666666693	7.527749176535938e-07
     10.21400000000026	7.527749176535938e-07
      10.2143333333336	7.527749176535938e-07
     10.21466666666693	7.527749176535938e-07
     10.21500000000026	7.527749176535938e-07
      10.2153333333336	7.527749176535938e-07
     10.21566666666693	7.527749176535938e-07
     10.21600000000026	7.527749176535938e-07
      10.2163333333336	7.527749176535938e-07
     10.21666666666693	7.527749176535938e-07
     10.21700000000027	7.527749176535938e-07
      10.2173333333336	7.527749176535938e-07
     10.21766666666693	7.527749176535938e-07
     10.21800000000027	7.527749176535938e-07
      10.2183333333336	7.527749176535938e-07
     10.21866666666693	7.527749176535938e-07
     10.21900000000027	7.527749176535938e-07
      10.2193333333336	7.527749176535938e-07
     10.21966666666694	7.527749176535938e-07
     10.22000000000027	7.527749176535938e-07
      10.2203333333336	7.527749176535938e-07
     10.22066666666694	7.527749176535938e-07
     10.22100000000027	7.527749176535938e-07
      10.2213333333336	7.527749176535938e-07
     10.22166666666694	7.527749176535938e-07
     10.22200000000027	7.527749176535938e-07
     10.22233333333361	7.527749176535938e-07
     10.22266666666694	7.527749176535938e-07
     10.22300000000027	7.527749176535938e-07
     10.22333333333361	7.527749176535938e-07
     10.22366666666694	7.527749176535938e-07
     10.22400000000027	7.527749176535938e-07
     10.22433333333361	7.527749176535938e-07
     10.22466666666694	7.527749176535938e-07
     10.22500000000027	7.527749176535938e-07
     10.22533333333361	7.527749176535938e-07
     10.22566666666694	7.527749176535938e-07
     10.22600000000028	7.527749176535938e-07
     10.22633333333361	7.527749176535938e-07
     10.22666666666694	7.527749176535938e-07
     10.22700000000028	7.527749176535938e-07
     10.22733333333361	7.527749176535938e-07
     10.22766666666694	7.527749176535938e-07
     10.22800000000028	7.527749176535938e-07
     10.22833333333361	7.527749176535938e-07
     10.22866666666695	7.527749176535938e-07
     10.22900000000028	7.527749176535938e-07
     10.22933333333361	7.527749176535938e-07
     10.22966666666695	7.527749176535938e-07
     10.23000000000028	7.527749176535938e-07
     10.23033333333361	7.527749176535938e-07
     10.23066666666695	7.527749176535938e-07
     10.23100000000028	7.527749176535938e-07
     10.23133333333362	7.527749176535938e-07
     10.23166666666695	7.527749176535938e-07
     10.23200000000028	7.527749176535938e-07
     10.23233333333362	7.527749176535938e-07
     10.23266666666695	7.527749176535938e-07
     10.23300000000028	7.527749176535938e-07
     10.23333333333362	7.527749176535938e-07
     10.23366666666695	7.527749176535938e-07
     10.23400000000029	7.527749176535938e-07
     10.23433333333362	7.527749176535938e-07
     10.23466666666695	7.527749176535938e-07
     10.23500000000029	7.527749176535938e-07
     10.23533333333362	7.527749176535938e-07
     10.23566666666695	7.527749176535938e-07
     10.23600000000029	7.527749176535938e-07
     10.23633333333362	7.527749176535938e-07
     10.23666666666696	7.527749176535938e-07
     10.23700000000029	7.527749176535938e-07
     10.23733333333362	7.527749176535938e-07
     10.23766666666696	7.527749176535938e-07
     10.23800000000029	7.527749176535938e-07
     10.23833333333362	7.527749176535938e-07
     10.23866666666696	7.527749176535938e-07
     10.23900000000029	7.527749176535938e-07
     10.23933333333363	7.527749176535938e-07
     10.23966666666696	7.527749176535938e-07
     10.24000000000029	7.527749176535938e-07
     10.24033333333363	7.527749176535938e-07
     10.24066666666696	7.527749176535938e-07
     10.24100000000029	7.527749176535938e-07
     10.24133333333363	7.527749176535938e-07
     10.24166666666696	7.527749176535938e-07
      10.2420000000003	7.527749176535938e-07
     10.24233333333363	7.527749176535938e-07
     10.24266666666696	7.527749176535938e-07
      10.2430000000003	7.527749176535938e-07
     10.24333333333363	7.527749176535938e-07
     10.24366666666696	7.527749176535938e-07
      10.2440000000003	7.527749176535938e-07
     10.24433333333363	7.527749176535938e-07
     10.24466666666697	7.527749176535938e-07
      10.2450000000003	7.527749176535938e-07
     10.24533333333363	7.527749176535938e-07
     10.24566666666697	7.527749176535938e-07
      10.2460000000003	7.527749176535938e-07
     10.24633333333363	7.527749176535938e-07
     10.24666666666697	7.527749176535938e-07
      10.2470000000003	7.527749176535938e-07
     10.24733333333364	7.527749176535938e-07
     10.24766666666697	7.527749176535938e-07
      10.2480000000003	7.527749176535938e-07
     10.24833333333364	7.527749176535938e-07
     10.24866666666697	7.527749176535938e-07
      10.2490000000003	7.527749176535938e-07
     10.24933333333364	7.527749176535938e-07
     10.24966666666697	7.527749176535938e-07
     10.25000000000031	7.527749176535938e-07
     10.25033333333364	7.527749176535938e-07
     10.25066666666697	7.527749176535938e-07
     10.25100000000031	7.527749176535938e-07
     10.25133333333364	7.527749176535938e-07
     10.25166666666697	7.527749176535938e-07
     10.25200000000031	7.527749176535938e-07
     10.25233333333364	7.527749176535938e-07
     10.25266666666698	7.527749176535938e-07
     10.25300000000031	7.527749176535938e-07
     10.25333333333364	7.527749176535938e-07
     10.25366666666698	7.527749176535938e-07
     10.25400000000031	7.527749176535938e-07
     10.25433333333364	7.527749176535938e-07
     10.25466666666698	7.527749176535938e-07
     10.25500000000031	7.527749176535938e-07
     10.25533333333365	7.527749176535938e-07
     10.25566666666698	7.527749176535938e-07
     10.25600000000031	7.527749176535938e-07
     10.25633333333365	7.527749176535938e-07
     10.25666666666698	7.527749176535938e-07
     10.25700000000031	7.527749176535938e-07
     10.25733333333365	7.527749176535938e-07
     10.25766666666698	7.527749176535938e-07
     10.25800000000032	7.527749176535938e-07
     10.25833333333365	7.527749176535938e-07
     10.25866666666698	7.527749176535938e-07
     10.25900000000032	7.527749176535938e-07
     10.25933333333365	7.527749176535938e-07
     10.25966666666698	7.527749176535938e-07
     10.26000000000032	7.527749176535938e-07
     10.26033333333365	7.527749176535938e-07
     10.26066666666699	7.527749176535938e-07
     10.26100000000032	7.527749176535938e-07
     10.26133333333365	7.527749176535938e-07
     10.26166666666699	7.527749176535938e-07
     10.26200000000032	7.527749176535938e-07
     10.26233333333365	7.527749176535938e-07
     10.26266666666699	7.527749176535938e-07
     10.26300000000032	7.527749176535938e-07
     10.26333333333366	7.527749176535938e-07
     10.26366666666699	7.527749176535938e-07
     10.26400000000032	7.527749176535938e-07
     10.26433333333366	7.527749176535938e-07
     10.26466666666699	7.527749176535938e-07
     10.26500000000032	7.527749176535938e-07
     10.26533333333366	7.527749176535938e-07
     10.26566666666699	7.527749176535938e-07
     10.26600000000033	7.527749176535938e-07
     10.26633333333366	7.527749176535938e-07
     10.26666666666699	7.527749176535938e-07
     10.26700000000033	7.527749176535938e-07
     10.26733333333366	7.527749176535938e-07
     10.26766666666699	7.527749176535938e-07
     10.26800000000033	7.527749176535938e-07
     10.26833333333366	7.527749176535938e-07
       10.268666666667	7.527749176535938e-07
     10.26900000000033	7.527749176535938e-07
     10.26933333333366	7.527749176535938e-07
       10.269666666667	7.527749176535938e-07
     10.27000000000033	7.527749176535938e-07
     10.27033333333366	7.527749176535938e-07
       10.270666666667	7.527749176535938e-07
     10.27100000000033	7.527749176535938e-07
     10.27133333333366	7.527749176535938e-07
       10.271666666667	7.527749176535938e-07
     10.27200000000033	7.527749176535938e-07
     10.27233333333367	7.527749176535938e-07
       10.272666666667	7.527749176535938e-07
     10.27300000000033	7.527749176535938e-07
     10.27333333333367	7.527749176535938e-07
       10.273666666667	7.527749176535938e-07
     10.27400000000033	7.527749176535938e-07
     10.27433333333367	7.527749176535938e-07
       10.274666666667	7.527749176535938e-07
     10.27500000000034	7.527749176535938e-07
     10.27533333333367	7.527749176535938e-07
       10.275666666667	7.527749176535938e-07
     10.27600000000034	7.527749176535938e-07
     10.27633333333367	7.527749176535938e-07
       10.276666666667	7.527749176535938e-07
     10.27700000000034	7.527749176535938e-07
     10.27733333333367	7.527749176535938e-07
     10.27766666666701	7.527749176535938e-07
     10.27800000000034	7.527749176535938e-07
     10.27833333333367	7.527749176535938e-07
     10.27866666666701	7.527749176535938e-07
     10.27900000000034	7.527749176535938e-07
     10.27933333333367	7.527749176535938e-07
     10.27966666666701	7.527749176535938e-07
     10.28000000000034	7.527749176535938e-07
     10.28033333333368	7.527749176535938e-07
     10.28066666666701	7.527749176535938e-07
     10.28100000000034	7.527749176535938e-07
     10.28133333333368	7.527749176535938e-07
     10.28166666666701	7.527749176535938e-07
     10.28200000000034	7.527749176535938e-07
     10.28233333333368	7.527749176535938e-07
     10.28266666666701	7.527749176535938e-07
     10.28300000000035	7.527749176535938e-07
     10.28333333333368	7.527749176535938e-07
     10.28366666666701	7.527749176535938e-07
     10.28400000000035	7.527749176535938e-07
     10.28433333333368	7.527749176535938e-07
     10.28466666666701	7.527749176535938e-07

     11.00033333333333	8.155711552190821e-07
     11.00066666666667	8.155711552190821e-07
                11.001	8.155711552190821e-07
     11.00133333333333	8.155711552190821e-07
     11.00166666666667	8.155711552190821e-07
                11.002	8.155711552190821e-07
     11.00233333333334	8.155711552190821e-07
     11.00266666666667	8.155711552190821e-07
                11.003	8.155711552190821e-07
     11.00333333333334	8.155711552190821e-07
     11.00366666666667	8.155711552190821e-07
                11.004	8.155711552190821e-07
     11.00433333333334	8.155711552190821e-07
     11.00466666666667	8.155711552190821e-07
     11.00500000000001	8.155711552190821e-07
     11.00533333333334	8.155711552190821e-07
     11.00566666666667	8.155711552190821e-07
     11.00600000000001	8.155711552190821e-07
     11.00633333333334	8.155711552190821e-07
     11.00666666666667	8.155711552190821e-07
     11.00700000000001	8.155711552190821e-07
     11.00733333333334	8.155711552190821e-07
     11.00766666666668	8.155711552190821e-07
     11.00800000000001	8.155711552190821e-07
     11.00833333333334	8.155711552190821e-07
     11.00866666666668	8.155711552190821e-07
     11.00900000000001	8.155711552190821e-07
     11.00933333333334	8.155711552190821e-07
     11.00966666666668	8.155711552190821e-07
     11.01000000000001	8.155711552190821e-07
     11.01033333333335	8.155711552190821e-07
     11.01066666666668	8.155711552190821e-07
     11.01100000000001	8.155711552190821e-07
     11.01133333333335	8.155711552190821e-07
     11.01166666666668	8.155711552190821e-07
     11.01200000000001	8.155711552190821e-07
     11.01233333333335	8.155711552190821e-07
     11.01266666666668	8.155711552190821e-07
     11.01300000000002	8.155711552190821e-07
     11.01333333333335	8.155711552190821e-07
     11.01366666666668	8.155711552190821e-07
     11.01400000000002	8.155711552190821e-07
     11.01433333333335	8.155711552190821e-07
     11.01466666666668	8.155711552190821e-07
     11.01500000000002	8.155711552190821e-07
     11.01533333333335	8.155711552190821e-07
     11.01566666666669	8.155711552190821e-07
     11.01600000000002	8.155711552190821e-07
     11.01633333333335	8.155711552190821e-07
     11.01666666666669	8.155711552190821e-07
     11.01700000000002	8.155711552190821e-07
     11.01733333333335	8.155711552190821e-07
     11.01766666666669	8.155711552190821e-07
     11.01800000000002	8.155711552190821e-07
     11.01833333333336	8.155711552190821e-07
     11.01866666666669	8.155711552190821e-07
     11.01900000000002	8.155711552190821e-07
     11.01933333333336	8.155711552190821e-07
     11.01966666666669	8.155711552190821e-07
     11.02000000000002	8.155711552190821e-07
     11.02033333333336	8.155711552190821e-07
     11.02066666666669	8.155711552190821e-07
     11.02100000000003	8.155711552190821e-07
     11.02133333333336	8.155711552190821e-07
     11.02166666666669	8.155711552190821e-07
     11.02200000000003	8.155711552190821e-07
     11.02233333333336	8.155711552190821e-07
     11.02266666666669	8.155711552190821e-07
     11.02300000000003	8.155711552190821e-07
     11.02333333333336	8.155711552190821e-07
      11.0236666666667	8.155711552190821e-07
     11.02400000000003	8.155711552190821e-07
     11.02433333333336	8.155711552190821e-07
      11.0246666666667	8.155711552190821e-07
     11.02500000000003	8.155711552190821e-07
     11.02533333333336	8.155711552190821e-07
      11.0256666666667	8.155711552190821e-07
     11.02600000000003	8.155711552190821e-07
     11.02633333333337	8.155711552190821e-07
      11.0266666666667	8.155711552190821e-07
     11.02700000000003	8.155711552190821e-07
     11.02733333333337	8.155711552190821e-07
      11.0276666666667	8.155711552190821e-07
     11.02800000000003	8.155711552190821e-07
     11.02833333333337	8.155711552190821e-07
      11.0286666666667	8.155711552190821e-07
     11.02900000000004	8.155711552190821e-07
     11.02933333333337	8.155711552190821e-07
      11.0296666666667	8.155711552190821e-07
     11.03000000000004	8.155711552190821e-07
     11.03033333333337	8.155711552190821e-07
      11.0306666666667	8.155711552190821e-07
     11.03100000000004	8.155711552190821e-07
     11.03133333333337	8.155711552190821e-07
     11.03166666666671	8.155711552190821e-07
     11.03200000000004	8.155711552190821e-07
     11.03233333333337	8.155711552190821e-07
     11.03266666666671	8.155711552190821e-07
     11.03300000000004	8.155711552190821e-07
     11.03333333333337	8.155711552190821e-07
     11.03366666666671	8.155711552190821e-07
     11.03400000000004	8.155711552190821e-07
     11.03433333333338	8.155711552190821e-07
     11.03466666666671	8.155711552190821e-07
     11.03500000000004	8.155711552190821e-07
     11.03533333333338	8.155711552190821e-07
     11.03566666666671	8.155711552190821e-07
     11.03600000000004	8.155711552190821e-07
     11.03633333333338	8.155711552190821e-07
     11.03666666666671	8.155711552190821e-07
     11.03700000000005	8.155711552190821e-07
     11.03733333333338	8.155711552190821e-07
     11.03766666666671	8.155711552190821e-07
     11.03800000000005	8.155711552190821e-07
     11.03833333333338	8.155711552190821e-07
     11.03866666666671	8.155711552190821e-07
     11.03900000000005	8.155711552190821e-07
     11.03933333333338	8.155711552190821e-07
     11.03966666666672	8.155711552190821e-07
     11.04000000000005	8.155711552190821e-07
     11.04033333333338	8.155711552190821e-07
     11.04066666666672	8.155711552190821e-07
     11.04100000000005	8.155711552190821e-07
     11.04133333333338	8.155711552190821e-07
     11.04166666666672	8.155711552190821e-07
     11.04200000000005	8.155711552190821e-07
     11.04233333333339	8.155711552190821e-07
     11.04266666666672	8.155711552190821e-07
     11.04300000000005	8.155711552190821e-07
     11.04333333333339	8.155711552190821e-07
     11.04366666666672	8.155711552190821e-07
     11.04400000000005	8.155711552190821e-07
     11.04433333333339	8.155711552190821e-07
     11.04466666666672	8.155711552190821e-07
     11.04500000000005	8.155711552190821e-07
     11.04533333333339	8.155711552190821e-07
     11.04566666666672	8.155711552190821e-07
     11.04600000000006	8.155711552190821e-07
     11.04633333333339	8.155711552190821e-07
     11.04666666666672	8.155711552190821e-07
     11.04700000000006	8.155711552190821e-07
     11.04733333333339	8.155711552190821e-07
     11.04766666666672	8.155711552190821e-07
     11.04800000000006	8.155711552190821e-07
     11.04833333333339	8.155711552190821e-07
     11.04866666666673	8.155711552190821e-07
     11.04900000000006	8.155711552190821e-07
     11.04933333333339	8.155711552190821e-07
     11.04966666666673	8.155711552190821e-07
     11.05000000000006	8.155711552190821e-07
     11.05033333333339	8.155711552190821e-07
     11.05066666666673	8.155711552190821e-07
     11.05100000000006	8.155711552190821e-07
      11.0513333333334	8.155711552190821e-07
     11.05166666666673	8.155711552190821e-07
     11.05200000000006	8.155711552190821e-07
      11.0523333333334	8.155711552190821e-07
     11.05266666666673	8.155711552190821e-07
     11.05300000000006	8.155711552190821e-07
      11.0533333333334	8.155711552190821e-07
     11.05366666666673	8.155711552190821e-07
     11.05400000000007	8.155711552190821e-07
      11.0543333333334	8.155711552190821e-07
     11.05466666666673	8.155711552190821e-07
     11.05500000000007	8.155711552190821e-07
      11.0553333333334	8.155711552190821e-07
     11.05566666666673	8.155711552190821e-07
     11.05600000000007	8.155711552190821e-07
      11.0563333333334	8.155711552190821e-07
     11.05666666666674	8.155711552190821e-07
     11.05700000000007	8.155711552190821e-07
      11.0573333333334	8.155711552190821e-07
     11.05766666666674	8.155711552190821e-07
     11.05800000000007	8.155711552190821e-07
      11.0583333333334	8.155711552190821e-07
     11.05866666666674	8.155711552190821e-07
     11.05900000000007	8.155711552190821e-07
     11.05933333333341	8.155711552190821e-07
     11.05966666666674	8.155711552190821e-07
     11.06000000000007	8.155711552190821e-07
     11.06033333333341	8.155711552190821e-07
     11.06066666666674	8.155711552190821e-07
     11.06100000000007	8.155711552190821e-07
     11.06133333333341	8.155711552190821e-07
     11.06166666666674	8.155711552190821e-07
     11.06200000000008	8.155711552190821e-07
     11.06233333333341	8.155711552190821e-07
     11.06266666666674	8.155711552190821e-07
     11.06300000000008	8.155711552190821e-07
     11.06333333333341	8.155711552190821e-07
     11.06366666666674	8.155711552190821e-07
     11.06400000000008	8.155711552190821e-07
     11.06433333333341	8.155711552190821e-07
     11.06466666666675	8.155711552190821e-07
     11.06500000000008	8.155711552190821e-07
     11.06533333333341	8.155711552190821e-07
     11.06566666666675	8.155711552190821e-07
     11.06600000000008	8.155711552190821e-07
     11.06633333333341	8.155711552190821e-07
     11.06666666666675	8.155711552190821e-07
     11.06700000000008	8.155711552190821e-07
     11.06733333333342	8.155711552190821e-07
     11.06766666666675	8.155711552190821e-07
     11.06800000000008	8.155711552190821e-07
     11.06833333333342	8.155711552190821e-07
     11.06866666666675	8.155711552190821e-07
     11.06900000000008	8.155711552190821e-07
     11.06933333333342	8.155711552190821e-07
     11.06966666666675	8.155711552190821e-07
     11.07000000000009	8.155711552190821e-07
     11.07033333333342	8.155711552190821e-07
     11.07066666666675	8.155711552190821e-07
     11.07100000000009	8.155711552190821e-07
     11.07133333333342	8.155711552190821e-07
     11.07166666666675	8.155711552190821e-07
     11.07200000000009	8.155711552190821e-07
     11.07233333333342	8.155711552190821e-07
     11.07266666666676	8.155711552190821e-07
     11.07300000000009	8.155711552190821e-07
     11.07333333333342	8.155711552190821e-07
     11.07366666666676	8.155711552190821e-07
     11.07400000000009	8.155711552190821e-07
     11.07433333333342	8.155711552190821e-07
     11.07466666666676	8.155711552190821e-07
     11.07500000000009	8.155711552190821e-07
     11.07533333333343	8.155711552190821e-07
     11.07566666666676	8.155711552190821e-07
     11.07600000000009	8.155711552190821e-07
     11.07633333333343	8.155711552190821e-07
     11.07666666666676	8.155711552190821e-07
     11.07700000000009	8.155711552190821e-07
     11.07733333333343	8.155711552190821e-07
     11.07766666666676	8.155711552190821e-07
      11.0780000000001	8.155711552190821e-07
     11.07833333333343	8.155711552190821e-07
     11.07866666666676	8.155711552190821e-07
      11.0790000000001	8.155711552190821e-07
     11.07933333333343	8.155711552190821e-07
     11.07966666666676	8.155711552190821e-07
      11.0800000000001	8.155711552190821e-07
     11.08033333333343	8.155711552190821e-07
     11.08066666666677	8.155711552190821e-07
      11.0810000000001	8.155711552190821e-07
     11.08133333333343	8.155711552190821e-07
     11.08166666666677	8.155711552190821e-07
      11.0820000000001	8.155711552190821e-07
     11.08233333333343	8.155711552190821e-07
     11.08266666666677	8.155711552190821e-07
      11.0830000000001	8.155711552190821e-07
     11.08333333333344	8.155711552190821e-07
     11.08366666666677	8.155711552190821e-07
      11.0840000000001	8.155711552190821e-07
     11.08433333333344	8.155711552190821e-07
     11.08466666666677	8.155711552190821e-07
      11.0850000000001	8.155711552190821e-07
     11.08533333333344	8.155711552190821e-07
     11.08566666666677	8.155711552190821e-07
     11.08600000000011	8.155711552190821e-07
     11.08633333333344	8.155711552190821e-07
     11.08666666666677	8.155711552190821e-07
     11.08700000000011	8.155711552190821e-07
     11.08733333333344	8.155711552190821e-07
     11.08766666666677	8.155711552190821e-07
     11.08800000000011	8.155711552190821e-07
     11.08833333333344	8.155711552190821e-07
     11.08866666666678	8.155711552190821e-07
     11.08900000000011	8.155711552190821e-07
     11.08933333333344	8.155711552190821e-07
     11.08966666666678	8.155711552190821e-07
     11.09000000000011	8.155711552190821e-07
     11.09033333333344	8.155711552190821e-07
     11.09066666666678	8.155711552190821e-07
     11.09100000000011	8.155711552190821e-07
     11.09133333333344	8.155711552190821e-07
     11.09166666666678	8.155711552190821e-07
     11.09200000000011	8.155711552190821e-07
     11.09233333333345	8.155711552190821e-07
     11.09266666666678	8.155711552190821e-07
     11.09300000000011	8.155711552190821e-07
     11.09333333333345	8.155711552190821e-07
     11.09366666666678	8.155711552190821e-07
     11.09400000000011	8.155711552190821e-07
     11.09433333333345	8.155711552190821e-07
     11.09466666666678	8.155711552190821e-07
     11.09500000000012	8.155711552190821e-07
     11.09533333333345	8.155711552190821e-07
     11.09566666666678	8.155711552190821e-07
     11.09600000000012	8.155711552190821e-07
     11.09633333333345	8.155711552190821e-07
     11.09666666666678	8.155711552190821e-07
     11.09700000000012	8.155711552190821e-07
     11.09733333333345	8.155711552190821e-07
     11.09766666666679	8.155711552190821e-07
     11.09800000000012	8.155711552190821e-07
     11.09833333333345	8.155711552190821e-07
     11.09866666666679	8.155711552190821e-07
     11.09900000000012	8.155711552190821e-07
     11.09933333333345	8.155711552190821e-07
     11.09966666666679	8.155711552190821e-07
     11.10000000000012	8.155711552190821e-07
     11.10033333333346	8.155711552190821e-07
     11.10066666666679	8.155711552190821e-07
     11.10100000000012	8.155711552190821e-07
     11.10133333333346	8.155711552190821e-07
     11.10166666666679	8.155711552190821e-07
     11.10200000000012	8.155711552190821e-07
     11.10233333333346	8.155711552190821e-07
     11.10266666666679	8.155711552190821e-07
     11.10300000000013	8.155711552190821e-07
     11.10333333333346	8.155711552190821e-07
     11.10366666666679	8.155711552190821e-07
     11.10400000000013	8.155711552190821e-07
     11.10433333333346	8.155711552190821e-07
     11.10466666666679	8.155711552190821e-07
     11.10500000000013	8.155711552190821e-07
     11.10533333333346	8.155711552190821e-07
      11.1056666666668	8.155711552190821e-07
     11.10600000000013	8.155711552190821e-07
     11.10633333333346	8.155711552190821e-07
      11.1066666666668	8.155711552190821e-07
     11.10700000000013	8.155711552190821e-07
     11.10733333333346	8.155711552190821e-07
      11.1076666666668	8.155711552190821e-07
     11.10800000000013	8.155711552190821e-07
     11.10833333333347	8.155711552190821e-07
      11.1086666666668	8.155711552190821e-07
     11.10900000000013	8.155711552190821e-07
     11.10933333333347	8.155711552190821e-07
      11.1096666666668	8.155711552190821e-07
     11.11000000000013	8.155711552190821e-07
     11.11033333333347	8.155711552190821e-07
      11.1106666666668	8.155711552190821e-07
     11.11100000000014	8.155711552190821e-07
     11.11133333333347	8.155711552190821e-07
      11.1116666666668	8.155711552190821e-07
     11.11200000000014	8.155711552190821e-07
     11.11233333333347	8.155711552190821e-07
      11.1126666666668	8.155711552190821e-07
     11.11300000000014	8.155711552190821e-07
     11.11333333333347	8.155711552190821e-07
     11.11366666666681	8.155711552190821e-07
     11.11400000000014	8.155711552190821e-07
     11.11433333333347	8.155711552190821e-07
     11.11466666666681	8.155711552190821e-07
     11.11500000000014	8.155711552190821e-07
     11.11533333333347	8.155711552190821e-07
     11.11566666666681	8.155711552190821e-07
     11.11600000000014	8.155711552190821e-07
     11.11633333333348	8.155711552190821e-07
     11.11666666666681	8.155711552190821e-07
     11.11700000000014	8.155711552190821e-07
     11.11733333333348	8.155711552190821e-07
     11.11766666666681	8.155711552190821e-07
     11.11800000000014	8.155711552190821e-07
     11.11833333333348	8.155711552190821e-07
     11.11866666666681	8.155711552190821e-07
     11.11900000000015	8.155711552190821e-07
     11.11933333333348	8.155711552190821e-07
     11.11966666666681	8.155711552190821e-07
     11.12000000000015	8.155711552190821e-07
     11.12033333333348	8.155711552190821e-07
     11.12066666666681	8.155711552190821e-07
     11.12100000000015	8.155711552190821e-07
     11.12133333333348	8.155711552190821e-07
     11.12166666666682	8.155711552190821e-07
     11.12200000000015	8.155711552190821e-07
     11.12233333333348	8.155711552190821e-07
     11.12266666666682	8.155711552190821e-07
     11.12300000000015	8.155711552190821e-07
     11.12333333333348	8.155711552190821e-07
     11.12366666666682	8.155711552190821e-07
     11.12400000000015	8.155711552190821e-07
     11.12433333333349	8.155711552190821e-07
     11.12466666666682	8.155711552190821e-07
     11.12500000000015	8.155711552190821e-07
     11.12533333333349	8.155711552190821e-07
     11.12566666666682	8.155711552190821e-07
     11.12600000000015	8.155711552190821e-07
     11.12633333333349	8.155711552190821e-07
     11.12666666666682	8.155711552190821e-07
     11.12700000000016	8.155711552190821e-07
     11.12733333333349	8.155711552190821e-07
     11.12766666666682	8.155711552190821e-07
     11.12800000000016	8.155711552190821e-07
     11.12833333333349	8.155711552190821e-07
     11.12866666666682	8.155711552190821e-07
     11.12900000000016	8.155711552190821e-07
     11.12933333333349	8.155711552190821e-07
     11.12966666666683	8.155711552190821e-07
     11.13000000000016	8.155711552190821e-07
     11.13033333333349	8.155711552190821e-07
     11.13066666666683	8.155711552190821e-07
     11.13100000000016	8.155711552190821e-07
     11.13133333333349	8.155711552190821e-07
     11.13166666666683	8.155711552190821e-07
     11.13200000000016	8.155711552190821e-07
      11.1323333333335	8.155711552190821e-07
     11.13266666666683	8.155711552190821e-07
     11.13300000000016	8.155711552190821e-07
      11.1333333333335	8.155711552190821e-07
     11.13366666666683	8.155711552190821e-07
     11.13400000000016	8.155711552190821e-07
      11.1343333333335	8.155711552190821e-07
     11.13466666666683	8.155711552190821e-07
     11.13500000000016	8.155711552190821e-07
      11.1353333333335	8.155711552190821e-07
     11.13566666666683	8.155711552190821e-07
     11.13600000000017	8.155711552190821e-07
      11.1363333333335	8.155711552190821e-07
     11.13666666666683	8.155711552190821e-07
     11.13700000000017	8.155711552190821e-07
      11.1373333333335	8.155711552190821e-07
     11.13766666666683	8.155711552190821e-07
     11.13800000000017	8.155711552190821e-07
      11.1383333333335	8.155711552190821e-07
     11.13866666666684	8.155711552190821e-07
     11.13900000000017	8.155711552190821e-07
      11.1393333333335	8.155711552190821e-07
     11.13966666666684	8.155711552190821e-07
     11.14000000000017	8.155711552190821e-07
      11.1403333333335	8.155711552190821e-07
     11.14066666666684	8.155711552190821e-07
     11.14100000000017	8.155711552190821e-07
     11.14133333333351	8.155711552190821e-07
     11.14166666666684	8.155711552190821e-07
     11.14200000000017	8.155711552190821e-07
     11.14233333333351	8.155711552190821e-07
     11.14266666666684	8.155711552190821e-07
     11.14300000000017	8.155711552190821e-07
     11.14333333333351	8.155711552190821e-07
     11.14366666666684	8.155711552190821e-07
     11.14400000000018	8.155711552190821e-07
     11.14433333333351	8.155711552190821e-07
     11.14466666666684	8.155711552190821e-07
     11.14500000000018	8.155711552190821e-07
     11.14533333333351	8.155711552190821e-07
     11.14566666666684	8.155711552190821e-07
     11.14600000000018	8.155711552190821e-07
     11.14633333333351	8.155711552190821e-07
     11.14666666666685	8.155711552190821e-07
     11.14700000000018	8.155711552190821e-07
     11.14733333333351	8.155711552190821e-07
     11.14766666666685	8.155711552190821e-07
     11.14800000000018	8.155711552190821e-07
     11.14833333333351	8.155711552190821e-07
     11.14866666666685	8.155711552190821e-07
     11.14900000000018	8.155711552190821e-07
     11.14933333333352	8.155711552190821e-07
     11.14966666666685	8.155711552190821e-07
     11.15000000000018	8.155711552190821e-07
     11.15033333333352	8.155711552190821e-07
     11.15066666666685	8.155711552190821e-07
     11.15100000000018	8.155711552190821e-07
     11.15133333333352	8.155711552190821e-07
     11.15166666666685	8.155711552190821e-07
     11.15200000000019	8.155711552190821e-07
     11.15233333333352	8.155711552190821e-07
     11.15266666666685	8.155711552190821e-07
     11.15300000000019	8.155711552190821e-07
     11.15333333333352	8.155711552190821e-07
     11.15366666666685	8.155711552190821e-07
     11.15400000000019	8.155711552190821e-07
     11.15433333333352	8.155711552190821e-07
     11.15466666666686	8.155711552190821e-07
     11.15500000000019	8.155711552190821e-07
     11.15533333333352	8.155711552190821e-07
     11.15566666666686	8.155711552190821e-07
     11.15600000000019	8.155711552190821e-07
     11.15633333333352	8.155711552190821e-07
     11.15666666666686	8.155711552190821e-07
     11.15700000000019	8.155711552190821e-07
     11.15733333333353	8.155711552190821e-07
     11.15766666666686	8.155711552190821e-07
     11.15800000000019	8.155711552190821e-07
     11.15833333333353	8.155711552190821e-07
     11.15866666666686	8.155711552190821e-07
     11.15900000000019	8.155711552190821e-07
     11.15933333333353	8.155711552190821e-07
     11.15966666666686	8.155711552190821e-07
      11.1600000000002	8.155711552190821e-07
     11.16033333333353	8.155711552190821e-07
     11.16066666666686	8.155711552190821e-07
      11.1610000000002	8.155711552190821e-07
     11.16133333333353	8.155711552190821e-07
     11.16166666666686	8.155711552190821e-07
      11.1620000000002	8.155711552190821e-07
     11.16233333333353	8.155711552190821e-07
     11.16266666666687	8.155711552190821e-07
      11.1630000000002	8.155711552190821e-07
     11.16333333333353	8.155711552190821e-07
     11.16366666666687	8.155711552190821e-07
      11.1640000000002	8.155711552190821e-07
     11.16433333333353	8.155711552190821e-07
     11.16466666666687	8.155711552190821e-07
      11.1650000000002	8.155711552190821e-07
     11.16533333333354	8.155711552190821e-07
     11.16566666666687	8.155711552190821e-07
      11.1660000000002	8.155711552190821e-07
     11.16633333333354	8.155711552190821e-07
     11.16666666666687	8.155711552190821e-07
      11.1670000000002	8.155711552190821e-07
     11.16733333333354	8.155711552190821e-07
     11.16766666666687	8.155711552190821e-07
     11.16800000000021	8.155711552190821e-07
     11.16833333333354	8.155711552190821e-07
     11.16866666666687	8.155711552190821e-07
     11.16900000000021	8.155711552190821e-07
     11.16933333333354	8.155711552190821e-07
     11.16966666666687	8.155711552190821e-07
     11.17000000000021	8.155711552190821e-07
     11.17033333333354	8.155711552190821e-07
     11.17066666666688	8.155711552190821e-07
     11.17100000000021	8.155711552190821e-07
     11.17133333333354	8.155711552190821e-07
     11.17166666666688	8.155711552190821e-07
     11.17200000000021	8.155711552190821e-07
     11.17233333333354	8.155711552190821e-07
     11.17266666666688	8.155711552190821e-07
     11.17300000000021	8.155711552190821e-07
     11.17333333333355	8.155711552190821e-07
     11.17366666666688	8.155711552190821e-07
     11.17400000000021	8.155711552190821e-07
     11.17433333333355	8.155711552190821e-07
     11.17466666666688	8.155711552190821e-07
     11.17500000000021	8.155711552190821e-07
     11.17533333333355	8.155711552190821e-07
     11.17566666666688	8.155711552190821e-07
     11.17600000000022	8.155711552190821e-07
     11.17633333333355	8.155711552190821e-07
     11.17666666666688	8.155711552190821e-07
     11.17700000000022	8.155711552190821e-07
     11.17733333333355	8.155711552190821e-07
     11.17766666666688	8.155711552190821e-07
     11.17800000000022	8.155711552190821e-07
     11.17833333333355	8.155711552190821e-07
     11.17866666666689	8.155711552190821e-07
     11.17900000000022	8.155711552190821e-07
     11.17933333333355	8.155711552190821e-07
     11.17966666666689	8.155711552190821e-07
     11.18000000000022	8.155711552190821e-07
     11.18033333333355	8.155711552190821e-07
     11.18066666666689	8.155711552190821e-07
     11.18100000000022	8.155711552190821e-07
     11.18133333333355	8.155711552190821e-07
     11.18166666666689	8.155711552190821e-07
     11.18200000000022	8.155711552190821e-07
     11.18233333333356	8.155711552190821e-07
     11.18266666666689	8.155711552190821e-07
     11.18300000000022	8.155711552190821e-07
     11.18333333333356	8.155711552190821e-07
     11.18366666666689	8.155711552190821e-07
     11.18400000000022	8.155711552190821e-07
     11.18433333333356	8.155711552190821e-07
     11.18466666666689	8.155711552190821e-07
     11.18500000000023	8.155711552190821e-07
     11.18533333333356	8.155711552190821e-07
     11.18566666666689	8.155711552190821e-07
     11.18600000000023	8.155711552190821e-07
     11.18633333333356	8.155711552190821e-07
     11.18666666666689	8.155711552190821e-07
     11.18700000000023	8.155711552190821e-07
     11.18733333333356	8.155711552190821e-07
      11.1876666666669	8.155711552190821e-07
     11.18800000000023	8.155711552190821e-07
     11.18833333333356	8.155711552190821e-07
      11.1886666666669	8.155711552190821e-07
     11.18900000000023	8.155711552190821e-07
     11.18933333333356	8.155711552190821e-07
      11.1896666666669	8.155711552190821e-07
     11.19000000000023	8.155711552190821e-07
     11.19033333333357	8.155711552190821e-07
      11.1906666666669	8.155711552190821e-07
     11.19100000000023	8.155711552190821e-07
     11.19133333333357	8.155711552190821e-07
      11.1916666666669	8.155711552190821e-07
     11.19200000000023	8.155711552190821e-07
     11.19233333333357	8.155711552190821e-07
      11.1926666666669	8.155711552190821e-07
     11.19300000000024	8.155711552190821e-07
     11.19333333333357	8.155711552190821e-07
      11.1936666666669	8.155711552190821e-07
     11.19400000000024	8.155711552190821e-07
     11.19433333333357	8.155711552190821e-07
      11.1946666666669	8.155711552190821e-07
     11.19500000000024	8.155711552190821e-07
     11.19533333333357	8.155711552190821e-07
     11.19566666666691	8.155711552190821e-07
     11.19600000000024	8.155711552190821e-07
     11.19633333333357	8.155711552190821e-07
     11.19666666666691	8.155711552190821e-07
     11.19700000000024	8.155711552190821e-07
     11.19733333333357	8.155711552190821e-07
     11.19766666666691	8.155711552190821e-07
     11.19800000000024	8.155711552190821e-07
     11.19833333333358	8.155711552190821e-07
     11.19866666666691	8.155711552190821e-07
     11.19900000000024	8.155711552190821e-07
     11.19933333333358	8.155711552190821e-07
     11.19966666666691	8.155711552190821e-07
     11.20000000000024	8.155711552190821e-07
     11.20033333333358	8.155711552190821e-07
     11.20066666666691	8.155711552190821e-07
     11.20100000000025	8.155711552190821e-07
     11.20133333333358	8.155711552190821e-07
     11.20166666666691	8.155711552190821e-07
     11.20200000000025	8.155711552190821e-07
     11.20233333333358	8.155711552190821e-07
     11.20266666666691	8.155711552190821e-07
     11.20300000000025	8.155711552190821e-07
     11.20333333333358	8.155711552190821e-07
     11.20366666666692	8.155711552190821e-07
     11.20400000000025	8.155711552190821e-07
     11.20433333333358	8.155711552190821e-07
     11.20466666666692	8.155711552190821e-07
     11.20500000000025	8.155711552190821e-07
     11.20533333333358	8.155711552190821e-07
     11.20566666666692	8.155711552190821e-07
     11.20600000000025	8.155711552190821e-07
     11.20633333333359	8.155711552190821e-07
     11.20666666666692	8.155711552190821e-07
     11.20700000000025	8.155711552190821e-07
     11.20733333333359	8.155711552190821e-07
     11.20766666666692	8.155711552190821e-07
     11.20800000000025	8.155711552190821e-07
     11.20833333333359	8.155711552190821e-07
     11.20866666666692	8.155711552190821e-07
     11.20900000000026	8.155711552190821e-07
     11.20933333333359	8.155711552190821e-07
     11.20966666666692	8.155711552190821e-07
     11.21000000000026	8.155711552190821e-07
     11.21033333333359	8.155711552190821e-07
     11.21066666666692	8.155711552190821e-07
     11.21100000000026	8.155711552190821e-07
     11.21133333333359	8.155711552190821e-07
     11.21166666666693	8.155711552190821e-07
     11.21200000000026	8.155711552190821e-07
     11.21233333333359	8.155711552190821e-07
     11.21266666666693	8.155711552190821e-07
     11.21300000000026	8.155711552190821e-07
     11.21333333333359	8.155711552190821e-07
     11.21366666666693	8.155711552190821e-07
     11.21400000000026	8.155711552190821e-07
      11.2143333333336	8.155711552190821e-07
     11.21466666666693	8.155711552190821e-07
     11.21500000000026	8.155711552190821e-07
      11.2153333333336	8.155711552190821e-07
     11.21566666666693	8.155711552190821e-07
     11.21600000000026	8.155711552190821e-07
      11.2163333333336	8.155711552190821e-07
     11.21666666666693	8.155711552190821e-07
     11.21700000000027	8.155711552190821e-07
      11.2173333333336	8.155711552190821e-07
     11.21766666666693	8.155711552190821e-07
     11.21800000000027	8.155711552190821e-07
      11.2183333333336	8.155711552190821e-07
     11.21866666666693	8.155711552190821e-07
     11.21900000000027	8.155711552190821e-07
      11.2193333333336	8.155711552190821e-07
     11.21966666666694	8.155711552190821e-07
     11.22000000000027	8.155711552190821e-07
      11.2203333333336	8.155711552190821e-07
     11.22066666666694	8.155711552190821e-07
     11.22100000000027	8.155711552190821e-07
      11.2213333333336	8.155711552190821e-07
     11.22166666666694	8.155711552190821e-07
     11.22200000000027	8.155711552190821e-07
     11.22233333333361	8.155711552190821e-07
     11.22266666666694	8.155711552190821e-07
     11.22300000000027	8.155711552190821e-07
     11.22333333333361	8.155711552190821e-07
     11.22366666666694	8.155711552190821e-07
     11.22400000000027	8.155711552190821e-07
     11.22433333333361	8.155711552190821e-07
     11.22466666666694	8.155711552190821e-07
     11.22500000000027	8.155711552190821e-07
     11.22533333333361	8.155711552190821e-07
     11.22566666666694	8.155711552190821e-07
     11.22600000000028	8.155711552190821e-07
     11.22633333333361	8.155711552190821e-07
     11.22666666666694	8.155711552190821e-07
     11.22700000000028	8.155711552190821e-07
     11.22733333333361	8.155711552190821e-07
     11.22766666666694	8.155711552190821e-07
     11.22800000000028	8.155711552190821e-07
     11.22833333333361	8.155711552190821e-07
     11.22866666666695	8.155711552190821e-07
     11.22900000000028	8.155711552190821e-07
     11.22933333333361	8.155711552190821e-07
     11.22966666666695	8.155711552190821e-07
     11.23000000000028	8.155711552190821e-07
     11.23033333333361	8.155711552190821e-07
     11.23066666666695	8.155711552190821e-07
     11.23100000000028	8.155711552190821e-07
     11.23133333333362	8.155711552190821e-07
     11.23166666666695	8.155711552190821e-07
     11.23200000000028	8.155711552190821e-07
     11.23233333333362	8.155711552190821e-07
     11.23266666666695	8.155711552190821e-07
     11.23300000000028	8.155711552190821e-07
     11.23333333333362	8.155711552190821e-07
     11.23366666666695	8.155711552190821e-07
     11.23400000000029	8.155711552190821e-07
     11.23433333333362	8.155711552190821e-07
     11.23466666666695	8.155711552190821e-07
     11.23500000000029	8.155711552190821e-07
     11.23533333333362	8.155711552190821e-07
     11.23566666666695	8.155711552190821e-07
     11.23600000000029	8.155711552190821e-07
     11.23633333333362	8.155711552190821e-07
     11.23666666666696	8.155711552190821e-07
     11.23700000000029	8.155711552190821e-07
     11.23733333333362	8.155711552190821e-07
     11.23766666666696	8.155711552190821e-07
     11.23800000000029	8.155711552190821e-07
     11.23833333333362	8.155711552190821e-07
     11.23866666666696	8.155711552190821e-07
     11.23900000000029	8.155711552190821e-07
     11.23933333333363	8.155711552190821e-07
     11.23966666666696	8.155711552190821e-07
     11.24000000000029	8.155711552190821e-07
     11.24033333333363	8.155711552190821e-07
     11.24066666666696	8.155711552190821e-07
     11.24100000000029	8.155711552190821e-07
     11.24133333333363	8.155711552190821e-07
     11.24166666666696	8.155711552190821e-07
      11.2420000000003	8.155711552190821e-07
     11.24233333333363	8.155711552190821e-07
     11.24266666666696	8.155711552190821e-07
      11.2430000000003	8.155711552190821e-07
     11.24333333333363	8.155711552190821e-07
     11.24366666666696	8.155711552190821e-07
      11.2440000000003	8.155711552190821e-07
     11.24433333333363	8.155711552190821e-07
     11.24466666666697	8.155711552190821e-07
      11.2450000000003	8.155711552190821e-07
     11.24533333333363	8.155711552190821e-07
     11.24566666666697	8.155711552190821e-07
      11.2460000000003	8.155711552190821e-07
     11.24633333333363	8.155711552190821e-07
     11.24666666666697	8.155711552190821e-07
      11.2470000000003	8.155711552190821e-07
     11.24733333333364	8.155711552190821e-07
     11.24766666666697	8.155711552190821e-07
      11.2480000000003	8.155711552190821e-07
     11.24833333333364	8.155711552190821e-07
     11.24866666666697	8.155711552190821e-07
      11.2490000000003	8.155711552190821e-07
     11.24933333333364	8.155711552190821e-07
     11.24966666666697	8.155711552190821e-07
     11.25000000000031	8.155711552190821e-07
     11.25033333333364	8.155711552190821e-07
     11.25066666666697	8.155711552190821e-07
     11.25100000000031	8.155711552190821e-07
     11.25133333333364	8.155711552190821e-07
     11.25166666666697	8.155711552190821e-07
     11.25200000000031	8.155711552190821e-07
     11.25233333333364	8.155711552190821e-07
     11.25266666666698	8.155711552190821e-07
     11.25300000000031	8.155711552190821e-07
     11.25333333333364	8.155711552190821e-07
     11.25366666666698	8.155711552190821e-07
     11.25400000000031	8.155711552190821e-07
     11.25433333333364	8.155711552190821e-07
     11.25466666666698	8.155711552190821e-07
     11.25500000000031	8.155711552190821e-07
     11.25533333333365	8.155711552190821e-07
     11.25566666666698	8.155711552190821e-07
     11.25600000000031	8.155711552190821e-07
     11.25633333333365	8.155711552190821e-07
     11.25666666666698	8.155711552190821e-07
     11.25700000000031	8.155711552190821e-07
     11.25733333333365	8.155711552190821e-07
     11.25766666666698	8.155711552190821e-07
     11.25800000000032	8.155711552190821e-07
     11.25833333333365	8.155711552190821e-07
     11.25866666666698	8.155711552190821e-07
     11.25900000000032	8.155711552190821e-07
     11.25933333333365	8.155711552190821e-07
     11.25966666666698	8.155711552190821e-07
     11.26000000000032	8.155711552190821e-07
     11.26033333333365	8.155711552190821e-07
     11.26066666666699	8.155711552190821e-07
     11.26100000000032	8.155711552190821e-07
     11.26133333333365	8.155711552190821e-07
     11.26166666666699	8.155711552190821e-07
     11.26200000000032	8.155711552190821e-07
     11.26233333333365	8.155711552190821e-07
     11.26266666666699	8.155711552190821e-07
     11.26300000000032	8.155711552190821e-07
     11.26333333333366	8.155711552190821e-07
     11.26366666666699	8.155711552190821e-07
     11.26400000000032	8.155711552190821e-07
     11.26433333333366	8.155711552190821e-07
     11.26466666666699	8.155711552190821e-07
     11.26500000000032	8.155711552190821e-07
     11.26533333333366	8.155711552190821e-07
     11.26566666666699	8.155711552190821e-07
     11.26600000000033	8.155711552190821e-07
     11.26633333333366	8.155711552190821e-07
     11.26666666666699	8.155711552190821e-07
     11.26700000000033	8.155711552190821e-07
     11.26733333333366	8.155711552190821e-07
     11.26766666666699	8.155711552190821e-07
     11.26800000000033	8.155711552190821e-07
     11.26833333333366	8.155711552190821e-07
       11.268666666667	8.155711552190821e-07
     11.26900000000033	8.155711552190821e-07
     11.26933333333366	8.155711552190821e-07
       11.269666666667	8.155711552190821e-07
     11.27000000000033	8.155711552190821e-07
     11.27033333333366	8.155711552190821e-07
       11.270666666667	8.155711552190821e-07
     11.27100000000033	8.155711552190821e-07
     11.27133333333366	8.155711552190821e-07
       11.271666666667	8.155711552190821e-07
     11.27200000000033	8.155711552190821e-07
     11.27233333333367	8.155711552190821e-07
       11.272666666667	8.155711552190821e-07
     11.27300000000033	8.155711552190821e-07
     11.27333333333367	8.155711552190821e-07
       11.273666666667	8.155711552190821e-07
     11.27400000000033	8.155711552190821e-07
     11.27433333333367	8.155711552190821e-07
       11.274666666667	8.155711552190821e-07
     11.27500000000034	8.155711552190821e-07
     11.27533333333367	8.155711552190821e-07
       11.275666666667	8.155711552190821e-07
     11.27600000000034	8.155711552190821e-07
     11.27633333333367	8.155711552190821e-07
       11.276666666667	8.155711552190821e-07
     11.27700000000034	8.155711552190821e-07
     11.27733333333367	8.155711552190821e-07
     11.27766666666701	8.155711552190821e-07
     11.27800000000034	8.155711552190821e-07
     11.27833333333367	8.155711552190821e-07
     11.27866666666701	8.155711552190821e-07
     11.27900000000034	8.155711552190821e-07
     11.27933333333367	8.155711552190821e-07
     11.27966666666701	8.155711552190821e-07
     11.28000000000034	8.155711552190821e-07
     11.28033333333368	8.155711552190821e-07
     11.28066666666701	8.155711552190821e-07
     11.28100000000034	8.155711552190821e-07
     11.28133333333368	8.155711552190821e-07
     11.28166666666701	8.155711552190821e-07
     11.28200000000034	8.155711552190821e-07
     11.28233333333368	8.155711552190821e-07
     11.28266666666701	8.155711552190821e-07
     11.28300000000035	8.155711552190821e-07
     11.28333333333368	8.155711552190821e-07
     11.28366666666701	8.155711552190821e-07
     11.28400000000035	8.155711552190821e-07
     11.28433333333368	8.155711552190821e-07
     11.28466666666701	8.155711552190821e-07
     11.28500000000035	8.155711552190821e-07
     11.28533333333368	8.155711552190821e-07
     11.28566666666702	8.155711552190821e-07
     11.28600000000035	8.155711552190821e-07
     11.28633333333368	8.155711552190821e-07
     11.28666666666702	8.155711552190821e-07
     11.28700000000035	8.155711552190821e-07
     11.28733333333368	8.155711552190821e-07
     11.28766666666702	8.155711552190821e-07
     11.28800000000035	8.155711552190821e-07
     11.28833333333369	8.155711552190821e-07
     11.28866666666702	8.155711552190821e-07
     11.28900000000035	8.155711552190821e-07
     11.28933333333369	8.155711552190821e-07
     11.28966666666702	8.155711552190821e-07
     11.29000000000035	8.155711552190821e-07
     11.29033333333369	8.155711552190821e-07
     11.29066666666702	8.155711552190821e-07
     11.29100000000036	8.155711552190821e-07
     11.29133333333369	8.155711552190821e-07
     11.29166666666702	8.155711552190821e-07
     11.29200000000036	8.155711552190821e-07
     11.29233333333369	8.155711552190821e-07
     11.29266666666702	8.155711552190821e-07
     11.29300000000036	8.155711552190821e-07
     11.29333333333369	8.155711552190821e-07
     11.29366666666703	8.155711552190821e-07
     11.29400000000036	8.155711552190821e-07
     11.29433333333369	8.155711552190821e-07
     11.29466666666703	8.155711552190821e-07
     11.29500000000036	8.155711552190821e-07

     12.00033333333333	6.708699733273897e-07
     12.00066666666667	6.708699733273897e-07
                12.001	6.708699733273897e-07
     12.00133333333333	6.708699733273897e-07
     12.00166666666667	6.708699733273897e-07
                12.002	6.708699733273897e-07
     12.00233333333334	6.708699733273897e-07
     12.00266666666667	6.708699733273897e-07
                12.003	6.708699733273897e-07
     12.00333333333334	6.708699733273897e-07
     12.00366666666667	6.708699733273897e-07
                12.004	6.708699733273897e-07
     12.00433333333334	6.708699733273897e-07
     12.00466666666667	6.708699733273897e-07
     12.00500000000001	6.708699733273897e-07
     12.00533333333334	6.708699733273897e-07
     12.00566666666667	6.708699733273897e-07
     12.00600000000001	6.708699733273897e-07
     12.00633333333334	6.708699733273897e-07
     12.00666666666667	6.708699733273897e-07
     12.00700000000001	6.708699733273897e-07
     12.00733333333334	6.708699733273897e-07
     12.00766666666668	6.708699733273897e-07
     12.00800000000001	6.708699733273897e-07
     12.00833333333334	6.708699733273897e-07
     12.00866666666668	6.708699733273897e-07
     12.00900000000001	6.708699733273897e-07
     12.00933333333334	6.708699733273897e-07
     12.00966666666668	6.708699733273897e-07
     12.01000000000001	6.708699733273897e-07
     12.01033333333335	6.708699733273897e-07
     12.01066666666668	6.708699733273897e-07
     12.01100000000001	6.708699733273897e-07
     12.01133333333335	6.708699733273897e-07
     12.01166666666668	6.708699733273897e-07
     12.01200000000001	6.708699733273897e-07
     12.01233333333335	6.708699733273897e-07
     12.01266666666668	6.708699733273897e-07
     12.01300000000002	6.708699733273897e-07
     12.01333333333335	6.708699733273897e-07
     12.01366666666668	6.708699733273897e-07
     12.01400000000002	6.708699733273897e-07
     12.01433333333335	6.708699733273897e-07
     12.01466666666668	6.708699733273897e-07
     12.01500000000002	6.708699733273897e-07
     12.01533333333335	6.708699733273897e-07
     12.01566666666669	6.708699733273897e-07
     12.01600000000002	6.708699733273897e-07
     12.01633333333335	6.708699733273897e-07
     12.01666666666669	6.708699733273897e-07
     12.01700000000002	6.708699733273897e-07
     12.01733333333335	6.708699733273897e-07
     12.01766666666669	6.708699733273897e-07
     12.01800000000002	6.708699733273897e-07
     12.01833333333336	6.708699733273897e-07
     12.01866666666669	6.708699733273897e-07
     12.01900000000002	6.708699733273897e-07
     12.01933333333336	6.708699733273897e-07
     12.01966666666669	6.708699733273897e-07
     12.02000000000002	6.708699733273897e-07
     12.02033333333336	6.708699733273897e-07
     12.02066666666669	6.708699733273897e-07
     12.02100000000003	6.708699733273897e-07
     12.02133333333336	6.708699733273897e-07
     12.02166666666669	6.708699733273897e-07
     12.02200000000003	6.708699733273897e-07
     12.02233333333336	6.708699733273897e-07
     12.02266666666669	6.708699733273897e-07
     12.02300000000003	6.708699733273897e-07
     12.02333333333336	6.708699733273897e-07
      12.0236666666667	6.708699733273897e-07
     12.02400000000003	6.708699733273897e-07
     12.02433333333336	6.708699733273897e-07
      12.0246666666667	6.708699733273897e-07
     12.02500000000003	6.708699733273897e-07
     12.02533333333336	6.708699733273897e-07
      12.0256666666667	6.708699733273897e-07
     12.02600000000003	6.708699733273897e-07
     12.02633333333337	6.708699733273897e-07
      12.0266666666667	6.708699733273897e-07
     12.02700000000003	6.708699733273897e-07
     12.02733333333337	6.708699733273897e-07
      12.0276666666667	6.708699733273897e-07
     12.02800000000003	6.708699733273897e-07
     12.02833333333337	6.708699733273897e-07
      12.0286666666667	6.708699733273897e-07
     12.02900000000004	6.708699733273897e-07
     12.02933333333337	6.708699733273897e-07
      12.0296666666667	6.708699733273897e-07
     12.03000000000004	6.708699733273897e-07
     12.03033333333337	6.708699733273897e-07
      12.0306666666667	6.708699733273897e-07
     12.03100000000004	6.708699733273897e-07
     12.03133333333337	6.708699733273897e-07
     12.03166666666671	6.708699733273897e-07
     12.03200000000004	6.708699733273897e-07
     12.03233333333337	6.708699733273897e-07
     12.03266666666671	6.708699733273897e-07
     12.03300000000004	6.708699733273897e-07
     12.03333333333337	6.708699733273897e-07
     12.03366666666671	6.708699733273897e-07
     12.03400000000004	6.708699733273897e-07
     12.03433333333338	6.708699733273897e-07
     12.03466666666671	6.708699733273897e-07
     12.03500000000004	6.708699733273897e-07
     12.03533333333338	6.708699733273897e-07
     12.03566666666671	6.708699733273897e-07
     12.03600000000004	6.708699733273897e-07
     12.03633333333338	6.708699733273897e-07
     12.03666666666671	6.708699733273897e-07
     12.03700000000005	6.708699733273897e-07
     12.03733333333338	6.708699733273897e-07
     12.03766666666671	6.708699733273897e-07
     12.03800000000005	6.708699733273897e-07
     12.03833333333338	6.708699733273897e-07
     12.03866666666671	6.708699733273897e-07
     12.03900000000005	6.708699733273897e-07
     12.03933333333338	6.708699733273897e-07
     12.03966666666672	6.708699733273897e-07
     12.04000000000005	6.708699733273897e-07
     12.04033333333338	6.708699733273897e-07
     12.04066666666672	6.708699733273897e-07
     12.04100000000005	6.708699733273897e-07
     12.04133333333338	6.708699733273897e-07
     12.04166666666672	6.708699733273897e-07
     12.04200000000005	6.708699733273897e-07
     12.04233333333339	6.708699733273897e-07
     12.04266666666672	6.708699733273897e-07
     12.04300000000005	6.708699733273897e-07
     12.04333333333339	6.708699733273897e-07
     12.04366666666672	6.708699733273897e-07
     12.04400000000005	6.708699733273897e-07
     12.04433333333339	6.708699733273897e-07
     12.04466666666672	6.708699733273897e-07
     12.04500000000005	6.708699733273897e-07
     12.04533333333339	6.708699733273897e-07
     12.04566666666672	6.708699733273897e-07
     12.04600000000006	6.708699733273897e-07
     12.04633333333339	6.708699733273897e-07
     12.04666666666672	6.708699733273897e-07
     12.04700000000006	6.708699733273897e-07
     12.04733333333339	6.708699733273897e-07
     12.04766666666672	6.708699733273897e-07
     12.04800000000006	6.708699733273897e-07
     12.04833333333339	6.708699733273897e-07
     12.04866666666673	6.708699733273897e-07
     12.04900000000006	6.708699733273897e-07
     12.04933333333339	6.708699733273897e-07
     12.04966666666673	6.708699733273897e-07
     12.05000000000006	6.708699733273897e-07
     12.05033333333339	6.708699733273897e-07
     12.05066666666673	6.708699733273897e-07
     12.05100000000006	6.708699733273897e-07
      12.0513333333334	6.708699733273897e-07
     12.05166666666673	6.708699733273897e-07
     12.05200000000006	6.708699733273897e-07
      12.0523333333334	6.708699733273897e-07
     12.05266666666673	6.708699733273897e-07
     12.05300000000006	6.708699733273897e-07
      12.0533333333334	6.708699733273897e-07
     12.05366666666673	6.708699733273897e-07
     12.05400000000007	6.708699733273897e-07
      12.0543333333334	6.708699733273897e-07
     12.05466666666673	6.708699733273897e-07
     12.05500000000007	6.708699733273897e-07
      12.0553333333334	6.708699733273897e-07
     12.05566666666673	6.708699733273897e-07
     12.05600000000007	6.708699733273897e-07
      12.0563333333334	6.708699733273897e-07
     12.05666666666674	6.708699733273897e-07
     12.05700000000007	6.708699733273897e-07
      12.0573333333334	6.708699733273897e-07
     12.05766666666674	6.708699733273897e-07
     12.05800000000007	6.708699733273897e-07
      12.0583333333334	6.708699733273897e-07
     12.05866666666674	6.708699733273897e-07
     12.05900000000007	6.708699733273897e-07
     12.05933333333341	6.708699733273897e-07
     12.05966666666674	6.708699733273897e-07
     12.06000000000007	6.708699733273897e-07
     12.06033333333341	6.708699733273897e-07
     12.06066666666674	6.708699733273897e-07
     12.06100000000007	6.708699733273897e-07
     12.06133333333341	6.708699733273897e-07
     12.06166666666674	6.708699733273897e-07
     12.06200000000008	6.708699733273897e-07
     12.06233333333341	6.708699733273897e-07
     12.06266666666674	6.708699733273897e-07
     12.06300000000008	6.708699733273897e-07
     12.06333333333341	6.708699733273897e-07
     12.06366666666674	6.708699733273897e-07
     12.06400000000008	6.708699733273897e-07
     12.06433333333341	6.708699733273897e-07
     12.06466666666675	6.708699733273897e-07
     12.06500000000008	6.708699733273897e-07
     12.06533333333341	6.708699733273897e-07
     12.06566666666675	6.708699733273897e-07
     12.06600000000008	6.708699733273897e-07
     12.06633333333341	6.708699733273897e-07
     12.06666666666675	6.708699733273897e-07
     12.06700000000008	6.708699733273897e-07
     12.06733333333342	6.708699733273897e-07
     12.06766666666675	6.708699733273897e-07
     12.06800000000008	6.708699733273897e-07
     12.06833333333342	6.708699733273897e-07
     12.06866666666675	6.708699733273897e-07
     12.06900000000008	6.708699733273897e-07
     12.06933333333342	6.708699733273897e-07
     12.06966666666675	6.708699733273897e-07
     12.07000000000009	6.708699733273897e-07
     12.07033333333342	6.708699733273897e-07
     12.07066666666675	6.708699733273897e-07
     12.07100000000009	6.708699733273897e-07
     12.07133333333342	6.708699733273897e-07
     12.07166666666675	6.708699733273897e-07
     12.07200000000009	6.708699733273897e-07
     12.07233333333342	6.708699733273897e-07
     12.07266666666676	6.708699733273897e-07
     12.07300000000009	6.708699733273897e-07
     12.07333333333342	6.708699733273897e-07
     12.07366666666676	6.708699733273897e-07
     12.07400000000009	6.708699733273897e-07
     12.07433333333342	6.708699733273897e-07
     12.07466666666676	6.708699733273897e-07
     12.07500000000009	6.708699733273897e-07
     12.07533333333343	6.708699733273897e-07
     12.07566666666676	6.708699733273897e-07
     12.07600000000009	6.708699733273897e-07
     12.07633333333343	6.708699733273897e-07
     12.07666666666676	6.708699733273897e-07
     12.07700000000009	6.708699733273897e-07
     12.07733333333343	6.708699733273897e-07
     12.07766666666676	6.708699733273897e-07
      12.0780000000001	6.708699733273897e-07
     12.07833333333343	6.708699733273897e-07
     12.07866666666676	6.708699733273897e-07
      12.0790000000001	6.708699733273897e-07
     12.07933333333343	6.708699733273897e-07
     12.07966666666676	6.708699733273897e-07
      12.0800000000001	6.708699733273897e-07
     12.08033333333343	6.708699733273897e-07
     12.08066666666677	6.708699733273897e-07
      12.0810000000001	6.708699733273897e-07
     12.08133333333343	6.708699733273897e-07
     12.08166666666677	6.708699733273897e-07
      12.0820000000001	6.708699733273897e-07
     12.08233333333343	6.708699733273897e-07
     12.08266666666677	6.708699733273897e-07
      12.0830000000001	6.708699733273897e-07
     12.08333333333344	6.708699733273897e-07
     12.08366666666677	6.708699733273897e-07
      12.0840000000001	6.708699733273897e-07
     12.08433333333344	6.708699733273897e-07
     12.08466666666677	6.708699733273897e-07
      12.0850000000001	6.708699733273897e-07
     12.08533333333344	6.708699733273897e-07
     12.08566666666677	6.708699733273897e-07
     12.08600000000011	6.708699733273897e-07
     12.08633333333344	6.708699733273897e-07
     12.08666666666677	6.708699733273897e-07
     12.08700000000011	6.708699733273897e-07
     12.08733333333344	6.708699733273897e-07
     12.08766666666677	6.708699733273897e-07
     12.08800000000011	6.708699733273897e-07
     12.08833333333344	6.708699733273897e-07
     12.08866666666678	6.708699733273897e-07
     12.08900000000011	6.708699733273897e-07
     12.08933333333344	6.708699733273897e-07
     12.08966666666678	6.708699733273897e-07
     12.09000000000011	6.708699733273897e-07
     12.09033333333344	6.708699733273897e-07
     12.09066666666678	6.708699733273897e-07
     12.09100000000011	6.708699733273897e-07
     12.09133333333344	6.708699733273897e-07
     12.09166666666678	6.708699733273897e-07
     12.09200000000011	6.708699733273897e-07
     12.09233333333345	6.708699733273897e-07
     12.09266666666678	6.708699733273897e-07
     12.09300000000011	6.708699733273897e-07
     12.09333333333345	6.708699733273897e-07
     12.09366666666678	6.708699733273897e-07
     12.09400000000011	6.708699733273897e-07
     12.09433333333345	6.708699733273897e-07
     12.09466666666678	6.708699733273897e-07
     12.09500000000012	6.708699733273897e-07
     12.09533333333345	6.708699733273897e-07
     12.09566666666678	6.708699733273897e-07
     12.09600000000012	6.708699733273897e-07
     12.09633333333345	6.708699733273897e-07
     12.09666666666678	6.708699733273897e-07
     12.09700000000012	6.708699733273897e-07
     12.09733333333345	6.708699733273897e-07
     12.09766666666679	6.708699733273897e-07
     12.09800000000012	6.708699733273897e-07
     12.09833333333345	6.708699733273897e-07
     12.09866666666679	6.708699733273897e-07
     12.09900000000012	6.708699733273897e-07
     12.09933333333345	6.708699733273897e-07
     12.09966666666679	6.708699733273897e-07
     12.10000000000012	6.708699733273897e-07
     12.10033333333346	6.708699733273897e-07
     12.10066666666679	6.708699733273897e-07
     12.10100000000012	6.708699733273897e-07
     12.10133333333346	6.708699733273897e-07
     12.10166666666679	6.708699733273897e-07
     12.10200000000012	6.708699733273897e-07
     12.10233333333346	6.708699733273897e-07
     12.10266666666679	6.708699733273897e-07
     12.10300000000013	6.708699733273897e-07
     12.10333333333346	6.708699733273897e-07
     12.10366666666679	6.708699733273897e-07
     12.10400000000013	6.708699733273897e-07
     12.10433333333346	6.708699733273897e-07
     12.10466666666679	6.708699733273897e-07
     12.10500000000013	6.708699733273897e-07
     12.10533333333346	6.708699733273897e-07
      12.1056666666668	6.708699733273897e-07
     12.10600000000013	6.708699733273897e-07
     12.10633333333346	6.708699733273897e-07
      12.1066666666668	6.708699733273897e-07
     12.10700000000013	6.708699733273897e-07
     12.10733333333346	6.708699733273897e-07
      12.1076666666668	6.708699733273897e-07
     12.10800000000013	6.708699733273897e-07
     12.10833333333347	6.708699733273897e-07
      12.1086666666668	6.708699733273897e-07
     12.10900000000013	6.708699733273897e-07
     12.10933333333347	6.708699733273897e-07
      12.1096666666668	6.708699733273897e-07
     12.11000000000013	6.708699733273897e-07
     12.11033333333347	6.708699733273897e-07
      12.1106666666668	6.708699733273897e-07
     12.11100000000014	6.708699733273897e-07
     12.11133333333347	6.708699733273897e-07
      12.1116666666668	6.708699733273897e-07
     12.11200000000014	6.708699733273897e-07
     12.11233333333347	6.708699733273897e-07
      12.1126666666668	6.708699733273897e-07
     12.11300000000014	6.708699733273897e-07
     12.11333333333347	6.708699733273897e-07
     12.11366666666681	6.708699733273897e-07
     12.11400000000014	6.708699733273897e-07
     12.11433333333347	6.708699733273897e-07
     12.11466666666681	6.708699733273897e-07
     12.11500000000014	6.708699733273897e-07
     12.11533333333347	6.708699733273897e-07
     12.11566666666681	6.708699733273897e-07
     12.11600000000014	6.708699733273897e-07
     12.11633333333348	6.708699733273897e-07
     12.11666666666681	6.708699733273897e-07
     12.11700000000014	6.708699733273897e-07
     12.11733333333348	6.708699733273897e-07
     12.11766666666681	6.708699733273897e-07
     12.11800000000014	6.708699733273897e-07
     12.11833333333348	6.708699733273897e-07
     12.11866666666681	6.708699733273897e-07
     12.11900000000015	6.708699733273897e-07
     12.11933333333348	6.708699733273897e-07
     12.11966666666681	6.708699733273897e-07
     12.12000000000015	6.708699733273897e-07
     12.12033333333348	6.708699733273897e-07
     12.12066666666681	6.708699733273897e-07
     12.12100000000015	6.708699733273897e-07
     12.12133333333348	6.708699733273897e-07
     12.12166666666682	6.708699733273897e-07
     12.12200000000015	6.708699733273897e-07
     12.12233333333348	6.708699733273897e-07
     12.12266666666682	6.708699733273897e-07
     12.12300000000015	6.708699733273897e-07
     12.12333333333348	6.708699733273897e-07
     12.12366666666682	6.708699733273897e-07
     12.12400000000015	6.708699733273897e-07
     12.12433333333349	6.708699733273897e-07
     12.12466666666682	6.708699733273897e-07
     12.12500000000015	6.708699733273897e-07
     12.12533333333349	6.708699733273897e-07
     12.12566666666682	6.708699733273897e-07
     12.12600000000015	6.708699733273897e-07
     12.12633333333349	6.708699733273897e-07
     12.12666666666682	6.708699733273897e-07
     12.12700000000016	6.708699733273897e-07
     12.12733333333349	6.708699733273897e-07
     12.12766666666682	6.708699733273897e-07
     12.12800000000016	6.708699733273897e-07
     12.12833333333349	6.708699733273897e-07
     12.12866666666682	6.708699733273897e-07
     12.12900000000016	6.708699733273897e-07
     12.12933333333349	6.708699733273897e-07
     12.12966666666683	6.708699733273897e-07
     12.13000000000016	6.708699733273897e-07
     12.13033333333349	6.708699733273897e-07
     12.13066666666683	6.708699733273897e-07
     12.13100000000016	6.708699733273897e-07
     12.13133333333349	6.708699733273897e-07
     12.13166666666683	6.708699733273897e-07
     12.13200000000016	6.708699733273897e-07
      12.1323333333335	6.708699733273897e-07
     12.13266666666683	6.708699733273897e-07
     12.13300000000016	6.708699733273897e-07
      12.1333333333335	6.708699733273897e-07
     12.13366666666683	6.708699733273897e-07
     12.13400000000016	6.708699733273897e-07
      12.1343333333335	6.708699733273897e-07
     12.13466666666683	6.708699733273897e-07
     12.13500000000016	6.708699733273897e-07
      12.1353333333335	6.708699733273897e-07
     12.13566666666683	6.708699733273897e-07
     12.13600000000017	6.708699733273897e-07
      12.1363333333335	6.708699733273897e-07
     12.13666666666683	6.708699733273897e-07
     12.13700000000017	6.708699733273897e-07
      12.1373333333335	6.708699733273897e-07
     12.13766666666683	6.708699733273897e-07
     12.13800000000017	6.708699733273897e-07
      12.1383333333335	6.708699733273897e-07
     12.13866666666684	6.708699733273897e-07
     12.13900000000017	6.708699733273897e-07
      12.1393333333335	6.708699733273897e-07
     12.13966666666684	6.708699733273897e-07
     12.14000000000017	6.708699733273897e-07
      12.1403333333335	6.708699733273897e-07
     12.14066666666684	6.708699733273897e-07
     12.14100000000017	6.708699733273897e-07
     12.14133333333351	6.708699733273897e-07
     12.14166666666684	6.708699733273897e-07
     12.14200000000017	6.708699733273897e-07
     12.14233333333351	6.708699733273897e-07
     12.14266666666684	6.708699733273897e-07
     12.14300000000017	6.708699733273897e-07
     12.14333333333351	6.708699733273897e-07
     12.14366666666684	6.708699733273897e-07
     12.14400000000018	6.708699733273897e-07
     12.14433333333351	6.708699733273897e-07
     12.14466666666684	6.708699733273897e-07
     12.14500000000018	6.708699733273897e-07
     12.14533333333351	6.708699733273897e-07
     12.14566666666684	6.708699733273897e-07
     12.14600000000018	6.708699733273897e-07
     12.14633333333351	6.708699733273897e-07
     12.14666666666685	6.708699733273897e-07
     12.14700000000018	6.708699733273897e-07
     12.14733333333351	6.708699733273897e-07
     12.14766666666685	6.708699733273897e-07
     12.14800000000018	6.708699733273897e-07
     12.14833333333351	6.708699733273897e-07
     12.14866666666685	6.708699733273897e-07
     12.14900000000018	6.708699733273897e-07
     12.14933333333352	6.708699733273897e-07
     12.14966666666685	6.708699733273897e-07
     12.15000000000018	6.708699733273897e-07
     12.15033333333352	6.708699733273897e-07
     12.15066666666685	6.708699733273897e-07
     12.15100000000018	6.708699733273897e-07
     12.15133333333352	6.708699733273897e-07
     12.15166666666685	6.708699733273897e-07
     12.15200000000019	6.708699733273897e-07
     12.15233333333352	6.708699733273897e-07
     12.15266666666685	6.708699733273897e-07
     12.15300000000019	6.708699733273897e-07
     12.15333333333352	6.708699733273897e-07
     12.15366666666685	6.708699733273897e-07
     12.15400000000019	6.708699733273897e-07
     12.15433333333352	6.708699733273897e-07
     12.15466666666686	6.708699733273897e-07
     12.15500000000019	6.708699733273897e-07
     12.15533333333352	6.708699733273897e-07
     12.15566666666686	6.708699733273897e-07
     12.15600000000019	6.708699733273897e-07
     12.15633333333352	6.708699733273897e-07
     12.15666666666686	6.708699733273897e-07
     12.15700000000019	6.708699733273897e-07
     12.15733333333353	6.708699733273897e-07
     12.15766666666686	6.708699733273897e-07
     12.15800000000019	6.708699733273897e-07
     12.15833333333353	6.708699733273897e-07
     12.15866666666686	6.708699733273897e-07
     12.15900000000019	6.708699733273897e-07
     12.15933333333353	6.708699733273897e-07
     12.15966666666686	6.708699733273897e-07
      12.1600000000002	6.708699733273897e-07
     12.16033333333353	6.708699733273897e-07
     12.16066666666686	6.708699733273897e-07
      12.1610000000002	6.708699733273897e-07
     12.16133333333353	6.708699733273897e-07
     12.16166666666686	6.708699733273897e-07
      12.1620000000002	6.708699733273897e-07
     12.16233333333353	6.708699733273897e-07
     12.16266666666687	6.708699733273897e-07
      12.1630000000002	6.708699733273897e-07
     12.16333333333353	6.708699733273897e-07
     12.16366666666687	6.708699733273897e-07
      12.1640000000002	6.708699733273897e-07
     12.16433333333353	6.708699733273897e-07
     12.16466666666687	6.708699733273897e-07
      12.1650000000002	6.708699733273897e-07
     12.16533333333354	6.708699733273897e-07
     12.16566666666687	6.708699733273897e-07
      12.1660000000002	6.708699733273897e-07
     12.16633333333354	6.708699733273897e-07
     12.16666666666687	6.708699733273897e-07
      12.1670000000002	6.708699733273897e-07
     12.16733333333354	6.708699733273897e-07
     12.16766666666687	6.708699733273897e-07
     12.16800000000021	6.708699733273897e-07
     12.16833333333354	6.708699733273897e-07
     12.16866666666687	6.708699733273897e-07
     12.16900000000021	6.708699733273897e-07
     12.16933333333354	6.708699733273897e-07
     12.16966666666687	6.708699733273897e-07
     12.17000000000021	6.708699733273897e-07
     12.17033333333354	6.708699733273897e-07
     12.17066666666688	6.708699733273897e-07
     12.17100000000021	6.708699733273897e-07
     12.17133333333354	6.708699733273897e-07
     12.17166666666688	6.708699733273897e-07
     12.17200000000021	6.708699733273897e-07
     12.17233333333354	6.708699733273897e-07
     12.17266666666688	6.708699733273897e-07
     12.17300000000021	6.708699733273897e-07
     12.17333333333355	6.708699733273897e-07
     12.17366666666688	6.708699733273897e-07
     12.17400000000021	6.708699733273897e-07
     12.17433333333355	6.708699733273897e-07
     12.17466666666688	6.708699733273897e-07
     12.17500000000021	6.708699733273897e-07
     12.17533333333355	6.708699733273897e-07
     12.17566666666688	6.708699733273897e-07
     12.17600000000022	6.708699733273897e-07
     12.17633333333355	6.708699733273897e-07
     12.17666666666688	6.708699733273897e-07
     12.17700000000022	6.708699733273897e-07
     12.17733333333355	6.708699733273897e-07
     12.17766666666688	6.708699733273897e-07
     12.17800000000022	6.708699733273897e-07
     12.17833333333355	6.708699733273897e-07
     12.17866666666689	6.708699733273897e-07
     12.17900000000022	6.708699733273897e-07
     12.17933333333355	6.708699733273897e-07
     12.17966666666689	6.708699733273897e-07
     12.18000000000022	6.708699733273897e-07
     12.18033333333355	6.708699733273897e-07
     12.18066666666689	6.708699733273897e-07
     12.18100000000022	6.708699733273897e-07
     12.18133333333355	6.708699733273897e-07
     12.18166666666689	6.708699733273897e-07
     12.18200000000022	6.708699733273897e-07
     12.18233333333356	6.708699733273897e-07
     12.18266666666689	6.708699733273897e-07
     12.18300000000022	6.708699733273897e-07
     12.18333333333356	6.708699733273897e-07
     12.18366666666689	6.708699733273897e-07
     12.18400000000022	6.708699733273897e-07
     12.18433333333356	6.708699733273897e-07
     12.18466666666689	6.708699733273897e-07
     12.18500000000023	6.708699733273897e-07
     12.18533333333356	6.708699733273897e-07
     12.18566666666689	6.708699733273897e-07
     12.18600000000023	6.708699733273897e-07
     12.18633333333356	6.708699733273897e-07
     12.18666666666689	6.708699733273897e-07
     12.18700000000023	6.708699733273897e-07
     12.18733333333356	6.708699733273897e-07
      12.1876666666669	6.708699733273897e-07
     12.18800000000023	6.708699733273897e-07
     12.18833333333356	6.708699733273897e-07
      12.1886666666669	6.708699733273897e-07
     12.18900000000023	6.708699733273897e-07
     12.18933333333356	6.708699733273897e-07
      12.1896666666669	6.708699733273897e-07
     12.19000000000023	6.708699733273897e-07
     12.19033333333357	6.708699733273897e-07
      12.1906666666669	6.708699733273897e-07
     12.19100000000023	6.708699733273897e-07
     12.19133333333357	6.708699733273897e-07
      12.1916666666669	6.708699733273897e-07
     12.19200000000023	6.708699733273897e-07
     12.19233333333357	6.708699733273897e-07
      12.1926666666669	6.708699733273897e-07
     12.19300000000024	6.708699733273897e-07
     12.19333333333357	6.708699733273897e-07
      12.1936666666669	6.708699733273897e-07
     12.19400000000024	6.708699733273897e-07
     12.19433333333357	6.708699733273897e-07
      12.1946666666669	6.708699733273897e-07
     12.19500000000024	6.708699733273897e-07
     12.19533333333357	6.708699733273897e-07
     12.19566666666691	6.708699733273897e-07
     12.19600000000024	6.708699733273897e-07
     12.19633333333357	6.708699733273897e-07
     12.19666666666691	6.708699733273897e-07
     12.19700000000024	6.708699733273897e-07
     12.19733333333357	6.708699733273897e-07
     12.19766666666691	6.708699733273897e-07
     12.19800000000024	6.708699733273897e-07
     12.19833333333358	6.708699733273897e-07
     12.19866666666691	6.708699733273897e-07
     12.19900000000024	6.708699733273897e-07
     12.19933333333358	6.708699733273897e-07
     12.19966666666691	6.708699733273897e-07
     12.20000000000024	6.708699733273897e-07
     12.20033333333358	6.708699733273897e-07
     12.20066666666691	6.708699733273897e-07
     12.20100000000025	6.708699733273897e-07
     12.20133333333358	6.708699733273897e-07
     12.20166666666691	6.708699733273897e-07
     12.20200000000025	6.708699733273897e-07
     12.20233333333358	6.708699733273897e-07
     12.20266666666691	6.708699733273897e-07
     12.20300000000025	6.708699733273897e-07
     12.20333333333358	6.708699733273897e-07
     12.20366666666692	6.708699733273897e-07
     12.20400000000025	6.708699733273897e-07
     12.20433333333358	6.708699733273897e-07
     12.20466666666692	6.708699733273897e-07
     12.20500000000025	6.708699733273897e-07
     12.20533333333358	6.708699733273897e-07
     12.20566666666692	6.708699733273897e-07
     12.20600000000025	6.708699733273897e-07
     12.20633333333359	6.708699733273897e-07
     12.20666666666692	6.708699733273897e-07
     12.20700000000025	6.708699733273897e-07
     12.20733333333359	6.708699733273897e-07
     12.20766666666692	6.708699733273897e-07
     12.20800000000025	6.708699733273897e-07
     12.20833333333359	6.708699733273897e-07
     12.20866666666692	6.708699733273897e-07
     12.20900000000026	6.708699733273897e-07
     12.20933333333359	6.708699733273897e-07
     12.20966666666692	6.708699733273897e-07
     12.21000000000026	6.708699733273897e-07
     12.21033333333359	6.708699733273897e-07
     12.21066666666692	6.708699733273897e-07
     12.21100000000026	6.708699733273897e-07
     12.21133333333359	6.708699733273897e-07
     12.21166666666693	6.708699733273897e-07
     12.21200000000026	6.708699733273897e-07
     12.21233333333359	6.708699733273897e-07
     12.21266666666693	6.708699733273897e-07
     12.21300000000026	6.708699733273897e-07
     12.21333333333359	6.708699733273897e-07
     12.21366666666693	6.708699733273897e-07
     12.21400000000026	6.708699733273897e-07
      12.2143333333336	6.708699733273897e-07
     12.21466666666693	6.708699733273897e-07
     12.21500000000026	6.708699733273897e-07
      12.2153333333336	6.708699733273897e-07
     12.21566666666693	6.708699733273897e-07
     12.21600000000026	6.708699733273897e-07
      12.2163333333336	6.708699733273897e-07
     12.21666666666693	6.708699733273897e-07
     12.21700000000027	6.708699733273897e-07
      12.2173333333336	6.708699733273897e-07
     12.21766666666693	6.708699733273897e-07
     12.21800000000027	6.708699733273897e-07
      12.2183333333336	6.708699733273897e-07
     12.21866666666693	6.708699733273897e-07
     12.21900000000027	6.708699733273897e-07
      12.2193333333336	6.708699733273897e-07
     12.21966666666694	6.708699733273897e-07
     12.22000000000027	6.708699733273897e-07
      12.2203333333336	6.708699733273897e-07
     12.22066666666694	6.708699733273897e-07
     12.22100000000027	6.708699733273897e-07
      12.2213333333336	6.708699733273897e-07
     12.22166666666694	6.708699733273897e-07
     12.22200000000027	6.708699733273897e-07
     12.22233333333361	6.708699733273897e-07
     12.22266666666694	6.708699733273897e-07
     12.22300000000027	6.708699733273897e-07
     12.22333333333361	6.708699733273897e-07
     12.22366666666694	6.708699733273897e-07
     12.22400000000027	6.708699733273897e-07
     12.22433333333361	6.708699733273897e-07
     12.22466666666694	6.708699733273897e-07
     12.22500000000027	6.708699733273897e-07
     12.22533333333361	6.708699733273897e-07
     12.22566666666694	6.708699733273897e-07
     12.22600000000028	6.708699733273897e-07
     12.22633333333361	6.708699733273897e-07
     12.22666666666694	6.708699733273897e-07
     12.22700000000028	6.708699733273897e-07
     12.22733333333361	6.708699733273897e-07
     12.22766666666694	6.708699733273897e-07
     12.22800000000028	6.708699733273897e-07
     12.22833333333361	6.708699733273897e-07
     12.22866666666695	6.708699733273897e-07
     12.22900000000028	6.708699733273897e-07
     12.22933333333361	6.708699733273897e-07
     12.22966666666695	6.708699733273897e-07
     12.23000000000028	6.708699733273897e-07
     12.23033333333361	6.708699733273897e-07
     12.23066666666695	6.708699733273897e-07
     12.23100000000028	6.708699733273897e-07
     12.23133333333362	6.708699733273897e-07
     12.23166666666695	6.708699733273897e-07
     12.23200000000028	6.708699733273897e-07
     12.23233333333362	6.708699733273897e-07
     12.23266666666695	6.708699733273897e-07
     12.23300000000028	6.708699733273897e-07
     12.23333333333362	6.708699733273897e-07
     12.23366666666695	6.708699733273897e-07
     12.23400000000029	6.708699733273897e-07
     12.23433333333362	6.708699733273897e-07
     12.23466666666695	6.708699733273897e-07
     12.23500000000029	6.708699733273897e-07
     12.23533333333362	6.708699733273897e-07
     12.23566666666695	6.708699733273897e-07
     12.23600000000029	6.708699733273897e-07
     12.23633333333362	6.708699733273897e-07
     12.23666666666696	6.708699733273897e-07
     12.23700000000029	6.708699733273897e-07
     12.23733333333362	6.708699733273897e-07
     12.23766666666696	6.708699733273897e-07
     12.23800000000029	6.708699733273897e-07
     12.23833333333362	6.708699733273897e-07
     12.23866666666696	6.708699733273897e-07
     12.23900000000029	6.708699733273897e-07
     12.23933333333363	6.708699733273897e-07
     12.23966666666696	6.708699733273897e-07
     12.24000000000029	6.708699733273897e-07
     12.24033333333363	6.708699733273897e-07
     12.24066666666696	6.708699733273897e-07
     12.24100000000029	6.708699733273897e-07
     12.24133333333363	6.708699733273897e-07
     12.24166666666696	6.708699733273897e-07
      12.2420000000003	6.708699733273897e-07
     12.24233333333363	6.708699733273897e-07
     12.24266666666696	6.708699733273897e-07
      12.2430000000003	6.708699733273897e-07
     12.24333333333363	6.708699733273897e-07
     12.24366666666696	6.708699733273897e-07
      12.2440000000003	6.708699733273897e-07
     12.24433333333363	6.708699733273897e-07
     12.24466666666697	6.708699733273897e-07
      12.2450000000003	6.708699733273897e-07
     12.24533333333363	6.708699733273897e-07
     12.24566666666697	6.708699733273897e-07
      12.2460000000003	6.708699733273897e-07
     12.24633333333363	6.708699733273897e-07
     12.24666666666697	6.708699733273897e-07
      12.2470000000003	6.708699733273897e-07
     12.24733333333364	6.708699733273897e-07
     12.24766666666697	6.708699733273897e-07
      12.2480000000003	6.708699733273897e-07
     12.24833333333364	6.708699733273897e-07
     12.24866666666697	6.708699733273897e-07
      12.2490000000003	6.708699733273897e-07
     12.24933333333364	6.708699733273897e-07
     12.24966666666697	6.708699733273897e-07
     12.25000000000031	6.708699733273897e-07
     12.25033333333364	6.708699733273897e-07
     12.25066666666697	6.708699733273897e-07
     12.25100000000031	6.708699733273897e-07
     12.25133333333364	6.708699733273897e-07
     12.25166666666697	6.708699733273897e-07
     12.25200000000031	6.708699733273897e-07
     12.25233333333364	6.708699733273897e-07
     12.25266666666698	6.708699733273897e-07
     12.25300000000031	6.708699733273897e-07
     12.25333333333364	6.708699733273897e-07
     12.25366666666698	6.708699733273897e-07
     12.25400000000031	6.708699733273897e-07
     12.25433333333364	6.708699733273897e-07
     12.25466666666698	6.708699733273897e-07
     12.25500000000031	6.708699733273897e-07
     12.25533333333365	6.708699733273897e-07
     12.25566666666698	6.708699733273897e-07
     12.25600000000031	6.708699733273897e-07
     12.25633333333365	6.708699733273897e-07
     12.25666666666698	6.708699733273897e-07
     12.25700000000031	6.708699733273897e-07
     12.25733333333365	6.708699733273897e-07
     12.25766666666698	6.708699733273897e-07
     12.25800000000032	6.708699733273897e-07
     12.25833333333365	6.708699733273897e-07
     12.25866666666698	6.708699733273897e-07
     12.25900000000032	6.708699733273897e-07
     12.25933333333365	6.708699733273897e-07
     12.25966666666698	6.708699733273897e-07
     12.26000000000032	6.708699733273897e-07
     12.26033333333365	6.708699733273897e-07
     12.26066666666699	6.708699733273897e-07
     12.26100000000032	6.708699733273897e-07
     12.26133333333365	6.708699733273897e-07
     12.26166666666699	6.708699733273897e-07
     12.26200000000032	6.708699733273897e-07
     12.26233333333365	6.708699733273897e-07
     12.26266666666699	6.708699733273897e-07
     12.26300000000032	6.708699733273897e-07
     12.26333333333366	6.708699733273897e-07
     12.26366666666699	6.708699733273897e-07
     12.26400000000032	6.708699733273897e-07
     12.26433333333366	6.708699733273897e-07
     12.26466666666699	6.708699733273897e-07
     12.26500000000032	6.708699733273897e-07
     12.26533333333366	6.708699733273897e-07
     12.26566666666699	6.708699733273897e-07
     12.26600000000033	6.708699733273897e-07
     12.26633333333366	6.708699733273897e-07
     12.26666666666699	6.708699733273897e-07
     12.26700000000033	6.708699733273897e-07
     12.26733333333366	6.708699733273897e-07
     12.26766666666699	6.708699733273897e-07
     12.26800000000033	6.708699733273897e-07
     12.26833333333366	6.708699733273897e-07
       12.268666666667	6.708699733273897e-07
     12.26900000000033	6.708699733273897e-07
     12.26933333333366	6.708699733273897e-07
       12.269666666667	6.708699733273897e-07
     12.27000000000033	6.708699733273897e-07
     12.27033333333366	6.708699733273897e-07
       12.270666666667	6.708699733273897e-07
     12.27100000000033	6.708699733273897e-07
     12.27133333333366	6.708699733273897e-07
       12.271666666667	6.708699733273897e-07
     12.27200000000033	6.708699733273897e-07
     12.27233333333367	6.708699733273897e-07
       12.272666666667	6.708699733273897e-07
     12.27300000000033	6.708699733273897e-07
     12.27333333333367	6.708699733273897e-07
       12.273666666667	6.708699733273897e-07
     12.27400000000033	6.708699733273897e-07
     12.27433333333367	6.708699733273897e-07
       12.274666666667	6.708699733273897e-07
     12.27500000000034	6.708699733273897e-07
     12.27533333333367	6.708699733273897e-07
       12.275666666667	6.708699733273897e-07
     12.27600000000034	6.708699733273897e-07
     12.27633333333367	6.708699733273897e-07
       12.276666666667	6.708699733273897e-07
     12.27700000000034	6.708699733273897e-07
     12.27733333333367	6.708699733273897e-07
     12.27766666666701	6.708699733273897e-07
     12.27800000000034	6.708699733273897e-07
     12.27833333333367	6.708699733273897e-07
     12.27866666666701	6.708699733273897e-07
     12.27900000000034	6.708699733273897e-07
     12.27933333333367	6.708699733273897e-07
     12.27966666666701	6.708699733273897e-07
     12.28000000000034	6.708699733273897e-07
     12.28033333333368	6.708699733273897e-07
     12.28066666666701	6.708699733273897e-07
     12.28100000000034	6.708699733273897e-07
     12.28133333333368	6.708699733273897e-07
     12.28166666666701	6.708699733273897e-07
     12.28200000000034	6.708699733273897e-07
     12.28233333333368	6.708699733273897e-07
     12.28266666666701	6.708699733273897e-07
     12.28300000000035	6.708699733273897e-07
     12.28333333333368	6.708699733273897e-07
     12.28366666666701	6.708699733273897e-07
     12.28400000000035	6.708699733273897e-07
     12.28433333333368	6.708699733273897e-07
     12.28466666666701	6.708699733273897e-07
     12.28500000000035	6.708699733273897e-07
     12.28533333333368	6.708699733273897e-07
     12.28566666666702	6.708699733273897e-07
     12.28600000000035	6.708699733273897e-07
     12.28633333333368	6.708699733273897e-07
     12.28666666666702	6.708699733273897e-07
     12.28700000000035	6.708699733273897e-07
     12.28733333333368	6.708699733273897e-07
     12.28766666666702	6.708699733273897e-07
     12.28800000000035	6.708699733273897e-07
     12.28833333333369	6.708699733273897e-07
     12.28866666666702	6.708699733273897e-07
     12.28900000000035	6.708699733273897e-07
     12.28933333333369	6.708699733273897e-07
     12.28966666666702	6.708699733273897e-07
     12.29000000000035	6.708699733273897e-07
     12.29033333333369	6.708699733273897e-07
     12.29066666666702	6.708699733273897e-07
     12.29100000000036	6.708699733273897e-07
     12.29133333333369	6.708699733273897e-07
     12.29166666666702	6.708699733273897e-07
     12.29200000000036	6.708699733273897e-07
     12.29233333333369	6.708699733273897e-07
     12.29266666666702	6.708699733273897e-07
     12.29300000000036	6.708699733273897e-07
     12.29333333333369	6.708699733273897e-07
     12.29366666666703	6.708699733273897e-07
     12.29400000000036	6.708699733273897e-07
     12.29433333333369	6.708699733273897e-07
     12.29466666666703	6.708699733273897e-07
     12.29500000000036	6.708699733273897e-07
     12.29533333333369	6.708699733273897e-07
     12.29566666666703	6.708699733273897e-07
     12.29600000000036	6.708699733273897e-07
      12.2963333333337	6.708699733273897e-07
     12.29666666666703	6.708699733273897e-07
     12.29700000000036	6.708699733273897e-07
      12.2973333333337	6.708699733273897e-07
     12.29766666666703	6.708699733273897e-07
     12.29800000000036	6.708699733273897e-07
      12.2983333333337	6.708699733273897e-07
     12.29866666666703	6.708699733273897e-07
     12.29900000000037	6.708699733273897e-07
      12.2993333333337	6.708699733273897e-07
     12.29966666666703	6.708699733273897e-07
     12.30000000000037	6.708699733273897e-07
      12.3003333333337	6.708699733273897e-07
     12.30066666666703	6.708699733273897e-07
     12.30100000000037	6.708699733273897e-07
      12.3013333333337	6.708699733273897e-07
     12.30166666666704	6.708699733273897e-07
     12.30200000000037	6.708699733273897e-07
      12.3023333333337	6.708699733273897e-07
     12.30266666666704	6.708699733273897e-07
     12.30300000000037	6.708699733273897e-07
      12.3033333333337	6.708699733273897e-07
     12.30366666666704	6.708699733273897e-07
     12.30400000000037	6.708699733273897e-07
     12.30433333333371	6.708699733273897e-07
     12.30466666666704	6.708699733273897e-07
     12.30500000000037	6.708699733273897e-07
     12.30533333333371	6.708699733273897e-07
     12.30566666666704	6.708699733273897e-07
     12.30600000000037	6.708699733273897e-07
     12.30633333333371	6.708699733273897e-07
     12.30666666666704	6.708699733273897e-07
     12.30700000000038	6.708699733273897e-07
     12.30733333333371	6.708699733273897e-07
     12.30766666666704	6.708699733273897e-07
     12.30800000000038	6.708699733273897e-07
     12.30833333333371	6.708699733273897e-07
     12.30866666666704	6.708699733273897e-07
     12.30900000000038	6.708699733273897e-07
     12.30933333333371	6.708699733273897e-07
     12.30966666666705	6.708699733273897e-07
     12.31000000000038	6.708699733273897e-07
     12.31033333333371	6.708699733273897e-07
     12.31066666666705	6.708699733273897e-07
     12.31100000000038	6.708699733273897e-07
     12.31133333333371	6.708699733273897e-07
     12.31166666666705	6.708699733273897e-07
     12.31200000000038	6.708699733273897e-07
     12.31233333333372	6.708699733273897e-07
     12.31266666666705	6.708699733273897e-07
     12.31300000000038	6.708699733273897e-07
     12.31333333333372	6.708699733273897e-07
     12.31366666666705	6.708699733273897e-07
     12.31400000000038	6.708699733273897e-07
     12.31433333333372	6.708699733273897e-07
     12.31466666666705	6.708699733273897e-07
     12.31500000000038	6.708699733273897e-07
     12.31533333333372	6.708699733273897e-07
     12.31566666666705	6.708699733273897e-07

     13.00033333333333	-2.325056459204285e-06
     13.00066666666667	-2.325056459204285e-06
                13.001	-2.325056459204285e-06
     13.00133333333333	-2.325056459204285e-06
     13.00166666666667	-2.325056459204285e-06
                13.002	-2.325056459204285e-06
     13.00233333333334	-2.325056459204285e-06
     13.00266666666667	-2.325056459204285e-06
                13.003	-2.325056459204285e-06
     13.00333333333334	-2.325056459204285e-06
     13.00366666666667	-2.325056459204285e-06
                13.004	-2.325056459204285e-06
     13.00433333333334	-2.325056459204285e-06
     13.00466666666667	-2.325056459204285e-06
     13.00500000000001	-2.325056459204285e-06
     13.00533333333334	-2.325056459204285e-06
     13.00566666666667	-2.325056459204285e-06
     13.00600000000001	-2.325056459204285e-06
     13.00633333333334	-2.325056459204285e-06
     13.00666666666667	-2.325056459204285e-06
     13.00700000000001	-2.325056459204285e-06
     13.00733333333334	-2.325056459204285e-06
     13.00766666666668	-2.325056459204285e-06
     13.00800000000001	-2.325056459204285e-06
     13.00833333333334	-2.325056459204285e-06
     13.00866666666668	-2.325056459204285e-06
     13.00900000000001	-2.325056459204285e-06
     13.00933333333334	-2.325056459204285e-06
     13.00966666666668	-2.325056459204285e-06
     13.01000000000001	-2.325056459204285e-06
     13.01033333333335	-2.325056459204285e-06
     13.01066666666668	-2.325056459204285e-06
     13.01100000000001	-2.325056459204285e-06
     13.01133333333335	-2.325056459204285e-06
     13.01166666666668	-2.325056459204285e-06
     13.01200000000001	-2.325056459204285e-06
     13.01233333333335	-2.325056459204285e-06
     13.01266666666668	-2.325056459204285e-06
     13.01300000000002	-2.325056459204285e-06
     13.01333333333335	-2.325056459204285e-06
     13.01366666666668	-2.325056459204285e-06
     13.01400000000002	-2.325056459204285e-06
     13.01433333333335	-2.325056459204285e-06
     13.01466666666668	-2.325056459204285e-06
     13.01500000000002	-2.325056459204285e-06
     13.01533333333335	-2.325056459204285e-06
     13.01566666666669	-2.325056459204285e-06
     13.01600000000002	-2.325056459204285e-06
     13.01633333333335	-2.325056459204285e-06
     13.01666666666669	-2.325056459204285e-06
     13.01700000000002	-2.325056459204285e-06
     13.01733333333335	-2.325056459204285e-06
     13.01766666666669	-2.325056459204285e-06
     13.01800000000002	-2.325056459204285e-06
     13.01833333333336	-2.325056459204285e-06
     13.01866666666669	-2.325056459204285e-06
     13.01900000000002	-2.325056459204285e-06
     13.01933333333336	-2.325056459204285e-06
     13.01966666666669	-2.325056459204285e-06
     13.02000000000002	-2.325056459204285e-06
     13.02033333333336	-2.325056459204285e-06
     13.02066666666669	-2.325056459204285e-06
     13.02100000000003	-2.325056459204285e-06
     13.02133333333336	-2.325056459204285e-06
     13.02166666666669	-2.325056459204285e-06
     13.02200000000003	-2.325056459204285e-06
     13.02233333333336	-2.325056459204285e-06
     13.02266666666669	-2.325056459204285e-06
     13.02300000000003	-2.325056459204285e-06
     13.02333333333336	-2.325056459204285e-06
      13.0236666666667	-2.325056459204285e-06
     13.02400000000003	-2.325056459204285e-06
     13.02433333333336	-2.325056459204285e-06
      13.0246666666667	-2.325056459204285e-06
     13.02500000000003	-2.325056459204285e-06
     13.02533333333336	-2.325056459204285e-06
      13.0256666666667	-2.325056459204285e-06
     13.02600000000003	-2.325056459204285e-06
     13.02633333333337	-2.325056459204285e-06
      13.0266666666667	-2.325056459204285e-06
     13.02700000000003	-2.325056459204285e-06
     13.02733333333337	-2.325056459204285e-06
      13.0276666666667	-2.325056459204285e-06
     13.02800000000003	-2.325056459204285e-06
     13.02833333333337	-2.325056459204285e-06
      13.0286666666667	-2.325056459204285e-06
     13.02900000000004	-2.325056459204285e-06
     13.02933333333337	-2.325056459204285e-06
      13.0296666666667	-2.325056459204285e-06
     13.03000000000004	-2.325056459204285e-06
     13.03033333333337	-2.325056459204285e-06
      13.0306666666667	-2.325056459204285e-06
     13.03100000000004	-2.325056459204285e-06
     13.03133333333337	-2.325056459204285e-06
     13.03166666666671	-2.325056459204285e-06
     13.03200000000004	-2.325056459204285e-06
     13.03233333333337	-2.325056459204285e-06
     13.03266666666671	-2.325056459204285e-06
     13.03300000000004	-2.325056459204285e-06
     13.03333333333337	-2.325056459204285e-06
     13.03366666666671	-2.325056459204285e-06
     13.03400000000004	-2.325056459204285e-06
     13.03433333333338	-2.325056459204285e-06
     13.03466666666671	-2.325056459204285e-06
     13.03500000000004	-2.325056459204285e-06
     13.03533333333338	-2.325056459204285e-06
     13.03566666666671	-2.325056459204285e-06
     13.03600000000004	-2.325056459204285e-06
     13.03633333333338	-2.325056459204285e-06
     13.03666666666671	-2.325056459204285e-06
     13.03700000000005	-2.325056459204285e-06
     13.03733333333338	-2.325056459204285e-06
     13.03766666666671	-2.325056459204285e-06
     13.03800000000005	-2.325056459204285e-06
     13.03833333333338	-2.325056459204285e-06
     13.03866666666671	-2.325056459204285e-06
     13.03900000000005	-2.325056459204285e-06
     13.03933333333338	-2.325056459204285e-06
     13.03966666666672	-2.325056459204285e-06
     13.04000000000005	-2.325056459204285e-06
     13.04033333333338	-2.325056459204285e-06
     13.04066666666672	-2.325056459204285e-06
     13.04100000000005	-2.325056459204285e-06
     13.04133333333338	-2.325056459204285e-06
     13.04166666666672	-2.325056459204285e-06
     13.04200000000005	-2.325056459204285e-06
     13.04233333333339	-2.325056459204285e-06
     13.04266666666672	-2.325056459204285e-06
     13.04300000000005	-2.325056459204285e-06
     13.04333333333339	-2.325056459204285e-06
     13.04366666666672	-2.325056459204285e-06
     13.04400000000005	-2.325056459204285e-06
     13.04433333333339	-2.325056459204285e-06
     13.04466666666672	-2.325056459204285e-06
     13.04500000000005	-2.325056459204285e-06
     13.04533333333339	-2.325056459204285e-06
     13.04566666666672	-2.325056459204285e-06
     13.04600000000006	-2.325056459204285e-06
     13.04633333333339	-2.325056459204285e-06
     13.04666666666672	-2.325056459204285e-06
     13.04700000000006	-2.325056459204285e-06
     13.04733333333339	-2.325056459204285e-06
     13.04766666666672	-2.325056459204285e-06
     13.04800000000006	-2.325056459204285e-06
     13.04833333333339	-2.325056459204285e-06
     13.04866666666673	-2.325056459204285e-06
     13.04900000000006	-2.325056459204285e-06
     13.04933333333339	-2.325056459204285e-06
     13.04966666666673	-2.325056459204285e-06
     13.05000000000006	-2.325056459204285e-06
     13.05033333333339	-2.325056459204285e-06
     13.05066666666673	-2.325056459204285e-06
     13.05100000000006	-2.325056459204285e-06
      13.0513333333334	-2.325056459204285e-06
     13.05166666666673	-2.325056459204285e-06
     13.05200000000006	-2.325056459204285e-06
      13.0523333333334	-2.325056459204285e-06
     13.05266666666673	-2.325056459204285e-06
     13.05300000000006	-2.325056459204285e-06
      13.0533333333334	-2.325056459204285e-06
     13.05366666666673	-2.325056459204285e-06
     13.05400000000007	-2.325056459204285e-06
      13.0543333333334	-2.325056459204285e-06
     13.05466666666673	-2.325056459204285e-06
     13.05500000000007	-2.325056459204285e-06
      13.0553333333334	-2.325056459204285e-06
     13.05566666666673	-2.325056459204285e-06
     13.05600000000007	-2.325056459204285e-06
      13.0563333333334	-2.325056459204285e-06
     13.05666666666674	-2.325056459204285e-06
     13.05700000000007	-2.325056459204285e-06
      13.0573333333334	-2.325056459204285e-06
     13.05766666666674	-2.325056459204285e-06
     13.05800000000007	-2.325056459204285e-06
      13.0583333333334	-2.325056459204285e-06
     13.05866666666674	-2.325056459204285e-06
     13.05900000000007	-2.325056459204285e-06
     13.05933333333341	-2.325056459204285e-06
     13.05966666666674	-2.325056459204285e-06
     13.06000000000007	-2.325056459204285e-06
     13.06033333333341	-2.325056459204285e-06
     13.06066666666674	-2.325056459204285e-06
     13.06100000000007	-2.325056459204285e-06
     13.06133333333341	-2.325056459204285e-06
     13.06166666666674	-2.325056459204285e-06
     13.06200000000008	-2.325056459204285e-06
     13.06233333333341	-2.325056459204285e-06
     13.06266666666674	-2.325056459204285e-06
     13.06300000000008	-2.325056459204285e-06
     13.06333333333341	-2.325056459204285e-06
     13.06366666666674	-2.325056459204285e-06
     13.06400000000008	-2.325056459204285e-06
     13.06433333333341	-2.325056459204285e-06
     13.06466666666675	-2.325056459204285e-06
     13.06500000000008	-2.325056459204285e-06
     13.06533333333341	-2.325056459204285e-06
     13.06566666666675	-2.325056459204285e-06
     13.06600000000008	-2.325056459204285e-06
     13.06633333333341	-2.325056459204285e-06
     13.06666666666675	-2.325056459204285e-06
     13.06700000000008	-2.325056459204285e-06
     13.06733333333342	-2.325056459204285e-06
     13.06766666666675	-2.325056459204285e-06
     13.06800000000008	-2.325056459204285e-06
     13.06833333333342	-2.325056459204285e-06
     13.06866666666675	-2.325056459204285e-06
     13.06900000000008	-2.325056459204285e-06
     13.06933333333342	-2.325056459204285e-06
     13.06966666666675	-2.325056459204285e-06
     13.07000000000009	-2.325056459204285e-06
     13.07033333333342	-2.325056459204285e-06
     13.07066666666675	-2.325056459204285e-06
     13.07100000000009	-2.325056459204285e-06
     13.07133333333342	-2.325056459204285e-06
     13.07166666666675	-2.325056459204285e-06
     13.07200000000009	-2.325056459204285e-06
     13.07233333333342	-2.325056459204285e-06
     13.07266666666676	-2.325056459204285e-06
     13.07300000000009	-2.325056459204285e-06
     13.07333333333342	-2.325056459204285e-06
     13.07366666666676	-2.325056459204285e-06
     13.07400000000009	-2.325056459204285e-06
     13.07433333333342	-2.325056459204285e-06
     13.07466666666676	-2.325056459204285e-06
     13.07500000000009	-2.325056459204285e-06
     13.07533333333343	-2.325056459204285e-06
     13.07566666666676	-2.325056459204285e-06
     13.07600000000009	-2.325056459204285e-06
     13.07633333333343	-2.325056459204285e-06
     13.07666666666676	-2.325056459204285e-06
     13.07700000000009	-2.325056459204285e-06
     13.07733333333343	-2.325056459204285e-06
     13.07766666666676	-2.325056459204285e-06
      13.0780000000001	-2.325056459204285e-06
     13.07833333333343	-2.325056459204285e-06
     13.07866666666676	-2.325056459204285e-06
      13.0790000000001	-2.325056459204285e-06
     13.07933333333343	-2.325056459204285e-06
     13.07966666666676	-2.325056459204285e-06
      13.0800000000001	-2.325056459204285e-06
     13.08033333333343	-2.325056459204285e-06
     13.08066666666677	-2.325056459204285e-06
      13.0810000000001	-2.325056459204285e-06
     13.08133333333343	-2.325056459204285e-06
     13.08166666666677	-2.325056459204285e-06
      13.0820000000001	-2.325056459204285e-06
     13.08233333333343	-2.325056459204285e-06
     13.08266666666677	-2.325056459204285e-06
      13.0830000000001	-2.325056459204285e-06
     13.08333333333344	-2.325056459204285e-06
     13.08366666666677	-2.325056459204285e-06
      13.0840000000001	-2.325056459204285e-06
     13.08433333333344	-2.325056459204285e-06
     13.08466666666677	-2.325056459204285e-06
      13.0850000000001	-2.325056459204285e-06
     13.08533333333344	-2.325056459204285e-06
     13.08566666666677	-2.325056459204285e-06
     13.08600000000011	-2.325056459204285e-06
     13.08633333333344	-2.325056459204285e-06
     13.08666666666677	-2.325056459204285e-06
     13.08700000000011	-2.325056459204285e-06
     13.08733333333344	-2.325056459204285e-06
     13.08766666666677	-2.325056459204285e-06
     13.08800000000011	-2.325056459204285e-06
     13.08833333333344	-2.325056459204285e-06
     13.08866666666678	-2.325056459204285e-06
     13.08900000000011	-2.325056459204285e-06
     13.08933333333344	-2.325056459204285e-06
     13.08966666666678	-2.325056459204285e-06
     13.09000000000011	-2.325056459204285e-06
     13.09033333333344	-2.325056459204285e-06
     13.09066666666678	-2.325056459204285e-06
     13.09100000000011	-2.325056459204285e-06
     13.09133333333344	-2.325056459204285e-06
     13.09166666666678	-2.325056459204285e-06
     13.09200000000011	-2.325056459204285e-06
     13.09233333333345	-2.325056459204285e-06
     13.09266666666678	-2.325056459204285e-06
     13.09300000000011	-2.325056459204285e-06
     13.09333333333345	-2.325056459204285e-06
     13.09366666666678	-2.325056459204285e-06
     13.09400000000011	-2.325056459204285e-06
     13.09433333333345	-2.325056459204285e-06
     13.09466666666678	-2.325056459204285e-06
     13.09500000000012	-2.325056459204285e-06
     13.09533333333345	-2.325056459204285e-06
     13.09566666666678	-2.325056459204285e-06
     13.09600000000012	-2.325056459204285e-06
     13.09633333333345	-2.325056459204285e-06
     13.09666666666678	-2.325056459204285e-06
     13.09700000000012	-2.325056459204285e-06
     13.09733333333345	-2.325056459204285e-06
     13.09766666666679	-2.325056459204285e-06
     13.09800000000012	-2.325056459204285e-06
     13.09833333333345	-2.325056459204285e-06
     13.09866666666679	-2.325056459204285e-06
     13.09900000000012	-2.325056459204285e-06
     13.09933333333345	-2.325056459204285e-06
     13.09966666666679	-2.325056459204285e-06
     13.10000000000012	-2.325056459204285e-06
     13.10033333333346	-2.325056459204285e-06
     13.10066666666679	-2.325056459204285e-06
     13.10100000000012	-2.325056459204285e-06
     13.10133333333346	-2.325056459204285e-06
     13.10166666666679	-2.325056459204285e-06
     13.10200000000012	-2.325056459204285e-06
     13.10233333333346	-2.325056459204285e-06
     13.10266666666679	-2.325056459204285e-06
     13.10300000000013	-2.325056459204285e-06
     13.10333333333346	-2.325056459204285e-06
     13.10366666666679	-2.325056459204285e-06
     13.10400000000013	-2.325056459204285e-06
     13.10433333333346	-2.325056459204285e-06
     13.10466666666679	-2.325056459204285e-06
     13.10500000000013	-2.325056459204285e-06
     13.10533333333346	-2.325056459204285e-06
      13.1056666666668	-2.325056459204285e-06
     13.10600000000013	-2.325056459204285e-06
     13.10633333333346	-2.325056459204285e-06
      13.1066666666668	-2.325056459204285e-06
     13.10700000000013	-2.325056459204285e-06
     13.10733333333346	-2.325056459204285e-06
      13.1076666666668	-2.325056459204285e-06
     13.10800000000013	-2.325056459204285e-06
     13.10833333333347	-2.325056459204285e-06
      13.1086666666668	-2.325056459204285e-06
     13.10900000000013	-2.325056459204285e-06
     13.10933333333347	-2.325056459204285e-06
      13.1096666666668	-2.325056459204285e-06
     13.11000000000013	-2.325056459204285e-06
     13.11033333333347	-2.325056459204285e-06
      13.1106666666668	-2.325056459204285e-06
     13.11100000000014	-2.325056459204285e-06
     13.11133333333347	-2.325056459204285e-06
      13.1116666666668	-2.325056459204285e-06
     13.11200000000014	-2.325056459204285e-06
     13.11233333333347	-2.325056459204285e-06
      13.1126666666668	-2.325056459204285e-06
     13.11300000000014	-2.325056459204285e-06
     13.11333333333347	-2.325056459204285e-06
     13.11366666666681	-2.325056459204285e-06
     13.11400000000014	-2.325056459204285e-06
     13.11433333333347	-2.325056459204285e-06
     13.11466666666681	-2.325056459204285e-06
     13.11500000000014	-2.325056459204285e-06
     13.11533333333347	-2.325056459204285e-06
     13.11566666666681	-2.325056459204285e-06
     13.11600000000014	-2.325056459204285e-06
     13.11633333333348	-2.325056459204285e-06
     13.11666666666681	-2.325056459204285e-06
     13.11700000000014	-2.325056459204285e-06
     13.11733333333348	-2.325056459204285e-06
     13.11766666666681	-2.325056459204285e-06
     13.11800000000014	-2.325056459204285e-06
     13.11833333333348	-2.325056459204285e-06
     13.11866666666681	-2.325056459204285e-06
     13.11900000000015	-2.325056459204285e-06
     13.11933333333348	-2.325056459204285e-06
     13.11966666666681	-2.325056459204285e-06
     13.12000000000015	-2.325056459204285e-06
     13.12033333333348	-2.325056459204285e-06
     13.12066666666681	-2.325056459204285e-06
     13.12100000000015	-2.325056459204285e-06
     13.12133333333348	-2.325056459204285e-06
     13.12166666666682	-2.325056459204285e-06
     13.12200000000015	-2.325056459204285e-06
     13.12233333333348	-2.325056459204285e-06
     13.12266666666682	-2.325056459204285e-06
     13.12300000000015	-2.325056459204285e-06
     13.12333333333348	-2.325056459204285e-06
     13.12366666666682	-2.325056459204285e-06
     13.12400000000015	-2.325056459204285e-06
     13.12433333333349	-2.325056459204285e-06
     13.12466666666682	-2.325056459204285e-06
     13.12500000000015	-2.325056459204285e-06
     13.12533333333349	-2.325056459204285e-06
     13.12566666666682	-2.325056459204285e-06
     13.12600000000015	-2.325056459204285e-06
     13.12633333333349	-2.325056459204285e-06
     13.12666666666682	-2.325056459204285e-06
     13.12700000000016	-2.325056459204285e-06
     13.12733333333349	-2.325056459204285e-06
     13.12766666666682	-2.325056459204285e-06
     13.12800000000016	-2.325056459204285e-06
     13.12833333333349	-2.325056459204285e-06
     13.12866666666682	-2.325056459204285e-06
     13.12900000000016	-2.325056459204285e-06
     13.12933333333349	-2.325056459204285e-06
     13.12966666666683	-2.325056459204285e-06
     13.13000000000016	-2.325056459204285e-06
     13.13033333333349	-2.325056459204285e-06
     13.13066666666683	-2.325056459204285e-06
     13.13100000000016	-2.325056459204285e-06
     13.13133333333349	-2.325056459204285e-06
     13.13166666666683	-2.325056459204285e-06
     13.13200000000016	-2.325056459204285e-06
      13.1323333333335	-2.325056459204285e-06
     13.13266666666683	-2.325056459204285e-06
     13.13300000000016	-2.325056459204285e-06
      13.1333333333335	-2.325056459204285e-06
     13.13366666666683	-2.325056459204285e-06
     13.13400000000016	-2.325056459204285e-06
      13.1343333333335	-2.325056459204285e-06
     13.13466666666683	-2.325056459204285e-06
     13.13500000000016	-2.325056459204285e-06
      13.1353333333335	-2.325056459204285e-06
     13.13566666666683	-2.325056459204285e-06
     13.13600000000017	-2.325056459204285e-06
      13.1363333333335	-2.325056459204285e-06
     13.13666666666683	-2.325056459204285e-06
     13.13700000000017	-2.325056459204285e-06
      13.1373333333335	-2.325056459204285e-06
     13.13766666666683	-2.325056459204285e-06
     13.13800000000017	-2.325056459204285e-06
      13.1383333333335	-2.325056459204285e-06
     13.13866666666684	-2.325056459204285e-06
     13.13900000000017	-2.325056459204285e-06
      13.1393333333335	-2.325056459204285e-06
     13.13966666666684	-2.325056459204285e-06
     13.14000000000017	-2.325056459204285e-06
      13.1403333333335	-2.325056459204285e-06
     13.14066666666684	-2.325056459204285e-06
     13.14100000000017	-2.325056459204285e-06
     13.14133333333351	-2.325056459204285e-06
     13.14166666666684	-2.325056459204285e-06
     13.14200000000017	-2.325056459204285e-06
     13.14233333333351	-2.325056459204285e-06
     13.14266666666684	-2.325056459204285e-06
     13.14300000000017	-2.325056459204285e-06
     13.14333333333351	-2.325056459204285e-06
     13.14366666666684	-2.325056459204285e-06
     13.14400000000018	-2.325056459204285e-06
     13.14433333333351	-2.325056459204285e-06
     13.14466666666684	-2.325056459204285e-06
     13.14500000000018	-2.325056459204285e-06
     13.14533333333351	-2.325056459204285e-06
     13.14566666666684	-2.325056459204285e-06
     13.14600000000018	-2.325056459204285e-06
     13.14633333333351	-2.325056459204285e-06
     13.14666666666685	-2.325056459204285e-06
     13.14700000000018	-2.325056459204285e-06
     13.14733333333351	-2.325056459204285e-06
     13.14766666666685	-2.325056459204285e-06
     13.14800000000018	-2.325056459204285e-06
     13.14833333333351	-2.325056459204285e-06
     13.14866666666685	-2.325056459204285e-06
     13.14900000000018	-2.325056459204285e-06
     13.14933333333352	-2.325056459204285e-06
     13.14966666666685	-2.325056459204285e-06
     13.15000000000018	-2.325056459204285e-06
     13.15033333333352	-2.325056459204285e-06
     13.15066666666685	-2.325056459204285e-06
     13.15100000000018	-2.325056459204285e-06
     13.15133333333352	-2.325056459204285e-06
     13.15166666666685	-2.325056459204285e-06
     13.15200000000019	-2.325056459204285e-06
     13.15233333333352	-2.325056459204285e-06
     13.15266666666685	-2.325056459204285e-06
     13.15300000000019	-2.325056459204285e-06
     13.15333333333352	-2.325056459204285e-06
     13.15366666666685	-2.325056459204285e-06
     13.15400000000019	-2.325056459204285e-06
     13.15433333333352	-2.325056459204285e-06
     13.15466666666686	-2.325056459204285e-06
     13.15500000000019	-2.325056459204285e-06
     13.15533333333352	-2.325056459204285e-06
     13.15566666666686	-2.325056459204285e-06
     13.15600000000019	-2.325056459204285e-06
     13.15633333333352	-2.325056459204285e-06
     13.15666666666686	-2.325056459204285e-06
     13.15700000000019	-2.325056459204285e-06
     13.15733333333353	-2.325056459204285e-06
     13.15766666666686	-2.325056459204285e-06
     13.15800000000019	-2.325056459204285e-06
     13.15833333333353	-2.325056459204285e-06
     13.15866666666686	-2.325056459204285e-06
     13.15900000000019	-2.325056459204285e-06
     13.15933333333353	-2.325056459204285e-06
     13.15966666666686	-2.325056459204285e-06
      13.1600000000002	-2.325056459204285e-06
     13.16033333333353	-2.325056459204285e-06
     13.16066666666686	-2.325056459204285e-06
      13.1610000000002	-2.325056459204285e-06
     13.16133333333353	-2.325056459204285e-06
     13.16166666666686	-2.325056459204285e-06
      13.1620000000002	-2.325056459204285e-06
     13.16233333333353	-2.325056459204285e-06
     13.16266666666687	-2.325056459204285e-06
      13.1630000000002	-2.325056459204285e-06
     13.16333333333353	-2.325056459204285e-06
     13.16366666666687	-2.325056459204285e-06
      13.1640000000002	-2.325056459204285e-06
     13.16433333333353	-2.325056459204285e-06
     13.16466666666687	-2.325056459204285e-06
      13.1650000000002	-2.325056459204285e-06
     13.16533333333354	-2.325056459204285e-06
     13.16566666666687	-2.325056459204285e-06
      13.1660000000002	-2.325056459204285e-06
     13.16633333333354	-2.325056459204285e-06
     13.16666666666687	-2.325056459204285e-06
      13.1670000000002	-2.325056459204285e-06
     13.16733333333354	-2.325056459204285e-06
     13.16766666666687	-2.325056459204285e-06
     13.16800000000021	-2.325056459204285e-06
     13.16833333333354	-2.325056459204285e-06
     13.16866666666687	-2.325056459204285e-06
     13.16900000000021	-2.325056459204285e-06
     13.16933333333354	-2.325056459204285e-06
     13.16966666666687	-2.325056459204285e-06
     13.17000000000021	-2.325056459204285e-06
     13.17033333333354	-2.325056459204285e-06
     13.17066666666688	-2.325056459204285e-06
     13.17100000000021	-2.325056459204285e-06
     13.17133333333354	-2.325056459204285e-06
     13.17166666666688	-2.325056459204285e-06
     13.17200000000021	-2.325056459204285e-06
     13.17233333333354	-2.325056459204285e-06
     13.17266666666688	-2.325056459204285e-06
     13.17300000000021	-2.325056459204285e-06
     13.17333333333355	-2.325056459204285e-06
     13.17366666666688	-2.325056459204285e-06
     13.17400000000021	-2.325056459204285e-06
     13.17433333333355	-2.325056459204285e-06
     13.17466666666688	-2.325056459204285e-06
     13.17500000000021	-2.325056459204285e-06
     13.17533333333355	-2.325056459204285e-06
     13.17566666666688	-2.325056459204285e-06
     13.17600000000022	-2.325056459204285e-06
     13.17633333333355	-2.325056459204285e-06
     13.17666666666688	-2.325056459204285e-06
     13.17700000000022	-2.325056459204285e-06
     13.17733333333355	-2.325056459204285e-06
     13.17766666666688	-2.325056459204285e-06
     13.17800000000022	-2.325056459204285e-06
     13.17833333333355	-2.325056459204285e-06
     13.17866666666689	-2.325056459204285e-06
     13.17900000000022	-2.325056459204285e-06
     13.17933333333355	-2.325056459204285e-06
     13.17966666666689	-2.325056459204285e-06
     13.18000000000022	-2.325056459204285e-06
     13.18033333333355	-2.325056459204285e-06
     13.18066666666689	-2.325056459204285e-06
     13.18100000000022	-2.325056459204285e-06
     13.18133333333355	-2.325056459204285e-06
     13.18166666666689	-2.325056459204285e-06
     13.18200000000022	-2.325056459204285e-06
     13.18233333333356	-2.325056459204285e-06
     13.18266666666689	-2.325056459204285e-06
     13.18300000000022	-2.325056459204285e-06
     13.18333333333356	-2.325056459204285e-06
     13.18366666666689	-2.325056459204285e-06
     13.18400000000022	-2.325056459204285e-06
     13.18433333333356	-2.325056459204285e-06
     13.18466666666689	-2.325056459204285e-06
     13.18500000000023	-2.325056459204285e-06
     13.18533333333356	-2.325056459204285e-06
     13.18566666666689	-2.325056459204285e-06
     13.18600000000023	-2.325056459204285e-06
     13.18633333333356	-2.325056459204285e-06
     13.18666666666689	-2.325056459204285e-06
     13.18700000000023	-2.325056459204285e-06
     13.18733333333356	-2.325056459204285e-06
      13.1876666666669	-2.325056459204285e-06
     13.18800000000023	-2.325056459204285e-06
     13.18833333333356	-2.325056459204285e-06
      13.1886666666669	-2.325056459204285e-06
     13.18900000000023	-2.325056459204285e-06
     13.18933333333356	-2.325056459204285e-06
      13.1896666666669	-2.325056459204285e-06
     13.19000000000023	-2.325056459204285e-06
     13.19033333333357	-2.325056459204285e-06
      13.1906666666669	-2.325056459204285e-06
     13.19100000000023	-2.325056459204285e-06
     13.19133333333357	-2.325056459204285e-06
      13.1916666666669	-2.325056459204285e-06
     13.19200000000023	-2.325056459204285e-06
     13.19233333333357	-2.325056459204285e-06
      13.1926666666669	-2.325056459204285e-06
     13.19300000000024	-2.325056459204285e-06
     13.19333333333357	-2.325056459204285e-06
      13.1936666666669	-2.325056459204285e-06
     13.19400000000024	-2.325056459204285e-06
     13.19433333333357	-2.325056459204285e-06
      13.1946666666669	-2.325056459204285e-06
     13.19500000000024	-2.325056459204285e-06
     13.19533333333357	-2.325056459204285e-06
     13.19566666666691	-2.325056459204285e-06
     13.19600000000024	-2.325056459204285e-06
     13.19633333333357	-2.325056459204285e-06
     13.19666666666691	-2.325056459204285e-06
     13.19700000000024	-2.325056459204285e-06
     13.19733333333357	-2.325056459204285e-06
     13.19766666666691	-2.325056459204285e-06
     13.19800000000024	-2.325056459204285e-06
     13.19833333333358	-2.325056459204285e-06
     13.19866666666691	-2.325056459204285e-06
     13.19900000000024	-2.325056459204285e-06
     13.19933333333358	-2.325056459204285e-06
     13.19966666666691	-2.325056459204285e-06
     13.20000000000024	-2.325056459204285e-06
     13.20033333333358	-2.325056459204285e-06
     13.20066666666691	-2.325056459204285e-06
     13.20100000000025	-2.325056459204285e-06
     13.20133333333358	-2.325056459204285e-06
     13.20166666666691	-2.325056459204285e-06
     13.20200000000025	-2.325056459204285e-06
     13.20233333333358	-2.325056459204285e-06
     13.20266666666691	-2.325056459204285e-06
     13.20300000000025	-2.325056459204285e-06
     13.20333333333358	-2.325056459204285e-06
     13.20366666666692	-2.325056459204285e-06
     13.20400000000025	-2.325056459204285e-06
     13.20433333333358	-2.325056459204285e-06
     13.20466666666692	-2.325056459204285e-06
     13.20500000000025	-2.325056459204285e-06
     13.20533333333358	-2.325056459204285e-06
     13.20566666666692	-2.325056459204285e-06
     13.20600000000025	-2.325056459204285e-06
     13.20633333333359	-2.325056459204285e-06
     13.20666666666692	-2.325056459204285e-06
     13.20700000000025	-2.325056459204285e-06
     13.20733333333359	-2.325056459204285e-06
     13.20766666666692	-2.325056459204285e-06
     13.20800000000025	-2.325056459204285e-06
     13.20833333333359	-2.325056459204285e-06
     13.20866666666692	-2.325056459204285e-06
     13.20900000000026	-2.325056459204285e-06
     13.20933333333359	-2.325056459204285e-06
     13.20966666666692	-2.325056459204285e-06
     13.21000000000026	-2.325056459204285e-06
     13.21033333333359	-2.325056459204285e-06
     13.21066666666692	-2.325056459204285e-06
     13.21100000000026	-2.325056459204285e-06
     13.21133333333359	-2.325056459204285e-06
     13.21166666666693	-2.325056459204285e-06
     13.21200000000026	-2.325056459204285e-06
     13.21233333333359	-2.325056459204285e-06
     13.21266666666693	-2.325056459204285e-06
     13.21300000000026	-2.325056459204285e-06
     13.21333333333359	-2.325056459204285e-06
     13.21366666666693	-2.325056459204285e-06
     13.21400000000026	-2.325056459204285e-06
      13.2143333333336	-2.325056459204285e-06
     13.21466666666693	-2.325056459204285e-06
     13.21500000000026	-2.325056459204285e-06
      13.2153333333336	-2.325056459204285e-06
     13.21566666666693	-2.325056459204285e-06
     13.21600000000026	-2.325056459204285e-06
      13.2163333333336	-2.325056459204285e-06
     13.21666666666693	-2.325056459204285e-06
     13.21700000000027	-2.325056459204285e-06
      13.2173333333336	-2.325056459204285e-06
     13.21766666666693	-2.325056459204285e-06
     13.21800000000027	-2.325056459204285e-06
      13.2183333333336	-2.325056459204285e-06
     13.21866666666693	-2.325056459204285e-06
     13.21900000000027	-2.325056459204285e-06
      13.2193333333336	-2.325056459204285e-06
     13.21966666666694	-2.325056459204285e-06
     13.22000000000027	-2.325056459204285e-06
      13.2203333333336	-2.325056459204285e-06
     13.22066666666694	-2.325056459204285e-06
     13.22100000000027	-2.325056459204285e-06
      13.2213333333336	-2.325056459204285e-06
     13.22166666666694	-2.325056459204285e-06
     13.22200000000027	-2.325056459204285e-06
     13.22233333333361	-2.325056459204285e-06
     13.22266666666694	-2.325056459204285e-06
     13.22300000000027	-2.325056459204285e-06
     13.22333333333361	-2.325056459204285e-06
     13.22366666666694	-2.325056459204285e-06
     13.22400000000027	-2.325056459204285e-06
     13.22433333333361	-2.325056459204285e-06
     13.22466666666694	-2.325056459204285e-06
     13.22500000000027	-2.325056459204285e-06
     13.22533333333361	-2.325056459204285e-06
     13.22566666666694	-2.325056459204285e-06
     13.22600000000028	-2.325056459204285e-06
     13.22633333333361	-2.325056459204285e-06
     13.22666666666694	-2.325056459204285e-06
     13.22700000000028	-2.325056459204285e-06
     13.22733333333361	-2.325056459204285e-06
     13.22766666666694	-2.325056459204285e-06
     13.22800000000028	-2.325056459204285e-06
     13.22833333333361	-2.325056459204285e-06
     13.22866666666695	-2.325056459204285e-06
     13.22900000000028	-2.325056459204285e-06
     13.22933333333361	-2.325056459204285e-06
     13.22966666666695	-2.325056459204285e-06
     13.23000000000028	-2.325056459204285e-06
     13.23033333333361	-2.325056459204285e-06
     13.23066666666695	-2.325056459204285e-06
     13.23100000000028	-2.325056459204285e-06
     13.23133333333362	-2.325056459204285e-06
     13.23166666666695	-2.325056459204285e-06
     13.23200000000028	-2.325056459204285e-06
     13.23233333333362	-2.325056459204285e-06
     13.23266666666695	-2.325056459204285e-06
     13.23300000000028	-2.325056459204285e-06
     13.23333333333362	-2.325056459204285e-06
     13.23366666666695	-2.325056459204285e-06
     13.23400000000029	-2.325056459204285e-06
     13.23433333333362	-2.325056459204285e-06
     13.23466666666695	-2.325056459204285e-06
     13.23500000000029	-2.325056459204285e-06
     13.23533333333362	-2.325056459204285e-06
     13.23566666666695	-2.325056459204285e-06
     13.23600000000029	-2.325056459204285e-06
     13.23633333333362	-2.325056459204285e-06
     13.23666666666696	-2.325056459204285e-06
     13.23700000000029	-2.325056459204285e-06
     13.23733333333362	-2.325056459204285e-06
     13.23766666666696	-2.325056459204285e-06
     13.23800000000029	-2.325056459204285e-06
     13.23833333333362	-2.325056459204285e-06
     13.23866666666696	-2.325056459204285e-06
     13.23900000000029	-2.325056459204285e-06
     13.23933333333363	-2.325056459204285e-06
     13.23966666666696	-2.325056459204285e-06
     13.24000000000029	-2.325056459204285e-06
     13.24033333333363	-2.325056459204285e-06
     13.24066666666696	-2.325056459204285e-06
     13.24100000000029	-2.325056459204285e-06
     13.24133333333363	-2.325056459204285e-06
     13.24166666666696	-2.325056459204285e-06
      13.2420000000003	-2.325056459204285e-06
     13.24233333333363	-2.325056459204285e-06
     13.24266666666696	-2.325056459204285e-06
      13.2430000000003	-2.325056459204285e-06
     13.24333333333363	-2.325056459204285e-06
     13.24366666666696	-2.325056459204285e-06
      13.2440000000003	-2.325056459204285e-06
     13.24433333333363	-2.325056459204285e-06
     13.24466666666697	-2.325056459204285e-06
      13.2450000000003	-2.325056459204285e-06
     13.24533333333363	-2.325056459204285e-06
     13.24566666666697	-2.325056459204285e-06
      13.2460000000003	-2.325056459204285e-06
     13.24633333333363	-2.325056459204285e-06
     13.24666666666697	-2.325056459204285e-06
      13.2470000000003	-2.325056459204285e-06
     13.24733333333364	-2.325056459204285e-06
     13.24766666666697	-2.325056459204285e-06
      13.2480000000003	-2.325056459204285e-06
     13.24833333333364	-2.325056459204285e-06
     13.24866666666697	-2.325056459204285e-06
      13.2490000000003	-2.325056459204285e-06
     13.24933333333364	-2.325056459204285e-06
     13.24966666666697	-2.325056459204285e-06
     13.25000000000031	-2.325056459204285e-06
     13.25033333333364	-2.325056459204285e-06
     13.25066666666697	-2.325056459204285e-06
     13.25100000000031	-2.325056459204285e-06
     13.25133333333364	-2.325056459204285e-06
     13.25166666666697	-2.325056459204285e-06
     13.25200000000031	-2.325056459204285e-06
     13.25233333333364	-2.325056459204285e-06
     13.25266666666698	-2.325056459204285e-06
     13.25300000000031	-2.325056459204285e-06
     13.25333333333364	-2.325056459204285e-06
     13.25366666666698	-2.325056459204285e-06
     13.25400000000031	-2.325056459204285e-06
     13.25433333333364	-2.325056459204285e-06
     13.25466666666698	-2.325056459204285e-06
     13.25500000000031	-2.325056459204285e-06
     13.25533333333365	-2.325056459204285e-06
     13.25566666666698	-2.325056459204285e-06
     13.25600000000031	-2.325056459204285e-06
     13.25633333333365	-2.325056459204285e-06
     13.25666666666698	-2.325056459204285e-06
     13.25700000000031	-2.325056459204285e-06
     13.25733333333365	-2.325056459204285e-06
     13.25766666666698	-2.325056459204285e-06
     13.25800000000032	-2.325056459204285e-06
     13.25833333333365	-2.325056459204285e-06
     13.25866666666698	-2.325056459204285e-06
     13.25900000000032	-2.325056459204285e-06
     13.25933333333365	-2.325056459204285e-06
     13.25966666666698	-2.325056459204285e-06
     13.26000000000032	-2.325056459204285e-06
     13.26033333333365	-2.325056459204285e-06
     13.26066666666699	-2.325056459204285e-06
     13.26100000000032	-2.325056459204285e-06
     13.26133333333365	-2.325056459204285e-06
     13.26166666666699	-2.325056459204285e-06
     13.26200000000032	-2.325056459204285e-06
     13.26233333333365	-2.325056459204285e-06
     13.26266666666699	-2.325056459204285e-06
     13.26300000000032	-2.325056459204285e-06
     13.26333333333366	-2.325056459204285e-06
     13.26366666666699	-2.325056459204285e-06
     13.26400000000032	-2.325056459204285e-06
     13.26433333333366	-2.325056459204285e-06
     13.26466666666699	-2.325056459204285e-06
     13.26500000000032	-2.325056459204285e-06
     13.26533333333366	-2.325056459204285e-06
     13.26566666666699	-2.325056459204285e-06
     13.26600000000033	-2.325056459204285e-06
     13.26633333333366	-2.325056459204285e-06
     13.26666666666699	-2.325056459204285e-06
     13.26700000000033	-2.325056459204285e-06
     13.26733333333366	-2.325056459204285e-06
     13.26766666666699	-2.325056459204285e-06
     13.26800000000033	-2.325056459204285e-06
     13.26833333333366	-2.325056459204285e-06
       13.268666666667	-2.325056459204285e-06
     13.26900000000033	-2.325056459204285e-06
     13.26933333333366	-2.325056459204285e-06
       13.269666666667	-2.325056459204285e-06
     13.27000000000033	-2.325056459204285e-06
     13.27033333333366	-2.325056459204285e-06
       13.270666666667	-2.325056459204285e-06
     13.27100000000033	-2.325056459204285e-06
     13.27133333333366	-2.325056459204285e-06
       13.271666666667	-2.325056459204285e-06
     13.27200000000033	-2.325056459204285e-06
     13.27233333333367	-2.325056459204285e-06
       13.272666666667	-2.325056459204285e-06
     13.27300000000033	-2.325056459204285e-06
     13.27333333333367	-2.325056459204285e-06
       13.273666666667	-2.325056459204285e-06
     13.27400000000033	-2.325056459204285e-06
     13.27433333333367	-2.325056459204285e-06
       13.274666666667	-2.325056459204285e-06
     13.27500000000034	-2.325056459204285e-06
     13.27533333333367	-2.325056459204285e-06
       13.275666666667	-2.325056459204285e-06
     13.27600000000034	-2.325056459204285e-06
     13.27633333333367	-2.325056459204285e-06
       13.276666666667	-2.325056459204285e-06
     13.27700000000034	-2.325056459204285e-06
     13.27733333333367	-2.325056459204285e-06
     13.27766666666701	-2.325056459204285e-06
     13.27800000000034	-2.325056459204285e-06
     13.27833333333367	-2.325056459204285e-06
     13.27866666666701	-2.325056459204285e-06
     13.27900000000034	-2.325056459204285e-06
     13.27933333333367	-2.325056459204285e-06
     13.27966666666701	-2.325056459204285e-06
     13.28000000000034	-2.325056459204285e-06
     13.28033333333368	-2.325056459204285e-06
     13.28066666666701	-2.325056459204285e-06
     13.28100000000034	-2.325056459204285e-06
     13.28133333333368	-2.325056459204285e-06
     13.28166666666701	-2.325056459204285e-06
     13.28200000000034	-2.325056459204285e-06
     13.28233333333368	-2.325056459204285e-06
     13.28266666666701	-2.325056459204285e-06
     13.28300000000035	-2.325056459204285e-06
     13.28333333333368	-2.325056459204285e-06
     13.28366666666701	-2.325056459204285e-06
     13.28400000000035	-2.325056459204285e-06
     13.28433333333368	-2.325056459204285e-06
     13.28466666666701	-2.325056459204285e-06
     13.28500000000035	-2.325056459204285e-06
     13.28533333333368	-2.325056459204285e-06
     13.28566666666702	-2.325056459204285e-06
     13.28600000000035	-2.325056459204285e-06
     13.28633333333368	-2.325056459204285e-06
     13.28666666666702	-2.325056459204285e-06
     13.28700000000035	-2.325056459204285e-06
     13.28733333333368	-2.325056459204285e-06
     13.28766666666702	-2.325056459204285e-06
     13.28800000000035	-2.325056459204285e-06
     13.28833333333369	-2.325056459204285e-06
     13.28866666666702	-2.325056459204285e-06
     13.28900000000035	-2.325056459204285e-06
     13.28933333333369	-2.325056459204285e-06
     13.28966666666702	-2.325056459204285e-06
     13.29000000000035	-2.325056459204285e-06
     13.29033333333369	-2.325056459204285e-06
     13.29066666666702	-2.325056459204285e-06
     13.29100000000036	-2.325056459204285e-06
     13.29133333333369	-2.325056459204285e-06
     13.29166666666702	-2.325056459204285e-06
     13.29200000000036	-2.325056459204285e-06
     13.29233333333369	-2.325056459204285e-06
     13.29266666666702	-2.325056459204285e-06
     13.29300000000036	-2.325056459204285e-06
     13.29333333333369	-2.325056459204285e-06
     13.29366666666703	-2.325056459204285e-06
     13.29400000000036	-2.325056459204285e-06
     13.29433333333369	-2.325056459204285e-06
     13.29466666666703	-2.325056459204285e-06
     13.29500000000036	-2.325056459204285e-06
     13.29533333333369	-2.325056459204285e-06
     13.29566666666703	-2.325056459204285e-06
     13.29600000000036	-2.325056459204285e-06
      13.2963333333337	-2.325056459204285e-06
     13.29666666666703	-2.325056459204285e-06
     13.29700000000036	-2.325056459204285e-06
      13.2973333333337	-2.325056459204285e-06
     13.29766666666703	-2.325056459204285e-06
     13.29800000000036	-2.325056459204285e-06
      13.2983333333337	-2.325056459204285e-06
     13.29866666666703	-2.325056459204285e-06
     13.29900000000037	-2.325056459204285e-06
      13.2993333333337	-2.325056459204285e-06
     13.29966666666703	-2.325056459204285e-06
     13.30000000000037	-2.325056459204285e-06
      13.3003333333337	-2.325056459204285e-06
     13.30066666666703	-2.325056459204285e-06
     13.30100000000037	-2.325056459204285e-06
      13.3013333333337	-2.325056459204285e-06
     13.30166666666704	-2.325056459204285e-06
     13.30200000000037	-2.325056459204285e-06
      13.3023333333337	-2.325056459204285e-06
     13.30266666666704	-2.325056459204285e-06
     13.30300000000037	-2.325056459204285e-06
      13.3033333333337	-2.325056459204285e-06
     13.30366666666704	-2.325056459204285e-06
     13.30400000000037	-2.325056459204285e-06
     13.30433333333371	-2.325056459204285e-06
     13.30466666666704	-2.325056459204285e-06
     13.30500000000037	-2.325056459204285e-06
     13.30533333333371	-2.325056459204285e-06
     13.30566666666704	-2.325056459204285e-06
     13.30600000000037	-2.325056459204285e-06
     13.30633333333371	-2.325056459204285e-06
     13.30666666666704	-2.325056459204285e-06
     13.30700000000038	-2.325056459204285e-06
     13.30733333333371	-2.325056459204285e-06
     13.30766666666704	-2.325056459204285e-06
     13.30800000000038	-2.325056459204285e-06
     13.30833333333371	-2.325056459204285e-06
     13.30866666666704	-2.325056459204285e-06
     13.30900000000038	-2.325056459204285e-06
     13.30933333333371	-2.325056459204285e-06
     13.30966666666705	-2.325056459204285e-06
     13.31000000000038	-2.325056459204285e-06
     13.31033333333371	-2.325056459204285e-06
     13.31066666666705	-2.325056459204285e-06
     13.31100000000038	-2.325056459204285e-06
     13.31133333333371	-2.325056459204285e-06
     13.31166666666705	-2.325056459204285e-06
     13.31200000000038	-2.325056459204285e-06
     13.31233333333372	-2.325056459204285e-06
     13.31266666666705	-2.325056459204285e-06
     13.31300000000038	-2.325056459204285e-06
     13.31333333333372	-2.325056459204285e-06
     13.31366666666705	-2.325056459204285e-06
     13.31400000000038	-2.325056459204285e-06
     13.31433333333372	-2.325056459204285e-06
     13.31466666666705	-2.325056459204285e-06
     13.31500000000038	-2.325056459204285e-06
     13.31533333333372	-2.325056459204285e-06
     13.31566666666705	-2.325056459204285e-06
     13.31600000000039	-2.325056459204285e-06
     13.31633333333372	-2.325056459204285e-06
     13.31666666666705	-2.325056459204285e-06
     13.31700000000039	-2.325056459204285e-06
     13.31733333333372	-2.325056459204285e-06
     13.31766666666705	-2.325056459204285e-06
     13.31800000000039	-2.325056459204285e-06
     13.31833333333372	-2.325056459204285e-06
     13.31866666666706	-2.325056459204285e-06
     13.31900000000039	-2.325056459204285e-06
     13.31933333333372	-2.325056459204285e-06
     13.31966666666706	-2.325056459204285e-06
     13.32000000000039	-2.325056459204285e-06
     13.32033333333372	-2.325056459204285e-06
     13.32066666666706	-2.325056459204285e-06
     13.32100000000039	-2.325056459204285e-06
     13.32133333333373	-2.325056459204285e-06
     13.32166666666706	-2.325056459204285e-06
     13.32200000000039	-2.325056459204285e-06
     13.32233333333373	-2.325056459204285e-06
     13.32266666666706	-2.325056459204285e-06
     13.32300000000039	-2.325056459204285e-06
     13.32333333333373	-2.325056459204285e-06
     13.32366666666706	-2.325056459204285e-06
      13.3240000000004	-2.325056459204285e-06
     13.32433333333373	-2.325056459204285e-06
     13.32466666666706	-2.325056459204285e-06
      13.3250000000004	-2.325056459204285e-06
     13.32533333333373	-2.325056459204285e-06
     13.32566666666706	-2.325056459204285e-06
      13.3260000000004	-2.325056459204285e-06
     13.32633333333373	-2.325056459204285e-06
     13.32666666666707	-2.325056459204285e-06
      13.3270000000004	-2.325056459204285e-06
     13.32733333333373	-2.325056459204285e-06
     13.32766666666707	-2.325056459204285e-06
      13.3280000000004	-2.325056459204285e-06
     13.32833333333373	-2.325056459204285e-06
     13.32866666666707	-2.325056459204285e-06
      13.3290000000004	-2.325056459204285e-06
     13.32933333333374	-2.325056459204285e-06
     13.32966666666707	-2.325056459204285e-06
      13.3300000000004	-2.325056459204285e-06
     13.33033333333374	-2.325056459204285e-06
     13.33066666666707	-2.325056459204285e-06
      13.3310000000004	-2.325056459204285e-06
     13.33133333333374	-2.325056459204285e-06
     13.33166666666707	-2.325056459204285e-06
     13.33200000000041	-2.325056459204285e-06
     13.33233333333374	-2.325056459204285e-06
     13.33266666666707	-2.325056459204285e-06
     13.33300000000041	-2.325056459204285e-06
     13.33333333333374	-2.325056459204285e-06
     13.33366666666707	-2.325056459204285e-06
     13.33400000000041	-2.325056459204285e-06
     13.33433333333374	-2.325056459204285e-06
     13.33466666666708	-2.325056459204285e-06
     13.33500000000041	-2.325056459204285e-06
     13.33533333333374	-2.325056459204285e-06
     13.33566666666708	-2.325056459204285e-06
     13.33600000000041	-2.325056459204285e-06
     13.33633333333374	-2.325056459204285e-06
     13.33666666666708	-2.325056459204285e-06
     13.33700000000041	-2.325056459204285e-06
     13.33733333333375	-2.325056459204285e-06
     13.33766666666708	-2.325056459204285e-06
     13.33800000000041	-2.325056459204285e-06
     13.33833333333375	-2.325056459204285e-06
     13.33866666666708	-2.325056459204285e-06
     13.33900000000041	-2.325056459204285e-06
     13.33933333333375	-2.325056459204285e-06
     13.33966666666708	-2.325056459204285e-06
     13.34000000000042	-2.325056459204285e-06
     13.34033333333375	-2.325056459204285e-06
     13.34066666666708	-2.325056459204285e-06
     13.34100000000042	-2.325056459204285e-06
     13.34133333333375	-2.325056459204285e-06
     13.34166666666708	-2.325056459204285e-06
     13.34200000000042	-2.325056459204285e-06
     13.34233333333375	-2.325056459204285e-06
     13.34266666666709	-2.325056459204285e-06
     13.34300000000042	-2.325056459204285e-06
     13.34333333333375	-2.325056459204285e-06
     13.34366666666709	-2.325056459204285e-06
     13.34400000000042	-2.325056459204285e-06
     13.34433333333375	-2.325056459204285e-06
     13.34466666666709	-2.325056459204285e-06
     13.34500000000042	-2.325056459204285e-06
     13.34533333333376	-2.325056459204285e-06
     13.34566666666709	-2.325056459204285e-06
     13.34600000000042	-2.325056459204285e-06
     13.34633333333376	-2.325056459204285e-06
     13.34666666666709	-2.325056459204285e-06
     13.34700000000042	-2.325056459204285e-06
     13.34733333333376	-2.325056459204285e-06
     13.34766666666709	-2.325056459204285e-06
     13.34800000000043	-2.325056459204285e-06
     13.34833333333376	-2.325056459204285e-06
     13.34866666666709	-2.325056459204285e-06
     13.34900000000043	-2.325056459204285e-06
     13.34933333333376	-2.325056459204285e-06
     13.34966666666709	-2.325056459204285e-06
     13.35000000000043	-2.325056459204285e-06
     13.35033333333376	-2.325056459204285e-06
      13.3506666666671	-2.325056459204285e-06
     13.35100000000043	-2.325056459204285e-06
     13.35133333333376	-2.325056459204285e-06
      13.3516666666671	-2.325056459204285e-06
     13.35200000000043	-2.325056459204285e-06
     13.35233333333376	-2.325056459204285e-06
      13.3526666666671	-2.325056459204285e-06
     13.35300000000043	-2.325056459204285e-06
     13.35333333333377	-2.325056459204285e-06
      13.3536666666671	-2.325056459204285e-06
     13.35400000000043	-2.325056459204285e-06
     13.35433333333377	-2.325056459204285e-06
      13.3546666666671	-2.325056459204285e-06
     13.35500000000043	-2.325056459204285e-06

     14.00033333333333	-0.0003863614464558173
     14.00066666666667	-0.0003863614464558173
                14.001	-0.0003863614464558173
     14.00133333333333	-0.0003863614464558173
     14.00166666666667	-0.0003863614464558173
                14.002	-0.0003863614464558173
     14.00233333333334	-0.0003863614464558173
     14.00266666666667	-0.0003863614464558173
                14.003	-0.0003863614464558173
     14.00333333333334	-0.0003863614464558173
     14.00366666666667	-0.0003863614464558173
                14.004	-0.0003863614464558173
     14.00433333333334	-0.0003863614464558173
     14.00466666666667	-0.0003863614464558173
     14.00500000000001	-0.0003863614464558173
     14.00533333333334	-0.0003863614464558173
     14.00566666666667	-0.0003863614464558173
     14.00600000000001	-0.0003863614464558173
     14.00633333333334	-0.0003863614464558173
     14.00666666666667	-0.0003863614464558173
     14.00700000000001	-0.0003863614464558173
     14.00733333333334	-0.0003863614464558173
